premium_id,treaty_id,txn_date,original_currency,gross_written_premium,ceded_premium,commission,earned_premium,earned_commission
PT000904,T0082,2025-04-25,USD,160606.71,8481.1,12265.76,160606.71,12265.76
PT004991,T0442,2026-06-25,USD,267250.86,28353.24,19939.36,267250.86,19939.36
PT001602,T0145,2023-09-02,USD,18666.19,1592.14,4153.61,18666.19,4153.61
PT002639,T0235,2022-11-18,USD,69568.86,8124.78,4278.33,69568.86,4278.33
PT000461,T0040,2025-10-09,USD,71386.65,4315.76,5543.21,71386.65,5543.21
PT006108,T0541,2021-08-12,USD,196205.65,14162.1,62173.92,196205.65,62173.92
PT900050,T0222,2025-06-24,EUR,87822.5436,8147.044800000001,16989.6744,87822.5436,16989.6744
PT006748,T0598,2024-07-04,USD,101343.27,5236.04,20253.04,101343.27,20253.04
PT005195,T0461,2026-09-26,USD,114568.9,10293.12,9381.28,15275.85,1250.8370603889887
PT005494,T0487,2025-03-27,USD,124090.11,7159.15,8210.18,124090.11,8210.18
PT003553,T0315,2023-05-01,USD,58673.31,6941.79,16238.13,58673.31,16238.13
PT005913,T0523,2025-11-10,EUR,120468.13560000001,11444.7384,13696.128,120468.13560000001,13696.128
PT002456,T0219,2022-12-08,USD,29945.05,3434.69,4499.22,29945.05,4499.22
PT004713,T0418,2021-07-16,USD,66109.2,5957.54,10340.44,66109.2,10340.44
PT005390,T0478,2023-04-04,USD,95633.43,6439.71,29130.43,95633.43,29130.43
PT001684,T0153,2023-04-23,USD,155105.71,8776.11,35164.88,155105.71,35164.88
PT003943,T0350,2024-08-08,INR,149296.48992,17062.75764,39918.414000000004,149296.48992,39918.414000000004
PT001499,T0136,2024-03-17,USD,89893.73,7367.54,23136.11,89893.73,23136.11
PT000388,T0034,2023-05-25,USD,32386.44,3553.96,3545.04,32386.44,3545.04
PT004865,T0431,2021-06-04,USD,192633.15,19224.48,11158.32,192633.15,11158.320000000002
PT003078,T0273,2023-05-14,EUR,71292.906,4328.694,21982.0608,71292.906,21982.0608
PT002947,T0262,2024-06-04,EUR,306919.0764,25720.912800000002,32795.323200000006,306919.0764,32795.3232
PT004818,T0426,2025-01-06,USD,65750.67,3877.41,14588.43,65750.67,14588.43
PT002521,T0224,2026-02-23,USD,417953.99,48966.05,108261.62,417953.99,108261.62
PT002334,T0208,2025-08-25,USD,177433.96,9587.12,56726.86,177433.96,56726.86
PT007789,T0690,2024-08-21,USD,57917.12,5125.0,13770.79,57917.12,13770.79
PT000460,T0040,2025-09-09,USD,71386.65,4315.76,5543.21,71386.65,5543.21
PT002269,T0203,2025-03-12,INR,81116.88636,7393.60428,24229.13652,81116.88636,24229.136519999996
PT007730,T0684,2025-12-17,USD,126599.55,11035.73,19786.65,126599.55,19786.65
PT005058,T0448,2025-07-01,EUR,69358.3668,6222.722400000001,5298.2532,69358.3668,5298.2532
PT000986,T0089,2026-03-10,USD,88582.45,5680.86,21216.6,88582.45,21216.6
PT001189,T0108,2022-04-14,USD,293289.08,30048.84,29954.78,293289.08,29954.78
PT006188,T0547,2024-11-17,EUR,41631.246,3783.51,9679.532400000002,41631.246,9679.532400000002
PT001321,T0119,2024-06-03,USD,41475.8,3445.76,10107.91,41475.8,10107.91
PT005313,T0472,2024-01-02,USD,77485.97,4901.1,24461.46,77485.97,24461.46
PT000375,T0033,2024-11-01,USD,148341.91,8852.21,27528.98,148341.91,27528.98
PT004410,T0392,2021-06-25,USD,313220.46,37393.51,79080.4,313220.46,79080.4
PT006112,T0541,2021-12-12,USD,196205.65,14162.1,62173.92,196205.65,62173.92
PT001116,T0101,2024-06-29,USD,186388.62,11823.47,42085.53,186388.62,42085.53
PT002458,T0219,2023-02-08,USD,29945.05,3434.69,4499.22,29945.05,4499.22
PT004059,T0360,2024-06-30,USD,112545.98,11216.21,18415.27,112545.98,18415.27
PT001666,T0150,2022-12-24,USD,340211.84,36441.14,78765.37,340211.84,78765.37
PT001042,T0095,2026-01-29,USD,99203.62,11090.75,23356.73,99203.62,23356.73
PT002934,T0260,2023-07-17,USD,215371.07,14164.38,50707.93,215371.07,50707.93
PT006713,T0594,2026-07-26,EUR,81352.28520000001,4082.3028,23608.130400000002,81352.28520000001,23608.130400000002
PT003956,T0351,2023-08-15,INR,188542.674,11481.73296,49336.569599999995,188542.674,49336.569599999995
PT007757,T0686,2026-08-21,USD,93492.9,6441.59,10100.38,93492.9,10100.38
PT002288,T0204,2026-01-18,USD,117742.81,9445.05,29681.04,117742.81,29681.04
PT001210,T0109,2023-03-23,USD,105427.91,10274.8,7092.21,105427.91,7092.21
PT007150,T0634,2025-04-17,USD,86475.79,6479.81,5506.45,86475.79,5506.45
PT003819,T0339,2024-07-08,EUR,39754.141200000005,3422.8764,10382.418000000001,39754.141200000005,10382.418000000001
PT001198,T0108,2023-01-14,USD,293289.08,30048.84,29954.78,293289.08,29954.78
PT005122,T0455,2023-10-18,USD,111249.39,5920.2,11943.51,111249.39,11943.51
PT007840,T0695,2025-03-05,EUR,119687.00400000002,6741.154800000001,30968.071200000002,119687.00400000002,30968.071200000002
PT005686,T0503,2026-05-10,USD,95548.2,6810.41,25506.07,95548.2,25506.07
PT005618,T0497,2024-10-09,USD,219507.59,13328.2,23851.38,219507.59,23851.38
PT006273,T0555,2025-11-07,USD,43206.08,5047.19,4606.21,43206.08,4606.21
PT000611,T0056,2025-01-19,USD,62766.84,3225.19,6071.08,62766.84,6071.08
PT004493,T0399,2022-01-28,USD,191901.87,16437.79,13105.15,191901.87,13105.15
PT005669,T0502,2023-11-05,INR,24507.44568,1305.396,4751.335080000001,24507.44568,4751.335080000001
PT006034,T0533,2025-01-23,USD,417453.7,28596.79,125312.3,417453.7,125312.3
PT005860,T0518,2023-09-10,USD,343687.21,28214.64,94743.22,343687.21,94743.22
PT003691,T0329,2024-10-20,USD,84586.82,7675.4,26351.14,84586.82,26351.14
PT001755,T0158,2026-03-23,USD,48036.85,4454.77,5670.51,48036.85,5670.51
PT002739,T0244,2025-11-21,USD,154510.56,14102.76,36427.43,154510.56,36427.43
PT002960,T0263,2026-01-30,EUR,41629.4532,2296.2744,2829.438,41629.4532,2829.438
PT005694,T0504,2022-02-25,USD,291083.73,34774.85,51127.72,291083.73,51127.72
PT005368,T0476,2022-04-15,EUR,67957.92,6304.2083999999995,6820.394400000001,67957.92,6820.394400000001
PT001219,T0110,2026-02-15,USD,221040.92,12503.52,40209.81,221040.92,40209.81
PT002379,T0212,2025-09-03,EUR,307665.0648,18765.043200000004,35054.337600000006,307665.0648,35054.3376
PT003362,T0297,2026-08-23,USD,153271.36,9598.58,33936.22,153271.36,33936.22
PT007180,T0637,2025-02-03,USD,18095.48,1199.29,2932.54,18095.48,2932.54
PT005211,T0463,2025-10-07,USD,312251.87,18928.08,60551.61,312251.87,60551.61
PT005827,T0515,2026-09-12,EUR,81655.0848,6809.194800000001,19072.8756,48993.0552,11443.726369059299
PT004228,T0375,2026-08-15,USD,70907.72,4726.26,6975.85,70907.72,6975.85
PT006817,T0604,2022-08-27,EUR,58713.62760000001,4365.403200000001,17900.211600000002,58713.62760000001,17900.211600000002
PT006165,T0546,2025-02-15,USD,124484.55,9552.24,19203.59,124484.55,19203.59
PT003917,T0348,2024-04-08,USD,53506.37,6190.83,14710.6,53506.37,14710.6
PT003987,T0354,2022-04-13,USD,283479.26,27441.07,31130.81,283479.26,31130.81
PT007399,T0655,2022-08-02,EUR,88407.28800000002,7925.2452,6952.338000000001,88407.28800000002,6952.338000000001
PT006528,T0577,2025-10-05,EUR,556353.9324,66476.30040000001,138128.814,556353.9324,138128.814
PT006621,T0586,2024-06-24,EUR,24059.7972,1420.6968000000002,5402.7324,24059.7972,5402.7324
PT001071,T0097,2025-10-26,EUR,42736.9392,4385.8584,3535.3692,42736.9392,3535.3692
PT000446,T0039,2023-06-05,USD,120590.09,12431.58,12155.95,120590.09,12155.95
PT005308,T0471,2026-01-18,EUR,83393.7336,7291.630800000001,21196.220400000002,83393.7336,21196.220400000002
PT002262,T0201,2026-07-24,USD,52479.91,3681.29,13028.32,52479.91,13028.32
PT005359,T0475,2024-09-21,USD,196540.51,14768.63,33688.16,196540.51,33688.16
PT000577,T0051,2026-04-01,USD,177057.15,18044.43,21105.61,177057.15,21105.61
PT004005,T0355,2025-05-19,USD,179347.12,14339.27,12695.21,179347.12,12695.21
PT000739,T0067,2024-09-27,INR,348799.92528,22527.78516,102905.25564,348799.92528,102905.25564
PT000095,T0009,2024-03-02,USD,289009.6,16862.33,22624.37,289009.6,22624.37
PT007330,T0649,2023-12-01,USD,336774.22,25578.56,99427.49,336774.22,99427.49
PT004364,T0387,2023-08-07,USD,35087.28,3137.78,9668.7,35087.28,9668.7
PT003706,T0330,2024-07-31,USD,30616.55,3130.91,3198.85,30616.55,3198.85
PT007415,T0656,2023-01-30,USD,104895.23,10394.92,18702.49,104895.23,18702.49
PT003816,T0339,2024-04-08,EUR,39754.141200000005,3422.8764,10382.418000000001,39754.141200000005,10382.418000000001
PT003818,T0339,2024-06-08,EUR,39754.141200000005,3422.8764,10382.418000000001,39754.141200000005,10382.418000000001
PT006965,T0617,2023-04-10,INR,38423.0556,4421.86572,11912.99436,38423.0556,11912.99436
PT006970,T0617,2023-09-10,INR,38423.0556,4421.86572,11912.99436,38423.0556,11912.99436
PT000781,T0071,2025-04-03,EUR,115616.41920000002,13352.299200000001,32907.7944,115616.41920000002,32907.7944
PT006597,T0584,2025-02-01,USD,16666.67,1648.01,2986.37,16666.67,2986.37
PT005685,T0503,2026-04-10,USD,95548.2,6810.41,25506.07,95548.2,25506.07
PT006613,T0585,2025-12-22,EUR,85540.2984,5655.474,21828.1608,85540.2984,21828.1608
PT002457,T0219,2023-01-08,USD,29945.05,3434.69,4499.22,29945.05,4499.22
PT006312,T0558,2021-05-14,USD,100485.76,10623.18,28727.27,100485.76,28727.27
PT002186,T0195,2024-10-03,INR,179770.57908,11337.47376,42695.114160000005,179770.57908,42695.114160000005
PT006282,T0555,2026-08-07,USD,43206.08,5047.19,4606.21,43206.08,4606.21
PT005216,T0463,2026-03-07,USD,312251.87,18928.08,60551.61,312251.87,60551.61
PT001864,T0168,2025-04-16,USD,132540.71,11146.42,41511.01,132540.71,41511.01
PT000755,T0069,2025-09-15,USD,42534.31,4242.26,3766.99,42534.31,3766.9899999999993
PT007254,T0643,2025-04-27,EUR,184836.81600000002,10668.002400000001,17106.66,184836.81600000002,17106.66
PT000101,T0010,2023-11-12,USD,154845.94,8133.16,14119.08,154845.94,14119.08
PT006671,T0590,2022-02-11,USD,161416.74,9717.35,38102.17,161416.74,38102.17
PT007346,T0650,2024-02-28,USD,57512.38,5066.35,17936.64,57512.38,17936.64
PT005405,T0479,2026-04-06,GBP,43783.5294,3677.285,2636.4438,43783.5294,2636.4438
PT000233,T0021,2023-11-25,USD,142515.67,8361.52,26605.92,142515.67,26605.92
PT005634,T0499,2022-02-28,EUR,63398.8404,4951.854,19370.3184,63398.8404,19370.3184
PT001764,T0159,2021-09-27,EUR,61953.93000000001,4505.598000000001,19508.5152,61953.93000000001,19508.5152
PT005113,T0454,2023-09-19,USD,111399.74,11630.42,18228.16,111399.74,18228.16
PT004123,T0366,2024-11-09,USD,244109.16,19467.39,14871.27,244109.16,14871.27
PT005621,T0497,2025-01-09,USD,219507.59,13328.2,23851.38,219507.59,23851.38
PT001137,T0103,2025-11-10,EUR,115390.602,7449.6024,13799.0412,115390.602,13799.0412
PT007843,T0695,2025-06-05,EUR,119687.00400000002,6741.154800000001,30968.071200000002,119687.00400000002,30968.071200000002
PT004595,T0408,2025-12-01,USD,162808.34,14928.65,46526.66,162808.34,46526.66
PT004867,T0431,2021-08-04,USD,192633.15,19224.48,11158.32,192633.15,11158.320000000002
PT001846,T0166,2026-05-14,USD,31177.28,1715.7,9235.49,31177.28,9235.49
PT003931,T0349,2021-12-19,USD,227434.56,21696.32,56063.1,227434.56,56063.1
PT006079,T0538,2022-11-15,USD,524519.39,52489.55,54640.59,524519.39,54640.59
PT000413,T0036,2023-05-07,USD,218838.27,22255.99,55726.7,218838.27,55726.7
PT006524,T0576,2022-02-03,USD,39886.88,3832.07,4052.85,39886.88,4052.85
PT900125,T0585,2025-06-22,EUR,85540.2984,5655.474,21828.1608,85540.2984,21828.1608
PT003166,T0280,2025-06-29,USD,59622.21,3905.8,18841.97,59622.21,18841.97
PT007051,T0625,2026-04-10,EUR,16666.668,1661.5152000000003,2801.1852000000003,16666.668,2801.1852000000003
PT006054,T0535,2024-06-11,USD,193583.04,18712.19,14697.39,193583.04,14697.390000000001
PT007504,T0664,2022-06-16,USD,213681.59,21285.6,24773.7,213681.59,24773.699999999997
PT002035,T0182,2026-09-28,USD,97280.01,7935.74,7896.02,6485.33,526.4010086614918
PT005200,T0462,2024-12-12,GBP,359727.6778,21020.2272,18241.6577,359727.6778,18241.6577
PT005926,T0524,2025-06-26,USD,89971.66,7949.52,28585.0,89971.66,28584.999999999996
PT007486,T0663,2024-10-25,EUR,363602.9952,29615.652000000002,25383.618,363602.9952,25383.618
PT000966,T0087,2025-10-20,USD,135638.47,10215.2,11115.34,135638.47,11115.34
PT007786,T0689,2023-05-24,GBP,483832.96680000005,35395.2302,54177.666600000004,483832.96680000005,54177.666600000004
PT001788,T0161,2021-11-05,EUR,46175.0976,3918.4128,2984.1696,46175.0976,2984.1696
PT004756,T0421,2023-10-12,USD,94269.31,5440.4,7802.29,94269.31,7802.29
PT003360,T0297,2026-06-23,USD,153271.36,9598.58,33936.22,153271.36,33936.22
PT006900,T0611,2023-12-03,USD,23524.14,1352.52,1291.25,23524.14,1291.25
PT000789,T0072,2024-07-22,USD,41079.98,4527.82,3269.61,41079.98,3269.61
PT000346,T0031,2023-04-30,INR,94728.91752,7498.9944,27454.237559999998,94728.91752,27454.237559999998
PT005566,T0493,2022-06-22,USD,249402.1,26317.88,70481.55,249402.1,70481.55
PT001145,T0103,2026-07-10,EUR,115390.602,7449.6024,13799.0412,115390.602,13799.0412
PT005311,T0471,2026-04-18,EUR,83393.7336,7291.630800000001,21196.220400000002,83393.7336,21196.220400000002
PT005070,T0450,2025-03-06,USD,1740983.88,102684.64,510880.2,1740983.88,510880.19999999995
PT001079,T0098,2022-08-29,EUR,185903.92080000002,20579.9508,55086.2208,185903.92080000002,55086.2208
PT002832,T0252,2023-11-11,USD,111248.59,8184.22,8399.86,111248.59,8399.86
PT002601,T0232,2022-04-11,USD,57905.35,5981.94,3276.69,57905.35,3276.69
PT003329,T0294,2026-07-02,EUR,471370.7844,27849.042000000005,36633.8592,471370.7844,36633.8592
PT004666,T0414,2025-03-15,USD,62180.47,4664.26,19590.88,62180.47,19590.88
PT002655,T0236,2024-07-28,USD,55405.03,6180.97,9851.62,55405.03,9851.619999999999
PT005080,T0451,2022-10-18,USD,24037.28,1726.09,6748.19,24037.28,6748.19
PT007160,T0635,2025-04-20,EUR,73667.21040000001,3911.2416000000003,12001.8888,73667.21040000001,12001.8888
PT002254,T0201,2025-11-24,USD,52479.91,3681.29,13028.32,52479.91,13028.32
PT007404,T0655,2023-01-02,EUR,88407.28800000002,7925.2452,6952.338000000001,88407.28800000002,6952.338000000001
PT006974,T0617,2024-01-10,INR,38423.0556,4421.86572,11912.99436,38423.0556,11912.99436
PT003642,T0324,2023-12-14,USD,463519.43,50432.76,41052.76,463519.43,41052.76
PT001658,T0150,2022-04-24,USD,340211.84,36441.14,78765.37,340211.84,78765.37
PT003458,T0305,2025-02-22,USD,194597.27,17781.41,59078.2,194597.27,59078.19999999999
PT001662,T0150,2022-08-24,USD,340211.84,36441.14,78765.37,340211.84,78765.37
PT001842,T0166,2026-01-14,USD,31177.28,1715.7,9235.49,31177.28,9235.49
PT002422,T0216,2024-04-28,USD,61875.35,3459.68,11119.3,61875.35,11119.300000000001
PT001590,T0144,2022-08-05,USD,264856.71,13851.13,59316.25,264856.71,59316.25
PT006571,T0582,2023-05-21,EUR,94728.36600000001,4866.0588,6683.2128,94728.36600000001,6683.212799999999
PT001133,T0102,2023-08-06,USD,83603.64,6696.4,20359.63,83603.64,20359.63
PT001902,T0171,2022-11-30,USD,28457.63,2732.31,2228.21,28457.63,2228.21
PT000701,T0064,2026-07-28,USD,266916.23,28893.26,60094.03,266916.23,60094.03
PT006499,T0574,2024-05-13,EUR,74709.0108,5099.3928000000005,22335.3936,74709.0108,22335.3936
PT007616,T0674,2021-10-15,EUR,44131.00320000001,2683.8756000000003,3010.6296,44131.00320000001,3010.6296
PT005680,T0502,2024-10-05,INR,24507.44568,1305.396,4751.335080000001,24507.44568,4751.335080000001
PT007103,T0630,2022-11-06,USD,82243.7,5508.43,6925.59,82243.7,6925.59
PT004195,T0372,2025-06-07,EUR,628503.0408000001,67276.9476,48468.585600000006,628503.0408000001,48468.585600000006
PT007397,T0655,2022-06-02,EUR,88407.28800000002,7925.2452,6952.338000000001,88407.28800000002,6952.338000000001
PT007111,T0631,2022-12-10,USD,36017.19,2058.13,2236.99,36017.19,2236.99
PT006363,T0562,2024-05-07,USD,71602.38,7690.42,19204.19,71602.38,19204.19
PT001128,T0102,2023-03-06,USD,83603.64,6696.4,20359.63,83603.64,20359.63
PT003342,T0295,2024-03-03,USD,164154.4,9085.18,14204.63,164154.4,14204.63
PT000245,T0022,2025-02-14,INR,143270.09544,16437.25152,22098.1176,143270.09544,22098.117599999998
PT005473,T0485,2025-11-03,EUR,484347.60000000003,56940.08400000001,91929.56760000001,484347.60000000003,91929.56760000001
PT002725,T0242,2024-10-27,USD,219074.17,21806.13,50070.66,219074.17,50070.66
PT007248,T0642,2022-09-29,EUR,417150.378,47747.73960000001,43739.557199999996,417150.378,43739.557199999996
PT007357,T0651,2025-10-14,USD,31970.25,2906.77,2027.68,31970.25,2027.68
PT002393,T0214,2024-05-13,USD,132904.93,12353.82,24281.1,132904.93,24281.1
PT004798,T0425,2022-06-25,USD,112754.78,7016.49,32364.73,112754.78,32364.73
PT002496,T0222,2025-09-24,EUR,87822.5436,8147.044800000001,16989.6744,87822.5436,16989.6744
PT003674,T0327,2025-09-25,INR,59582.7786,6085.14336,14554.75596,59582.7786,14554.75596
PT006608,T0585,2025-07-22,EUR,85540.2984,5655.474,21828.1608,85540.2984,21828.1608
PT006874,T0609,2023-05-10,USD,57524.85,5486.44,14486.98,57524.85,14486.98
PT005254,T0466,2023-06-29,USD,152351.64,16896.07,11898.55,152351.64,11898.55
PT000113,T0011,2022-05-04,EUR,156784.62600000002,12574.008000000002,16481.2428,156784.62600000002,16481.2428
PT004240,T0376,2023-07-28,USD,62508.05,4156.54,14744.08,62508.05,14744.08
PT000122,T0012,2024-10-21,USD,126104.76,10667.19,23959.09,126104.76,23959.09
PT000163,T0015,2024-10-21,USD,205901.52,16755.69,56745.83,205901.52,56745.83
PT001264,T0114,2025-05-14,USD,588038.38,35206.98,62815.83,588038.38,62815.83000000001
PT000141,T0013,2026-05-27,USD,91469.85,6957.04,22994.54,91469.85,22994.54
PT005110,T0454,2023-06-19,USD,111399.74,11630.42,18228.16,111399.74,18228.16
PT006157,T0545,2021-07-19,EUR,580308.9696000001,35762.75280000001,179877.95280000003,580308.9696000001,179877.95280000003
PT000211,T0019,2024-12-12,USD,60862.42,3074.28,19034.48,60862.42,19034.48
PT005142,T0456,2024-07-16,USD,805192.2,48586.1,87380.93,805192.2,87380.93
PT004951,T0438,2025-03-21,USD,162177.65,8887.21,16775.18,162177.65,16775.18
PT003744,T0333,2021-11-19,USD,311979.04,22071.62,55779.26,311979.04,55779.26
PT900104,T0487,2025-06-27,USD,124090.11,7159.15,8210.18,124090.11,8210.18
PT005881,T0520,2024-04-02,EUR,104810.78160000002,10757.091600000002,5494.1868,104810.78160000002,5494.1868
PT002352,T0210,2022-05-13,USD,54762.14,3534.05,5411.03,54762.14,5411.029999999999
PT001676,T0151,2023-03-06,USD,217258.83,17594.91,51837.4,217258.83,51837.40000000001
PT006623,T0586,2024-08-24,EUR,24059.7972,1420.6968000000002,5402.7324,24059.7972,5402.7324
PT003311,T0292,2022-09-17,EUR,88983.306,8492.310000000001,7545.4632,88983.306,7545.463199999999
PT003257,T0288,2025-01-01,USD,84838.55,5754.94,10102.78,84838.55,10102.78
PT004340,T0385,2025-07-23,USD,378653.5,24852.01,94448.41,378653.5,94448.40999999999
PT006670,T0590,2022-01-11,USD,161416.74,9717.35,38102.17,161416.74,38102.17
PT002587,T0231,2021-04-14,USD,222276.24,13343.45,52763.42,222276.24,52763.42
PT007834,T0694,2025-09-07,USD,246554.18,22639.45,14915.53,246554.18,14915.53
PT004957,T0439,2025-11-08,USD,258217.08,15728.8,50176.75,258217.08,50176.75
PT005938,T0525,2023-03-25,USD,488093.4,37210.4,132027.91,488093.4,132027.91
PT001838,T0165,2024-06-30,EUR,92710.656,8543.134800000002,7004.599200000001,92710.656,7004.599200000001
PT000696,T0064,2026-02-28,USD,266916.23,28893.26,60094.03,266916.23,60094.03
PT000800,T0073,2021-02-19,EUR,811357.5276,47117.8404,250576.8588,811357.5276,250576.85880000005
PT004440,T0394,2023-05-01,USD,119799.86,13253.69,6016.89,119799.86,6016.89
PT001194,T0108,2022-09-14,USD,293289.08,30048.84,29954.78,293289.08,29954.78
PT007711,T0683,2025-07-20,USD,91024.39,4803.71,4908.81,91024.39,4908.81
PT000103,T0010,2024-01-12,USD,154845.94,8133.16,14119.08,154845.94,14119.08
PT002009,T0180,2025-07-03,EUR,73219.2912,7137.547200000001,3819.8196000000003,73219.2912,3819.8196000000003
PT001697,T0154,2025-09-27,USD,105191.91,8101.3,26265.04,105191.91,26265.04
PT007899,T0700,2026-03-06,EUR,37178.6544,4364.6472,3004.8192,37178.6544,3004.8192
PT003783,T0336,2023-05-05,USD,70274.21,5951.93,11520.11,70274.21,11520.11
PT002941,T0261,2025-05-18,EUR,674270.406,71430.5304,185640.03360000002,674270.406,185640.03360000002
PT001742,T0157,2025-04-11,USD,59405.32,4717.71,6547.9,59405.32,6547.899999999999
PT003784,T0336,2023-06-05,USD,70274.21,5951.93,11520.11,70274.21,11520.11
PT006153,T0545,2021-03-19,EUR,580308.9696000001,35762.75280000001,179877.95280000003,580308.9696000001,179877.95280000003
PT006839,T0606,2026-05-16,GBP,51042.9764,3348.8884000000003,12258.2559,51042.9764,12258.2559
PT006681,T0591,2023-08-14,USD,92498.11,7243.65,6562.69,92498.11,6562.6900000000005
PT001176,T0107,2024-12-04,USD,222938.83,15919.17,67960.24,222938.83,67960.24
PT000416,T0037,2024-10-14,EUR,117868.0788,14087.109600000002,31910.3388,117868.0788,31910.3388
PT005306,T0471,2025-11-18,EUR,83393.7336,7291.630800000001,21196.220400000002,83393.7336,21196.220400000002
PT002893,T0257,2026-02-11,USD,128661.19,10905.21,12240.97,128661.19,12240.97
PT001648,T0149,2023-01-07,USD,74747.37,8122.76,7843.28,74747.37,7843.28
PT002243,T0200,2025-10-30,USD,942775.26,59269.05,63291.85,942775.26,63291.85
PT006085,T0538,2023-05-15,USD,524519.39,52489.55,54640.59,524519.39,54640.59
PT005015,T0444,2026-06-23,USD,162995.78,16957.19,9661.02,162995.78,9661.02
PT003740,T0333,2021-07-19,USD,311979.04,22071.62,55779.26,311979.04,55779.26
PT003859,T0343,2024-05-01,USD,118599.13,14150.09,11941.45,118599.13,11941.45
PT003630,T0323,2023-09-08,USD,87122.53,10056.82,9355.37,87122.53,9355.37
PT005388,T0478,2023-02-04,USD,95633.43,6439.71,29130.43,95633.43,29130.43
PT004763,T0422,2022-10-11,USD,456262.98,32597.36,31810.22,456262.98,31810.22
PT001667,T0150,2023-01-24,USD,340211.84,36441.14,78765.37,340211.84,78765.37
PT006364,T0562,2024-06-07,USD,71602.38,7690.42,19204.19,71602.38,19204.19
PT006342,T0560,2025-03-26,INR,124713.66528,8637.84912,6831.617160000001,124713.66528,6831.617160000001
PT003611,T0321,2025-07-11,USD,161742.36,8935.38,39083.25,161742.36,39083.25
PT001283,T0116,2025-08-14,INR,107994.5298,6682.70016,8015.83644,107994.5298,8015.83644
PT002409,T0215,2025-04-14,USD,553151.55,39643.29,130562.47,553151.55,130562.47
PT001488,T0135,2026-07-03,EUR,70893.3708,4966.8984,6956.5824,70893.3708,6956.5824
PT001758,T0159,2021-03-27,EUR,61953.93000000001,4505.598000000001,19508.5152,61953.93000000001,19508.5152
PT006226,T0551,2021-05-06,EUR,283802.0112,20894.5224,70113.8484,283802.0112,70113.8484
PT005773,T0510,2023-04-08,USD,93349.78,5357.56,21604.83,93349.78,21604.83
PT001916,T0172,2026-01-02,EUR,55883.6604,3661.5888000000004,17172.972,55883.6604,17172.971999999998
PT001108,T0100,2022-07-17,USD,220557.92,15166.88,15881.13,220557.92,15881.13
PT006668,T0590,2021-11-11,USD,161416.74,9717.35,38102.17,161416.74,38102.17
PT005841,T0517,2024-02-14,EUR,33855.3648,1832.0904000000003,10447.682400000002,33855.3648,10447.682400000002
PT002970,T0264,2023-09-03,EUR,200294.28360000002,14614.473600000001,14117.068800000001,200294.28360000002,14117.068800000001
PT007162,T0635,2025-06-20,EUR,73667.21040000001,3911.2416000000003,12001.8888,73667.21040000001,12001.8888
PT001075,T0098,2022-04-29,EUR,185903.92080000002,20579.9508,55086.2208,185903.92080000002,55086.2208
PT007376,T0653,2022-02-28,USD,200045.25,11619.93,32003.36,200045.25,32003.36
PT003601,T0320,2026-09-25,USD,61871.23,6125.3,6804.08,10311.87,1134.0131500472837
PT006142,T0544,2021-02-01,USD,527092.34,62504.8,117398.4,527092.34,117398.4
PT002278,T0204,2025-03-18,USD,117742.81,9445.05,29681.04,117742.81,29681.04
PT007776,T0689,2022-07-24,GBP,483832.96680000005,35395.2302,54177.666600000004,483832.96680000005,54177.666600000004
PT000096,T0009,2024-04-02,USD,289009.6,16862.33,22624.37,289009.6,22624.37
PT004212,T0374,2025-12-11,EUR,83985.1308,9245.4156,19767.877200000003,83985.1308,19767.877200000003
PT003158,T0279,2025-07-14,EUR,79700.39280000002,8214.0372,15112.893600000001,79700.39280000002,15112.893600000001
PT004943,T0437,2022-09-30,USD,104966.16,10922.64,5671.7,104966.16,5671.700000000001
PT000135,T0013,2025-11-27,USD,91469.85,6957.04,22994.54,91469.85,22994.54
PT005419,T0480,2023-12-11,EUR,58485.564000000006,6355.724400000001,3231.6948,58485.564000000006,3231.6948
PT004784,T0424,2024-02-06,USD,348422.41,24441.94,33784.6,348422.41,33784.6
PT005031,T0446,2026-05-24,USD,88269.93,6580.64,6268.7,88269.93,6268.700000000001
PT000583,T0052,2026-06-15,USD,63690.42,5137.22,17977.95,63690.42,17977.95
PT007599,T0673,2024-03-09,EUR,136476.5976,10902.2976,13130.521200000001,136476.5976,13130.521200000001
PT005087,T0451,2023-05-18,USD,24037.28,1726.09,6748.19,24037.28,6748.19
PT005232,T0465,2025-03-22,INR,101647.05168,6685.017720000001,27466.38312,101647.05168,27466.38312
PT001351,T0123,2022-11-03,USD,115963.04,13371.16,36995.43,115963.04,36995.43
PT005802,T0513,2024-12-11,USD,206673.62,13315.27,61875.66,206673.62,61875.66
PT003572,T0317,2022-02-22,USD,151237.27,12948.26,43182.88,151237.27,43182.88
PT000102,T0010,2023-12-12,USD,154845.94,8133.16,14119.08,154845.94,14119.08
PT004383,T0389,2026-07-29,USD,291540.12,25853.3,20838.81,291540.12,20838.81
PT005877,T0520,2023-12-02,EUR,104810.78160000002,10757.091600000002,5494.1868,104810.78160000002,5494.1868
PT006989,T0619,2022-05-04,USD,96206.91,8269.65,23232.23,96206.91,23232.23
PT004161,T0369,2024-07-11,USD,179253.01,13824.9,48744.52,179253.01,48744.52
PT000523,T0046,2026-01-26,EUR,45371.383200000004,4954.8132000000005,7496.4096,45371.383200000004,7496.4096
PT003187,T0282,2022-08-14,USD,121339.65,9726.82,19035.5,121339.65,19035.5
PT003867,T0343,2025-01-01,USD,118599.13,14150.09,11941.45,118599.13,11941.45
PT004165,T0369,2024-11-11,USD,179253.01,13824.9,48744.52,179253.01,48744.52
PT004326,T0384,2023-05-23,EUR,184044.4092,13093.574400000001,51581.0376,184044.4092,51581.0376
PT006049,T0535,2024-01-11,USD,193583.04,18712.19,14697.39,193583.04,14697.390000000001
PT005364,T0476,2021-12-15,EUR,67957.92,6304.2083999999995,6820.394400000001,67957.92,6820.394400000001
PT003016,T0267,2023-01-28,USD,242972.79,13958.11,23585.56,242972.79,23585.56
PT006175,T0546,2025-12-15,USD,124484.55,9552.24,19203.59,124484.55,19203.59
PT003410,T0301,2026-03-23,USD,21863.27,1654.41,1490.77,21863.27,1490.77
PT006022,T0532,2024-12-01,EUR,78526.4112,6675.1128,6333.411600000001,78526.4112,6333.411600000001
PT001798,T0162,2026-01-28,USD,147633.93,8096.2,13248.99,147633.93,13248.99
PT002689,T0239,2025-02-28,USD,298312.51,28039.4,66631.38,298312.51,66631.38
PT000798,T0072,2025-04-22,USD,41079.98,4527.82,3269.61,41079.98,3269.61
PT006562,T0581,2022-04-14,USD,185251.07,16023.59,13846.27,185251.07,13846.27
PT005543,T0491,2024-12-03,USD,110583.03,5928.64,9812.9,110583.03,9812.9
PT000247,T0022,2025-04-14,INR,143270.09544,16437.25152,22098.1176,143270.09544,22098.117599999998
PT003169,T0280,2025-09-29,USD,59622.21,3905.8,18841.97,59622.21,18841.97
PT007860,T0696,2025-04-21,USD,195069.96,12102.09,13908.54,195069.96,13908.540000000003
PT004010,T0355,2025-10-19,USD,179347.12,14339.27,12695.21,179347.12,12695.21
PT000997,T0090,2025-12-16,USD,340739.27,29928.28,89881.62,340739.27,89881.62
PT001550,T0140,2021-12-19,EUR,191309.73120000004,13308.289200000001,31172.3532,191309.73120000004,31172.3532
PT003793,T0337,2023-03-24,USD,17939.99,1871.29,1982.58,17939.99,1982.58
PT005076,T0450,2025-09-06,USD,1740983.88,102684.64,510880.2,1740983.88,510880.19999999995
PT007320,T0648,2024-01-22,EUR,327692.04480000003,31836.9852,103194.486,327692.04480000003,103194.486
PT006882,T0610,2022-08-15,USD,537001.73,30237.64,161334.18,537001.73,161334.18
PT000564,T0050,2023-07-12,EUR,117264.8448,7941.520800000001,18548.816400000003,117264.8448,18548.816400000003
PT005748,T0508,2025-08-23,USD,44656.27,4798.38,5261.57,44656.27,5261.57
PT000277,T0024,2026-05-11,USD,146627.78,16084.29,14224.79,146627.78,14224.79
PT900016,T0079,2025-06-24,USD,21059.12,1885.96,2348.38,21059.12,2348.38
PT000731,T0067,2024-01-27,INR,348799.92528,22527.78516,102905.25564,348799.92528,102905.25564
PT007099,T0630,2022-07-06,USD,82243.7,5508.43,6925.59,82243.7,6925.59
PT004082,T0362,2026-08-19,USD,59761.95,6984.78,3058.49,59761.95,3058.49
PT005493,T0487,2025-02-27,USD,124090.11,7159.15,8210.18,124090.11,8210.18
PT000876,T0079,2026-01-24,USD,21059.12,1885.96,2348.38,21059.12,2348.38
PT003422,T0302,2025-02-06,EUR,68355.17640000001,8043.861600000001,7979.742,68355.17640000001,7979.742
PT004083,T0362,2026-09-19,USD,59761.95,6984.78,3058.49,21912.71,1121.4460774439253
PT002956,T0262,2025-03-04,EUR,306919.0764,25720.912800000002,32795.323200000006,306919.0764,32795.3232
PT003045,T0270,2025-08-26,GBP,69561.3036,4104.1955,20029.830400000003,69561.3036,20029.830400000003
PT005310,T0471,2026-03-18,EUR,83393.7336,7291.630800000001,21196.220400000002,83393.7336,21196.220400000002
PT000352,T0031,2023-10-31,INR,94728.91752,7498.9944,27454.237559999998,94728.91752,27454.237559999998
PT005471,T0485,2025-09-03,EUR,484347.60000000003,56940.08400000001,91929.56760000001,484347.60000000003,91929.56760000001
PT007811,T0692,2024-08-11,EUR,88247.502,10282.9284,8868.3228,88247.502,8868.3228
PT006141,T0544,2021-01-01,USD,527092.34,62504.8,117398.4,527092.34,117398.4
PT006055,T0535,2024-07-11,USD,193583.04,18712.19,14697.39,193583.04,14697.390000000001
PT001850,T0166,2026-09-14,USD,31177.28,1715.7,9235.49,16627.88,4925.593876733314
PT000597,T0054,2025-04-27,EUR,170129.7972,13861.206000000002,31287.664800000002,170129.7972,31287.664800000006
PT006177,T0547,2023-12-17,EUR,41631.246,3783.51,9679.532400000002,41631.246,9679.532400000002
PT003703,T0330,2024-04-30,USD,30616.55,3130.91,3198.85,30616.55,3198.85
PT004965,T0439,2026-07-08,USD,258217.08,15728.8,50176.75,258217.08,50176.75
PT007429,T0657,2025-03-11,USD,134067.74,14448.71,21246.07,134067.74,21246.07
PT001242,T0112,2023-07-01,USD,73860.72,8579.69,3852.76,73860.72,3852.7600000000007
PT003200,T0283,2022-05-22,EUR,1310050.6812,90330.444,131798.14560000002,1310050.6812,131798.14560000002
PT003420,T0302,2024-12-06,EUR,68355.17640000001,8043.861600000001,7979.742,68355.17640000001,7979.742
PT002210,T0197,2022-03-03,USD,45335.18,4803.98,13035.43,45335.18,13035.43
PT000057,T0006,2022-08-02,USD,16666.67,1068.75,4953.51,16666.67,4953.51
PT007501,T0664,2022-03-16,USD,213681.59,21285.6,24773.7,213681.59,24773.699999999997
PT003450,T0305,2024-06-22,USD,194597.27,17781.41,59078.2,194597.27,59078.19999999999
PT005182,T0460,2024-04-01,EUR,217483.974,12521.887200000001,25337.404800000004,217483.974,25337.404800000008
PT005237,T0465,2025-08-22,INR,101647.05168,6685.017720000001,27466.38312,101647.05168,27466.38312
PT900041,T0199,2025-06-16,INR,54067.566119999996,5075.51844,12301.125,54067.566119999996,12301.125
PT006762,T0599,2025-05-05,USD,18411.08,1330.09,4802.26,18411.08,4802.26
PT007485,T0663,2024-09-25,EUR,363602.9952,29615.652000000002,25383.618,363602.9952,25383.618
PT005867,T0519,2024-05-14,EUR,31021.056000000004,3157.7148,7790.590800000001,31021.056000000004,7790.590800000001
PT005170,T0459,2025-04-19,USD,58540.51,3583.8,6023.75,58540.51,6023.75
PT007536,T0667,2026-09-02,USD,69632.32,7546.75,8198.13,64990.17,7651.588549427907
PT007458,T0660,2026-04-17,USD,144045.95,10305.83,16655.64,144045.95,16655.64
PT004849,T0430,2023-05-15,USD,229479.12,21235.7,21781.06,229479.12,21781.06
PT002894,T0257,2026-03-11,USD,128661.19,10905.21,12240.97,128661.19,12240.97
PT000763,T0069,2026-05-15,USD,42534.31,4242.26,3766.99,42534.31,3766.9899999999993
PT006477,T0572,2025-05-08,EUR,99248.9544,5597.931600000001,10682.766000000001,99248.9544,10682.766000000001
PT005954,T0526,2025-05-04,EUR,105851.17800000001,8946.018000000002,6464.026800000001,105851.17800000001,6464.026800000001
PT007618,T0674,2021-12-15,EUR,44131.00320000001,2683.8756000000003,3010.6296,44131.00320000001,3010.6296
PT007040,T0624,2023-12-05,USD,36199.0,3589.73,9988.47,36199.0,9988.47
PT001990,T0179,2024-12-11,USD,239867.29,16929.17,61772.5,239867.29,61772.49999999999
PT007884,T0699,2024-04-13,USD,324235.24,22202.35,30298.2,324235.24,30298.200000000004
PT001330,T0121,2023-12-03,USD,276582.4,16816.16,72794.98,276582.4,72794.98
PT001584,T0143,2025-10-15,USD,122124.19,7498.42,12206.44,122124.19,12206.44
PT000896,T0081,2024-10-29,EUR,16666.668,1810.674,971.4708,16666.668,971.4708
PT007787,T0690,2024-06-21,USD,57917.12,5125.0,13770.79,57917.12,13770.79
PT007220,T0640,2025-07-10,EUR,660991.0284000001,42428.512800000004,205166.45520000003,660991.0284000001,205166.45520000003
PT001978,T0178,2025-12-29,USD,120341.02,9195.22,14087.9,120341.02,14087.9
PT004520,T0401,2025-04-26,USD,99938.38,11119.84,25263.23,99938.38,25263.230000000003
PT004904,T0434,2023-08-28,EUR,112436.4132,9943.862400000002,12460.143600000001,112436.4132,12460.1436
PT002100,T0188,2025-12-30,USD,29736.13,2312.24,1707.33,29736.13,1707.33
PT005848,T0517,2024-09-14,EUR,33855.3648,1832.0904000000003,10447.682400000002,33855.3648,10447.682400000002
PT004497,T0400,2025-08-26,USD,374847.6,29937.0,110644.75,374847.6,110644.75
PT000894,T0081,2024-08-29,EUR,16666.668,1810.674,971.4708,16666.668,971.4708
PT007654,T0677,2023-10-05,USD,100715.03,6782.36,22735.4,100715.03,22735.4
PT000276,T0024,2026-04-11,USD,146627.78,16084.29,14224.79,146627.78,14224.79
PT001168,T0105,2024-06-22,USD,142898.06,11784.51,32834.94,142898.06,32834.94
PT005194,T0461,2026-08-26,USD,114568.9,10293.12,9381.28,114568.9,9381.279999999999
PT005466,T0484,2024-10-10,EUR,348075.2304,41002.8588,37837.206,348075.2304,37837.206
PT003871,T0344,2025-10-14,USD,139716.8,8577.56,12618.02,139716.8,12618.02
PT007585,T0672,2022-05-26,USD,378300.57,22626.57,103441.96,378300.57,103441.96
PT003087,T0273,2024-02-14,EUR,71292.906,4328.694,21982.0608,71292.906,21982.0608
PT005716,T0506,2021-02-19,EUR,43116.008400000006,4733.4456,10521.5328,43116.008400000006,10521.5328
PT004749,T0421,2023-03-12,USD,94269.31,5440.4,7802.29,94269.31,7802.29
PT003235,T0286,2022-07-19,EUR,256655.5092,29886.948,24976.1016,256655.5092,24976.1016
PT005772,T0510,2023-03-08,USD,93349.78,5357.56,21604.83,93349.78,21604.83
PT002519,T0224,2025-12-23,USD,417953.99,48966.05,108261.62,417953.99,108261.62
PT005667,T0501,2026-08-27,USD,76078.73,3869.15,18723.02,76078.73,18723.02
PT005821,T0514,2021-11-06,USD,94523.62,8172.93,18853.85,94523.62,18853.85
PT000408,T0036,2022-12-07,USD,218838.27,22255.99,55726.7,218838.27,55726.7
PT001803,T0162,2026-06-28,USD,147633.93,8096.2,13248.99,147633.93,13248.99
PT003612,T0321,2025-08-11,USD,161742.36,8935.38,39083.25,161742.36,39083.25
PT006540,T0579,2025-11-07,USD,81622.23,5876.12,23199.14,81622.23,23199.14
PT004869,T0431,2021-10-04,USD,192633.15,19224.48,11158.32,192633.15,11158.320000000002
PT001683,T0152,2026-09-05,GBP,352589.84599999996,25397.129800000002,40574.010800000004,293824.87590000004,33811.67615381431
PT007861,T0696,2025-05-21,USD,195069.96,12102.09,13908.54,195069.96,13908.540000000003
PT005422,T0481,2022-10-01,USD,87754.02,9506.11,10306.4,87754.02,10306.4
PT000744,T0068,2021-09-03,USD,277413.18,21500.71,26561.7,277413.18,26561.7
PT001731,T0156,2024-11-27,USD,268263.15,26998.06,27525.51,268263.15,27525.51
PT005127,T0455,2024-03-18,USD,111249.39,5920.2,11943.51,111249.39,11943.51
PT005874,T0519,2024-12-14,EUR,31021.056000000004,3157.7148,7790.590800000001,31021.056000000004,7790.590800000001
PT004139,T0367,2023-08-03,USD,153767.97,9037.38,15560.7,153767.97,15560.700000000003
PT002714,T0241,2024-04-30,USD,110607.31,12757.14,16933.35,110607.31,16933.35
PT004293,T0381,2024-11-15,USD,196717.43,18224.67,21941.46,196717.43,21941.46
PT002977,T0264,2024-04-03,EUR,200294.28360000002,14614.473600000001,14117.068800000001,200294.28360000002,14117.068800000001
PT000188,T0017,2022-12-28,EUR,57802.14000000001,4259.5524000000005,3125.2176,57802.14000000001,3125.2176
PT006404,T0566,2022-10-08,EUR,166501.25639999998,11438.031600000002,29756.030400000003,166501.25639999998,29756.030400000003
PT006870,T0609,2023-01-10,USD,57524.85,5486.44,14486.98,57524.85,14486.98
PT001926,T0173,2025-03-15,USD,68172.95,4091.09,5165.89,68172.95,5165.89
PT002874,T0255,2024-11-18,INR,54110.241239999996,5880.84444,4842.906360000001,54110.241239999996,4842.906360000001
PT000434,T0038,2025-09-03,USD,98184.07,10656.62,6935.02,98184.07,6935.02
PT004315,T0383,2022-09-21,USD,235819.9,15513.8,75436.23,235819.9,75436.23
PT005923,T0523,2026-09-10,EUR,120468.13560000001,11444.7384,13696.128,80312.09400000001,9130.752409287159
PT003567,T0316,2022-06-29,USD,90076.31,4710.36,25250.23,90076.31,25250.23
PT001512,T0137,2024-01-01,USD,94166.78,10920.36,7485.28,94166.78,7485.28
PT007457,T0660,2026-03-17,USD,144045.95,10305.83,16655.64,144045.95,16655.64
PT003682,T0328,2024-10-08,USD,59138.66,3765.18,16038.65,59138.66,16038.65
PT900150,T0700,2025-06-06,EUR,37178.6544,4364.6472,3004.8192,37178.6544,3004.8192
PT004900,T0434,2023-04-28,EUR,112436.4132,9943.862400000002,12460.143600000001,112436.4132,12460.1436
PT003878,T0344,2026-05-14,USD,139716.8,8577.56,12618.02,139716.8,12618.02
PT004681,T0415,2023-11-14,INR,213883.13232,22951.61244,12627.97956,213883.13232,12627.97956
PT002199,T0196,2022-10-17,EUR,23012.154000000002,1996.4556,2551.5432,23012.154000000002,2551.5432
PT006351,T0561,2023-04-18,USD,81274.19,5787.51,18098.87,81274.19,18098.87
PT001226,T0111,2022-10-08,EUR,108136.9548,10391.274,20384.8596,108136.9548,20384.8596
PT000719,T0066,2021-05-01,USD,95475.14,8375.64,28863.35,95475.14,28863.35
PT000742,T0068,2021-07-03,USD,277413.18,21500.71,26561.7,277413.18,26561.7
PT005187,T0460,2024-09-01,EUR,217483.974,12521.887200000001,25337.404800000004,217483.974,25337.404800000008
PT006810,T0603,2025-07-01,INR,147474.89952,13389.94416,16776.68472,147474.89952,16776.68472
PT002791,T0249,2024-11-05,USD,252877.99,21600.4,21776.06,252877.99,21776.06
PT005720,T0506,2021-06-19,EUR,43116.008400000006,4733.4456,10521.5328,43116.008400000006,10521.5328
PT002996,T0266,2022-07-02,USD,161795.9,11720.64,49999.11,161795.9,49999.11
PT006666,T0590,2021-09-11,USD,161416.74,9717.35,38102.17,161416.74,38102.17
PT001193,T0108,2022-08-14,USD,293289.08,30048.84,29954.78,293289.08,29954.78
PT007586,T0672,2022-06-26,USD,378300.57,22626.57,103441.96,378300.57,103441.96
PT006807,T0603,2025-04-01,INR,147474.89952,13389.94416,16776.68472,147474.89952,16776.68472
PT007574,T0671,2023-04-30,USD,90526.2,10551.45,10506.35,90526.2,10506.35
PT006649,T0588,2022-12-03,EUR,202350.744,11821.712400000002,38995.41960000001,202350.744,38995.41960000001
PT001173,T0106,2026-08-11,USD,149053.76,11617.8,34804.62,149053.76,34804.62
PT002623,T0234,2025-12-13,USD,59490.81,3553.41,14719.49,59490.81,14719.49
PT001033,T0093,2023-12-19,USD,88465.05,6576.24,8373.71,88465.05,8373.71
PT004376,T0388,2025-06-09,USD,586856.36,60291.16,63713.64,586856.36,63713.64
PT000836,T0076,2024-06-12,EUR,123607.28520000001,11880.2376,20576.052000000003,123607.28520000001,20576.052000000003
PT004917,T0435,2023-09-26,USD,110380.5,6058.64,28401.07,110380.5,28401.069999999996
PT000296,T0026,2023-04-21,USD,196819.9,14874.96,33384.29,196819.9,33384.29
PT003182,T0281,2022-11-06,EUR,103398.1632,7430.9292000000005,5282.6796,103398.1632,5282.6796
PT006909,T0612,2022-11-15,USD,251024.5,16010.59,17141.95,251024.5,17141.95
PT000951,T0086,2024-01-16,USD,160730.09,17511.68,29798.1,160730.09,29798.1
PT900040,T0192,2025-06-25,USD,192417.02,18278.9,51344.66,192417.02,51344.659999999996
PT006505,T0575,2025-06-23,USD,30879.36,2238.49,3206.94,30879.36,3206.94
PT005906,T0522,2022-02-06,USD,26140.4,2972.12,1337.81,26140.4,1337.8100000000002
PT006371,T0563,2025-12-14,USD,165387.26,8835.02,18149.4,165387.26,18149.4
PT007608,T0673,2024-12-09,EUR,136476.5976,10902.2976,13130.521200000001,136476.5976,13130.521200000001
PT006686,T0592,2026-01-09,USD,61549.16,6387.86,4467.53,61549.16,4467.53
PT003788,T0337,2022-10-24,USD,17939.99,1871.29,1982.58,17939.99,1982.58
PT007563,T0670,2025-09-27,USD,142868.22,15815.05,41960.71,142868.22,41960.71
PT007714,T0683,2025-10-20,USD,91024.39,4803.71,4908.81,91024.39,4908.81
PT005468,T0484,2024-12-10,EUR,348075.2304,41002.8588,37837.206,348075.2304,37837.206
PT003370,T0298,2025-11-30,EUR,77861.6928,8960.619600000002,18316.702800000003,77861.6928,18316.702800000003
PT003167,T0280,2025-07-29,USD,59622.21,3905.8,18841.97,59622.21,18841.97
PT007287,T0645,2024-01-17,EUR,68156.4672,6114.852,4598.1756,68156.4672,4598.1756
PT004421,T0392,2022-05-25,USD,313220.46,37393.51,79080.4,313220.46,79080.4
PT002962,T0263,2026-03-30,EUR,41629.4532,2296.2744,2829.438,41629.4532,2829.438
PT004716,T0418,2021-10-16,USD,66109.2,5957.54,10340.44,66109.2,10340.44
PT001385,T0125,2025-04-30,USD,409877.35,42280.44,95387.72,409877.35,95387.72
PT002002,T0180,2024-12-03,EUR,73219.2912,7137.547200000001,3819.8196000000003,73219.2912,3819.8196000000003
PT006576,T0582,2023-10-21,EUR,94728.36600000001,4866.0588,6683.2128,94728.36600000001,6683.212799999999
PT007682,T0680,2023-02-21,USD,164633.16,18206.15,15241.0,164633.16,15241.0
PT000452,T0040,2025-01-09,USD,71386.65,4315.76,5543.21,71386.65,5543.21
PT004809,T0426,2024-04-06,USD,65750.67,3877.41,14588.43,65750.67,14588.43
PT002843,T0253,2024-04-08,USD,33238.01,3761.25,3482.01,33238.01,3482.01
PT001333,T0121,2024-03-03,USD,276582.4,16816.16,72794.98,276582.4,72794.98
PT004484,T0398,2025-09-17,EUR,103972.0644,10384.0704,25326.4752,103972.0644,25326.4752
PT005126,T0455,2024-02-18,USD,111249.39,5920.2,11943.51,111249.39,11943.51
PT004758,T0421,2023-12-12,USD,94269.31,5440.4,7802.29,94269.31,7802.29
PT005319,T0472,2024-07-02,USD,77485.97,4901.1,24461.46,77485.97,24461.46
PT007156,T0635,2024-12-20,EUR,73667.21040000001,3911.2416000000003,12001.8888,73667.21040000001,12001.8888
PT004839,T0428,2025-12-18,USD,187489.03,16352.03,58407.73,187489.03,58407.73
PT004462,T0396,2022-10-11,USD,239845.45,13220.92,53238.95,239845.45,53238.95
PT001203,T0109,2022-08-23,USD,105427.91,10274.8,7092.21,105427.91,7092.21
PT000184,T0017,2022-08-28,EUR,57802.14000000001,4259.5524000000005,3125.2176,57802.14000000001,3125.2176
PT002114,T0189,2025-05-02,USD,50169.19,4165.63,4665.72,50169.19,4665.72
PT003107,T0275,2025-03-22,USD,100845.39,10385.5,11832.39,100845.39,11832.389999999998
PT002317,T0207,2022-08-30,EUR,227969.78040000002,12809.7936,53494.18200000001,227969.78040000002,53494.18200000001
PT001461,T0133,2025-04-05,INR,37030.3044,3647.66496,3455.1585600000003,37030.3044,3455.1585600000003
PT004368,T0387,2023-12-07,USD,35087.28,3137.78,9668.7,35087.28,9668.7
PT004133,T0367,2023-02-03,USD,153767.97,9037.38,15560.7,153767.97,15560.700000000003
PT002255,T0201,2025-12-24,USD,52479.91,3681.29,13028.32,52479.91,13028.32
PT002857,T0254,2023-12-21,USD,109602.92,8849.87,32804.38,109602.92,32804.38
PT005164,T0458,2021-07-17,USD,84272.84,8772.44,22733.1,84272.84,22733.1
PT004469,T0396,2023-05-11,USD,239845.45,13220.92,53238.95,239845.45,53238.95
PT007490,T0663,2025-02-25,EUR,363602.9952,29615.652000000002,25383.618,363602.9952,25383.618
PT005677,T0502,2024-07-05,INR,24507.44568,1305.396,4751.335080000001,24507.44568,4751.335080000001
PT001307,T0118,2024-10-19,USD,296970.76,29038.15,17656.57,296970.76,17656.57
PT001497,T0136,2024-01-17,USD,89893.73,7367.54,23136.11,89893.73,23136.11
PT007826,T0694,2025-01-07,USD,246554.18,22639.45,14915.53,246554.18,14915.53
PT003363,T0297,2026-09-23,USD,153271.36,9598.58,33936.22,35763.32,7918.451923767103
PT007329,T0649,2023-11-01,USD,336774.22,25578.56,99427.49,336774.22,99427.49
PT004822,T0427,2025-12-21,USD,351033.15,29580.52,102394.92,351033.15,102394.92
PT004290,T0381,2024-08-15,USD,196717.43,18224.67,21941.46,196717.43,21941.46
PT001277,T0116,2025-02-14,INR,107994.5298,6682.70016,8015.83644,107994.5298,8015.83644
PT000054,T0006,2022-05-02,USD,16666.67,1068.75,4953.51,16666.67,4953.51
PT002588,T0231,2021-05-14,USD,222276.24,13343.45,52763.42,222276.24,52763.42
PT005444,T0482,2024-04-18,USD,151505.21,8151.24,26378.52,151505.21,26378.52
PT005278,T0468,2022-03-11,USD,196119.25,10716.9,52787.65,196119.25,52787.65
PT003629,T0323,2023-08-08,USD,87122.53,10056.82,9355.37,87122.53,9355.37
PT007491,T0663,2025-03-25,EUR,363602.9952,29615.652000000002,25383.618,363602.9952,25383.618
PT002367,T0211,2025-04-13,USD,65590.84,4581.66,14503.36,65590.84,14503.36
PT005808,T0513,2025-06-11,USD,206673.62,13315.27,61875.66,206673.62,61875.66
PT007489,T0663,2025-01-25,EUR,363602.9952,29615.652000000002,25383.618,363602.9952,25383.618
PT005241,T0465,2025-12-22,INR,101647.05168,6685.017720000001,27466.38312,101647.05168,27466.38312
PT001525,T0138,2026-08-12,USD,162801.26,9812.36,8622.64,162801.26,8622.64
PT007336,T0650,2023-04-28,USD,57512.38,5066.35,17936.64,57512.38,17936.64
PT000522,T0045,2024-05-15,USD,147873.25,10444.91,8539.45,147873.25,8539.45
PT001084,T0098,2023-01-29,EUR,185903.92080000002,20579.9508,55086.2208,185903.92080000002,55086.2208
PT002763,T0246,2024-12-10,EUR,290496.06720000005,31914.324,82716.1632,290496.06720000005,82716.1632
PT006983,T0618,2024-06-08,EUR,51158.72520000001,3618.1404,2574.9468,51158.72520000001,2574.9468
PT004000,T0355,2024-12-19,USD,179347.12,14339.27,12695.21,179347.12,12695.21
PT004372,T0388,2025-02-09,USD,586856.36,60291.16,63713.64,586856.36,63713.64
PT002125,T0190,2023-10-26,USD,60568.52,6162.37,3679.2,60568.52,3679.2
PT002743,T0244,2026-03-21,USD,154510.56,14102.76,36427.43,154510.56,36427.43
PT003226,T0285,2024-12-06,USD,98525.36,7455.61,7850.62,98525.36,7850.62
PT000562,T0050,2023-05-12,EUR,117264.8448,7941.520800000001,18548.816400000003,117264.8448,18548.816400000003
PT900058,T0269,2025-06-12,USD,100980.51,5635.27,25218.16,100980.51,25218.16
PT003474,T0307,2026-07-21,USD,117182.12,13660.29,8467.45,117182.12,8467.45
PT006582,T0582,2024-04-21,EUR,94728.36600000001,4866.0588,6683.2128,94728.36600000001,6683.212799999999
PT004700,T0417,2024-07-06,EUR,489681.64440000005,51774.23880000001,26376.289200000003,489681.64440000005,26376.289200000003
PT002344,T0209,2026-05-14,USD,68828.83,6856.75,7557.92,68828.83,7557.92
PT006828,T0605,2026-01-07,USD,115273.31,6184.99,33746.92,115273.31,33746.92
PT005476,T0485,2026-02-03,EUR,484347.60000000003,56940.08400000001,91929.56760000001,484347.60000000003,91929.56760000001
PT005998,T0530,2026-08-04,USD,28789.83,3445.91,6971.98,28789.83,6971.98
PT006822,T0604,2023-01-27,EUR,58713.62760000001,4365.403200000001,17900.211600000002,58713.62760000001,17900.211600000002
PT002856,T0254,2023-11-21,USD,109602.92,8849.87,32804.38,109602.92,32804.38
PT004534,T0403,2026-01-25,USD,54050.68,4910.21,14314.55,54050.68,14314.55
PT004527,T0402,2024-06-15,INR,121383.34547999999,9284.16552,14205.6714,121383.34547999999,14205.6714
PT001058,T0096,2023-06-01,EUR,36316.3608,3038.9040000000005,9109.3572,36316.3608,9109.3572
PT000447,T0039,2023-07-05,USD,120590.09,12431.58,12155.95,120590.09,12155.95
PT900073,T0311,2025-06-26,INR,166053.26364000002,13644.31452,8528.235,166053.26364000002,8528.234999999999
PT007302,T0647,2022-10-29,USD,197134.2,16814.11,18042.62,197134.2,18042.62
PT005441,T0482,2024-01-18,USD,151505.21,8151.24,26378.52,151505.21,26378.52
PT002012,T0181,2024-04-27,USD,69970.88,6168.94,22359.58,69970.88,22359.58
PT002044,T0183,2025-11-02,USD,100544.26,7921.3,23011.91,100544.26,23011.91
PT004582,T0407,2025-12-28,GBP,218877.1213,15511.500600000001,11592.56,218877.1213,11592.56
PT003667,T0327,2025-02-25,INR,59582.7786,6085.14336,14554.75596,59582.7786,14554.75596
PT005517,T0489,2022-10-29,EUR,275215.3092,27767.448,19233.320400000004,275215.3092,19233.320400000008
PT001647,T0149,2022-12-07,USD,74747.37,8122.76,7843.28,74747.37,7843.28
PT005648,T0500,2025-01-11,USD,329498.64,36506.79,80622.15,329498.64,80622.15
PT004145,T0368,2023-10-08,GBP,92688.85450000002,6537.9219,28605.8102,92688.85450000002,28605.8102
PT003546,T0315,2022-10-01,USD,58673.31,6941.79,16238.13,58673.31,16238.13
PT006385,T0564,2025-12-15,INR,282193.533,26532.87252,25219.656720000003,282193.533,25219.656720000003
PT004586,T0407,2026-04-28,GBP,218877.1213,15511.500600000001,11592.56,218877.1213,11592.56
PT005002,T0443,2024-11-27,USD,174851.14,14433.96,20927.38,174851.14,20927.38
PT003378,T0299,2024-05-03,INR,117914.23776,12469.744920000001,7491.914040000001,117914.23776,7491.914040000001
PT003638,T0324,2023-08-14,USD,463519.43,50432.76,41052.76,463519.43,41052.76
PT900082,T0366,2025-06-09,USD,244109.16,19467.39,14871.27,244109.16,14871.27
PT004694,T0416,2022-10-30,USD,31871.84,3672.14,3261.3,31871.84,3261.3
PT005346,T0474,2022-04-19,USD,223220.23,21354.72,64495.84,223220.23,64495.84
PT005160,T0458,2021-03-17,USD,84272.84,8772.44,22733.1,84272.84,22733.1
PT002538,T0226,2024-10-26,USD,138385.55,12167.09,35028.86,138385.55,35028.86
PT005949,T0526,2024-12-04,EUR,105851.17800000001,8946.018000000002,6464.026800000001,105851.17800000001,6464.026800000001
PT003781,T0336,2023-03-05,USD,70274.21,5951.93,11520.11,70274.21,11520.11
PT003679,T0328,2024-07-08,USD,59138.66,3765.18,16038.65,59138.66,16038.65
PT003417,T0302,2024-09-06,EUR,68355.17640000001,8043.861600000001,7979.742,68355.17640000001,7979.742
PT001792,T0162,2025-07-28,USD,147633.93,8096.2,13248.99,147633.93,13248.99
PT005625,T0498,2024-06-23,USD,124266.44,12509.4,30737.92,124266.44,30737.92
PT900103,T0483,2025-06-20,USD,38196.24,2004.43,2501.49,38196.24,2501.49
PT001709,T0155,2024-05-30,USD,58436.4,6643.39,6874.12,58436.4,6874.12
PT000508,T0044,2022-12-13,USD,167426.07,10739.74,38489.99,167426.07,38489.99
PT006387,T0564,2026-02-15,INR,282193.533,26532.87252,25219.656720000003,282193.533,25219.656720000003
PT007114,T0631,2023-03-10,USD,36017.19,2058.13,2236.99,36017.19,2236.99
PT005547,T0491,2025-04-03,USD,110583.03,5928.64,9812.9,110583.03,9812.9
PT001261,T0114,2025-02-14,USD,588038.38,35206.98,62815.83,588038.38,62815.83000000001
PT007280,T0645,2023-06-17,EUR,68156.4672,6114.852,4598.1756,68156.4672,4598.1756
PT001335,T0121,2024-05-03,USD,276582.4,16816.16,72794.98,276582.4,72794.98
PT001214,T0110,2025-09-15,USD,221040.92,12503.52,40209.81,221040.92,40209.81
PT007064,T0626,2023-05-06,EUR,99233.0244,9072.043200000002,17301.816000000003,99233.0244,17301.816000000003
PT000992,T0089,2026-09-10,USD,88582.45,5680.86,21216.6,59054.97,14144.400798374847
PT001303,T0118,2024-06-19,USD,296970.76,29038.15,17656.57,296970.76,17656.57
PT007315,T0648,2023-08-22,EUR,327692.04480000003,31836.9852,103194.486,327692.04480000003,103194.486
PT003886,T0345,2023-03-15,EUR,61659.954000000005,5983.5456,17745.1452,61659.954000000005,17745.1452
PT003912,T0347,2025-03-07,EUR,77677.9632,9175.9392,12901.6476,77677.9632,12901.6476
PT004002,T0355,2025-02-19,USD,179347.12,14339.27,12695.21,179347.12,12695.21
PT004623,T0410,2022-06-29,USD,285909.27,28239.09,18626.41,285909.27,18626.41
PT001286,T0116,2025-11-14,INR,107994.5298,6682.70016,8015.83644,107994.5298,8015.83644
PT000025,T0003,2021-09-09,EUR,97996.662,8045.362800000001,28282.7808,97996.662,28282.7808
PT001225,T0111,2022-09-08,EUR,108136.9548,10391.274,20384.8596,108136.9548,20384.8596
PT004134,T0367,2023-03-03,USD,153767.97,9037.38,15560.7,153767.97,15560.700000000003
PT003022,T0268,2023-08-11,USD,62056.41,6646.76,18645.13,62056.41,18645.13
PT004561,T0405,2024-06-29,USD,221221.42,16142.54,25275.87,221221.42,25275.87
PT000552,T0049,2023-05-31,USD,182970.01,15432.16,57452.93,182970.01,57452.93
PT000972,T0088,2021-07-26,USD,58920.03,3848.02,9302.07,58920.03,9302.070000000002
PT005885,T0520,2024-08-02,EUR,104810.78160000002,10757.091600000002,5494.1868,104810.78160000002,5494.1868
PT000146,T0014,2021-11-08,USD,16666.67,1581.04,2759.14,16666.67,2759.14
PT005607,T0496,2026-01-05,USD,121892.83,13916.04,32505.24,121892.83,32505.24
PT001875,T0169,2024-07-14,EUR,55069.783200000005,3018.0168000000003,10367.773200000001,55069.783200000005,10367.773200000001
PT006512,T0575,2026-01-23,USD,30879.36,2238.49,3206.94,30879.36,3206.94
PT000579,T0051,2026-06-01,USD,177057.15,18044.43,21105.61,177057.15,21105.61
PT006721,T0595,2024-11-26,EUR,88378.8084,6800.7492,16324.6104,88378.8084,16324.6104
PT006333,T0560,2024-06-26,INR,124713.66528,8637.84912,6831.617160000001,124713.66528,6831.617160000001
PT004740,T0420,2023-11-17,EUR,117195.72480000001,6784.4736,19073.0268,117195.72480000001,19073.0268
PT000512,T0045,2023-07-15,USD,147873.25,10444.91,8539.45,147873.25,8539.45
PT006680,T0591,2023-07-14,USD,92498.11,7243.65,6562.69,92498.11,6562.6900000000005
PT007525,T0666,2024-06-07,GBP,188814.9767,22129.419800000003,13247.827200000002,188814.9767,13247.827200000002
PT003940,T0350,2024-05-08,INR,149296.48992,17062.75764,39918.414000000004,149296.48992,39918.414000000004
PT002826,T0251,2023-10-10,EUR,184514.814,12427.646400000001,55753.23960000001,184514.814,55753.23960000001
PT005550,T0492,2022-11-17,USD,222805.42,22886.05,59329.1,222805.42,59329.1
PT006869,T0609,2022-12-10,USD,57524.85,5486.44,14486.98,57524.85,14486.98
PT005307,T0471,2025-12-18,EUR,83393.7336,7291.630800000001,21196.220400000002,83393.7336,21196.220400000002
PT004457,T0395,2025-12-20,USD,19261.0,1427.54,2150.01,19261.0,2150.01
PT003764,T0335,2024-03-08,USD,98458.37,7177.81,22103.33,98458.37,22103.329999999998
PT000489,T0043,2024-02-23,EUR,159170.2164,12161.3076,18380.4552,159170.2164,18380.4552
PT002437,T0217,2022-02-01,EUR,119116.5372,6719.2632,35283.1896,119116.5372,35283.1896
PT000080,T0008,2026-02-11,USD,24607.49,2216.37,7825.25,24607.49,7825.25
PT002482,T0221,2025-02-24,USD,139529.4,11332.89,36862.29,139529.4,36862.29
PT002268,T0203,2025-02-12,INR,81116.88636,7393.60428,24229.13652,81116.88636,24229.136519999996
PT003071,T0272,2024-07-20,USD,382220.9,21579.44,107600.37,382220.9,107600.37
PT000853,T0078,2024-02-08,INR,430842.1026,42062.82,77098.71012,430842.1026,77098.71012
PT002972,T0264,2023-11-03,EUR,200294.28360000002,14614.473600000001,14117.068800000001,200294.28360000002,14117.068800000001
PT007814,T0693,2021-03-07,USD,42620.19,2540.92,12492.82,42620.19,12492.82
PT002630,T0234,2026-07-13,USD,59490.81,3553.41,14719.49,59490.81,14719.49
PT006445,T0569,2023-08-16,USD,252654.55,20173.13,74045.68,252654.55,74045.68
PT002328,T0208,2025-02-25,USD,177433.96,9587.12,56726.86,177433.96,56726.86
PT003936,T0349,2022-05-19,USD,227434.56,21696.32,56063.1,227434.56,56063.1
PT003211,T0284,2024-10-11,EUR,1260247.6152000001,133147.5732,123493.4964,1260247.6152000001,123493.4964
PT001436,T0130,2023-05-31,USD,79586.62,4046.47,4078.84,79586.62,4078.8400000000006
PT001815,T0163,2026-02-03,USD,256698.41,22686.78,13846.37,256698.41,13846.37
PT001754,T0158,2026-02-23,USD,48036.85,4454.77,5670.51,48036.85,5670.51
PT002339,T0209,2025-12-14,USD,68828.83,6856.75,7557.92,68828.83,7557.92
PT002611,T0233,2025-03-05,USD,205917.56,21692.47,11670.32,205917.56,11670.32
PT001443,T0130,2023-12-31,USD,79586.62,4046.47,4078.84,79586.62,4078.8400000000006
PT000282,T0025,2024-01-16,USD,89604.85,10744.7,21394.0,89604.85,21394.0
PT007274,T0644,2025-07-30,USD,74853.06,4125.74,14760.53,74853.06,14760.530000000002
PT003527,T0312,2026-07-11,USD,77520.44,4567.27,7424.84,77520.44,7424.840000000001
PT000831,T0076,2024-01-12,EUR,123607.28520000001,11880.2376,20576.052000000003,123607.28520000001,20576.052000000003
PT003686,T0328,2025-02-08,USD,59138.66,3765.18,16038.65,59138.66,16038.65
PT002974,T0264,2024-01-03,EUR,200294.28360000002,14614.473600000001,14117.068800000001,200294.28360000002,14117.068800000001
PT003641,T0324,2023-11-14,USD,463519.43,50432.76,41052.76,463519.43,41052.76
PT002347,T0209,2026-08-14,USD,68828.83,6856.75,7557.92,68828.83,7557.92
PT004679,T0415,2023-09-14,INR,213883.13232,22951.61244,12627.97956,213883.13232,12627.97956
PT002792,T0249,2024-12-05,USD,252877.99,21600.4,21776.06,252877.99,21776.06
PT005138,T0456,2024-03-16,USD,805192.2,48586.1,87380.93,805192.2,87380.93
PT005083,T0451,2023-01-18,USD,24037.28,1726.09,6748.19,24037.28,6748.19
PT006923,T0613,2026-05-01,USD,69722.78,6874.33,20542.69,69722.78,20542.69
PT007742,T0685,2025-09-28,EUR,202084.092,18129.711600000002,57382.516800000005,202084.092,57382.51680000001
PT002025,T0182,2025-11-28,USD,97280.01,7935.74,7896.02,97280.01,7896.02
PT002520,T0224,2026-01-23,USD,417953.99,48966.05,108261.62,417953.99,108261.62
PT005107,T0453,2022-04-08,USD,905854.14,101181.38,54066.76,905854.14,54066.76000000001
PT004004,T0355,2025-04-19,USD,179347.12,14339.27,12695.21,179347.12,12695.21
PT002462,T0219,2023-06-08,USD,29945.05,3434.69,4499.22,29945.05,4499.22
PT003402,T0301,2025-07-23,USD,21863.27,1654.41,1490.77,21863.27,1490.77
PT006876,T0609,2023-07-10,USD,57524.85,5486.44,14486.98,57524.85,14486.98
PT006982,T0618,2024-05-08,EUR,51158.72520000001,3618.1404,2574.9468,51158.72520000001,2574.9468
PT005017,T0444,2026-08-23,USD,162995.78,16957.19,9661.02,162995.78,9661.02
PT002764,T0246,2025-01-10,EUR,290496.06720000005,31914.324,82716.1632,290496.06720000005,82716.1632
PT900051,T0224,2025-06-23,USD,417953.99,48966.05,108261.62,417953.99,108261.62
PT007282,T0645,2023-08-17,EUR,68156.4672,6114.852,4598.1756,68156.4672,4598.1756
PT000806,T0073,2021-08-19,EUR,811357.5276,47117.8404,250576.8588,811357.5276,250576.85880000005
PT006051,T0535,2024-03-11,USD,193583.04,18712.19,14697.39,193583.04,14697.390000000001
PT000014,T0002,2026-04-30,GBP,47444.72350000001,5648.9727,14879.3327,47444.72350000001,14879.3327
PT005316,T0472,2024-04-02,USD,77485.97,4901.1,24461.46,77485.97,24461.46
PT001643,T0148,2023-10-20,INR,93596.50056,7416.77676,6827.5408800000005,93596.50056,6827.5408800000005
PT007141,T0633,2026-04-01,USD,101645.68,10260.41,6933.47,101645.68,6933.47
PT005633,T0498,2025-02-23,USD,124266.44,12509.4,30737.92,124266.44,30737.92
PT002806,T0250,2022-10-16,EUR,94587.05880000001,6995.5488000000005,26673.8508,94587.05880000001,26673.850800000004
PT004643,T0412,2023-08-20,EUR,68916.88440000001,5156.7624,16548.354,68916.88440000001,16548.354
PT005391,T0478,2023-05-04,USD,95633.43,6439.71,29130.43,95633.43,29130.43
PT007725,T0684,2025-07-17,USD,126599.55,11035.73,19786.65,126599.55,19786.65
PT005875,T0519,2025-01-14,EUR,31021.056000000004,3157.7148,7790.590800000001,31021.056000000004,7790.590800000001
PT000728,T0067,2023-10-27,INR,348799.92528,22527.78516,102905.25564,348799.92528,102905.25564
PT007003,T0620,2026-09-17,USD,91719.89,8938.15,25809.48,39745.29,11184.109219376516
PT000485,T0042,2022-07-27,EUR,84477.5136,6454.090800000001,8621.1,84477.5136,8621.1
PT004079,T0361,2021-12-20,USD,55805.28,6687.45,12734.32,55805.28,12734.32
PT003930,T0349,2021-11-19,USD,227434.56,21696.32,56063.1,227434.56,56063.1
PT002204,T0197,2021-09-03,USD,45335.18,4803.98,13035.43,45335.18,13035.43
PT000900,T0081,2025-02-28,EUR,16666.668,1810.674,971.4708,16666.668,971.4708
PT004446,T0395,2025-01-20,USD,19261.0,1427.54,2150.01,19261.0,2150.01
PT004432,T0393,2024-06-11,USD,25086.23,1336.59,5830.42,25086.23,5830.42
PT000516,T0045,2023-11-15,USD,147873.25,10444.91,8539.45,147873.25,8539.45
PT000027,T0003,2021-11-09,EUR,97996.662,8045.362800000001,28282.7808,97996.662,28282.7808
PT001123,T0102,2022-10-06,USD,83603.64,6696.4,20359.63,83603.64,20359.63
PT003866,T0343,2024-12-01,USD,118599.13,14150.09,11941.45,118599.13,11941.45
PT004322,T0384,2023-01-23,EUR,184044.4092,13093.574400000001,51581.0376,184044.4092,51581.0376
PT006011,T0531,2024-04-01,EUR,26995.2912,1963.4508,6519.42,26995.2912,6519.419999999999
PT004729,T0419,2021-11-24,USD,22504.6,1617.69,1774.43,22504.6,1774.43
PT002465,T0220,2025-06-19,EUR,37204.768800000005,3899.0052000000005,4169.1348,37204.768800000005,4169.1348
PT003574,T0317,2022-04-22,USD,151237.27,12948.26,43182.88,151237.27,43182.88
PT007724,T0684,2025-06-17,USD,126599.55,11035.73,19786.65,126599.55,19786.65
PT001196,T0108,2022-11-14,USD,293289.08,30048.84,29954.78,293289.08,29954.78
PT003916,T0348,2024-03-08,USD,53506.37,6190.83,14710.6,53506.37,14710.6
PT007378,T0653,2022-04-30,USD,200045.25,11619.93,32003.36,200045.25,32003.36
PT007088,T0629,2024-09-23,USD,41059.38,2503.05,4225.65,41059.38,4225.65
PT006202,T0549,2025-09-30,USD,48465.38,3129.5,15295.14,48465.38,15295.14
PT003560,T0316,2021-11-29,USD,90076.31,4710.36,25250.23,90076.31,25250.23
PT000950,T0086,2023-12-16,USD,160730.09,17511.68,29798.1,160730.09,29798.1
PT005544,T0491,2025-01-03,USD,110583.03,5928.64,9812.9,110583.03,9812.9
PT002351,T0210,2022-04-13,USD,54762.14,3534.05,5411.03,54762.14,5411.029999999999
PT006491,T0574,2023-09-13,EUR,74709.0108,5099.3928000000005,22335.3936,74709.0108,22335.3936
PT004624,T0410,2022-07-29,USD,285909.27,28239.09,18626.41,285909.27,18626.41
PT006663,T0590,2021-06-11,USD,161416.74,9717.35,38102.17,161416.74,38102.17
PT001236,T0112,2023-01-01,USD,73860.72,8579.69,3852.76,73860.72,3852.7600000000007
PT004779,T0423,2026-05-23,USD,320347.69,24300.72,22697.03,320347.69,22697.03
PT007494,T0663,2025-06-25,EUR,363602.9952,29615.652000000002,25383.618,363602.9952,25383.618
PT002994,T0266,2022-05-02,USD,161795.9,11720.64,49999.11,161795.9,49999.11
PT001486,T0135,2026-05-03,EUR,70893.3708,4966.8984,6956.5824,70893.3708,6956.5824
PT005961,T0527,2025-09-30,EUR,138141.1476,11759.4504,21881.113200000003,138141.1476,21881.113200000003
PT004433,T0393,2024-07-11,USD,25086.23,1336.59,5830.42,25086.23,5830.42
PT006973,T0617,2023-12-10,INR,38423.0556,4421.86572,11912.99436,38423.0556,11912.99436
PT000501,T0044,2022-05-13,USD,167426.07,10739.74,38489.99,167426.07,38489.99
PT002247,T0200,2026-02-28,USD,942775.26,59269.05,63291.85,942775.26,63291.85
PT004487,T0399,2021-07-28,USD,191901.87,16437.79,13105.15,191901.87,13105.15
PT000492,T0043,2024-05-23,EUR,159170.2164,12161.3076,18380.4552,159170.2164,18380.4552
PT005285,T0469,2024-08-05,USD,25087.82,2721.06,1601.7,25087.82,1601.7
PT005212,T0463,2025-11-07,USD,312251.87,18928.08,60551.61,312251.87,60551.61
PT003708,T0330,2024-09-30,USD,30616.55,3130.91,3198.85,30616.55,3198.85
PT006998,T0619,2023-02-04,USD,96206.91,8269.65,23232.23,96206.91,23232.23
PT000403,T0036,2022-07-07,USD,218838.27,22255.99,55726.7,218838.27,55726.7
PT004883,T0432,2024-03-06,INR,167532.65232,10519.53228,15183.229440000001,167532.65232,15183.229440000001
PT007025,T0622,2023-08-05,INR,146466.35580000002,11407.440480000001,44509.40844,146466.35580000002,44509.40844
PT002157,T0193,2022-11-29,USD,348250.65,26073.42,111122.34,348250.65,111122.34
PT004781,T0423,2026-07-23,USD,320347.69,24300.72,22697.03,320347.69,22697.03
PT003010,T0267,2022-07-28,USD,242972.79,13958.11,23585.56,242972.79,23585.56
PT006558,T0580,2026-09-28,EUR,172519.77240000002,19569.794400000002,14448.142800000001,11501.3196,963.2096405967603
PT002499,T0222,2025-12-24,EUR,87822.5436,8147.044800000001,16989.6744,87822.5436,16989.6744
PT005018,T0444,2026-09-23,USD,162995.78,16957.19,9661.02,38032.35,2254.2380790287943
PT006178,T0547,2024-01-17,EUR,41631.246,3783.51,9679.532400000002,41631.246,9679.532400000002
PT002600,T0232,2022-03-11,USD,57905.35,5981.94,3276.69,57905.35,3276.69
PT007752,T0686,2026-03-21,USD,93492.9,6441.59,10100.38,93492.9,10100.38
PT004888,T0433,2024-10-07,USD,50396.95,2574.16,15116.39,50396.95,15116.39
PT000267,T0024,2025-07-11,USD,146627.78,16084.29,14224.79,146627.78,14224.79
PT002092,T0187,2026-02-19,INR,108354.13452,11837.04024,10950.131519999999,108354.13452,10950.131519999999
PT005067,T0450,2024-12-06,USD,1740983.88,102684.64,510880.2,1740983.88,510880.19999999995
PT000064,T0007,2025-09-19,USD,57256.0,3081.23,13701.6,57256.0,13701.6
PT006557,T0580,2026-08-28,EUR,172519.77240000002,19569.794400000002,14448.142800000001,172519.77240000002,14448.142800000001
PT007767,T0687,2022-12-28,USD,369973.65,33132.9,96139.32,369973.65,96139.32
PT007492,T0663,2025-04-25,EUR,363602.9952,29615.652000000002,25383.618,363602.9952,25383.618
PT000457,T0040,2025-06-09,USD,71386.65,4315.76,5543.21,71386.65,5543.21
PT001705,T0154,2026-05-27,USD,105191.91,8101.3,26265.04,105191.91,26265.04
PT002442,T0218,2024-02-12,EUR,16666.668,1274.3244000000002,1144.7568,16666.668,1144.7568
PT000214,T0019,2025-03-12,USD,60862.42,3074.28,19034.48,60862.42,19034.48
PT003515,T0311,2025-01-26,INR,166053.26364000002,13644.31452,8528.235,166053.26364000002,8528.234999999999
PT006825,T0604,2023-04-27,EUR,58713.62760000001,4365.403200000001,17900.211600000002,58713.62760000001,17900.211600000002
PT006466,T0571,2023-11-22,USD,36495.53,3294.75,2227.51,36495.53,2227.51
PT000009,T0001,2025-01-15,USD,239587.15,17252.86,24767.86,239587.15,24767.86
PT005703,T0505,2023-07-04,USD,707427.8,61022.31,47587.06,707427.8,47587.06
PT003791,T0337,2023-01-24,USD,17939.99,1871.29,1982.58,17939.99,1982.58
PT006559,T0581,2022-01-14,USD,185251.07,16023.59,13846.27,185251.07,13846.27
PT003139,T0278,2022-06-13,USD,182548.19,15677.0,46128.46,182548.19,46128.46
PT001355,T0123,2023-03-03,USD,115963.04,13371.16,36995.43,115963.04,36995.43
PT000897,T0081,2024-11-29,EUR,16666.668,1810.674,971.4708,16666.668,971.4708
PT005812,T0514,2021-02-06,USD,94523.62,8172.93,18853.85,94523.62,18853.85
PT006365,T0562,2024-07-07,USD,71602.38,7690.42,19204.19,71602.38,19204.19
PT002647,T0236,2023-11-28,USD,55405.03,6180.97,9851.62,55405.03,9851.619999999999
PT002698,T0240,2024-02-21,EUR,173417.2092,14488.243200000003,20400.9408,173417.2092,20400.9408
PT006137,T0543,2026-05-25,USD,83089.93,7227.2,8874.83,83089.93,8874.83
PT002868,T0255,2024-05-18,INR,54110.241239999996,5880.84444,4842.906360000001,54110.241239999996,4842.906360000001
PT000702,T0064,2026-08-28,USD,266916.23,28893.26,60094.03,266916.23,60094.03
PT007257,T0643,2025-07-27,EUR,184836.81600000002,10668.002400000001,17106.66,184836.81600000002,17106.66
PT001339,T0122,2024-08-26,USD,169933.52,18604.51,19271.38,169933.52,19271.38
PT006298,T0557,2025-09-14,EUR,89634.4596,7219.9836000000005,28441.5624,89634.4596,28441.5624
PT000672,T0061,2023-02-16,USD,79148.07,8247.51,8375.9,79148.07,8375.9
PT006988,T0619,2022-04-04,USD,96206.91,8269.65,23232.23,96206.91,23232.23
PT001171,T0106,2026-06-11,USD,149053.76,11617.8,34804.62,149053.76,34804.62
PT001180,T0107,2025-04-04,USD,222938.83,15919.17,67960.24,222938.83,67960.24
PT002722,T0242,2024-07-27,USD,219074.17,21806.13,50070.66,219074.17,50070.66
PT006764,T0599,2025-07-05,USD,18411.08,1330.09,4802.26,18411.08,4802.26
PT007734,T0685,2025-01-28,EUR,202084.092,18129.711600000002,57382.516800000005,202084.092,57382.51680000001
PT005365,T0476,2022-01-15,EUR,67957.92,6304.2083999999995,6820.394400000001,67957.92,6820.394400000001
PT002751,T0245,2021-11-17,EUR,22874.6052,2211.6888,5847.4764000000005,22874.6052,5847.4764000000005
PT007194,T0638,2024-09-20,USD,92930.78,5137.75,18422.03,92930.78,18422.03
PT002131,T0190,2024-04-26,USD,60568.52,6162.37,3679.2,60568.52,3679.2
PT004283,T0380,2022-01-21,EUR,169775.298,17119.468800000002,11280.923999999999,169775.298,11280.923999999999
PT004317,T0383,2022-11-21,USD,235819.9,15513.8,75436.23,235819.9,75436.23
PT007158,T0635,2025-02-20,EUR,73667.21040000001,3911.2416000000003,12001.8888,73667.21040000001,12001.8888
PT001641,T0148,2023-08-20,INR,93596.50056,7416.77676,6827.5408800000005,93596.50056,6827.5408800000005
PT004251,T0377,2024-04-30,USD,62327.17,5145.55,5656.3,62327.17,5656.3
PT002652,T0236,2024-04-28,USD,55405.03,6180.97,9851.62,55405.03,9851.619999999999
PT001956,T0176,2022-04-13,USD,82816.94,4701.74,15082.28,82816.94,15082.279999999999
PT003528,T0312,2026-08-11,USD,77520.44,4567.27,7424.84,77520.44,7424.840000000001
PT003466,T0307,2025-11-21,USD,117182.12,13660.29,8467.45,117182.12,8467.45
PT006457,T0570,2023-09-11,INR,240383.36148,16815.70752,64621.10256,240383.36148,64621.10256
PT002236,T0199,2025-05-16,INR,54067.566119999996,5075.51844,12301.125,54067.566119999996,12301.125
PT000935,T0084,2023-11-30,USD,167829.37,18999.84,53012.39,167829.37,53012.39000000001
PT000886,T0080,2025-11-24,EUR,145229.5008,11068.3044,23146.743599999998,145229.5008,23146.743599999998
PT007015,T0621,2022-03-27,EUR,143741.412,8065.332,41830.938,143741.412,41830.938
PT006205,T0549,2025-12-31,USD,48465.38,3129.5,15295.14,48465.38,15295.14
PT006932,T0614,2022-12-03,USD,23917.34,1245.1,2820.72,23917.34,2820.72
PT005968,T0527,2026-04-30,EUR,138141.1476,11759.4504,21881.113200000003,138141.1476,21881.113200000003
PT001948,T0175,2021-09-10,USD,104485.16,10219.8,11217.69,104485.16,11217.69
PT004952,T0438,2025-04-21,USD,162177.65,8887.21,16775.18,162177.65,16775.18
PT900038,T0187,2025-06-19,INR,108354.13452,11837.04024,10950.131519999999,108354.13452,10950.131519999999
PT006754,T0598,2025-01-04,USD,101343.27,5236.04,20253.04,101343.27,20253.04
PT002039,T0183,2025-06-02,USD,100544.26,7921.3,23011.91,100544.26,23011.91
PT007512,T0665,2024-02-18,USD,99102.04,10349.65,8816.75,99102.04,8816.75
PT006946,T0615,2021-10-10,EUR,261355.62600000002,15806.3292,74724.1092,261355.62600000002,74724.1092
PT002533,T0225,2024-12-12,EUR,41027.3748,3347.46,2784.2400000000002,41027.3748,2784.2400000000002
PT002749,T0244,2026-09-21,USD,154510.56,14102.76,36427.43,46353.17,10928.229471520264
PT006546,T0579,2026-05-07,USD,81622.23,5876.12,23199.14,81622.23,23199.14
PT007511,T0665,2024-01-18,USD,99102.04,10349.65,8816.75,99102.04,8816.75
PT000132,T0012,2025-08-21,USD,126104.76,10667.19,23959.09,126104.76,23959.09
PT002382,T0212,2025-12-03,EUR,307665.0648,18765.043200000004,35054.337600000006,307665.0648,35054.3376
PT006495,T0574,2024-01-13,EUR,74709.0108,5099.3928000000005,22335.3936,74709.0108,22335.3936
PT006951,T0615,2022-03-10,EUR,261355.62600000002,15806.3292,74724.1092,261355.62600000002,74724.1092
PT005478,T0485,2026-04-03,EUR,484347.60000000003,56940.08400000001,91929.56760000001,484347.60000000003,91929.56760000001
PT001164,T0105,2024-02-22,USD,142898.06,11784.51,32834.94,142898.06,32834.94
PT004399,T0391,2025-08-02,INR,42407.88792,4775.13876,4598.97048,42407.88792,4598.97048
PT007474,T0661,2026-08-06,EUR,132803.9496,15695.672400000001,15396.382800000001,132803.9496,15396.382800000001
PT000053,T0006,2022-04-02,USD,16666.67,1068.75,4953.51,16666.67,4953.51
PT004453,T0395,2025-08-20,USD,19261.0,1427.54,2150.01,19261.0,2150.01
PT005901,T0522,2021-09-06,USD,26140.4,2972.12,1337.81,26140.4,1337.8100000000002
PT004841,T0428,2026-02-18,USD,187489.03,16352.03,58407.73,187489.03,58407.73
PT004589,T0407,2026-07-28,GBP,218877.1213,15511.500600000001,11592.56,218877.1213,11592.56
PT004304,T0382,2025-03-19,EUR,75435.3,4775.5656,20554.5708,75435.3,20554.5708
PT003350,T0296,2023-03-08,USD,82085.09,6786.2,22829.89,82085.09,22829.89
PT007651,T0677,2023-07-05,USD,100715.03,6782.36,22735.4,100715.03,22735.4
PT001442,T0130,2023-11-30,USD,79586.62,4046.47,4078.84,79586.62,4078.8400000000006
PT004349,T0386,2024-04-25,EUR,195757.722,15492.643200000002,44076.4092,195757.722,44076.4092
PT002723,T0242,2024-08-27,USD,219074.17,21806.13,50070.66,219074.17,50070.66
PT002387,T0213,2026-05-23,USD,66395.1,5986.79,10812.94,66395.1,10812.94
PT001522,T0138,2026-05-12,USD,162801.26,9812.36,8622.64,162801.26,8622.64
PT003488,T0308,2024-05-03,USD,78800.94,6297.77,7973.06,78800.94,7973.06
PT004901,T0434,2023-05-28,EUR,112436.4132,9943.862400000002,12460.143600000001,112436.4132,12460.1436
PT001740,T0157,2025-02-11,USD,59405.32,4717.71,6547.9,59405.32,6547.899999999999
PT004464,T0396,2022-12-11,USD,239845.45,13220.92,53238.95,239845.45,53238.95
PT001708,T0155,2024-04-30,USD,58436.4,6643.39,6874.12,58436.4,6874.12
PT003637,T0323,2024-04-08,USD,87122.53,10056.82,9355.37,87122.53,9355.37
PT004184,T0371,2023-01-05,USD,56644.81,6315.15,17496.38,56644.81,17496.38
PT000758,T0069,2025-12-15,USD,42534.31,4242.26,3766.99,42534.31,3766.9899999999993
PT000572,T0050,2024-03-12,EUR,117264.8448,7941.520800000001,18548.816400000003,117264.8448,18548.816400000003
PT002191,T0195,2025-03-03,INR,179770.57908,11337.47376,42695.114160000005,179770.57908,42695.114160000005
PT002742,T0244,2026-02-21,USD,154510.56,14102.76,36427.43,154510.56,36427.43
PT003077,T0273,2023-04-14,EUR,71292.906,4328.694,21982.0608,71292.906,21982.0608
PT003941,T0350,2024-06-08,INR,149296.48992,17062.75764,39918.414000000004,149296.48992,39918.414000000004
PT001096,T0099,2026-08-30,USD,81331.03,7301.23,6880.77,81331.03,6880.77
PT005706,T0505,2023-10-04,USD,707427.8,61022.31,47587.06,707427.8,47587.06
PT001435,T0130,2023-04-30,USD,79586.62,4046.47,4078.84,79586.62,4078.8400000000006
PT002704,T0241,2023-06-30,USD,110607.31,12757.14,16933.35,110607.31,16933.35
PT003294,T0291,2024-12-11,USD,241151.35,21511.67,17898.27,241151.35,17898.27
PT006043,T0534,2025-01-21,USD,70945.67,5335.38,16487.07,70945.67,16487.07
PT001464,T0133,2025-07-05,INR,37030.3044,3647.66496,3455.1585600000003,37030.3044,3455.1585600000003
PT006380,T0564,2025-07-15,INR,282193.533,26532.87252,25219.656720000003,282193.533,25219.656720000003
PT006473,T0571,2024-06-22,USD,36495.53,3294.75,2227.51,36495.53,2227.51
PT001353,T0123,2023-01-03,USD,115963.04,13371.16,36995.43,115963.04,36995.43
PT000913,T0083,2022-06-12,INR,219213.34488,20960.49228,68993.45004,219213.34488,68993.45004
PT003847,T0342,2022-03-06,EUR,239849.86680000002,24176.772000000004,64602.87840000001,239849.86680000002,64602.8784
PT001420,T0128,2024-12-24,EUR,47205.9036,4711.0896,3101.8572000000004,47205.9036,3101.8572000000004
PT005073,T0450,2025-06-06,USD,1740983.88,102684.64,510880.2,1740983.88,510880.19999999995
PT005541,T0491,2024-10-03,USD,110583.03,5928.64,9812.9,110583.03,9812.9
PT004553,T0404,2023-08-31,USD,381386.18,26932.9,35947.96,381386.18,35947.96
PT004194,T0372,2025-05-07,EUR,628503.0408000001,67276.9476,48468.585600000006,628503.0408000001,48468.585600000006
PT007224,T0640,2025-11-10,EUR,660991.0284000001,42428.512800000004,205166.45520000003,660991.0284000001,205166.45520000003
PT007601,T0673,2024-05-09,EUR,136476.5976,10902.2976,13130.521200000001,136476.5976,13130.521200000001
PT001797,T0162,2025-12-28,USD,147633.93,8096.2,13248.99,147633.93,13248.99
PT001767,T0159,2021-12-27,EUR,61953.93000000001,4505.598000000001,19508.5152,61953.93000000001,19508.5152
PT005129,T0455,2024-05-18,USD,111249.39,5920.2,11943.51,111249.39,11943.51
PT005361,T0476,2021-09-15,EUR,67957.92,6304.2083999999995,6820.394400000001,67957.92,6820.394400000001
PT003312,T0292,2022-10-17,EUR,88983.306,8492.310000000001,7545.4632,88983.306,7545.463199999999
PT003739,T0333,2021-06-19,USD,311979.04,22071.62,55779.26,311979.04,55779.26
PT002552,T0227,2026-05-31,USD,77943.55,5951.59,22770.19,77943.55,22770.19
PT003817,T0339,2024-05-08,EUR,39754.141200000005,3422.8764,10382.418000000001,39754.141200000005,10382.418000000001
PT005265,T0467,2023-05-03,EUR,249818.40720000002,13691.916000000001,59531.446800000005,249818.40720000002,59531.4468
PT006610,T0585,2025-09-22,EUR,85540.2984,5655.474,21828.1608,85540.2984,21828.1608
PT003439,T0304,2023-11-24,USD,86092.33,7559.76,5957.09,86092.33,5957.09
PT001003,T0090,2026-06-16,USD,340739.27,29928.28,89881.62,340739.27,89881.62
PT003063,T0271,2024-09-04,EUR,138663.036,14095.101600000002,42684.85080000001,138663.036,42684.85080000001
PT004620,T0410,2022-03-29,USD,285909.27,28239.09,18626.41,285909.27,18626.41
PT004427,T0393,2024-01-11,USD,25086.23,1336.59,5830.42,25086.23,5830.42
PT002102,T0188,2026-02-28,USD,29736.13,2312.24,1707.33,29736.13,1707.33
PT000182,T0017,2022-06-28,EUR,57802.14000000001,4259.5524000000005,3125.2176,57802.14000000001,3125.2176
PT006622,T0586,2024-07-24,EUR,24059.7972,1420.6968000000002,5402.7324,24059.7972,5402.7324
PT002884,T0256,2026-06-14,USD,85424.88,5043.45,4286.06,85424.88,4286.06
PT007293,T0646,2025-11-02,EUR,167525.4204,10216.972800000001,31253.644800000002,167525.4204,31253.644800000002
PT001430,T0129,2025-01-08,USD,47242.56,2502.85,3933.02,47242.56,3933.0200000000004
PT003033,T0269,2025-08-12,USD,100980.51,5635.27,25218.16,100980.51,25218.16
PT003083,T0273,2023-10-14,EUR,71292.906,4328.694,21982.0608,71292.906,21982.0608
PT003581,T0317,2022-11-22,USD,151237.27,12948.26,43182.88,151237.27,43182.88
PT003382,T0299,2024-09-03,INR,117914.23776,12469.744920000001,7491.914040000001,117914.23776,7491.914040000001
PT002067,T0185,2024-11-19,EUR,395075.1996,35550.8136,26068.4568,395075.1996,26068.4568
PT006934,T0614,2023-02-03,USD,23917.34,1245.1,2820.72,23917.34,2820.72
PT006990,T0619,2022-06-04,USD,96206.91,8269.65,23232.23,96206.91,23232.23
PT001796,T0162,2025-11-28,USD,147633.93,8096.2,13248.99,147633.93,13248.99
PT006993,T0619,2022-09-04,USD,96206.91,8269.65,23232.23,96206.91,23232.23
PT006794,T0602,2025-05-13,USD,153793.21,10283.35,36172.72,153793.21,36172.72
PT005461,T0484,2024-05-10,EUR,348075.2304,41002.8588,37837.206,348075.2304,37837.206
PT006676,T0591,2023-03-14,USD,92498.11,7243.65,6562.69,92498.11,6562.6900000000005
PT001142,T0103,2026-04-10,EUR,115390.602,7449.6024,13799.0412,115390.602,13799.0412
PT005575,T0494,2025-11-04,GBP,81741.6958,7801.1655,19574.5354,81741.6958,19574.5354
PT001280,T0116,2025-05-14,INR,107994.5298,6682.70016,8015.83644,107994.5298,8015.83644
PT003384,T0299,2024-11-03,INR,117914.23776,12469.744920000001,7491.914040000001,117914.23776,7491.914040000001
PT002468,T0220,2025-09-19,EUR,37204.768800000005,3899.0052000000005,4169.1348,37204.768800000005,4169.1348
PT000633,T0058,2025-12-07,USD,18286.12,1426.4,4609.0,18286.12,4609.0
PT002615,T0233,2025-07-05,USD,205917.56,21692.47,11670.32,205917.56,11670.32
PT000906,T0082,2025-06-25,USD,160606.71,8481.1,12265.76,160606.71,12265.76
PT002910,T0258,2023-06-26,USD,575297.25,50646.06,59184.28,575297.25,59184.28
PT003824,T0340,2021-10-03,USD,104005.14,11392.65,5817.45,104005.14,5817.45
PT006567,T0581,2022-09-14,USD,185251.07,16023.59,13846.27,185251.07,13846.27
PT004541,T0403,2026-08-25,USD,54050.68,4910.21,14314.55,54050.68,14314.55
PT004529,T0402,2024-08-15,INR,121383.34547999999,9284.16552,14205.6714,121383.34547999999,14205.6714
PT004580,T0407,2025-10-28,GBP,218877.1213,15511.500600000001,11592.56,218877.1213,11592.56
PT001652,T0149,2023-05-07,USD,74747.37,8122.76,7843.28,74747.37,7843.28
PT000480,T0042,2022-02-27,EUR,84477.5136,6454.090800000001,8621.1,84477.5136,8621.1
PT002756,T0245,2022-04-17,EUR,22874.6052,2211.6888,5847.4764000000005,22874.6052,5847.4764000000005
PT006910,T0612,2022-12-15,USD,251024.5,16010.59,17141.95,251024.5,17141.95
PT002568,T0229,2022-09-01,USD,45460.25,4548.06,11420.08,45460.25,11420.08
PT007833,T0694,2025-08-07,USD,246554.18,22639.45,14915.53,246554.18,14915.53
PT000595,T0054,2025-02-27,EUR,170129.7972,13861.206000000002,31287.664800000002,170129.7972,31287.664800000006
PT006726,T0595,2025-04-26,EUR,88378.8084,6800.7492,16324.6104,88378.8084,16324.6104
PT004108,T0365,2025-06-13,EUR,216122.6988,24557.6124,17069.184,216122.6988,17069.184
PT000949,T0086,2023-11-16,USD,160730.09,17511.68,29798.1,160730.09,29798.1
PT004172,T0370,2025-02-03,EUR,159513.6348,10488.2904,12373.2252,159513.6348,12373.2252
PT003385,T0299,2024-12-03,INR,117914.23776,12469.744920000001,7491.914040000001,117914.23776,7491.914040000001
PT003789,T0337,2022-11-24,USD,17939.99,1871.29,1982.58,17939.99,1982.58
PT006320,T0559,2025-06-29,USD,327613.36,28850.88,38905.51,327613.36,38905.51
PT007497,T0664,2021-11-16,USD,213681.59,21285.6,24773.7,213681.59,24773.699999999997
PT005078,T0450,2025-11-06,USD,1740983.88,102684.64,510880.2,1740983.88,510880.19999999995
PT001615,T0146,2026-04-04,EUR,137711.26440000001,7794.997200000001,14659.0776,137711.26440000001,14659.0776
PT001269,T0114,2025-10-14,USD,588038.38,35206.98,62815.83,588038.38,62815.83000000001
PT005246,T0466,2022-10-29,USD,152351.64,16896.07,11898.55,152351.64,11898.55
PT005917,T0523,2026-03-10,EUR,120468.13560000001,11444.7384,13696.128,120468.13560000001,13696.128
PT005767,T0510,2022-10-08,USD,93349.78,5357.56,21604.83,93349.78,21604.83
PT006533,T0577,2026-03-05,EUR,556353.9324,66476.30040000001,138128.814,556353.9324,138128.814
PT005383,T0477,2023-06-15,EUR,74123.4348,6291.7992,17409.481200000002,74123.4348,17409.481200000002
PT007066,T0626,2023-07-06,EUR,99233.0244,9072.043200000002,17301.816000000003,99233.0244,17301.816000000003
PT000864,T0078,2025-01-08,INR,430842.1026,42062.82,77098.71012,430842.1026,77098.71012
PT003029,T0269,2025-04-12,USD,100980.51,5635.27,25218.16,100980.51,25218.16
PT007121,T0632,2022-12-15,USD,74592.96,4667.86,8593.77,74592.96,8593.77
PT000624,T0057,2026-01-30,EUR,28573.7868,3249.4932000000003,7072.444800000001,28573.7868,7072.444800000001
PT006290,T0556,2025-05-07,USD,46277.07,2384.49,4639.52,46277.07,4639.52
PT000055,T0006,2022-06-02,USD,16666.67,1068.75,4953.51,16666.67,4953.51
PT004084,T0363,2022-06-12,EUR,506046.16080000007,51150.009600000005,41690.16,506046.16080000007,41690.16
PT001087,T0099,2025-11-30,USD,81331.03,7301.23,6880.77,81331.03,6880.77
PT002983,T0265,2021-08-23,USD,157995.05,7944.03,10333.41,157995.05,10333.41
PT006349,T0561,2023-02-18,USD,81274.19,5787.51,18098.87,81274.19,18098.87
PT002141,T0191,2023-01-14,USD,125958.71,6581.4,25109.52,125958.71,25109.52
PT001032,T0093,2023-11-19,USD,88465.05,6576.24,8373.71,88465.05,8373.71
PT003616,T0322,2023-03-24,USD,28957.8,1472.65,2894.92,28957.8,2894.92
PT003485,T0308,2024-02-03,USD,78800.94,6297.77,7973.06,78800.94,7973.06
PT001107,T0100,2022-06-17,USD,220557.92,15166.88,15881.13,220557.92,15881.13
PT005815,T0514,2021-05-06,USD,94523.62,8172.93,18853.85,94523.62,18853.85
PT003683,T0328,2024-11-08,USD,59138.66,3765.18,16038.65,59138.66,16038.65
PT005028,T0446,2026-02-24,USD,88269.93,6580.64,6268.7,88269.93,6268.700000000001
PT005965,T0527,2026-01-30,EUR,138141.1476,11759.4504,21881.113200000003,138141.1476,21881.113200000003
PT003676,T0327,2025-11-25,INR,59582.7786,6085.14336,14554.75596,59582.7786,14554.75596
PT007386,T0654,2022-11-03,USD,71594.91,4166.35,4179.29,71594.91,4179.29
PT000150,T0014,2022-03-08,USD,16666.67,1581.04,2759.14,16666.67,2759.14
PT004417,T0392,2022-01-25,USD,313220.46,37393.51,79080.4,313220.46,79080.4
PT007815,T0693,2021-04-07,USD,42620.19,2540.92,12492.82,42620.19,12492.82
PT004096,T0364,2023-05-28,EUR,146180.31120000003,12431.5344,7471.8828,146180.31120000003,7471.8828
PT005410,T0480,2023-03-11,EUR,58485.564000000006,6355.724400000001,3231.6948,58485.564000000006,3231.6948
PT003542,T0314,2021-10-05,USD,60214.64,3811.84,18101.91,60214.64,18101.91
PT001114,T0101,2024-04-29,USD,186388.62,11823.47,42085.53,186388.62,42085.53
PT002800,T0249,2025-08-05,USD,252877.99,21600.4,21776.06,252877.99,21776.06
PT004105,T0364,2024-02-28,EUR,146180.31120000003,12431.5344,7471.8828,146180.31120000003,7471.8828
PT005766,T0510,2022-09-08,USD,93349.78,5357.56,21604.83,93349.78,21604.83
PT003873,T0344,2025-12-14,USD,139716.8,8577.56,12618.02,139716.8,12618.02
PT006645,T0588,2022-08-03,EUR,202350.744,11821.712400000002,38995.41960000001,202350.744,38995.41960000001
PT004140,T0367,2023-09-03,USD,153767.97,9037.38,15560.7,153767.97,15560.700000000003
PT001964,T0176,2022-12-13,USD,82816.94,4701.74,15082.28,82816.94,15082.279999999999
PT001986,T0178,2026-08-29,USD,120341.02,9195.22,14087.9,120341.02,14087.9
PT001507,T0137,2023-08-01,USD,94166.78,10920.36,7485.28,94166.78,7485.28
PT005337,T0474,2021-07-19,USD,223220.23,21354.72,64495.84,223220.23,64495.84
PT006097,T0540,2024-03-27,USD,157852.37,10641.33,14161.75,157852.37,14161.75
PT007223,T0640,2025-10-10,EUR,660991.0284000001,42428.512800000004,205166.45520000003,660991.0284000001,205166.45520000003
PT002093,T0187,2026-03-19,INR,108354.13452,11837.04024,10950.131519999999,108354.13452,10950.131519999999
PT001998,T0179,2025-08-11,USD,239867.29,16929.17,61772.5,239867.29,61772.49999999999
PT006285,T0556,2024-12-07,USD,46277.07,2384.49,4639.52,46277.07,4639.52
PT004791,T0424,2024-09-06,USD,348422.41,24441.94,33784.6,348422.41,33784.6
PT006987,T0618,2024-10-08,EUR,51158.72520000001,3618.1404,2574.9468,51158.72520000001,2574.9468
PT000893,T0081,2024-07-29,EUR,16666.668,1810.674,971.4708,16666.668,971.4708
PT000787,T0071,2025-10-03,EUR,115616.41920000002,13352.299200000001,32907.7944,115616.41920000002,32907.7944
PT003743,T0333,2021-10-19,USD,311979.04,22071.62,55779.26,311979.04,55779.26
PT000371,T0033,2024-07-01,USD,148341.91,8852.21,27528.98,148341.91,27528.98
PT006482,T0572,2025-10-08,EUR,99248.9544,5597.931600000001,10682.766000000001,99248.9544,10682.766000000001
PT002992,T0265,2022-05-23,USD,157995.05,7944.03,10333.41,157995.05,10333.41
PT006036,T0534,2024-06-21,USD,70945.67,5335.38,16487.07,70945.67,16487.07
PT001325,T0120,2026-09-14,EUR,139545.0828,11797.8984,11681.5176,74424.042,6230.142539183324
PT000159,T0015,2024-06-21,USD,205901.52,16755.69,56745.83,205901.52,56745.83
PT006800,T0602,2025-11-13,USD,153793.21,10283.35,36172.72,153793.21,36172.72
PT001016,T0091,2025-02-04,USD,235117.14,20306.71,55696.27,235117.14,55696.27
PT001569,T0142,2023-10-21,EUR,60970.94640000001,5159.484,16900.8444,60970.94640000001,16900.8444
PT003625,T0322,2023-12-24,USD,28957.8,1472.65,2894.92,28957.8,2894.92
PT000771,T0070,2024-12-15,USD,105633.2,9140.89,8131.21,105633.2,8131.209999999999
PT005647,T0500,2024-12-11,USD,329498.64,36506.79,80622.15,329498.64,80622.15
PT005099,T0453,2021-08-08,USD,905854.14,101181.38,54066.76,905854.14,54066.76000000001
PT002303,T0206,2022-02-14,INR,71880.93324,6359.81928,19616.58984,71880.93324,19616.589839999997
PT002944,T0261,2025-08-18,EUR,674270.406,71430.5304,185640.03360000002,674270.406,185640.03360000002
PT000422,T0037,2025-04-14,EUR,117868.0788,14087.109600000002,31910.3388,117868.0788,31910.3388
PT001344,T0122,2025-01-26,USD,169933.52,18604.51,19271.38,169933.52,19271.38
PT000248,T0022,2025-05-14,INR,143270.09544,16437.25152,22098.1176,143270.09544,22098.117599999998
PT002993,T0266,2022-04-02,USD,161795.9,11720.64,49999.11,161795.9,49999.11
PT000047,T0005,2026-07-11,USD,64093.86,3436.46,15371.02,64093.86,15371.02
PT002126,T0190,2023-11-26,USD,60568.52,6162.37,3679.2,60568.52,3679.2
PT005148,T0457,2022-10-05,USD,72334.97,5795.18,5924.37,72334.97,5924.37
PT000902,T0082,2025-02-25,USD,160606.71,8481.1,12265.76,160606.71,12265.76
PT005727,T0507,2022-05-19,USD,94073.51,8763.93,24818.27,94073.51,24818.27
PT003151,T0279,2024-12-14,EUR,79700.39280000002,8214.0372,15112.893600000001,79700.39280000002,15112.893600000001
PT001791,T0161,2022-02-05,EUR,46175.0976,3918.4128,2984.1696,46175.0976,2984.1696
PT003602,T0321,2024-10-11,USD,161742.36,8935.38,39083.25,161742.36,39083.25
PT003376,T0299,2024-03-03,INR,117914.23776,12469.744920000001,7491.914040000001,117914.23776,7491.914040000001
PT003027,T0268,2024-01-11,USD,62056.41,6646.76,18645.13,62056.41,18645.13
PT002715,T0241,2024-05-30,USD,110607.31,12757.14,16933.35,110607.31,16933.35
PT005440,T0482,2023-12-18,USD,151505.21,8151.24,26378.52,151505.21,26378.52
PT003264,T0288,2025-08-01,USD,84838.55,5754.94,10102.78,84838.55,10102.78
PT004810,T0426,2024-05-06,USD,65750.67,3877.41,14588.43,65750.67,14588.43
PT002259,T0201,2026-04-24,USD,52479.91,3681.29,13028.32,52479.91,13028.32
PT002302,T0206,2022-01-14,INR,71880.93324,6359.81928,19616.58984,71880.93324,19616.589839999997
PT003845,T0341,2026-09-09,USD,64585.74,3636.43,16257.01,45210.02,11379.90750342413
PT007431,T0657,2025-05-11,USD,134067.74,14448.71,21246.07,134067.74,21246.07
PT000195,T0018,2025-08-16,USD,657952.79,37732.66,48584.13,657952.79,48584.13
PT001565,T0142,2023-06-21,EUR,60970.94640000001,5159.484,16900.8444,60970.94640000001,16900.8444
PT000532,T0047,2022-01-30,USD,89508.76,9237.4,6801.56,89508.76,6801.5599999999995
PT006750,T0598,2024-09-04,USD,101343.27,5236.04,20253.04,101343.27,20253.04
PT007144,T0634,2024-10-17,USD,86475.79,6479.81,5506.45,86475.79,5506.45
PT004472,T0397,2026-09-05,INR,175414.69176000002,15657.56976,10277.04564,146178.90984,8564.204702343484
PT006782,T0601,2025-11-23,EUR,413883.60480000003,45710.9244,113400.7452,413883.60480000003,113400.7452
PT005813,T0514,2021-03-06,USD,94523.62,8172.93,18853.85,94523.62,18853.85
PT004937,T0437,2022-03-31,USD,104966.16,10922.64,5671.7,104966.16,5671.700000000001
PT002124,T0190,2023-09-26,USD,60568.52,6162.37,3679.2,60568.52,3679.2
PT007476,T0662,2026-02-07,USD,98240.33,8375.71,9439.69,98240.33,9439.69
PT000963,T0087,2025-07-20,USD,135638.47,10215.2,11115.34,135638.47,11115.34
PT005778,T0511,2021-07-21,USD,334493.39,22458.58,77322.03,334493.39,77322.03
PT007684,T0680,2023-04-21,USD,164633.16,18206.15,15241.0,164633.16,15241.0
PT000626,T0057,2026-03-30,EUR,28573.7868,3249.4932000000003,7072.444800000001,28573.7868,7072.444800000001
PT004530,T0402,2024-09-15,INR,121383.34547999999,9284.16552,14205.6714,121383.34547999999,14205.6714
PT001741,T0157,2025-03-11,USD,59405.32,4717.71,6547.9,59405.32,6547.899999999999
PT005236,T0465,2025-07-22,INR,101647.05168,6685.017720000001,27466.38312,101647.05168,27466.38312
PT005741,T0508,2025-01-23,USD,44656.27,4798.38,5261.57,44656.27,5261.57
PT000622,T0057,2025-11-30,EUR,28573.7868,3249.4932000000003,7072.444800000001,28573.7868,7072.444800000001
PT000222,T0020,2025-01-16,USD,363245.55,40202.6,42654.03,363245.55,42654.03
PT001715,T0155,2024-11-30,USD,58436.4,6643.39,6874.12,58436.4,6874.12
PT000713,T0065,2023-12-27,INR,101871.05219999999,8900.35176,5778.8052,101871.05219999999,5778.8052
PT006291,T0556,2025-06-07,USD,46277.07,2384.49,4639.52,46277.07,4639.52
PT007552,T0669,2022-05-10,USD,107508.6,10354.64,29073.6,107508.6,29073.6
PT004556,T0405,2024-01-29,USD,221221.42,16142.54,25275.87,221221.42,25275.87
PT005985,T0529,2025-08-23,USD,931509.25,110697.38,57160.07,931509.25,57160.07
PT004843,T0429,2026-05-10,USD,84000.18,8032.04,22084.92,84000.18,22084.92
PT003092,T0274,2023-04-23,EUR,55059.2316,5843.221200000001,6037.3836,55059.2316,6037.3836
PT002548,T0227,2026-01-31,USD,77943.55,5951.59,22770.19,77943.55,22770.19
PT001545,T0140,2021-07-19,EUR,191309.73120000004,13308.289200000001,31172.3532,191309.73120000004,31172.3532
PT001127,T0102,2023-02-06,USD,83603.64,6696.4,20359.63,83603.64,20359.63
PT006685,T0591,2023-12-14,USD,92498.11,7243.65,6562.69,92498.11,6562.6900000000005
PT000664,T0061,2022-06-16,USD,79148.07,8247.51,8375.9,79148.07,8375.9
PT000685,T0063,2024-09-13,EUR,31413.549600000002,3768.3576,8645.594400000002,31413.549600000002,8645.594400000002
PT000173,T0016,2025-04-16,USD,441126.28,40165.06,137062.51,441126.28,137062.51
PT006544,T0579,2026-03-07,USD,81622.23,5876.12,23199.14,81622.23,23199.14
PT000511,T0045,2023-06-15,USD,147873.25,10444.91,8539.45,147873.25,8539.45
PT002837,T0252,2024-04-11,USD,111248.59,8184.22,8399.86,111248.59,8399.86
PT004936,T0437,2022-02-28,USD,104966.16,10922.64,5671.7,104966.16,5671.700000000001
PT007198,T0638,2025-01-20,USD,92930.78,5137.75,18422.03,92930.78,18422.03
PT007630,T0675,2022-05-14,USD,108287.57,6901.07,12510.11,108287.57,12510.110000000002
PT001699,T0154,2025-11-27,USD,105191.91,8101.3,26265.04,105191.91,26265.04
PT004985,T0441,2026-07-26,USD,106504.94,7112.19,6390.39,106504.94,6390.39
PT002335,T0208,2025-09-25,USD,177433.96,9587.12,56726.86,177433.96,56726.86
PT005793,T0512,2023-05-07,EUR,114533.6544,11156.4756,10400.9184,114533.6544,10400.9184
PT003185,T0282,2022-06-14,USD,121339.65,9726.82,19035.5,121339.65,19035.5
PT001129,T0102,2023-04-06,USD,83603.64,6696.4,20359.63,83603.64,20359.63
PT000001,T0001,2024-05-15,USD,239587.15,17252.86,24767.86,239587.15,24767.86
PT001223,T0111,2022-07-08,EUR,108136.9548,10391.274,20384.8596,108136.9548,20384.8596
PT001831,T0165,2023-11-30,EUR,92710.656,8543.134800000002,7004.599200000001,92710.656,7004.599200000001
PT006592,T0584,2024-09-01,USD,16666.67,1648.01,2986.37,16666.67,2986.37
PT002574,T0230,2021-03-25,USD,550925.07,29095.85,65516.53,550925.07,65516.53
PT005024,T0446,2025-10-24,USD,88269.93,6580.64,6268.7,88269.93,6268.700000000001
PT001391,T0126,2023-08-24,USD,67627.15,4116.99,6135.2,67627.15,6135.2
PT006004,T0531,2023-09-01,EUR,26995.2912,1963.4508,6519.42,26995.2912,6519.419999999999
PT004549,T0404,2023-04-30,USD,381386.18,26932.9,35947.96,381386.18,35947.96
PT003785,T0336,2023-07-05,USD,70274.21,5951.93,11520.11,70274.21,11520.11
PT000474,T0041,2023-11-01,USD,152899.67,15470.31,44853.04,152899.67,44853.04
PT005394,T0478,2023-08-04,USD,95633.43,6439.71,29130.43,95633.43,29130.43
PT005554,T0492,2023-03-17,USD,222805.42,22886.05,59329.1,222805.42,59329.1
PT003287,T0290,2023-08-22,USD,81373.4,6269.51,6981.14,81373.4,6981.14
PT000707,T0065,2023-06-27,INR,101871.05219999999,8900.35176,5778.8052,101871.05219999999,5778.8052
PT004726,T0419,2021-08-24,USD,22504.6,1617.69,1774.43,22504.6,1774.43
PT003195,T0282,2023-04-14,USD,121339.65,9726.82,19035.5,121339.65,19035.5
PT005948,T0526,2024-11-04,EUR,105851.17800000001,8946.018000000002,6464.026800000001,105851.17800000001,6464.026800000001
PT002645,T0236,2023-09-28,USD,55405.03,6180.97,9851.62,55405.03,9851.619999999999
PT007547,T0668,2025-12-19,INR,95437.28808,11111.225279999999,9710.4072,95437.28808,9710.4072
PT004621,T0410,2022-04-29,USD,285909.27,28239.09,18626.41,285909.27,18626.41
PT001230,T0111,2023-02-08,EUR,108136.9548,10391.274,20384.8596,108136.9548,20384.8596
PT005837,T0516,2024-07-21,USD,222239.07,18226.64,17889.86,222239.07,17889.86
PT002224,T0198,2026-04-08,USD,103454.16,7717.55,5920.95,103454.16,5920.949999999999
PT003999,T0355,2024-11-19,USD,179347.12,14339.27,12695.21,179347.12,12695.21
PT000333,T0030,2024-10-13,USD,81309.53,4438.45,4651.73,81309.53,4651.73
PT002737,T0243,2026-09-06,USD,309912.87,23450.53,16064.06,247930.3,12851.248207336468
PT003960,T0351,2023-12-15,INR,188542.674,11481.73296,49336.569599999995,188542.674,49336.569599999995
PT000060,T0006,2022-11-02,USD,16666.67,1068.75,4953.51,16666.67,4953.51
PT005780,T0511,2021-09-21,USD,334493.39,22458.58,77322.03,334493.39,77322.03
PT004675,T0415,2023-05-14,INR,213883.13232,22951.61244,12627.97956,213883.13232,12627.97956
PT900000,T0012,2025-06-21,USD,126104.76,10667.19,23959.09,126104.76,23959.09
PT003361,T0297,2026-07-23,USD,153271.36,9598.58,33936.22,153271.36,33936.22
PT000148,T0014,2022-01-08,USD,16666.67,1581.04,2759.14,16666.67,2759.14
PT000616,T0056,2025-06-19,USD,62766.84,3225.19,6071.08,62766.84,6071.08
PT003259,T0288,2025-03-01,USD,84838.55,5754.94,10102.78,84838.55,10102.78
PT002408,T0215,2025-03-14,USD,553151.55,39643.29,130562.47,553151.55,130562.47
PT000651,T0059,2023-09-09,USD,231399.98,26353.46,21810.41,231399.98,21810.41
PT004178,T0370,2025-08-03,EUR,159513.6348,10488.2904,12373.2252,159513.6348,12373.2252
PT003300,T0291,2025-06-11,USD,241151.35,21511.67,17898.27,241151.35,17898.27
PT003533,T0313,2026-09-26,USD,221576.51,24043.7,59675.98,29543.53,7956.796076485724
PT004151,T0368,2024-04-08,GBP,92688.85450000002,6537.9219,28605.8102,92688.85450000002,28605.8102
PT002342,T0209,2026-03-14,USD,68828.83,6856.75,7557.92,68828.83,7557.92
PT006232,T0551,2021-11-06,EUR,283802.0112,20894.5224,70113.8484,283802.0112,70113.8484
PT005929,T0524,2025-09-26,USD,89971.66,7949.52,28585.0,89971.66,28584.999999999996
PT002767,T0246,2025-04-10,EUR,290496.06720000005,31914.324,82716.1632,290496.06720000005,82716.1632
PT003357,T0297,2026-03-23,USD,153271.36,9598.58,33936.22,153271.36,33936.22
PT004956,T0439,2025-10-08,USD,258217.08,15728.8,50176.75,258217.08,50176.75
PT000351,T0031,2023-09-30,INR,94728.91752,7498.9944,27454.237559999998,94728.91752,27454.237559999998
PT002420,T0216,2024-02-28,USD,61875.35,3459.68,11119.3,61875.35,11119.300000000001
PT001911,T0172,2025-08-02,EUR,55883.6604,3661.5888000000004,17172.972,55883.6604,17172.971999999998
PT003177,T0281,2022-06-06,EUR,103398.1632,7430.9292000000005,5282.6796,103398.1632,5282.6796
PT002864,T0255,2024-01-18,INR,54110.241239999996,5880.84444,4842.906360000001,54110.241239999996,4842.906360000001
PT004307,T0382,2025-06-19,EUR,75435.3,4775.5656,20554.5708,75435.3,20554.5708
PT003716,T0331,2024-01-26,USD,70372.5,4784.72,16632.04,70372.5,16632.04
PT001967,T0177,2022-04-13,USD,42468.93,2572.32,3217.72,42468.93,3217.72
PT004808,T0426,2024-03-06,USD,65750.67,3877.41,14588.43,65750.67,14588.43
PT004455,T0395,2025-10-20,USD,19261.0,1427.54,2150.01,19261.0,2150.01
PT005409,T0480,2023-02-11,EUR,58485.564000000006,6355.724400000001,3231.6948,58485.564000000006,3231.6948
PT005910,T0522,2022-06-06,USD,26140.4,2972.12,1337.81,26140.4,1337.8100000000002
PT007418,T0656,2023-04-30,USD,104895.23,10394.92,18702.49,104895.23,18702.49
PT001901,T0171,2022-10-30,USD,28457.63,2732.31,2228.21,28457.63,2228.21
PT004857,T0430,2024-01-15,USD,229479.12,21235.7,21781.06,229479.12,21781.06
PT006087,T0538,2023-07-15,USD,524519.39,52489.55,54640.59,524519.39,54640.59
PT005424,T0481,2022-12-01,USD,87754.02,9506.11,10306.4,87754.02,10306.4
PT003477,T0308,2023-06-03,USD,78800.94,6297.77,7973.06,78800.94,7973.06
PT007832,T0694,2025-07-07,USD,246554.18,22639.45,14915.53,246554.18,14915.53
PT001876,T0169,2024-08-14,EUR,55069.783200000005,3018.0168000000003,10367.773200000001,55069.783200000005,10367.773200000001
PT004222,T0375,2026-02-15,USD,70907.72,4726.26,6975.85,70907.72,6975.85
PT005729,T0507,2022-07-19,USD,94073.51,8763.93,24818.27,94073.51,24818.27
PT006216,T0550,2025-06-19,USD,70481.65,5886.74,19550.06,70481.65,19550.06
PT004848,T0430,2023-04-15,USD,229479.12,21235.7,21781.06,229479.12,21781.06
PT003059,T0271,2024-05-04,EUR,138663.036,14095.101600000002,42684.85080000001,138663.036,42684.85080000001
PT001498,T0136,2024-02-17,USD,89893.73,7367.54,23136.11,89893.73,23136.11
PT005661,T0501,2026-02-27,USD,76078.73,3869.15,18723.02,76078.73,18723.02
PT002778,T0247,2023-05-14,GBP,132705.2591,8518.017,21808.4146,132705.2591,21808.4146
PT002790,T0248,2026-09-16,USD,202308.3,11174.44,64214.87,94410.54,29966.939333333336
PT007201,T0638,2025-04-20,USD,92930.78,5137.75,18422.03,92930.78,18422.03
PT005723,T0506,2021-09-19,EUR,43116.008400000006,4733.4456,10521.5328,43116.008400000006,10521.5328
PT900086,T0385,2025-06-23,USD,378653.5,24852.01,94448.41,378653.5,94448.40999999999
PT005027,T0446,2026-01-24,USD,88269.93,6580.64,6268.7,88269.93,6268.700000000001
PT004887,T0433,2024-09-07,USD,50396.95,2574.16,15116.39,50396.95,15116.39
PT003126,T0277,2021-03-10,USD,117094.62,12012.95,10047.56,117094.62,10047.56
PT004185,T0371,2023-02-05,USD,56644.81,6315.15,17496.38,56644.81,17496.38
PT001376,T0125,2024-07-30,USD,409877.35,42280.44,95387.72,409877.35,95387.72
PT001832,T0165,2023-12-31,EUR,92710.656,8543.134800000002,7004.599200000001,92710.656,7004.599200000001
PT006211,T0549,2026-06-30,USD,48465.38,3129.5,15295.14,48465.38,15295.14
PT002143,T0191,2023-03-14,USD,125958.71,6581.4,25109.52,125958.71,25109.52
PT001062,T0097,2025-01-26,EUR,42736.9392,4385.8584,3535.3692,42736.9392,3535.3692
PT900045,T0211,2025-06-13,USD,65590.84,4581.66,14503.36,65590.84,14503.36
PT002353,T0210,2022-06-13,USD,54762.14,3534.05,5411.03,54762.14,5411.029999999999
PT006885,T0610,2022-11-15,USD,537001.73,30237.64,161334.18,537001.73,161334.18
PT900002,T0019,2025-06-12,USD,60862.42,3074.28,19034.48,60862.42,19034.48
PT001635,T0148,2023-02-20,INR,93596.50056,7416.77676,6827.5408800000005,93596.50056,6827.5408800000005
PT007744,T0685,2025-11-28,EUR,202084.092,18129.711600000002,57382.516800000005,202084.092,57382.51680000001
PT001119,T0101,2024-09-29,USD,186388.62,11823.47,42085.53,186388.62,42085.53
PT005183,T0460,2024-05-01,EUR,217483.974,12521.887200000001,25337.404800000004,217483.974,25337.404800000008
PT000748,T0068,2022-01-03,USD,277413.18,21500.71,26561.7,277413.18,26561.7
PT003875,T0344,2026-02-14,USD,139716.8,8577.56,12618.02,139716.8,12618.02
PT002982,T0265,2021-07-23,USD,157995.05,7944.03,10333.41,157995.05,10333.41
PT002316,T0207,2022-07-30,EUR,227969.78040000002,12809.7936,53494.18200000001,227969.78040000002,53494.18200000001
PT002589,T0231,2021-06-14,USD,222276.24,13343.45,52763.42,222276.24,52763.42
PT004354,T0386,2024-09-25,EUR,195757.722,15492.643200000002,44076.4092,195757.722,44076.4092
PT006516,T0576,2021-06-03,USD,39886.88,3832.07,4052.85,39886.88,4052.85
PT003116,T0276,2024-12-15,USD,391095.49,24727.88,114385.11,391095.49,114385.11
PT006068,T0536,2026-04-08,USD,182296.07,13374.97,19208.55,182296.07,19208.55
PT004426,T0393,2023-12-11,USD,25086.23,1336.59,5830.42,25086.23,5830.42
PT005277,T0468,2022-02-11,USD,196119.25,10716.9,52787.65,196119.25,52787.65
PT001011,T0091,2024-09-04,USD,235117.14,20306.71,55696.27,235117.14,55696.27
PT001882,T0169,2025-02-14,EUR,55069.783200000005,3018.0168000000003,10367.773200000001,55069.783200000005,10367.773200000001
PT003340,T0295,2024-01-03,USD,164154.4,9085.18,14204.63,164154.4,14204.63
PT002556,T0227,2026-09-30,USD,77943.55,5951.59,22770.19,0.0,0.0
PT005506,T0488,2025-12-11,USD,499574.73,38234.1,42785.9,499574.73,42785.9
PT006244,T0552,2025-04-13,USD,62952.26,4906.56,4160.65,62952.26,4160.65
PT000988,T0089,2026-05-10,USD,88582.45,5680.86,21216.6,88582.45,21216.6
PT003074,T0272,2024-10-20,USD,382220.9,21579.44,107600.37,382220.9,107600.37
PT007385,T0654,2022-10-03,USD,71594.91,4166.35,4179.29,71594.91,4179.29
PT003270,T0289,2025-01-04,USD,150696.38,16082.38,25618.89,150696.38,25618.89
PT004102,T0364,2023-11-28,EUR,146180.31120000003,12431.5344,7471.8828,146180.31120000003,7471.8828
PT004323,T0384,2023-02-23,EUR,184044.4092,13093.574400000001,51581.0376,184044.4092,51581.0376
PT007028,T0623,2026-05-27,USD,82546.71,4670.13,15920.29,82546.71,15920.29
PT004658,T0413,2026-04-23,GBP,150353.2299,9072.7276,12448.971800000001,150353.2299,12448.971800000001
PT002786,T0248,2026-05-16,USD,202308.3,11174.44,64214.87,202308.3,64214.87
PT001408,T0127,2024-09-05,USD,387593.45,24881.69,43903.99,387593.45,43903.99
PT006850,T0607,2026-01-03,EUR,256165.95600000003,25993.9908,15979.4856,256165.95600000003,15979.4856
PT007106,T0630,2023-02-06,USD,82243.7,5508.43,6925.59,82243.7,6925.59
PT004492,T0399,2021-12-28,USD,191901.87,16437.79,13105.15,191901.87,13105.15
PT005325,T0473,2024-04-06,GBP,141269.593,10608.1957,15021.1409,141269.593,15021.1409
PT002298,T0205,2024-05-07,USD,189934.44,17759.27,44138.05,189934.44,44138.05
PT000471,T0041,2023-08-01,USD,152899.67,15470.31,44853.04,152899.67,44853.04
PT003198,T0283,2022-03-22,EUR,1310050.6812,90330.444,131798.14560000002,1310050.6812,131798.14560000002
PT006805,T0603,2025-02-01,INR,147474.89952,13389.94416,16776.68472,147474.89952,16776.68472
PT005850,T0517,2024-11-14,EUR,33855.3648,1832.0904000000003,10447.682400000002,33855.3648,10447.682400000002
PT001750,T0158,2025-10-23,USD,48036.85,4454.77,5670.51,48036.85,5670.51
PT006470,T0571,2024-03-22,USD,36495.53,3294.75,2227.51,36495.53,2227.51
PT006918,T0613,2025-12-01,USD,69722.78,6874.33,20542.69,69722.78,20542.69
PT003614,T0322,2023-01-24,USD,28957.8,1472.65,2894.92,28957.8,2894.92
PT005511,T0488,2026-05-11,USD,499574.73,38234.1,42785.9,499574.73,42785.9
PT002346,T0209,2026-07-14,USD,68828.83,6856.75,7557.92,68828.83,7557.92
PT001859,T0167,2024-03-24,USD,232594.41,24529.16,36330.38,232594.41,36330.38
PT003118,T0276,2025-02-15,USD,391095.49,24727.88,114385.11,391095.49,114385.11
PT005268,T0468,2021-05-11,USD,196119.25,10716.9,52787.65,196119.25,52787.65
PT003619,T0322,2023-06-24,USD,28957.8,1472.65,2894.92,28957.8,2894.92
PT002272,T0203,2025-06-12,INR,81116.88636,7393.60428,24229.13652,81116.88636,24229.136519999996
PT002949,T0262,2024-08-04,EUR,306919.0764,25720.912800000002,32795.323200000006,306919.0764,32795.3232
PT002686,T0239,2024-11-30,USD,298312.51,28039.4,66631.38,298312.51,66631.38
PT000916,T0083,2022-09-12,INR,219213.34488,20960.49228,68993.45004,219213.34488,68993.45004
PT002135,T0191,2022-07-14,USD,125958.71,6581.4,25109.52,125958.71,25109.52
PT003372,T0298,2026-01-31,EUR,77861.6928,8960.619600000002,18316.702800000003,77861.6928,18316.702800000003
PT005942,T0525,2023-07-25,USD,488093.4,37210.4,132027.91,488093.4,132027.91
PT004536,T0403,2026-03-25,USD,54050.68,4910.21,14314.55,54050.68,14314.55
PT003426,T0303,2024-12-18,USD,30881.94,2451.29,1935.39,30881.94,1935.39
PT004909,T0435,2023-01-26,USD,110380.5,6058.64,28401.07,110380.5,28401.069999999996
PT001749,T0158,2025-09-23,USD,48036.85,4454.77,5670.51,48036.85,5670.51
PT000741,T0068,2021-06-03,USD,277413.18,21500.71,26561.7,277413.18,26561.7
PT000192,T0017,2023-04-28,EUR,57802.14000000001,4259.5524000000005,3125.2176,57802.14000000001,3125.2176
PT004826,T0427,2026-04-21,USD,351033.15,29580.52,102394.92,351033.15,102394.92
PT003660,T0326,2023-04-23,USD,47847.46,4589.37,8420.16,47847.46,8420.16
PT006007,T0531,2023-12-01,EUR,26995.2912,1963.4508,6519.42,26995.2912,6519.419999999999
PT003573,T0317,2022-03-22,USD,151237.27,12948.26,43182.88,151237.27,43182.88
PT007572,T0670,2026-06-27,USD,142868.22,15815.05,41960.71,142868.22,41960.71
PT900024,T0116,2025-06-14,INR,107994.5298,6682.70016,8015.83644,107994.5298,8015.83644
PT007054,T0625,2026-07-10,EUR,16666.668,1661.5152000000003,2801.1852000000003,16666.668,2801.1852000000003
PT001782,T0161,2021-05-05,EUR,46175.0976,3918.4128,2984.1696,46175.0976,2984.1696
PT002573,T0230,2021-02-25,USD,550925.07,29095.85,65516.53,550925.07,65516.53
PT004236,T0376,2023-03-28,USD,62508.05,4156.54,14744.08,62508.05,14744.08
PT001681,T0152,2026-07-05,GBP,352589.84599999996,25397.129800000002,40574.010800000004,352589.84599999996,40574.0108
PT002451,T0218,2024-11-12,EUR,16666.668,1274.3244000000002,1144.7568,16666.668,1144.7568
PT000843,T0077,2023-08-18,USD,112906.87,7679.88,29232.68,112906.87,29232.68
PT000832,T0076,2024-02-12,EUR,123607.28520000001,11880.2376,20576.052000000003,123607.28520000001,20576.052000000003
PT001018,T0092,2026-06-01,EUR,40410.9648,4796.6688,2665.4184,40410.9648,2665.4184
PT006207,T0549,2026-02-28,USD,48465.38,3129.5,15295.14,48465.38,15295.14
PT006372,T0563,2026-01-14,USD,165387.26,8835.02,18149.4,165387.26,18149.4
PT004225,T0375,2026-05-15,USD,70907.72,4726.26,6975.85,70907.72,6975.85
PT000841,T0077,2023-06-18,USD,112906.87,7679.88,29232.68,112906.87,29232.68
PT006644,T0588,2022-07-03,EUR,202350.744,11821.712400000002,38995.41960000001,202350.744,38995.41960000001
PT006625,T0586,2024-10-24,EUR,24059.7972,1420.6968000000002,5402.7324,24059.7972,5402.7324
PT001422,T0129,2024-05-08,USD,47242.56,2502.85,3933.02,47242.56,3933.0200000000004
PT002554,T0227,2026-07-31,USD,77943.55,5951.59,22770.19,77943.55,22770.19
PT002174,T0194,2026-04-21,EUR,81462.59640000001,5624.434800000001,17943.822000000004,81462.59640000001,17943.822000000004
PT002285,T0204,2025-10-18,USD,117742.81,9445.05,29681.04,117742.81,29681.04
PT000193,T0017,2023-05-28,EUR,57802.14000000001,4259.5524000000005,3125.2176,57802.14000000001,3125.2176
PT007673,T0679,2026-09-18,USD,72084.95,5368.3,20824.0,28833.98,8329.6
PT005072,T0450,2025-05-06,USD,1740983.88,102684.64,510880.2,1740983.88,510880.19999999995
PT005755,T0509,2022-09-06,USD,107584.35,11429.17,32962.22,107584.35,32962.22
PT002205,T0197,2021-10-03,USD,45335.18,4803.98,13035.43,45335.18,13035.43
PT006227,T0551,2021-06-06,EUR,283802.0112,20894.5224,70113.8484,283802.0112,70113.8484
PT000537,T0047,2022-06-30,USD,89508.76,9237.4,6801.56,89508.76,6801.5599999999995
PT001258,T0113,2023-06-11,INR,74234.2026,7401.237720000001,22116.37284,74234.2026,22116.37284
PT000786,T0071,2025-09-03,EUR,115616.41920000002,13352.299200000001,32907.7944,115616.41920000002,32907.7944
PT006260,T0553,2026-02-21,USD,377837.2,30062.44,115287.92,377837.2,115287.92
PT004884,T0433,2024-06-07,USD,50396.95,2574.16,15116.39,50396.95,15116.39
PT001052,T0096,2022-12-01,EUR,36316.3608,3038.9040000000005,9109.3572,36316.3608,9109.3572
PT900017,T0080,2025-06-24,EUR,145229.5008,11068.3044,23146.743599999998,145229.5008,23146.743599999998
PT002142,T0191,2023-02-14,USD,125958.71,6581.4,25109.52,125958.71,25109.52
PT003338,T0295,2023-11-03,USD,164154.4,9085.18,14204.63,164154.4,14204.63
PT002959,T0263,2025-12-30,EUR,41629.4532,2296.2744,2829.438,41629.4532,2829.438
PT003550,T0315,2023-02-01,USD,58673.31,6941.79,16238.13,58673.31,16238.13
PT003832,T0340,2022-06-03,USD,104005.14,11392.65,5817.45,104005.14,5817.45
PT005585,T0494,2026-09-04,GBP,81741.6958,7801.1655,19574.5354,70842.8098,16964.598968664493
PT001679,T0151,2023-06-06,USD,217258.83,17594.91,51837.4,217258.83,51837.40000000001
PT004365,T0387,2023-09-07,USD,35087.28,3137.78,9668.7,35087.28,9668.7
PT007046,T0625,2025-11-10,EUR,16666.668,1661.5152000000003,2801.1852000000003,16666.668,2801.1852000000003
PT007828,T0694,2025-03-07,USD,246554.18,22639.45,14915.53,246554.18,14915.53
PT003654,T0326,2022-10-23,USD,47847.46,4589.37,8420.16,47847.46,8420.16
PT005267,T0467,2023-07-03,EUR,249818.40720000002,13691.916000000001,59531.446800000005,249818.40720000002,59531.4468
PT001392,T0126,2023-09-24,USD,67627.15,4116.99,6135.2,67627.15,6135.2
PT003152,T0279,2025-01-14,EUR,79700.39280000002,8214.0372,15112.893600000001,79700.39280000002,15112.893600000001
PT004374,T0388,2025-04-09,USD,586856.36,60291.16,63713.64,586856.36,63713.64
PT002159,T0193,2023-01-29,USD,348250.65,26073.42,111122.34,348250.65,111122.34
PT007426,T0657,2024-12-11,USD,134067.74,14448.71,21246.07,134067.74,21246.07
PT005363,T0476,2021-11-15,EUR,67957.92,6304.2083999999995,6820.394400000001,67957.92,6820.394400000001
PT000861,T0078,2024-10-08,INR,430842.1026,42062.82,77098.71012,430842.1026,77098.71012
PT007733,T0684,2026-03-17,USD,126599.55,11035.73,19786.65,126599.55,19786.65
PT001345,T0122,2025-02-26,USD,169933.52,18604.51,19271.38,169933.52,19271.38
PT004478,T0398,2025-03-17,EUR,103972.0644,10384.0704,25326.4752,103972.0644,25326.4752
PT001931,T0173,2025-08-15,USD,68172.95,4091.09,5165.89,68172.95,5165.89
PT001539,T0140,2021-01-19,EUR,191309.73120000004,13308.289200000001,31172.3532,191309.73120000004,31172.3532
PT003773,T0335,2024-12-08,USD,98458.37,7177.81,22103.33,98458.37,22103.329999999998
PT006062,T0536,2025-10-08,USD,182296.07,13374.97,19208.55,182296.07,19208.55
PT005292,T0470,2026-01-01,EUR,590406.5916,61040.347200000004,68867.09640000001,590406.5916,68867.09640000001
PT007822,T0693,2021-11-07,USD,42620.19,2540.92,12492.82,42620.19,12492.82
PT003397,T0300,2025-08-24,USD,323465.09,23267.74,58876.71,323465.09,58876.71
PT000428,T0038,2025-03-03,USD,98184.07,10656.62,6935.02,98184.07,6935.02
PT001209,T0109,2023-02-23,USD,105427.91,10274.8,7092.21,105427.91,7092.21
PT004147,T0368,2023-12-08,GBP,92688.85450000002,6537.9219,28605.8102,92688.85450000002,28605.8102
PT003084,T0273,2023-11-14,EUR,71292.906,4328.694,21982.0608,71292.906,21982.0608
PT004567,T0406,2025-05-08,GBP,96798.77769999999,6511.9377,30213.1349,96798.77769999999,30213.1349
PT000390,T0034,2023-07-25,USD,32386.44,3553.96,3545.04,32386.44,3545.04
PT000617,T0056,2025-07-19,USD,62766.84,3225.19,6071.08,62766.84,6071.08
PT000718,T0066,2021-04-01,USD,95475.14,8375.64,28863.35,95475.14,28863.35
PT000029,T0003,2022-01-09,EUR,97996.662,8045.362800000001,28282.7808,97996.662,28282.7808
PT000373,T0033,2024-09-01,USD,148341.91,8852.21,27528.98,148341.91,27528.98
PT005790,T0512,2023-02-07,EUR,114533.6544,11156.4756,10400.9184,114533.6544,10400.9184
PT007355,T0651,2025-08-14,USD,31970.25,2906.77,2027.68,31970.25,2027.68
PT007751,T0686,2026-02-21,USD,93492.9,6441.59,10100.38,93492.9,10100.38
PT000319,T0028,2026-08-11,USD,74814.37,8319.51,5004.79,74814.37,5004.79
PT003304,T0291,2025-10-11,USD,241151.35,21511.67,17898.27,241151.35,17898.27
PT002812,T0250,2023-04-16,EUR,94587.05880000001,6995.5488000000005,26673.8508,94587.05880000001,26673.850800000004
PT000005,T0001,2024-09-15,USD,239587.15,17252.86,24767.86,239587.15,24767.86
PT005903,T0522,2021-11-06,USD,26140.4,2972.12,1337.81,26140.4,1337.8100000000002
PT005069,T0450,2025-02-06,USD,1740983.88,102684.64,510880.2,1740983.88,510880.19999999995
PT003482,T0308,2023-11-03,USD,78800.94,6297.77,7973.06,78800.94,7973.06
PT001702,T0154,2026-02-27,USD,105191.91,8101.3,26265.04,105191.91,26265.04
PT005264,T0467,2023-04-03,EUR,249818.40720000002,13691.916000000001,59531.446800000005,249818.40720000002,59531.4468
PT000688,T0063,2024-12-13,EUR,31413.549600000002,3768.3576,8645.594400000002,31413.549600000002,8645.594400000002
PT007433,T0658,2026-01-06,USD,53544.93,5888.74,3010.12,53544.93,3010.12
PT006564,T0581,2022-06-14,USD,185251.07,16023.59,13846.27,185251.07,13846.27
PT006705,T0593,2024-02-11,USD,284389.73,16967.92,83218.37,284389.73,83218.37
PT007382,T0653,2022-08-30,USD,200045.25,11619.93,32003.36,200045.25,32003.36
PT002906,T0258,2023-02-26,USD,575297.25,50646.06,59184.28,575297.25,59184.28
PT004352,T0386,2024-07-25,EUR,195757.722,15492.643200000002,44076.4092,195757.722,44076.4092
PT001516,T0138,2025-11-12,USD,162801.26,9812.36,8622.64,162801.26,8622.64
PT002536,T0226,2024-08-26,USD,138385.55,12167.09,35028.86,138385.55,35028.86
PT001043,T0095,2026-02-28,USD,99203.62,11090.75,23356.73,99203.62,23356.73
PT000360,T0032,2025-06-01,USD,97537.25,7078.7,10620.27,97537.25,10620.27
PT007215,T0639,2025-06-15,USD,158162.49,12047.65,42855.19,158162.49,42855.19
PT006340,T0560,2025-01-26,INR,124713.66528,8637.84912,6831.617160000001,124713.66528,6831.617160000001
PT002954,T0262,2025-01-04,EUR,306919.0764,25720.912800000002,32795.323200000006,306919.0764,32795.3232
PT000975,T0088,2021-10-26,USD,58920.03,3848.02,9302.07,58920.03,9302.070000000002
PT000666,T0061,2022-08-16,USD,79148.07,8247.51,8375.9,79148.07,8375.9
PT003643,T0324,2024-01-14,USD,463519.43,50432.76,41052.76,463519.43,41052.76
PT007233,T0641,2022-11-13,USD,59408.06,7018.04,15060.22,59408.06,15060.22
PT001290,T0117,2022-12-02,USD,179453.58,17626.49,54848.37,179453.58,54848.37
PT006394,T0565,2025-06-27,USD,73299.9,7460.78,21673.63,73299.9,21673.63
PT006172,T0546,2025-09-15,USD,124484.55,9552.24,19203.59,124484.55,19203.59
PT006727,T0595,2025-05-26,EUR,88378.8084,6800.7492,16324.6104,88378.8084,16324.6104
PT001041,T0095,2025-12-29,USD,99203.62,11090.75,23356.73,99203.62,23356.73
PT006498,T0574,2024-04-13,EUR,74709.0108,5099.3928000000005,22335.3936,74709.0108,22335.3936
PT004377,T0388,2025-07-09,USD,586856.36,60291.16,63713.64,586856.36,63713.64
PT007239,T0641,2023-05-13,USD,59408.06,7018.04,15060.22,59408.06,15060.22
PT900077,T0329,2025-06-20,USD,84586.82,7675.4,26351.14,84586.82,26351.14
PT005540,T0491,2024-09-03,USD,110583.03,5928.64,9812.9,110583.03,9812.9
PT000722,T0066,2021-08-01,USD,95475.14,8375.64,28863.35,95475.14,28863.35
PT003183,T0281,2022-12-06,EUR,103398.1632,7430.9292000000005,5282.6796,103398.1632,5282.6796
PT002041,T0183,2025-08-02,USD,100544.26,7921.3,23011.91,100544.26,23011.91
PT002417,T0216,2023-11-28,USD,61875.35,3459.68,11119.3,61875.35,11119.300000000001
PT003605,T0321,2025-01-11,USD,161742.36,8935.38,39083.25,161742.36,39083.25
PT007419,T0656,2023-05-30,USD,104895.23,10394.92,18702.49,104895.23,18702.49
PT000740,T0068,2021-05-03,USD,277413.18,21500.71,26561.7,277413.18,26561.7
PT002662,T0237,2024-11-30,USD,198812.87,19628.43,45755.49,198812.87,45755.49
PT000730,T0067,2023-12-27,INR,348799.92528,22527.78516,102905.25564,348799.92528,102905.25564
PT000922,T0083,2023-03-12,INR,219213.34488,20960.49228,68993.45004,219213.34488,68993.45004
PT000969,T0087,2026-01-20,USD,135638.47,10215.2,11115.34,135638.47,11115.34
PT003855,T0342,2022-11-06,EUR,239849.86680000002,24176.772000000004,64602.87840000001,239849.86680000002,64602.8784
PT003891,T0345,2023-08-15,EUR,61659.954000000005,5983.5456,17745.1452,61659.954000000005,17745.1452
PT000934,T0084,2023-10-30,USD,167829.37,18999.84,53012.39,167829.37,53012.39000000001
PT000442,T0039,2023-02-05,USD,120590.09,12431.58,12155.95,120590.09,12155.95
PT006701,T0593,2023-10-11,USD,284389.73,16967.92,83218.37,284389.73,83218.37
PT007116,T0631,2023-05-10,USD,36017.19,2058.13,2236.99,36017.19,2236.99
PT001095,T0099,2026-07-30,USD,81331.03,7301.23,6880.77,81331.03,6880.77
PT005708,T0505,2023-12-04,USD,707427.8,61022.31,47587.06,707427.8,47587.06
PT004942,T0437,2022-08-31,USD,104966.16,10922.64,5671.7,104966.16,5671.700000000001
PT005820,T0514,2021-10-06,USD,94523.62,8172.93,18853.85,94523.62,18853.85
PT002070,T0185,2025-02-19,EUR,395075.1996,35550.8136,26068.4568,395075.1996,26068.4568
PT000427,T0038,2025-02-03,USD,98184.07,10656.62,6935.02,98184.07,6935.02
PT001819,T0164,2024-06-26,EUR,118000.67040000002,11559.942000000001,18005.4252,118000.67040000002,18005.4252
PT003160,T0279,2025-09-14,EUR,79700.39280000002,8214.0372,15112.893600000001,79700.39280000002,15112.893600000001
PT004516,T0401,2024-12-26,USD,99938.38,11119.84,25263.23,99938.38,25263.230000000003
PT007212,T0639,2025-03-15,USD,158162.49,12047.65,42855.19,158162.49,42855.19
PT007286,T0645,2023-12-17,EUR,68156.4672,6114.852,4598.1756,68156.4672,4598.1756
PT003216,T0284,2025-03-11,EUR,1260247.6152000001,133147.5732,123493.4964,1260247.6152000001,123493.4964
PT001243,T0112,2023-08-01,USD,73860.72,8579.69,3852.76,73860.72,3852.7600000000007
PT004009,T0355,2025-09-19,USD,179347.12,14339.27,12695.21,179347.12,12695.21
PT002095,T0187,2026-05-19,INR,108354.13452,11837.04024,10950.131519999999,108354.13452,10950.131519999999
PT006960,T0616,2024-11-07,EUR,72260.4456,6743.109600000001,20403.6732,72260.4456,20403.6732
PT000464,T0041,2023-01-01,USD,152899.67,15470.31,44853.04,152899.67,44853.04
PT005250,T0466,2023-02-28,USD,152351.64,16896.07,11898.55,152351.64,11898.55
PT003172,T0280,2025-12-29,USD,59622.21,3905.8,18841.97,59622.21,18841.97
PT002175,T0194,2026-05-21,EUR,81462.59640000001,5624.434800000001,17943.822000000004,81462.59640000001,17943.822000000004
PT000453,T0040,2025-02-09,USD,71386.65,4315.76,5543.21,71386.65,5543.21
PT002854,T0254,2023-09-21,USD,109602.92,8849.87,32804.38,109602.92,32804.38
PT004509,T0401,2024-05-26,USD,99938.38,11119.84,25263.23,99938.38,25263.230000000003
PT007781,T0689,2022-12-24,GBP,483832.96680000005,35395.2302,54177.666600000004,483832.96680000005,54177.666600000004
PT004568,T0406,2025-06-08,GBP,96798.77769999999,6511.9377,30213.1349,96798.77769999999,30213.1349
PT004790,T0424,2024-08-06,USD,348422.41,24441.94,33784.6,348422.41,33784.6
PT004229,T0375,2026-09-15,USD,70907.72,4726.26,6975.85,35453.86,3487.925
PT002497,T0222,2025-10-24,EUR,87822.5436,8147.044800000001,16989.6744,87822.5436,16989.6744
PT002821,T0251,2023-05-10,EUR,184514.814,12427.646400000001,55753.23960000001,184514.814,55753.23960000001
PT007349,T0651,2025-02-14,USD,31970.25,2906.77,2027.68,31970.25,2027.68
PT001437,T0130,2023-06-30,USD,79586.62,4046.47,4078.84,79586.62,4078.8400000000006
PT004796,T0425,2022-04-25,USD,112754.78,7016.49,32364.73,112754.78,32364.73
PT003399,T0300,2025-10-24,USD,323465.09,23267.74,58876.71,323465.09,58876.71
PT000665,T0061,2022-07-16,USD,79148.07,8247.51,8375.9,79148.07,8375.9
PT005570,T0493,2022-10-22,USD,249402.1,26317.88,70481.55,249402.1,70481.55
PT004610,T0409,2026-01-01,EUR,55098.7488,3972.5532000000003,16995.204,55098.7488,16995.204
PT006395,T0565,2025-07-27,USD,73299.9,7460.78,21673.63,73299.9,21673.63
PT007080,T0627,2025-11-16,USD,96234.84,7577.87,25907.27,96234.84,25907.27
PT004057,T0359,2025-04-23,USD,54453.25,6494.14,13962.4,54453.25,13962.4
PT000406,T0036,2022-10-07,USD,218838.27,22255.99,55726.7,218838.27,55726.7
PT000189,T0017,2023-01-28,EUR,57802.14000000001,4259.5524000000005,3125.2176,57802.14000000001,3125.2176
PT006884,T0610,2022-10-15,USD,537001.73,30237.64,161334.18,537001.73,161334.18
PT002586,T0231,2021-03-14,USD,222276.24,13343.45,52763.42,222276.24,52763.42
PT004241,T0376,2023-08-28,USD,62508.05,4156.54,14744.08,62508.05,14744.08
PT006350,T0561,2023-03-18,USD,81274.19,5787.51,18098.87,81274.19,18098.87
PT002938,T0261,2025-02-18,EUR,674270.406,71430.5304,185640.03360000002,674270.406,185640.03360000002
PT002675,T0238,2023-08-29,USD,34833.41,3472.71,8151.64,34833.41,8151.640000000001
PT006688,T0592,2026-03-09,USD,61549.16,6387.86,4467.53,61549.16,4467.53
PT003623,T0322,2023-10-24,USD,28957.8,1472.65,2894.92,28957.8,2894.92
PT000399,T0035,2026-06-29,USD,117807.8,8516.08,23471.14,117807.8,23471.14
PT900138,T0643,2025-06-27,EUR,184836.81600000002,10668.002400000001,17106.66,184836.81600000002,17106.66
PT001858,T0167,2024-02-24,USD,232594.41,24529.16,36330.38,232594.41,36330.38
PT007036,T0624,2023-08-05,USD,36199.0,3589.73,9988.47,36199.0,9988.47
PT007818,T0693,2021-07-07,USD,42620.19,2540.92,12492.82,42620.19,12492.82
PT003655,T0326,2022-11-23,USD,47847.46,4589.37,8420.16,47847.46,8420.16
PT006667,T0590,2021-10-11,USD,161416.74,9717.35,38102.17,161416.74,38102.17
PT000136,T0013,2025-12-27,USD,91469.85,6957.04,22994.54,91469.85,22994.54
PT002324,T0207,2023-03-30,EUR,227969.78040000002,12809.7936,53494.18200000001,227969.78040000002,53494.18200000001
PT006780,T0601,2025-09-23,EUR,413883.60480000003,45710.9244,113400.7452,413883.60480000003,113400.7452
PT004167,T0369,2025-01-11,USD,179253.01,13824.9,48744.52,179253.01,48744.52
PT004771,T0423,2025-09-23,USD,320347.69,24300.72,22697.03,320347.69,22697.03
PT004945,T0438,2024-09-21,USD,162177.65,8887.21,16775.18,162177.65,16775.18
PT006124,T0542,2021-08-29,USD,73713.82,5705.23,22902.55,73713.82,22902.55
PT004052,T0359,2024-11-23,USD,54453.25,6494.14,13962.4,54453.25,13962.4
PT007344,T0650,2023-12-28,USD,57512.38,5066.35,17936.64,57512.38,17936.64
PT001674,T0151,2023-01-06,USD,217258.83,17594.91,51837.4,217258.83,51837.40000000001
PT000890,T0081,2024-04-29,EUR,16666.668,1810.674,971.4708,16666.668,971.4708
PT001985,T0178,2026-07-29,USD,120341.02,9195.22,14087.9,120341.02,14087.9
PT006735,T0596,2026-06-03,EUR,170332.3728,13556.6784,50448.3876,170332.3728,50448.3876
PT003053,T0271,2023-11-04,EUR,138663.036,14095.101600000002,42684.85080000001,138663.036,42684.85080000001
PT003650,T0325,2026-06-30,USD,51545.97,3037.08,2667.32,51545.97,2667.3200000000006
PT000808,T0073,2021-10-19,EUR,811357.5276,47117.8404,250576.8588,811357.5276,250576.85880000005
PT000751,T0068,2022-04-03,USD,277413.18,21500.71,26561.7,277413.18,26561.7
PT007627,T0675,2022-02-14,USD,108287.57,6901.07,12510.11,108287.57,12510.110000000002
PT003504,T0310,2026-01-14,USD,160563.84,8827.18,42357.17,160563.84,42357.17
PT007765,T0687,2022-10-28,USD,369973.65,33132.9,96139.32,369973.65,96139.32
PT007707,T0682,2022-12-26,USD,82125.15,4329.69,6520.91,82125.15,6520.91
PT002523,T0224,2026-04-23,USD,417953.99,48966.05,108261.62,417953.99,108261.62
PT002572,T0230,2021-01-25,USD,550925.07,29095.85,65516.53,550925.07,65516.53
PT002927,T0260,2022-12-17,USD,215371.07,14164.38,50707.93,215371.07,50707.93
PT004375,T0388,2025-05-09,USD,586856.36,60291.16,63713.64,586856.36,63713.64
PT000308,T0027,2021-08-18,USD,55736.25,6286.48,5720.62,55736.25,5720.619999999999
PT007227,T0640,2026-02-10,EUR,660991.0284000001,42428.512800000004,205166.45520000003,660991.0284000001,205166.45520000003
PT000158,T0015,2024-05-21,USD,205901.52,16755.69,56745.83,205901.52,56745.83
PT001941,T0175,2021-02-10,USD,104485.16,10219.8,11217.69,104485.16,11217.69
PT005739,T0508,2024-11-23,USD,44656.27,4798.38,5261.57,44656.27,5261.57
PT002920,T0259,2025-12-04,EUR,629069.7384,33598.9728,145226.19600000003,629069.7384,145226.19600000003
PT005665,T0501,2026-06-27,USD,76078.73,3869.15,18723.02,76078.73,18723.02
PT005839,T0516,2024-09-21,USD,222239.07,18226.64,17889.86,222239.07,17889.86
PT007377,T0653,2022-03-30,USD,200045.25,11619.93,32003.36,200045.25,32003.36
PT005442,T0482,2024-02-18,USD,151505.21,8151.24,26378.52,151505.21,26378.52
PT003391,T0300,2025-02-24,USD,323465.09,23267.74,58876.71,323465.09,58876.71
PT005969,T0527,2026-05-30,EUR,138141.1476,11759.4504,21881.113200000003,138141.1476,21881.113200000003
PT001241,T0112,2023-06-01,USD,73860.72,8579.69,3852.76,73860.72,3852.7600000000007
PT005864,T0519,2024-02-14,EUR,31021.056000000004,3157.7148,7790.590800000001,31021.056000000004,7790.590800000001
PT007045,T0625,2025-10-10,EUR,16666.668,1661.5152000000003,2801.1852000000003,16666.668,2801.1852000000003
PT000980,T0088,2022-03-26,USD,58920.03,3848.02,9302.07,58920.03,9302.070000000002
PT004379,T0388,2025-09-09,USD,586856.36,60291.16,63713.64,586856.36,63713.64
PT000729,T0067,2023-11-27,INR,348799.92528,22527.78516,102905.25564,348799.92528,102905.25564
PT006938,T0614,2023-06-03,USD,23917.34,1245.1,2820.72,23917.34,2820.72
PT003009,T0267,2022-06-28,USD,242972.79,13958.11,23585.56,242972.79,23585.56
PT006599,T0584,2025-04-01,USD,16666.67,1648.01,2986.37,16666.67,2986.37
PT004691,T0416,2022-07-30,USD,31871.84,3672.14,3261.3,31871.84,3261.3
PT004511,T0401,2024-07-26,USD,99938.38,11119.84,25263.23,99938.38,25263.230000000003
PT006432,T0568,2025-10-23,INR,118548.50460000001,13141.78056,30852.33276,118548.50460000001,30852.33276
PT005482,T0486,2024-05-11,USD,67621.99,7385.43,5034.98,67621.99,5034.98
PT003554,T0315,2023-06-01,USD,58673.31,6941.79,16238.13,58673.31,16238.13
PT000090,T0009,2023-10-02,USD,289009.6,16862.33,22624.37,289009.6,22624.37
PT003028,T0268,2024-02-11,USD,62056.41,6646.76,18645.13,62056.41,18645.13
PT000040,T0005,2025-12-11,USD,64093.86,3436.46,15371.02,64093.86,15371.02
PT001544,T0140,2021-06-19,EUR,191309.73120000004,13308.289200000001,31172.3532,191309.73120000004,31172.3532
PT002471,T0220,2025-12-19,EUR,37204.768800000005,3899.0052000000005,4169.1348,37204.768800000005,4169.1348
PT007188,T0637,2025-10-03,USD,18095.48,1199.29,2932.54,18095.48,2932.54
PT002245,T0200,2025-12-30,USD,942775.26,59269.05,63291.85,942775.26,63291.85
PT006454,T0570,2023-06-11,INR,240383.36148,16815.70752,64621.10256,240383.36148,64621.10256
PT002398,T0214,2024-10-13,USD,132904.93,12353.82,24281.1,132904.93,24281.1
PT005261,T0467,2023-01-03,EUR,249818.40720000002,13691.916000000001,59531.446800000005,249818.40720000002,59531.4468
PT007621,T0675,2021-08-14,USD,108287.57,6901.07,12510.11,108287.57,12510.110000000002
PT000505,T0044,2022-09-13,USD,167426.07,10739.74,38489.99,167426.07,38489.99
PT002014,T0181,2024-06-27,USD,69970.88,6168.94,22359.58,69970.88,22359.58
PT006313,T0558,2021-06-14,USD,100485.76,10623.18,28727.27,100485.76,28727.27
PT000086,T0009,2023-06-02,USD,289009.6,16862.33,22624.37,289009.6,22624.37
PT004959,T0439,2026-01-08,USD,258217.08,15728.8,50176.75,258217.08,50176.75
PT007784,T0689,2023-03-24,GBP,483832.96680000005,35395.2302,54177.666600000004,483832.96680000005,54177.666600000004
PT007827,T0694,2025-02-07,USD,246554.18,22639.45,14915.53,246554.18,14915.53
PT001431,T0129,2025-02-08,USD,47242.56,2502.85,3933.02,47242.56,3933.0200000000004
PT003003,T0266,2023-02-02,USD,161795.9,11720.64,49999.11,161795.9,49999.11
PT002907,T0258,2023-03-26,USD,575297.25,50646.06,59184.28,575297.25,59184.28
PT001642,T0148,2023-09-20,INR,93596.50056,7416.77676,6827.5408800000005,93596.50056,6827.5408800000005
PT004968,T0440,2024-01-24,USD,108262.16,6801.01,10566.85,108262.16,10566.85
PT003814,T0339,2024-02-08,EUR,39754.141200000005,3422.8764,10382.418000000001,39754.141200000005,10382.418000000001
PT001773,T0160,2024-11-07,USD,186346.27,19284.1,29635.64,186346.27,29635.64
PT000509,T0044,2023-01-13,USD,167426.07,10739.74,38489.99,167426.07,38489.99
PT001458,T0132,2026-05-28,USD,22783.62,1489.38,2308.41,22783.62,2308.41
PT000315,T0028,2026-04-11,USD,74814.37,8319.51,5004.79,74814.37,5004.79
PT003254,T0287,2022-12-02,EUR,160478.9496,18728.7012,37095.0516,160478.9496,37095.0516
PT006677,T0591,2023-04-14,USD,92498.11,7243.65,6562.69,92498.11,6562.6900000000005
PT000653,T0059,2023-11-09,USD,231399.98,26353.46,21810.41,231399.98,21810.41
PT003753,T0334,2023-06-28,USD,119582.26,13029.32,20217.47,119582.26,20217.47
PT900131,T0627,2025-06-16,USD,96234.84,7577.87,25907.27,96234.84,25907.27
PT003668,T0327,2025-03-25,INR,59582.7786,6085.14336,14554.75596,59582.7786,14554.75596
PT002798,T0249,2025-06-05,USD,252877.99,21600.4,21776.06,252877.99,21776.06
PT001475,T0134,2021-07-04,USD,61558.27,5318.94,18182.9,61558.27,18182.9
PT000334,T0030,2024-11-13,USD,81309.53,4438.45,4651.73,81309.53,4651.73
PT007049,T0625,2026-02-10,EUR,16666.668,1661.5152000000003,2801.1852000000003,16666.668,2801.1852000000003
PT005475,T0485,2026-01-03,EUR,484347.60000000003,56940.08400000001,91929.56760000001,484347.60000000003,91929.56760000001
PT002606,T0232,2022-09-11,USD,57905.35,5981.94,3276.69,57905.35,3276.69
PT002307,T0206,2022-06-14,INR,71880.93324,6359.81928,19616.58984,71880.93324,19616.589839999997
PT002594,T0231,2021-11-14,USD,222276.24,13343.45,52763.42,222276.24,52763.42
PT006572,T0582,2023-06-21,EUR,94728.36600000001,4866.0588,6683.2128,94728.36600000001,6683.212799999999
PT006581,T0582,2024-03-21,EUR,94728.36600000001,4866.0588,6683.2128,94728.36600000001,6683.212799999999
PT007017,T0622,2022-12-05,INR,146466.35580000002,11407.440480000001,44509.40844,146466.35580000002,44509.40844
PT005600,T0496,2025-06-05,USD,121892.83,13916.04,32505.24,121892.83,32505.24
PT006307,T0557,2026-06-14,EUR,89634.4596,7219.9836000000005,28441.5624,89634.4596,28441.5624
PT001183,T0107,2025-07-04,USD,222938.83,15919.17,67960.24,222938.83,67960.24
PT002626,T0234,2026-03-13,USD,59490.81,3553.41,14719.49,59490.81,14719.49
PT004614,T0409,2026-05-01,EUR,55098.7488,3972.5532000000003,16995.204,55098.7488,16995.204
PT000684,T0063,2024-08-13,EUR,31413.549600000002,3768.3576,8645.594400000002,31413.549600000002,8645.594400000002
PT000957,T0086,2024-07-16,USD,160730.09,17511.68,29798.1,160730.09,29798.1
PT006156,T0545,2021-06-19,EUR,580308.9696000001,35762.75280000001,179877.95280000003,580308.9696000001,179877.95280000003
PT002951,T0262,2024-10-04,EUR,306919.0764,25720.912800000002,32795.323200000006,306919.0764,32795.3232
PT007710,T0683,2025-06-20,USD,91024.39,4803.71,4908.81,91024.39,4908.81
PT002563,T0229,2022-04-01,USD,45460.25,4548.06,11420.08,45460.25,11420.08
PT006013,T0532,2024-03-01,EUR,78526.4112,6675.1128,6333.411600000001,78526.4112,6333.411600000001
PT007637,T0676,2022-03-07,USD,84894.67,4885.43,4275.73,84894.67,4275.73
PT002984,T0265,2021-09-23,USD,157995.05,7944.03,10333.41,157995.05,10333.41
PT000640,T0058,2026-07-07,USD,18286.12,1426.4,4609.0,18286.12,4609.0
PT000306,T0027,2021-06-18,USD,55736.25,6286.48,5720.62,55736.25,5720.619999999999
PT002706,T0241,2023-08-30,USD,110607.31,12757.14,16933.35,110607.31,16933.35
PT004371,T0388,2025-01-09,USD,586856.36,60291.16,63713.64,586856.36,63713.64
PT001618,T0146,2026-07-04,EUR,137711.26440000001,7794.997200000001,14659.0776,137711.26440000001,14659.0776
PT001327,T0121,2023-09-03,USD,276582.4,16816.16,72794.98,276582.4,72794.98
PT003448,T0305,2024-04-22,USD,194597.27,17781.41,59078.2,194597.27,59078.19999999999
PT004513,T0401,2024-09-26,USD,99938.38,11119.84,25263.23,99938.38,25263.230000000003
PT000232,T0021,2023-10-25,USD,142515.67,8361.52,26605.92,142515.67,26605.92
PT004265,T0379,2026-02-01,USD,36976.93,3564.76,2763.03,36976.93,2763.03
PT003339,T0295,2023-12-03,USD,164154.4,9085.18,14204.63,164154.4,14204.63
PT000180,T0016,2025-11-16,USD,441126.28,40165.06,137062.51,441126.28,137062.51
PT000393,T0035,2025-12-29,USD,117807.8,8516.08,23471.14,117807.8,23471.14
PT004125,T0366,2025-01-09,USD,244109.16,19467.39,14871.27,244109.16,14871.27
PT004030,T0357,2023-07-18,INR,351362.86152000003,26010.802440000003,86410.13448000001,351362.86152000003,86410.13448000001
PT001306,T0118,2024-09-19,USD,296970.76,29038.15,17656.57,296970.76,17656.57
PT006303,T0557,2026-02-14,EUR,89634.4596,7219.9836000000005,28441.5624,89634.4596,28441.5624
PT000962,T0087,2025-06-20,USD,135638.47,10215.2,11115.34,135638.47,11115.34
PT004908,T0435,2022-12-26,USD,110380.5,6058.64,28401.07,110380.5,28401.069999999996
PT002001,T0180,2024-11-03,EUR,73219.2912,7137.547200000001,3819.8196000000003,73219.2912,3819.8196000000003
PT001122,T0102,2022-09-06,USD,83603.64,6696.4,20359.63,83603.64,20359.63
PT006841,T0606,2026-07-16,GBP,51042.9764,3348.8884000000003,12258.2559,51042.9764,12258.2559
PT003774,T0336,2022-08-05,USD,70274.21,5951.93,11520.11,70274.21,11520.11
PT001035,T0094,2026-07-03,EUR,56465.251200000006,3341.6604,4640.2956,56465.251200000006,4640.2956
PT006154,T0545,2021-04-19,EUR,580308.9696000001,35762.75280000001,179877.95280000003,580308.9696000001,179877.95280000003
PT000359,T0032,2025-05-01,USD,97537.25,7078.7,10620.27,97537.25,10620.27
PT007449,T0659,2023-07-10,EUR,40187.89080000001,3675.8988000000004,4231.8936,40187.89080000001,4231.893600000001
PT001282,T0116,2025-07-14,INR,107994.5298,6682.70016,8015.83644,107994.5298,8015.83644
PT004155,T0368,2024-08-08,GBP,92688.85450000002,6537.9219,28605.8102,92688.85450000002,28605.8102
PT001342,T0122,2024-11-26,USD,169933.52,18604.51,19271.38,169933.52,19271.38
PT005111,T0454,2023-07-19,USD,111399.74,11630.42,18228.16,111399.74,18228.16
PT005036,T0447,2025-06-24,EUR,429256.476,30428.352000000003,123914.50200000001,429256.476,123914.50200000001
PT006044,T0534,2025-02-21,USD,70945.67,5335.38,16487.07,70945.67,16487.07
PT005412,T0480,2023-05-11,EUR,58485.564000000006,6355.724400000001,3231.6948,58485.564000000006,3231.6948
PT000384,T0034,2023-01-25,USD,32386.44,3553.96,3545.04,32386.44,3545.04
PT007229,T0641,2022-07-13,USD,59408.06,7018.04,15060.22,59408.06,15060.22
PT002608,T0233,2024-12-05,USD,205917.56,21692.47,11670.32,205917.56,11670.32
PT002297,T0205,2024-04-07,USD,189934.44,17759.27,44138.05,189934.44,44138.05
PT007604,T0673,2024-08-09,EUR,136476.5976,10902.2976,13130.521200000001,136476.5976,13130.521200000001
PT005523,T0489,2023-04-29,EUR,275215.3092,27767.448,19233.320400000004,275215.3092,19233.320400000008
PT003633,T0323,2023-12-08,USD,87122.53,10056.82,9355.37,87122.53,9355.37
PT003724,T0331,2024-09-26,USD,70372.5,4784.72,16632.04,70372.5,16632.04
PT004579,T0407,2025-09-28,GBP,218877.1213,15511.500600000001,11592.56,218877.1213,11592.56
PT005637,T0499,2022-05-28,EUR,63398.8404,4951.854,19370.3184,63398.8404,19370.3184
PT005071,T0450,2025-04-06,USD,1740983.88,102684.64,510880.2,1740983.88,510880.19999999995
PT005413,T0480,2023-06-11,EUR,58485.564000000006,6355.724400000001,3231.6948,58485.564000000006,3231.6948
PT002776,T0247,2023-03-14,GBP,132705.2591,8518.017,21808.4146,132705.2591,21808.4146
PT006251,T0553,2025-05-21,USD,377837.2,30062.44,115287.92,377837.2,115287.92
PT004296,T0381,2025-02-15,USD,196717.43,18224.67,21941.46,196717.43,21941.46
PT006963,T0616,2025-02-07,EUR,72260.4456,6743.109600000001,20403.6732,72260.4456,20403.6732
PT007372,T0653,2021-10-30,USD,200045.25,11619.93,32003.36,200045.25,32003.36
PT003412,T0302,2024-04-06,EUR,68355.17640000001,8043.861600000001,7979.742,68355.17640000001,7979.742
PT003388,T0300,2024-11-24,USD,323465.09,23267.74,58876.71,323465.09,58876.71
PT004662,T0413,2026-08-23,GBP,150353.2299,9072.7276,12448.971800000001,150353.2299,12448.971800000001
PT001366,T0124,2025-07-23,USD,242444.09,21410.19,46045.57,242444.09,46045.57
PT000733,T0067,2024-03-27,INR,348799.92528,22527.78516,102905.25564,348799.92528,102905.25564
PT006235,T0551,2022-02-06,EUR,283802.0112,20894.5224,70113.8484,283802.0112,70113.8484
PT003648,T0324,2024-06-14,USD,463519.43,50432.76,41052.76,463519.43,41052.76
PT004077,T0361,2021-10-20,USD,55805.28,6687.45,12734.32,55805.28,12734.32
PT005421,T0481,2022-09-01,USD,87754.02,9506.11,10306.4,87754.02,10306.4
PT004348,T0386,2024-03-25,EUR,195757.722,15492.643200000002,44076.4092,195757.722,44076.4092
PT006286,T0556,2025-01-07,USD,46277.07,2384.49,4639.52,46277.07,4639.52
PT000757,T0069,2025-11-15,USD,42534.31,4242.26,3766.99,42534.31,3766.9899999999993
PT001060,T0096,2023-08-01,EUR,36316.3608,3038.9040000000005,9109.3572,36316.3608,9109.3572
PT003692,T0329,2024-11-20,USD,84586.82,7675.4,26351.14,84586.82,26351.14
PT004542,T0403,2026-09-25,USD,54050.68,4910.21,14314.55,9008.45,2385.75921611902
PT007145,T0634,2024-11-17,USD,86475.79,6479.81,5506.45,86475.79,5506.45
PT007747,T0686,2025-10-21,USD,93492.9,6441.59,10100.38,93492.9,10100.38
PT002200,T0196,2022-11-17,EUR,23012.154000000002,1996.4556,2551.5432,23012.154000000002,2551.5432
PT007825,T0693,2022-02-07,USD,42620.19,2540.92,12492.82,42620.19,12492.82
PT002016,T0181,2024-08-27,USD,69970.88,6168.94,22359.58,69970.88,22359.58
PT002853,T0254,2023-08-21,USD,109602.92,8849.87,32804.38,109602.92,32804.38
PT001407,T0127,2024-08-05,USD,387593.45,24881.69,43903.99,387593.45,43903.99
PT005492,T0486,2025-03-11,USD,67621.99,7385.43,5034.98,67621.99,5034.98
PT006707,T0594,2026-01-26,EUR,81352.28520000001,4082.3028,23608.130400000002,81352.28520000001,23608.130400000002
PT004495,T0399,2022-03-28,USD,191901.87,16437.79,13105.15,191901.87,13105.15
PT005220,T0464,2022-06-03,USD,497387.85,39696.85,158870.18,497387.85,158870.18
PT001527,T0139,2021-07-19,EUR,45378.090000000004,5271.9876,3777.3324000000007,45378.090000000004,3777.3324
PT007269,T0644,2025-02-28,USD,74853.06,4125.74,14760.53,74853.06,14760.530000000002
PT003751,T0334,2023-04-28,USD,119582.26,13029.32,20217.47,119582.26,20217.47
PT007408,T0656,2022-06-30,USD,104895.23,10394.92,18702.49,104895.23,18702.49
PT007371,T0652,2025-12-30,INR,207270.46008,17772.62796,20111.18928,207270.46008,20111.18928
PT002559,T0228,2026-09-08,USD,56871.73,5226.34,6261.03,41705.94,4591.422513755077
PT002484,T0221,2025-04-24,USD,139529.4,11332.89,36862.29,139529.4,36862.29
PT006598,T0584,2025-03-01,USD,16666.67,1648.01,2986.37,16666.67,2986.37
PT001356,T0123,2023-04-03,USD,115963.04,13371.16,36995.43,115963.04,36995.43
PT001068,T0097,2025-07-26,EUR,42736.9392,4385.8584,3535.3692,42736.9392,3535.3692
PT002250,T0200,2026-05-30,USD,942775.26,59269.05,63291.85,942775.26,63291.85
PT007641,T0676,2022-07-07,USD,84894.67,4885.43,4275.73,84894.67,4275.73
PT006265,T0554,2022-06-17,EUR,16666.668,1677.9636000000003,1726.38,16666.668,1726.38
PT004017,T0356,2025-12-18,USD,244134.22,14746.53,40828.59,244134.22,40828.590000000004
PT004728,T0419,2021-10-24,USD,22504.6,1617.69,1774.43,22504.6,1774.43
PT000761,T0069,2026-03-15,USD,42534.31,4242.26,3766.99,42534.31,3766.9899999999993
PT006358,T0562,2023-12-07,USD,71602.38,7690.42,19204.19,71602.38,19204.19
PT002785,T0247,2023-12-14,GBP,132705.2591,8518.017,21808.4146,132705.2591,21808.4146
PT000979,T0088,2022-02-26,USD,58920.03,3848.02,9302.07,58920.03,9302.070000000002
PT004109,T0365,2025-07-13,EUR,216122.6988,24557.6124,17069.184,216122.6988,17069.184
PT002005,T0180,2025-03-03,EUR,73219.2912,7137.547200000001,3819.8196000000003,73219.2912,3819.8196000000003
PT001770,T0160,2024-08-07,USD,186346.27,19284.1,29635.64,186346.27,29635.64
PT001410,T0128,2024-02-24,EUR,47205.9036,4711.0896,3101.8572000000004,47205.9036,3101.8572000000004
PT007549,T0669,2022-02-10,USD,107508.6,10354.64,29073.6,107508.6,29073.6
PT004129,T0366,2025-05-09,USD,244109.16,19467.39,14871.27,244109.16,14871.27
PT006522,T0576,2021-12-03,USD,39886.88,3832.07,4052.85,39886.88,4052.85
PT006857,T0608,2023-09-20,USD,82680.31,6098.48,22186.43,82680.31,22186.43
PT001555,T0141,2024-10-12,USD,354720.62,34491.93,91937.83,354720.62,91937.83
PT003568,T0316,2022-07-29,USD,90076.31,4710.36,25250.23,90076.31,25250.23
PT005225,T0464,2022-11-03,USD,497387.85,39696.85,158870.18,497387.85,158870.18
PT002271,T0203,2025-05-12,INR,81116.88636,7393.60428,24229.13652,81116.88636,24229.136519999996
PT003223,T0285,2024-09-06,USD,98525.36,7455.61,7850.62,98525.36,7850.62
PT005177,T0459,2025-11-19,USD,58540.51,3583.8,6023.75,58540.51,6023.75
PT005035,T0446,2026-09-24,USD,88269.93,6580.64,6268.7,17653.99,1253.7402840695581
PT003718,T0331,2024-03-26,USD,70372.5,4784.72,16632.04,70372.5,16632.04
PT000705,T0065,2023-04-27,INR,101871.05219999999,8900.35176,5778.8052,101871.05219999999,5778.8052
PT007804,T0692,2024-01-11,EUR,88247.502,10282.9284,8868.3228,88247.502,8868.3228
PT003273,T0289,2025-04-04,USD,150696.38,16082.38,25618.89,150696.38,25618.89
PT005638,T0499,2022-06-28,EUR,63398.8404,4951.854,19370.3184,63398.8404,19370.3184
PT005670,T0502,2023-12-05,INR,24507.44568,1305.396,4751.335080000001,24507.44568,4751.335080000001
PT004677,T0415,2023-07-14,INR,213883.13232,22951.61244,12627.97956,213883.13232,12627.97956
PT006063,T0536,2025-11-08,USD,182296.07,13374.97,19208.55,182296.07,19208.55
PT007738,T0685,2025-05-28,EUR,202084.092,18129.711600000002,57382.516800000005,202084.092,57382.51680000001
PT005075,T0450,2025-08-06,USD,1740983.88,102684.64,510880.2,1740983.88,510880.19999999995
PT002040,T0183,2025-07-02,USD,100544.26,7921.3,23011.91,100544.26,23011.91
PT006979,T0618,2024-02-08,EUR,51158.72520000001,3618.1404,2574.9468,51158.72520000001,2574.9468
PT004356,T0386,2024-11-25,EUR,195757.722,15492.643200000002,44076.4092,195757.722,44076.4092
PT006616,T0586,2024-01-24,EUR,24059.7972,1420.6968000000002,5402.7324,24059.7972,5402.7324
PT003953,T0351,2023-05-15,INR,188542.674,11481.73296,49336.569599999995,188542.674,49336.569599999995
PT003120,T0276,2025-04-15,USD,391095.49,24727.88,114385.11,391095.49,114385.11
PT006060,T0536,2025-08-08,USD,182296.07,13374.97,19208.55,182296.07,19208.55
PT003923,T0348,2024-10-08,USD,53506.37,6190.83,14710.6,53506.37,14710.6
PT002127,T0190,2023-12-26,USD,60568.52,6162.37,3679.2,60568.52,3679.2
PT007031,T0623,2026-08-27,USD,82546.71,4670.13,15920.29,82546.71,15920.29
PT003996,T0354,2023-01-13,USD,283479.26,27441.07,31130.81,283479.26,31130.81
PT003535,T0314,2021-03-05,USD,60214.64,3811.84,18101.91,60214.64,18101.91
PT006095,T0540,2024-01-27,USD,157852.37,10641.33,14161.75,157852.37,14161.75
PT002164,T0193,2023-06-29,USD,348250.65,26073.42,111122.34,348250.65,111122.34
PT006492,T0574,2023-10-13,EUR,74709.0108,5099.3928000000005,22335.3936,74709.0108,22335.3936
PT000695,T0064,2026-01-28,USD,266916.23,28893.26,60094.03,266916.23,60094.03
PT007299,T0646,2026-05-02,EUR,167525.4204,10216.972800000001,31253.644800000002,167525.4204,31253.644800000002
PT900009,T0037,2025-06-14,EUR,117868.0788,14087.109600000002,31910.3388,117868.0788,31910.3388
PT001812,T0163,2025-11-03,USD,256698.41,22686.78,13846.37,256698.41,13846.37
PT004593,T0408,2025-10-01,USD,162808.34,14928.65,46526.66,162808.34,46526.66
PT002889,T0257,2025-10-11,USD,128661.19,10905.21,12240.97,128661.19,12240.97
PT006843,T0606,2026-09-16,GBP,51042.9764,3348.8884000000003,12258.2559,23820.056500000002,5720.51962333173
PT001077,T0098,2022-06-29,EUR,185903.92080000002,20579.9508,55086.2208,185903.92080000002,55086.2208
PT003275,T0289,2025-06-04,USD,150696.38,16082.38,25618.89,150696.38,25618.89
PT000530,T0046,2026-08-26,EUR,45371.383200000004,4954.8132000000005,7496.4096,45371.383200000004,7496.4096
PT005834,T0516,2024-04-21,USD,222239.07,18226.64,17889.86,222239.07,17889.86
PT006840,T0606,2026-06-16,GBP,51042.9764,3348.8884000000003,12258.2559,51042.9764,12258.2559
PT006015,T0532,2024-05-01,EUR,78526.4112,6675.1128,6333.411600000001,78526.4112,6333.411600000001
PT005999,T0530,2026-09-04,USD,28789.83,3445.91,6971.98,24951.19,6042.383635339284
PT007444,T0659,2023-02-10,EUR,40187.89080000001,3675.8988000000004,4231.8936,40187.89080000001,4231.893600000001
PT006084,T0538,2023-04-15,USD,524519.39,52489.55,54640.59,524519.39,54640.59
PT007873,T0698,2022-10-14,USD,38307.16,2839.08,9651.25,38307.16,9651.25
PT002681,T0239,2024-06-30,USD,298312.51,28039.4,66631.38,298312.51,66631.38
PT002464,T0220,2025-05-19,EUR,37204.768800000005,3899.0052000000005,4169.1348,37204.768800000005,4169.1348
PT006272,T0554,2023-01-17,EUR,16666.668,1677.9636000000003,1726.38,16666.668,1726.38
PT000526,T0046,2026-04-26,EUR,45371.383200000004,4954.8132000000005,7496.4096,45371.383200000004,7496.4096
PT001649,T0149,2023-02-07,USD,74747.37,8122.76,7843.28,74747.37,7843.28
PT007260,T0643,2025-10-27,EUR,184836.81600000002,10668.002400000001,17106.66,184836.81600000002,17106.66
PT005753,T0509,2022-07-06,USD,107584.35,11429.17,32962.22,107584.35,32962.22
PT001885,T0169,2025-05-14,EUR,55069.783200000005,3018.0168000000003,10367.773200000001,55069.783200000005,10367.773200000001
PT006334,T0560,2024-07-26,INR,124713.66528,8637.84912,6831.617160000001,124713.66528,6831.617160000001
PT001870,T0168,2025-10-16,USD,132540.71,11146.42,41511.01,132540.71,41511.01
PT004310,T0383,2022-04-21,USD,235819.9,15513.8,75436.23,235819.9,75436.23
PT002087,T0187,2025-09-19,INR,108354.13452,11837.04024,10950.131519999999,108354.13452,10950.131519999999
PT003664,T0326,2023-08-23,USD,47847.46,4589.37,8420.16,47847.46,8420.16
PT003440,T0304,2023-12-24,USD,86092.33,7559.76,5957.09,86092.33,5957.09
PT002220,T0198,2025-12-08,USD,103454.16,7717.55,5920.95,103454.16,5920.949999999999
PT006636,T0587,2024-08-27,EUR,85837.42800000001,9604.753200000001,15158.664,85837.42800000001,15158.664
PT003438,T0304,2023-10-24,USD,86092.33,7559.76,5957.09,86092.33,5957.09
PT001593,T0144,2022-11-05,USD,264856.71,13851.13,59316.25,264856.71,59316.25
PT004739,T0420,2023-10-17,EUR,117195.72480000001,6784.4736,19073.0268,117195.72480000001,19073.0268
PT000020,T0003,2021-04-09,EUR,97996.662,8045.362800000001,28282.7808,97996.662,28282.7808
PT006604,T0585,2025-03-22,EUR,85540.2984,5655.474,21828.1608,85540.2984,21828.1608
PT001429,T0129,2024-12-08,USD,47242.56,2502.85,3933.02,47242.56,3933.0200000000004
PT004584,T0407,2026-02-28,GBP,218877.1213,15511.500600000001,11592.56,218877.1213,11592.56
PT900003,T0020,2025-06-16,USD,363245.55,40202.6,42654.03,363245.55,42654.03
PT002332,T0208,2025-06-25,USD,177433.96,9587.12,56726.86,177433.96,56726.86
PT005398,T0479,2025-09-06,GBP,43783.5294,3677.285,2636.4438,43783.5294,2636.4438
PT006161,T0545,2021-11-19,EUR,580308.9696000001,35762.75280000001,179877.95280000003,580308.9696000001,179877.95280000003
PT006149,T0544,2021-09-01,USD,527092.34,62504.8,117398.4,527092.34,117398.4
PT005660,T0501,2026-01-27,USD,76078.73,3869.15,18723.02,76078.73,18723.02
PT001170,T0106,2026-05-11,USD,149053.76,11617.8,34804.62,149053.76,34804.62
PT004627,T0411,2022-03-21,EUR,142965.8424,11788.934400000002,44750.9124,142965.8424,44750.9124
PT005749,T0508,2025-09-23,USD,44656.27,4798.38,5261.57,44656.27,5261.57
PT002718,T0242,2024-03-27,USD,219074.17,21806.13,50070.66,219074.17,50070.66
PT007527,T0666,2024-08-07,GBP,188814.9767,22129.419800000003,13247.827200000002,188814.9767,13247.827200000002
PT005890,T0521,2024-12-03,USD,192812.14,14528.12,42703.02,192812.14,42703.02
PT002173,T0194,2026-03-21,EUR,81462.59640000001,5624.434800000001,17943.822000000004,81462.59640000001,17943.822000000004
PT007465,T0661,2025-11-06,EUR,132803.9496,15695.672400000001,15396.382800000001,132803.9496,15396.382800000001
PT006027,T0533,2024-06-23,USD,417453.7,28596.79,125312.3,417453.7,125312.3
PT003711,T0330,2024-12-31,USD,30616.55,3130.91,3198.85,30616.55,3198.85
PT007620,T0674,2022-02-15,EUR,44131.00320000001,2683.8756000000003,3010.6296,44131.00320000001,3010.6296
PT000948,T0086,2023-10-16,USD,160730.09,17511.68,29798.1,160730.09,29798.1
PT001996,T0179,2025-06-11,USD,239867.29,16929.17,61772.5,239867.29,61772.49999999999
PT002495,T0222,2025-08-24,EUR,87822.5436,8147.044800000001,16989.6744,87822.5436,16989.6744
PT005372,T0476,2022-08-15,EUR,67957.92,6304.2083999999995,6820.394400000001,67957.92,6820.394400000001
PT007032,T0623,2026-09-27,USD,82546.71,4670.13,15920.29,8254.67,1592.028807135984
PT007577,T0671,2023-07-30,USD,90526.2,10551.45,10506.35,90526.2,10506.35
PT005276,T0468,2022-01-11,USD,196119.25,10716.9,52787.65,196119.25,52787.65
PT006264,T0554,2022-05-17,EUR,16666.668,1677.9636000000003,1726.38,16666.668,1726.38
PT007308,T0647,2023-04-29,USD,197134.2,16814.11,18042.62,197134.2,18042.62
PT000905,T0082,2025-05-25,USD,160606.71,8481.1,12265.76,160606.71,12265.76
PT000084,T0008,2026-06-11,USD,24607.49,2216.37,7825.25,24607.49,7825.25
PT006164,T0545,2022-02-19,EUR,580308.9696000001,35762.75280000001,179877.95280000003,580308.9696000001,179877.95280000003
PT005678,T0502,2024-08-05,INR,24507.44568,1305.396,4751.335080000001,24507.44568,4751.335080000001
PT006819,T0604,2022-10-27,EUR,58713.62760000001,4365.403200000001,17900.211600000002,58713.62760000001,17900.211600000002
PT002973,T0264,2023-12-03,EUR,200294.28360000002,14614.473600000001,14117.068800000001,200294.28360000002,14117.068800000001
PT007006,T0621,2021-06-27,EUR,143741.412,8065.332,41830.938,143741.412,41830.938
PT002291,T0205,2023-10-07,USD,189934.44,17759.27,44138.05,189934.44,44138.05
PT005777,T0511,2021-06-21,USD,334493.39,22458.58,77322.03,334493.39,77322.03
PT007398,T0655,2022-07-02,EUR,88407.28800000002,7925.2452,6952.338000000001,88407.28800000002,6952.338000000001
PT001524,T0138,2026-07-12,USD,162801.26,9812.36,8622.64,162801.26,8622.64
PT004022,T0356,2026-05-18,USD,244134.22,14746.53,40828.59,244134.22,40828.590000000004
PT001389,T0126,2023-06-24,USD,67627.15,4116.99,6135.2,67627.15,6135.2
PT001024,T0093,2023-03-19,USD,88465.05,6576.24,8373.71,88465.05,8373.71
PT001626,T0147,2022-05-05,USD,63597.51,5023.72,17822.63,63597.51,17822.63
PT005657,T0500,2025-10-11,USD,329498.64,36506.79,80622.15,329498.64,80622.15
PT003469,T0307,2026-02-21,USD,117182.12,13660.29,8467.45,117182.12,8467.45
PT001147,T0104,2021-03-21,USD,29416.17,2892.44,7046.63,29416.17,7046.63
PT000679,T0062,2026-07-03,USD,53697.94,5657.17,16823.03,53697.94,16823.03
PT003707,T0330,2024-08-31,USD,30616.55,3130.91,3198.85,30616.55,3198.85
PT003640,T0324,2023-10-14,USD,463519.43,50432.76,41052.76,463519.43,41052.76
PT005179,T0459,2026-01-19,USD,58540.51,3583.8,6023.75,58540.51,6023.75
PT004025,T0357,2023-02-18,INR,351362.86152000003,26010.802440000003,86410.13448000001,351362.86152000003,86410.13448000001
PT007133,T0633,2025-08-01,USD,101645.68,10260.41,6933.47,101645.68,6933.47
PT004570,T0406,2025-08-08,GBP,96798.77769999999,6511.9377,30213.1349,96798.77769999999,30213.1349
PT005165,T0458,2021-08-17,USD,84272.84,8772.44,22733.1,84272.84,22733.1
PT005434,T0482,2023-06-18,USD,151505.21,8151.24,26378.52,151505.21,26378.52
PT001669,T0151,2022-08-06,USD,217258.83,17594.91,51837.4,217258.83,51837.40000000001
PT007445,T0659,2023-03-10,EUR,40187.89080000001,3675.8988000000004,4231.8936,40187.89080000001,4231.893600000001
PT001778,T0160,2025-04-07,USD,186346.27,19284.1,29635.64,186346.27,29635.64
PT001515,T0138,2025-10-12,USD,162801.26,9812.36,8622.64,162801.26,8622.64
PT005189,T0460,2024-11-01,EUR,217483.974,12521.887200000001,25337.404800000004,217483.974,25337.404800000008
PT000378,T0033,2025-02-01,USD,148341.91,8852.21,27528.98,148341.91,27528.98
PT001556,T0141,2024-11-12,USD,354720.62,34491.93,91937.83,354720.62,91937.83
PT003144,T0278,2022-11-13,USD,182548.19,15677.0,46128.46,182548.19,46128.46
PT007112,T0631,2023-01-10,USD,36017.19,2058.13,2236.99,36017.19,2236.99
PT005531,T0490,2026-03-14,EUR,79198.2792,6576.9408,5779.296,79198.2792,5779.296
PT005324,T0472,2024-12-02,USD,77485.97,4901.1,24461.46,77485.97,24461.46
PT002659,T0237,2024-08-30,USD,198812.87,19628.43,45755.49,198812.87,45755.49
PT005329,T0473,2024-08-06,GBP,141269.593,10608.1957,15021.1409,141269.593,15021.1409
PT006067,T0536,2026-03-08,USD,182296.07,13374.97,19208.55,182296.07,19208.55
PT001725,T0156,2024-05-27,USD,268263.15,26998.06,27525.51,268263.15,27525.51
PT005380,T0477,2023-03-15,EUR,74123.4348,6291.7992,17409.481200000002,74123.4348,17409.481200000002
PT003497,T0309,2021-10-15,EUR,34205.662800000006,2846.2212,1790.4564,34205.662800000006,1790.4564
PT005525,T0489,2023-06-29,EUR,275215.3092,27767.448,19233.320400000004,275215.3092,19233.320400000008
PT001592,T0144,2022-10-05,USD,264856.71,13851.13,59316.25,264856.71,59316.25
PT002990,T0265,2022-03-23,USD,157995.05,7944.03,10333.41,157995.05,10333.41
PT004045,T0358,2026-09-30,USD,192784.05,10605.26,46450.02,0.0,0.0
PT900043,T0204,2025-06-18,USD,117742.81,9445.05,29681.04,117742.81,29681.04
PT003231,T0285,2025-05-06,USD,98525.36,7455.61,7850.62,98525.36,7850.62
PT006040,T0534,2024-10-21,USD,70945.67,5335.38,16487.07,70945.67,16487.07
PT007073,T0627,2025-04-16,USD,96234.84,7577.87,25907.27,96234.84,25907.27
PT004685,T0415,2024-03-14,INR,213883.13232,22951.61244,12627.97956,213883.13232,12627.97956
PT002890,T0257,2025-11-11,USD,128661.19,10905.21,12240.97,128661.19,12240.97
PT000947,T0085,2026-09-28,INR,215488.21932,17487.11112,19333.8978,14365.88124,1288.9265156933743
PT002194,T0196,2022-05-17,EUR,23012.154000000002,1996.4556,2551.5432,23012.154000000002,2551.5432
PT002532,T0225,2024-11-12,EUR,41027.3748,3347.46,2784.2400000000002,41027.3748,2784.2400000000002
PT007105,T0630,2023-01-06,USD,82243.7,5508.43,6925.59,82243.7,6925.59
PT004788,T0424,2024-06-06,USD,348422.41,24441.94,33784.6,348422.41,33784.6
PT004069,T0360,2025-04-30,USD,112545.98,11216.21,18415.27,112545.98,18415.27
PT007341,T0650,2023-09-28,USD,57512.38,5066.35,17936.64,57512.38,17936.64
PT004767,T0422,2023-02-11,USD,456262.98,32597.36,31810.22,456262.98,31810.22
PT002917,T0259,2025-09-04,EUR,629069.7384,33598.9728,145226.19600000003,629069.7384,145226.19600000003
PT007632,T0675,2022-07-14,USD,108287.57,6901.07,12510.11,108287.57,12510.110000000002
PT007218,T0640,2025-05-10,EUR,660991.0284000001,42428.512800000004,205166.45520000003,660991.0284000001,205166.45520000003
PT005147,T0457,2022-09-05,USD,72334.97,5795.18,5924.37,72334.97,5924.37
PT001001,T0090,2026-04-16,USD,340739.27,29928.28,89881.62,340739.27,89881.62
PT006367,T0562,2024-09-07,USD,71602.38,7690.42,19204.19,71602.38,19204.19
PT000608,T0056,2024-10-19,USD,62766.84,3225.19,6071.08,62766.84,6071.08
PT001562,T0141,2025-05-12,USD,354720.62,34491.93,91937.83,354720.62,91937.83
PT005280,T0469,2024-03-05,USD,25087.82,2721.06,1601.7,25087.82,1601.7
PT007367,T0652,2025-08-30,INR,207270.46008,17772.62796,20111.18928,207270.46008,20111.18928
PT004338,T0385,2025-05-23,USD,378653.5,24852.01,94448.41,378653.5,94448.40999999999
PT005404,T0479,2026-03-06,GBP,43783.5294,3677.285,2636.4438,43783.5294,2636.4438
PT000379,T0033,2025-03-01,USD,148341.91,8852.21,27528.98,148341.91,27528.98
PT005549,T0491,2025-06-03,USD,110583.03,5928.64,9812.9,110583.03,9812.9
PT005846,T0517,2024-07-14,EUR,33855.3648,1832.0904000000003,10447.682400000002,33855.3648,10447.682400000002
PT006417,T0567,2024-09-16,INR,85901.69076000001,7489.983480000001,24422.53512,85901.69076000001,24422.53512
PT002375,T0212,2025-05-03,EUR,307665.0648,18765.043200000004,35054.337600000006,307665.0648,35054.3376
PT004438,T0394,2023-03-01,USD,119799.86,13253.69,6016.89,119799.86,6016.89
PT002632,T0235,2022-04-18,USD,69568.86,8124.78,4278.33,69568.86,4278.33
PT006469,T0571,2024-02-22,USD,36495.53,3294.75,2227.51,36495.53,2227.51
PT007401,T0655,2022-10-02,EUR,88407.28800000002,7925.2452,6952.338000000001,88407.28800000002,6952.338000000001
PT002963,T0263,2026-04-30,EUR,41629.4532,2296.2744,2829.438,41629.4532,2829.438
PT006853,T0607,2026-04-03,EUR,256165.95600000003,25993.9908,15979.4856,256165.95600000003,15979.4856
PT003295,T0291,2025-01-11,USD,241151.35,21511.67,17898.27,241151.35,17898.27
PT001451,T0132,2025-10-28,USD,22783.62,1489.38,2308.41,22783.62,2308.41
PT005608,T0496,2026-02-05,USD,121892.83,13916.04,32505.24,121892.83,32505.24
PT007366,T0652,2025-07-30,INR,207270.46008,17772.62796,20111.18928,207270.46008,20111.18928
PT001418,T0128,2024-10-24,EUR,47205.9036,4711.0896,3101.8572000000004,47205.9036,3101.8572000000004
PT002733,T0243,2026-05-06,USD,309912.87,23450.53,16064.06,309912.87,16064.06
PT007766,T0687,2022-11-28,USD,369973.65,33132.9,96139.32,369973.65,96139.32
PT004773,T0423,2025-11-23,USD,320347.69,24300.72,22697.03,320347.69,22697.03
PT004893,T0433,2025-03-07,USD,50396.95,2574.16,15116.39,50396.95,15116.39
PT002774,T0247,2023-01-14,GBP,132705.2591,8518.017,21808.4146,132705.2591,21808.4146
PT006012,T0532,2024-02-01,EUR,78526.4112,6675.1128,6333.411600000001,78526.4112,6333.411600000001
PT005322,T0472,2024-10-02,USD,77485.97,4901.1,24461.46,77485.97,24461.46
PT000079,T0008,2026-01-11,USD,24607.49,2216.37,7825.25,24607.49,7825.25
PT007887,T0699,2024-07-13,USD,324235.24,22202.35,30298.2,324235.24,30298.200000000004
PT002709,T0241,2023-11-30,USD,110607.31,12757.14,16933.35,110607.31,16933.35
PT007622,T0675,2021-09-14,USD,108287.57,6901.07,12510.11,108287.57,12510.110000000002
PT002971,T0264,2023-10-03,EUR,200294.28360000002,14614.473600000001,14117.068800000001,200294.28360000002,14117.068800000001
PT003225,T0285,2024-11-06,USD,98525.36,7455.61,7850.62,98525.36,7850.62
PT000187,T0017,2022-11-28,EUR,57802.14000000001,4259.5524000000005,3125.2176,57802.14000000001,3125.2176
PT000116,T0011,2022-08-04,EUR,156784.62600000002,12574.008000000002,16481.2428,156784.62600000002,16481.2428
PT002306,T0206,2022-05-14,INR,71880.93324,6359.81928,19616.58984,71880.93324,19616.589839999997
PT005927,T0524,2025-07-26,USD,89971.66,7949.52,28585.0,89971.66,28584.999999999996
PT003178,T0281,2022-07-06,EUR,103398.1632,7430.9292000000005,5282.6796,103398.1632,5282.6796
PT001445,T0130,2024-02-29,USD,79586.62,4046.47,4078.84,79586.62,4078.8400000000006
PT006406,T0566,2022-12-08,EUR,166501.25639999998,11438.031600000002,29756.030400000003,166501.25639999998,29756.030400000003
PT000335,T0030,2024-12-13,USD,81309.53,4438.45,4651.73,81309.53,4651.73
PT000636,T0058,2026-03-07,USD,18286.12,1426.4,4609.0,18286.12,4609.0
PT007005,T0621,2021-05-27,EUR,143741.412,8065.332,41830.938,143741.412,41830.938
PT007683,T0680,2023-03-21,USD,164633.16,18206.15,15241.0,164633.16,15241.0
PT000652,T0059,2023-10-09,USD,231399.98,26353.46,21810.41,231399.98,21810.41
PT003749,T0333,2022-04-19,USD,311979.04,22071.62,55779.26,311979.04,55779.26
PT003456,T0305,2024-12-22,USD,194597.27,17781.41,59078.2,194597.27,59078.19999999999
PT006862,T0608,2024-02-20,USD,82680.31,6098.48,22186.43,82680.31,22186.43
PT003228,T0285,2025-02-06,USD,98525.36,7455.61,7850.62,98525.36,7850.62
PT001546,T0140,2021-08-19,EUR,191309.73120000004,13308.289200000001,31172.3532,191309.73120000004,31172.3532
PT000326,T0029,2025-07-26,USD,101233.74,6373.93,10834.51,101233.74,10834.51
PT002593,T0231,2021-10-14,USD,222276.24,13343.45,52763.42,222276.24,52763.42
PT006675,T0591,2023-02-14,USD,92498.11,7243.65,6562.69,92498.11,6562.6900000000005
PT003476,T0307,2026-09-21,USD,117182.12,13660.29,8467.45,35154.64,2540.235289035563
PT006297,T0557,2025-08-14,EUR,89634.4596,7219.9836000000005,28441.5624,89634.4596,28441.5624
PT001181,T0107,2025-05-04,USD,222938.83,15919.17,67960.24,222938.83,67960.24
PT007542,T0668,2025-07-19,INR,95437.28808,11111.225279999999,9710.4072,95437.28808,9710.4072
PT001190,T0108,2022-05-14,USD,293289.08,30048.84,29954.78,293289.08,29954.78
PT007370,T0652,2025-11-30,INR,207270.46008,17772.62796,20111.18928,207270.46008,20111.18928
PT003445,T0304,2024-05-24,USD,86092.33,7559.76,5957.09,86092.33,5957.09
PT006908,T0612,2022-10-15,USD,251024.5,16010.59,17141.95,251024.5,17141.95
PT004950,T0438,2025-02-21,USD,162177.65,8887.21,16775.18,162177.65,16775.18
PT003523,T0311,2025-09-26,INR,166053.26364000002,13644.31452,8528.235,166053.26364000002,8528.234999999999
PT005768,T0510,2022-11-08,USD,93349.78,5357.56,21604.83,93349.78,21604.83
PT006076,T0537,2026-09-04,USD,79323.94,8994.41,14174.8,68747.41,12284.825832756163
PT004636,T0411,2022-12-21,EUR,142965.8424,11788.934400000002,44750.9124,142965.8424,44750.9124
PT000801,T0073,2021-03-19,EUR,811357.5276,47117.8404,250576.8588,811357.5276,250576.85880000005
PT005530,T0490,2026-02-14,EUR,79198.2792,6576.9408,5779.296,79198.2792,5779.296
PT006483,T0572,2025-11-08,EUR,99248.9544,5597.931600000001,10682.766000000001,99248.9544,10682.766000000001
PT006399,T0565,2025-11-27,USD,73299.9,7460.78,21673.63,73299.9,21673.63
PT004916,T0435,2023-08-26,USD,110380.5,6058.64,28401.07,110380.5,28401.069999999996
PT000118,T0011,2022-10-04,EUR,156784.62600000002,12574.008000000002,16481.2428,156784.62600000002,16481.2428
PT007649,T0677,2023-05-05,USD,100715.03,6782.36,22735.4,100715.03,22735.4
PT001588,T0144,2022-06-05,USD,264856.71,13851.13,59316.25,264856.71,59316.25
PT003400,T0301,2025-05-23,USD,21863.27,1654.41,1490.77,21863.27,1490.77
PT002036,T0183,2025-03-02,USD,100544.26,7921.3,23011.91,100544.26,23011.91
PT900140,T0646,2025-06-02,EUR,167525.4204,10216.972800000001,31253.644800000002,167525.4204,31253.644800000002
PT002421,T0216,2024-03-28,USD,61875.35,3459.68,11119.3,61875.35,11119.300000000001
PT001310,T0118,2025-01-19,USD,296970.76,29038.15,17656.57,296970.76,17656.57
PT005831,T0516,2024-01-21,USD,222239.07,18226.64,17889.86,222239.07,17889.86
PT007098,T0630,2022-06-06,USD,82243.7,5508.43,6925.59,82243.7,6925.59
PT006770,T0600,2025-02-15,USD,133469.55,10158.65,8364.09,133469.55,8364.09
PT002022,T0181,2025-02-27,USD,69970.88,6168.94,22359.58,69970.88,22359.58
PT900028,T0143,2025-06-15,USD,122124.19,7498.42,12206.44,122124.19,12206.44
PT001907,T0171,2023-04-30,USD,28457.63,2732.31,2228.21,28457.63,2228.21
PT000454,T0040,2025-03-09,USD,71386.65,4315.76,5543.21,71386.65,5543.21
PT007579,T0671,2023-09-30,USD,90526.2,10551.45,10506.35,90526.2,10506.35
PT003759,T0334,2023-12-28,USD,119582.26,13029.32,20217.47,119582.26,20217.47
PT004892,T0433,2025-02-07,USD,50396.95,2574.16,15116.39,50396.95,15116.39
PT006706,T0593,2024-03-11,USD,284389.73,16967.92,83218.37,284389.73,83218.37
PT007101,T0630,2022-09-06,USD,82243.7,5508.43,6925.59,82243.7,6925.59
PT006310,T0558,2021-03-14,USD,100485.76,10623.18,28727.27,100485.76,28727.27
PT004669,T0414,2025-06-15,USD,62180.47,4664.26,19590.88,62180.47,19590.88
PT004715,T0418,2021-09-16,USD,66109.2,5957.54,10340.44,66109.2,10340.44
PT005174,T0459,2025-08-19,USD,58540.51,3583.8,6023.75,58540.51,6023.75
PT006140,T0543,2026-08-25,USD,83089.93,7227.2,8874.83,83089.93,8874.83
PT003453,T0305,2024-09-22,USD,194597.27,17781.41,59078.2,194597.27,59078.19999999999
PT002517,T0224,2025-10-23,USD,417953.99,48966.05,108261.62,417953.99,108261.62
PT005296,T0470,2026-05-01,EUR,590406.5916,61040.347200000004,68867.09640000001,590406.5916,68867.09640000001
PT005389,T0478,2023-03-04,USD,95633.43,6439.71,29130.43,95633.43,29130.43
PT005818,T0514,2021-08-06,USD,94523.62,8172.93,18853.85,94523.62,18853.85
PT002293,T0205,2023-12-07,USD,189934.44,17759.27,44138.05,189934.44,44138.05
PT006720,T0595,2024-10-26,EUR,88378.8084,6800.7492,16324.6104,88378.8084,16324.6104
PT006423,T0567,2025-03-16,INR,85901.69076000001,7489.983480000001,24422.53512,85901.69076000001,24422.53512
PT007785,T0689,2023-04-24,GBP,483832.96680000005,35395.2302,54177.666600000004,483832.96680000005,54177.666600000004
PT003041,T0270,2025-04-26,GBP,69561.3036,4104.1955,20029.830400000003,69561.3036,20029.830400000003
PT006896,T0611,2023-08-03,USD,23524.14,1352.52,1291.25,23524.14,1291.25
PT002651,T0236,2024-03-28,USD,55405.03,6180.97,9851.62,55405.03,9851.619999999999
PT003132,T0277,2021-09-10,USD,117094.62,12012.95,10047.56,117094.62,10047.56
PT001228,T0111,2022-12-08,EUR,108136.9548,10391.274,20384.8596,108136.9548,20384.8596
PT004832,T0428,2025-05-18,USD,187489.03,16352.03,58407.73,187489.03,58407.73
PT007876,T0698,2023-01-14,USD,38307.16,2839.08,9651.25,38307.16,9651.25
PT006288,T0556,2025-03-07,USD,46277.07,2384.49,4639.52,46277.07,4639.52
PT002318,T0207,2022-09-30,EUR,227969.78040000002,12809.7936,53494.18200000001,227969.78040000002,53494.18200000001
PT001294,T0117,2023-04-02,USD,179453.58,17626.49,54848.37,179453.58,54848.37
PT003111,T0275,2025-07-22,USD,100845.39,10385.5,11832.39,100845.39,11832.389999999998
PT006429,T0568,2025-07-23,INR,118548.50460000001,13141.78056,30852.33276,118548.50460000001,30852.33276
PT002585,T0231,2021-02-14,USD,222276.24,13343.45,52763.42,222276.24,52763.42
PT004873,T0432,2023-05-06,INR,167532.65232,10519.53228,15183.229440000001,167532.65232,15183.229440000001
PT005345,T0474,2022-03-19,USD,223220.23,21354.72,64495.84,223220.23,64495.84
PT002424,T0216,2024-06-28,USD,61875.35,3459.68,11119.3,61875.35,11119.300000000001
PT007297,T0646,2026-03-02,EUR,167525.4204,10216.972800000001,31253.644800000002,167525.4204,31253.644800000002
PT007245,T0642,2022-06-29,EUR,417150.378,47747.73960000001,43739.557199999996,417150.378,43739.557199999996
PT004955,T0438,2025-07-21,USD,162177.65,8887.21,16775.18,162177.65,16775.18
PT004598,T0408,2026-03-01,USD,162808.34,14928.65,46526.66,162808.34,46526.66
PT000325,T0029,2025-06-26,USD,101233.74,6373.93,10834.51,101233.74,10834.51
PT003301,T0291,2025-07-11,USD,241151.35,21511.67,17898.27,241151.35,17898.27
PT006268,T0554,2022-09-17,EUR,16666.668,1677.9636000000003,1726.38,16666.668,1726.38
PT006296,T0557,2025-07-14,EUR,89634.4596,7219.9836000000005,28441.5624,89634.4596,28441.5624
PT004221,T0374,2026-09-11,EUR,83985.1308,9245.4156,19767.877200000003,53190.5832,12519.655644734476
PT001423,T0129,2024-06-08,USD,47242.56,2502.85,3933.02,47242.56,3933.0200000000004
PT003508,T0310,2026-05-14,USD,160563.84,8827.18,42357.17,160563.84,42357.17
PT004665,T0414,2025-02-15,USD,62180.47,4664.26,19590.88,62180.47,19590.88
PT003733,T0332,2021-09-24,EUR,113857.1208,7181.222400000001,7513.4952,113857.1208,7513.495200000001
PT001872,T0168,2025-12-16,USD,132540.71,11146.42,41511.01,132540.71,41511.01
PT002807,T0250,2022-11-16,EUR,94587.05880000001,6995.5488000000005,26673.8508,94587.05880000001,26673.850800000004
PT000110,T0011,2022-02-04,EUR,156784.62600000002,12574.008000000002,16481.2428,156784.62600000002,16481.2428
PT004933,T0437,2021-11-30,USD,104966.16,10922.64,5671.7,104966.16,5671.700000000001
PT006703,T0593,2023-12-11,USD,284389.73,16967.92,83218.37,284389.73,83218.37
PT003175,T0281,2022-04-06,EUR,103398.1632,7430.9292000000005,5282.6796,103398.1632,5282.6796
PT005611,T0497,2024-03-09,USD,219507.59,13328.2,23851.38,219507.59,23851.38
PT002811,T0250,2023-03-16,EUR,94587.05880000001,6995.5488000000005,26673.8508,94587.05880000001,26673.850800000004
PT002209,T0197,2022-02-03,USD,45335.18,4803.98,13035.43,45335.18,13035.43
PT007199,T0638,2025-02-20,USD,92930.78,5137.75,18422.03,92930.78,18422.03
PT006294,T0556,2025-09-07,USD,46277.07,2384.49,4639.52,46277.07,4639.52
PT005102,T0453,2021-11-08,USD,905854.14,101181.38,54066.76,905854.14,54066.76000000001
PT004969,T0440,2024-02-24,USD,108262.16,6801.01,10566.85,108262.16,10566.85
PT005761,T0509,2023-03-06,USD,107584.35,11429.17,32962.22,107584.35,32962.22
PT006659,T0589,2026-01-17,EUR,59455.3176,3009.0312,6926.2236,59455.3176,6926.223600000001
PT004601,T0408,2026-06-01,USD,162808.34,14928.65,46526.66,162808.34,46526.66
PT001426,T0129,2024-09-08,USD,47242.56,2502.85,3933.02,47242.56,3933.0200000000004
PT002851,T0254,2023-06-21,USD,109602.92,8849.87,32804.38,109602.92,32804.38
PT004759,T0422,2022-06-11,USD,456262.98,32597.36,31810.22,456262.98,31810.22
PT007588,T0672,2022-08-26,USD,378300.57,22626.57,103441.96,378300.57,103441.96
PT007276,T0645,2023-02-17,EUR,68156.4672,6114.852,4598.1756,68156.4672,4598.1756
PT004612,T0409,2026-03-01,EUR,55098.7488,3972.5532000000003,16995.204,55098.7488,16995.204
PT001790,T0161,2022-01-05,EUR,46175.0976,3918.4128,2984.1696,46175.0976,2984.1696
PT001097,T0099,2026-09-30,USD,81331.03,7301.23,6880.77,0.0,0.0
PT004467,T0396,2023-03-11,USD,239845.45,13220.92,53238.95,239845.45,53238.95
PT006496,T0574,2024-02-13,EUR,74709.0108,5099.3928000000005,22335.3936,74709.0108,22335.3936
PT006317,T0558,2021-10-14,USD,100485.76,10623.18,28727.27,100485.76,28727.27
PT006274,T0555,2025-12-07,USD,43206.08,5047.19,4606.21,43206.08,4606.21
PT003939,T0350,2024-04-08,INR,149296.48992,17062.75764,39918.414000000004,149296.48992,39918.414000000004
PT002148,T0192,2025-02-25,USD,192417.02,18278.9,51344.66,192417.02,51344.659999999996
PT000961,T0087,2025-05-20,USD,135638.47,10215.2,11115.34,135638.47,11115.34
PT003861,T0343,2024-07-01,USD,118599.13,14150.09,11941.45,118599.13,11941.45
PT002734,T0243,2026-06-06,USD,309912.87,23450.53,16064.06,309912.87,16064.06
PT007097,T0630,2022-05-06,USD,82243.7,5508.43,6925.59,82243.7,6925.59
PT001158,T0105,2023-08-22,USD,142898.06,11784.51,32834.94,142898.06,32834.94
PT003582,T0318,2025-04-24,EUR,401682.18600000005,22070.6532,35007.789600000004,401682.18600000005,35007.789600000004
PT005614,T0497,2024-06-09,USD,219507.59,13328.2,23851.38,219507.59,23851.38
PT003922,T0348,2024-09-08,USD,53506.37,6190.83,14710.6,53506.37,14710.6
PT007550,T0669,2022-03-10,USD,107508.6,10354.64,29073.6,107508.6,29073.6
PT000604,T0055,2026-07-21,USD,77397.09,6627.16,19862.69,77397.09,19862.69
PT005539,T0491,2024-08-03,USD,110583.03,5928.64,9812.9,110583.03,9812.9
PT003547,T0315,2022-11-01,USD,58673.31,6941.79,16238.13,58673.31,16238.13
PT006058,T0535,2024-10-11,USD,193583.04,18712.19,14697.39,193583.04,14697.390000000001
PT007609,T0674,2021-03-15,EUR,44131.00320000001,2683.8756000000003,3010.6296,44131.00320000001,3010.6296
PT006914,T0612,2023-04-15,USD,251024.5,16010.59,17141.95,251024.5,17141.95
PT007768,T0687,2023-01-28,USD,369973.65,33132.9,96139.32,369973.65,96139.32
PT004073,T0361,2021-06-20,USD,55805.28,6687.45,12734.32,55805.28,12734.32
PT007283,T0645,2023-09-17,EUR,68156.4672,6114.852,4598.1756,68156.4672,4598.1756
PT002170,T0194,2025-12-21,EUR,81462.59640000001,5624.434800000001,17943.822000000004,81462.59640000001,17943.822000000004
PT007340,T0650,2023-08-28,USD,57512.38,5066.35,17936.64,57512.38,17936.64
PT000420,T0037,2025-02-14,EUR,117868.0788,14087.109600000002,31910.3388,117868.0788,31910.3388
PT006926,T0613,2026-08-01,USD,69722.78,6874.33,20542.69,69722.78,20542.69
PT006302,T0557,2026-01-14,EUR,89634.4596,7219.9836000000005,28441.5624,89634.4596,28441.5624
PT003229,T0285,2025-03-06,USD,98525.36,7455.61,7850.62,98525.36,7850.62
PT004797,T0425,2022-05-25,USD,112754.78,7016.49,32364.73,112754.78,32364.73
PT002511,T0223,2023-02-23,USD,86406.57,9879.39,7064.0,86406.57,7064.0
PT001929,T0173,2025-06-15,USD,68172.95,4091.09,5165.89,68172.95,5165.89
PT003622,T0322,2023-09-24,USD,28957.8,1472.65,2894.92,28957.8,2894.92
PT006360,T0562,2024-02-07,USD,71602.38,7690.42,19204.19,71602.38,19204.19
PT004106,T0364,2024-03-28,EUR,146180.31120000003,12431.5344,7471.8828,146180.31120000003,7471.8828
PT000681,T0062,2026-09-03,USD,53697.94,5657.17,16823.03,48328.15,15140.728253160176
PT006192,T0548,2021-04-26,USD,48588.3,3167.63,14186.25,48588.3,14186.25
PT006319,T0558,2021-12-14,USD,100485.76,10623.18,28727.27,100485.76,28727.27
PT006433,T0568,2025-11-23,INR,118548.50460000001,13141.78056,30852.33276,118548.50460000001,30852.33276
PT000699,T0064,2026-05-28,USD,266916.23,28893.26,60094.03,266916.23,60094.03
PT001536,T0139,2022-04-19,EUR,45378.090000000004,5271.9876,3777.3324000000007,45378.090000000004,3777.3324
PT006148,T0544,2021-08-01,USD,527092.34,62504.8,117398.4,527092.34,117398.4
PT001083,T0098,2022-12-29,EUR,185903.92080000002,20579.9508,55086.2208,185903.92080000002,55086.2208
PT005263,T0467,2023-03-03,EUR,249818.40720000002,13691.916000000001,59531.446800000005,249818.40720000002,59531.4468
PT002557,T0228,2026-07-08,USD,56871.73,5226.34,6261.03,56871.73,6261.03
PT005314,T0472,2024-02-02,USD,77485.97,4901.1,24461.46,77485.97,24461.46
PT006134,T0543,2026-02-25,USD,83089.93,7227.2,8874.83,83089.93,8874.83
PT007243,T0642,2022-04-29,EUR,417150.378,47747.73960000001,43739.557199999996,417150.378,43739.557199999996
PT007898,T0700,2026-02-06,EUR,37178.6544,4364.6472,3004.8192,37178.6544,3004.8192
PT002634,T0235,2022-06-18,USD,69568.86,8124.78,4278.33,69568.86,4278.33
PT005653,T0500,2025-06-11,USD,329498.64,36506.79,80622.15,329498.64,80622.15
PT006341,T0560,2025-02-26,INR,124713.66528,8637.84912,6831.617160000001,124713.66528,6831.617160000001
PT006985,T0618,2024-08-08,EUR,51158.72520000001,3618.1404,2574.9468,51158.72520000001,2574.9468
PT001691,T0153,2023-11-23,USD,155105.71,8776.11,35164.88,155105.71,35164.88
PT001329,T0121,2023-11-03,USD,276582.4,16816.16,72794.98,276582.4,72794.98
PT006121,T0542,2021-05-29,USD,73713.82,5705.23,22902.55,73713.82,22902.55
PT001873,T0168,2026-01-16,USD,132540.71,11146.42,41511.01,132540.71,41511.01
PT004402,T0391,2025-11-02,INR,42407.88792,4775.13876,4598.97048,42407.88792,4598.97048
PT000690,T0063,2025-02-13,EUR,31413.549600000002,3768.3576,8645.594400000002,31413.549600000002,8645.594400000002
PT007266,T0644,2024-11-30,USD,74853.06,4125.74,14760.53,74853.06,14760.530000000002
PT002795,T0249,2025-03-05,USD,252877.99,21600.4,21776.06,252877.99,21776.06
PT006552,T0580,2026-03-28,EUR,172519.77240000002,19569.794400000002,14448.142800000001,172519.77240000002,14448.142800000001
PT005167,T0458,2021-10-17,USD,84272.84,8772.44,22733.1,84272.84,22733.1
PT004659,T0413,2026-05-23,GBP,150353.2299,9072.7276,12448.971800000001,150353.2299,12448.971800000001
PT000995,T0090,2025-10-16,USD,340739.27,29928.28,89881.62,340739.27,89881.62
PT004380,T0388,2025-10-09,USD,586856.36,60291.16,63713.64,586856.36,63713.64
PT004671,T0414,2025-08-15,USD,62180.47,4664.26,19590.88,62180.47,19590.88
PT001004,T0090,2026-07-16,USD,340739.27,29928.28,89881.62,340739.27,89881.62
PT007653,T0677,2023-09-05,USD,100715.03,6782.36,22735.4,100715.03,22735.4
PT006842,T0606,2026-08-16,GBP,51042.9764,3348.8884000000003,12258.2559,51042.9764,12258.2559
PT005089,T0451,2023-07-18,USD,24037.28,1726.09,6748.19,24037.28,6748.19
PT005193,T0460,2025-03-01,EUR,217483.974,12521.887200000001,25337.404800000004,217483.974,25337.404800000008
PT004269,T0379,2026-06-01,USD,36976.93,3564.76,2763.03,36976.93,2763.03
PT000732,T0067,2024-02-27,INR,348799.92528,22527.78516,102905.25564,348799.92528,102905.25564
PT003203,T0283,2022-08-22,EUR,1310050.6812,90330.444,131798.14560000002,1310050.6812,131798.14560000002
PT006753,T0598,2024-12-04,USD,101343.27,5236.04,20253.04,101343.27,20253.04
PT006070,T0536,2026-06-08,USD,182296.07,13374.97,19208.55,182296.07,19208.55
PT004975,T0440,2024-08-24,USD,108262.16,6801.01,10566.85,108262.16,10566.85
PT005116,T0454,2023-12-19,USD,111399.74,11630.42,18228.16,111399.74,18228.16
PT005217,T0463,2026-04-07,USD,312251.87,18928.08,60551.61,312251.87,60551.61
PT002169,T0194,2025-11-21,EUR,81462.59640000001,5624.434800000001,17943.822000000004,81462.59640000001,17943.822000000004
PT006708,T0594,2026-02-26,EUR,81352.28520000001,4082.3028,23608.130400000002,81352.28520000001,23608.130400000002
PT001606,T0145,2024-01-02,USD,18666.19,1592.14,4153.61,18666.19,4153.61
PT007063,T0626,2023-04-06,EUR,99233.0244,9072.043200000002,17301.816000000003,99233.0244,17301.816000000003
PT007216,T0640,2025-03-10,EUR,660991.0284000001,42428.512800000004,205166.45520000003,660991.0284000001,205166.45520000003
PT006315,T0558,2021-08-14,USD,100485.76,10623.18,28727.27,100485.76,28727.27
PT002435,T0217,2021-12-01,EUR,119116.5372,6719.2632,35283.1896,119116.5372,35283.1896
PT007360,T0652,2025-01-30,INR,207270.46008,17772.62796,20111.18928,207270.46008,20111.18928
PT003675,T0327,2025-10-25,INR,59582.7786,6085.14336,14554.75596,59582.7786,14554.75596
PT001105,T0100,2022-04-17,USD,220557.92,15166.88,15881.13,220557.92,15881.13
PT007540,T0668,2025-05-19,INR,95437.28808,11111.225279999999,9710.4072,95437.28808,9710.4072
PT005430,T0481,2023-06-01,USD,87754.02,9506.11,10306.4,87754.02,10306.4
PT000162,T0015,2024-09-21,USD,205901.52,16755.69,56745.83,205901.52,56745.83
PT000197,T0018,2025-10-16,USD,657952.79,37732.66,48584.13,657952.79,48584.13
PT006494,T0574,2023-12-13,EUR,74709.0108,5099.3928000000005,22335.3936,74709.0108,22335.3936
PT001701,T0154,2026-01-27,USD,105191.91,8101.3,26265.04,105191.91,26265.04
PT003977,T0353,2024-04-27,USD,128986.64,13105.12,39658.69,128986.64,39658.69
PT002270,T0203,2025-04-12,INR,81116.88636,7393.60428,24229.13652,81116.88636,24229.136519999996
PT004320,T0383,2023-02-21,USD,235819.9,15513.8,75436.23,235819.9,75436.23
PT000411,T0036,2023-03-07,USD,218838.27,22255.99,55726.7,218838.27,55726.7
PT001538,T0139,2022-06-19,EUR,45378.090000000004,5271.9876,3777.3324000000007,45378.090000000004,3777.3324
PT005699,T0504,2022-07-25,USD,291083.73,34774.85,51127.72,291083.73,51127.72
PT001732,T0157,2024-06-11,USD,59405.32,4717.71,6547.9,59405.32,6547.899999999999
PT000677,T0062,2026-05-03,USD,53697.94,5657.17,16823.03,53697.94,16823.03
PT006056,T0535,2024-08-11,USD,193583.04,18712.19,14697.39,193583.04,14697.390000000001
PT005373,T0477,2022-08-15,EUR,74123.4348,6291.7992,17409.481200000002,74123.4348,17409.481200000002
PT001387,T0126,2023-04-24,USD,67627.15,4116.99,6135.2,67627.15,6135.2
PT004878,T0432,2023-10-06,INR,167532.65232,10519.53228,15183.229440000001,167532.65232,15183.229440000001
PT004470,T0397,2026-07-05,INR,175414.69176000002,15657.56976,10277.04564,175414.69176000002,10277.04564
PT003577,T0317,2022-07-22,USD,151237.27,12948.26,43182.88,151237.27,43182.88
PT007381,T0653,2022-07-30,USD,200045.25,11619.93,32003.36,200045.25,32003.36
PT003341,T0295,2024-02-03,USD,164154.4,9085.18,14204.63,164154.4,14204.63
PT006614,T0586,2023-11-24,EUR,24059.7972,1420.6968000000002,5402.7324,24059.7972,5402.7324
PT001284,T0116,2025-09-14,INR,107994.5298,6682.70016,8015.83644,107994.5298,8015.83644
PT006278,T0555,2026-04-07,USD,43206.08,5047.19,4606.21,43206.08,4606.21
PT001922,T0172,2026-07-02,EUR,55883.6604,3661.5888000000004,17172.972,55883.6604,17172.971999999998
PT007533,T0667,2026-06-02,USD,69632.32,7546.75,8198.13,69632.32,8198.13
PT003813,T0339,2024-01-08,EUR,39754.141200000005,3422.8764,10382.418000000001,39754.141200000005,10382.418000000001
PT004596,T0408,2026-01-01,USD,162808.34,14928.65,46526.66,162808.34,46526.66
PT006665,T0590,2021-08-11,USD,161416.74,9717.35,38102.17,161416.74,38102.17
PT007541,T0668,2025-06-19,INR,95437.28808,11111.225279999999,9710.4072,95437.28808,9710.4072
PT006169,T0546,2025-06-15,USD,124484.55,9552.24,19203.59,124484.55,19203.59
PT001529,T0139,2021-09-19,EUR,45378.090000000004,5271.9876,3777.3324000000007,45378.090000000004,3777.3324
PT004812,T0426,2024-07-06,USD,65750.67,3877.41,14588.43,65750.67,14588.43
PT006530,T0577,2025-12-05,EUR,556353.9324,66476.30040000001,138128.814,556353.9324,138128.814
PT001484,T0135,2026-03-03,EUR,70893.3708,4966.8984,6956.5824,70893.3708,6956.5824
PT003895,T0346,2026-02-18,EUR,122676.42240000001,7695.1296,35941.968,122676.42240000001,35941.968
PT005668,T0501,2026-09-27,USD,76078.73,3869.15,18723.02,7607.87,1872.3012616982435
PT006378,T0563,2026-07-14,USD,165387.26,8835.02,18149.4,165387.26,18149.4
PT001760,T0159,2021-05-27,EUR,61953.93000000001,4505.598000000001,19508.5152,61953.93000000001,19508.5152
PT000343,T0030,2025-08-13,USD,81309.53,4438.45,4651.73,81309.53,4651.73
PT004321,T0384,2022-12-23,EUR,184044.4092,13093.574400000001,51581.0376,184044.4092,51581.0376
PT900079,T0355,2025-06-19,USD,179347.12,14339.27,12695.21,179347.12,12695.21
PT003461,T0306,2026-05-17,USD,173914.37,19838.91,17363.62,173914.37,17363.62
PT007294,T0646,2025-12-02,EUR,167525.4204,10216.972800000001,31253.644800000002,167525.4204,31253.644800000002
PT000128,T0012,2025-04-21,USD,126104.76,10667.19,23959.09,126104.76,23959.09
PT007823,T0693,2021-12-07,USD,42620.19,2540.92,12492.82,42620.19,12492.82
PT000610,T0056,2024-12-19,USD,62766.84,3225.19,6071.08,62766.84,6071.08
PT001454,T0132,2026-01-28,USD,22783.62,1489.38,2308.41,22783.62,2308.41
PT002999,T0266,2022-10-02,USD,161795.9,11720.64,49999.11,161795.9,49999.11
PT005356,T0475,2024-06-21,USD,196540.51,14768.63,33688.16,196540.51,33688.16
PT005510,T0488,2026-04-11,USD,499574.73,38234.1,42785.9,499574.73,42785.9
PT002688,T0239,2025-01-31,USD,298312.51,28039.4,66631.38,298312.51,66631.38
PT001039,T0095,2025-10-29,USD,99203.62,11090.75,23356.73,99203.62,23356.73
PT006949,T0615,2022-01-10,EUR,261355.62600000002,15806.3292,74724.1092,261355.62600000002,74724.1092
PT005218,T0463,2026-05-07,USD,312251.87,18928.08,60551.61,312251.87,60551.61
PT002374,T0212,2025-04-03,EUR,307665.0648,18765.043200000004,35054.337600000006,307665.0648,35054.3376
PT001772,T0160,2024-10-07,USD,186346.27,19284.1,29635.64,186346.27,29635.64
PT006415,T0566,2023-09-08,EUR,166501.25639999998,11438.031600000002,29756.030400000003,166501.25639999998,29756.030400000003
PT001270,T0114,2025-11-14,USD,588038.38,35206.98,62815.83,588038.38,62815.83000000001
PT003985,T0353,2024-12-27,USD,128986.64,13105.12,39658.69,128986.64,39658.69
PT000405,T0036,2022-09-07,USD,218838.27,22255.99,55726.7,218838.27,55726.7
PT900010,T0038,2025-06-03,USD,98184.07,10656.62,6935.02,98184.07,6935.02
PT002685,T0239,2024-10-31,USD,298312.51,28039.4,66631.38,298312.51,66631.38
PT001884,T0169,2025-04-14,EUR,55069.783200000005,3018.0168000000003,10367.773200000001,55069.783200000005,10367.773200000001
PT003632,T0323,2023-11-08,USD,87122.53,10056.82,9355.37,87122.53,9355.37
PT006262,T0554,2022-03-17,EUR,16666.668,1677.9636000000003,1726.38,16666.668,1726.38
PT006602,T0585,2025-01-22,EUR,85540.2984,5655.474,21828.1608,85540.2984,21828.1608
PT001724,T0156,2024-04-27,USD,268263.15,26998.06,27525.51,268263.15,27525.51
PT005696,T0504,2022-04-25,USD,291083.73,34774.85,51127.72,291083.73,51127.72
PT006609,T0585,2025-08-22,EUR,85540.2984,5655.474,21828.1608,85540.2984,21828.1608
PT007089,T0629,2024-10-23,USD,41059.38,2503.05,4225.65,41059.38,4225.65
PT000133,T0012,2025-09-21,USD,126104.76,10667.19,23959.09,126104.76,23959.09
PT000372,T0033,2024-08-01,USD,148341.91,8852.21,27528.98,148341.91,27528.98
PT007228,T0641,2022-06-13,USD,59408.06,7018.04,15060.22,59408.06,15060.22
PT002524,T0225,2024-03-12,EUR,41027.3748,3347.46,2784.2400000000002,41027.3748,2784.2400000000002
PT000329,T0029,2025-10-26,USD,101233.74,6373.93,10834.51,101233.74,10834.51
PT900062,T0279,2025-06-14,EUR,79700.39280000002,8214.0372,15112.893600000001,79700.39280000002,15112.893600000001
PT005520,T0489,2023-01-29,EUR,275215.3092,27767.448,19233.320400000004,275215.3092,19233.320400000008
PT900072,T0303,2025-06-18,USD,30881.94,2451.29,1935.39,30881.94,1935.39
PT004609,T0409,2025-12-01,EUR,55098.7488,3972.5532000000003,16995.204,55098.7488,16995.204
PT003471,T0307,2026-04-21,USD,117182.12,13660.29,8467.45,117182.12,8467.45
PT003091,T0274,2023-03-23,EUR,55059.2316,5843.221200000001,6037.3836,55059.2316,6037.3836
PT000168,T0015,2025-03-21,USD,205901.52,16755.69,56745.83,205901.52,56745.83
PT002433,T0217,2021-10-01,EUR,119116.5372,6719.2632,35283.1896,119116.5372,35283.1896
PT001959,T0176,2022-07-13,USD,82816.94,4701.74,15082.28,82816.94,15082.279999999999
PT005378,T0477,2023-01-15,EUR,74123.4348,6291.7992,17409.481200000002,74123.4348,17409.481200000002
PT004362,T0387,2023-06-07,USD,35087.28,3137.78,9668.7,35087.28,9668.7
PT003587,T0318,2025-09-24,EUR,401682.18600000005,22070.6532,35007.789600000004,401682.18600000005,35007.789600000004
PT000362,T0032,2025-08-01,USD,97537.25,7078.7,10620.27,97537.25,10620.27
PT002886,T0256,2026-08-14,USD,85424.88,5043.45,4286.06,85424.88,4286.06
PT002653,T0236,2024-05-28,USD,55405.03,6180.97,9851.62,55405.03,9851.619999999999
PT002802,T0249,2025-10-05,USD,252877.99,21600.4,21776.06,252877.99,21776.06
PT000723,T0066,2021-09-01,USD,95475.14,8375.64,28863.35,95475.14,28863.35
PT002721,T0242,2024-06-27,USD,219074.17,21806.13,50070.66,219074.17,50070.66
PT007480,T0662,2026-06-07,USD,98240.33,8375.71,9439.69,98240.33,9439.69
PT003354,T0296,2023-07-08,USD,82085.09,6786.2,22829.89,82085.09,22829.89
PT007226,T0640,2026-01-10,EUR,660991.0284000001,42428.512800000004,205166.45520000003,660991.0284000001,205166.45520000003
PT006338,T0560,2024-11-26,INR,124713.66528,8637.84912,6831.617160000001,124713.66528,6831.617160000001
PT001622,T0147,2022-01-05,USD,63597.51,5023.72,17822.63,63597.51,17822.63
PT003113,T0276,2024-09-15,USD,391095.49,24727.88,114385.11,391095.49,114385.11
PT005043,T0447,2026-01-24,EUR,429256.476,30428.352000000003,123914.50200000001,429256.476,123914.50200000001
PT003835,T0341,2025-11-09,USD,64585.74,3636.43,16257.01,64585.74,16257.01
PT002007,T0180,2025-05-03,EUR,73219.2912,7137.547200000001,3819.8196000000003,73219.2912,3819.8196000000003
PT006657,T0589,2025-11-17,EUR,59455.3176,3009.0312,6926.2236,59455.3176,6926.223600000001
PT000316,T0028,2026-05-11,USD,74814.37,8319.51,5004.79,74814.37,5004.79
PT005857,T0518,2023-06-10,USD,343687.21,28214.64,94743.22,343687.21,94743.22
PT000215,T0019,2025-04-12,USD,60862.42,3074.28,19034.48,60862.42,19034.48
PT002137,T0191,2022-09-14,USD,125958.71,6581.4,25109.52,125958.71,25109.52
PT004196,T0372,2025-07-07,EUR,628503.0408000001,67276.9476,48468.585600000006,628503.0408000001,48468.585600000006
PT000659,T0060,2026-07-01,USD,40602.46,2762.86,2712.89,40602.46,2712.89
PT002968,T0263,2026-09-30,EUR,41629.4532,2296.2744,2829.438,0.0,0.0
PT005469,T0485,2025-07-03,EUR,484347.60000000003,56940.08400000001,91929.56760000001,484347.60000000003,91929.56760000001
PT006893,T0611,2023-05-03,USD,23524.14,1352.52,1291.25,23524.14,1291.25
PT004116,T0365,2026-02-13,EUR,216122.6988,24557.6124,17069.184,216122.6988,17069.184
PT006538,T0578,2026-08-15,GBP,77965.17300000001,5119.3446,4386.8086,77965.17300000001,4386.8086
PT005260,T0467,2022-12-03,EUR,249818.40720000002,13691.916000000001,59531.446800000005,249818.40720000002,59531.4468
PT005986,T0529,2025-09-23,USD,931509.25,110697.38,57160.07,931509.25,57160.07
PT003224,T0285,2024-10-06,USD,98525.36,7455.61,7850.62,98525.36,7850.62
PT000337,T0030,2025-02-13,USD,81309.53,4438.45,4651.73,81309.53,4651.73
PT005688,T0503,2026-07-10,USD,95548.2,6810.41,25506.07,95548.2,25506.07
PT007468,T0661,2026-02-06,EUR,132803.9496,15695.672400000001,15396.382800000001,132803.9496,15396.382800000001
PT002946,T0261,2025-10-18,EUR,674270.406,71430.5304,185640.03360000002,674270.406,185640.03360000002
PT002110,T0189,2025-01-02,USD,50169.19,4165.63,4665.72,50169.19,4665.72
PT000747,T0068,2021-12-03,USD,277413.18,21500.71,26561.7,277413.18,26561.7
PT003836,T0341,2025-12-09,USD,64585.74,3636.43,16257.01,64585.74,16257.01
PT003215,T0284,2025-02-11,EUR,1260247.6152000001,133147.5732,123493.4964,1260247.6152000001,123493.4964
PT002414,T0215,2025-09-14,USD,553151.55,39643.29,130562.47,553151.55,130562.47
PT005950,T0526,2025-01-04,EUR,105851.17800000001,8946.018000000002,6464.026800000001,105851.17800000001,6464.026800000001
PT006362,T0562,2024-04-07,USD,71602.38,7690.42,19204.19,71602.38,19204.19
PT006143,T0544,2021-03-01,USD,527092.34,62504.8,117398.4,527092.34,117398.4
PT007865,T0697,2026-09-17,EUR,105482.1096,11059.934400000002,23710.050000000003,45708.9156,10274.355323680216
PT001982,T0178,2026-04-29,USD,120341.02,9195.22,14087.9,120341.02,14087.9
PT004548,T0404,2023-03-31,USD,381386.18,26932.9,35947.96,381386.18,35947.96
PT004703,T0417,2024-10-06,EUR,489681.64440000005,51774.23880000001,26376.289200000003,489681.64440000005,26376.289200000003
PT004409,T0391,2026-06-02,INR,42407.88792,4775.13876,4598.97048,42407.88792,4598.97048
PT007222,T0640,2025-09-10,EUR,660991.0284000001,42428.512800000004,205166.45520000003,660991.0284000001,205166.45520000003
PT006768,T0600,2024-12-15,USD,133469.55,10158.65,8364.09,133469.55,8364.09
PT007892,T0700,2025-08-06,EUR,37178.6544,4364.6472,3004.8192,37178.6544,3004.8192
PT000290,T0026,2022-10-21,USD,196819.9,14874.96,33384.29,196819.9,33384.29
PT004316,T0383,2022-10-21,USD,235819.9,15513.8,75436.23,235819.9,75436.23
PT001802,T0162,2026-05-28,USD,147633.93,8096.2,13248.99,147633.93,13248.99
PT004563,T0405,2024-08-29,USD,221221.42,16142.54,25275.87,221221.42,25275.87
PT000921,T0083,2023-02-12,INR,219213.34488,20960.49228,68993.45004,219213.34488,68993.45004
PT004087,T0363,2022-09-12,EUR,506046.16080000007,51150.009600000005,41690.16,506046.16080000007,41690.16
PT002668,T0238,2023-01-29,USD,34833.41,3472.71,8151.64,34833.41,8151.640000000001
PT004824,T0427,2026-02-21,USD,351033.15,29580.52,102394.92,351033.15,102394.92
PT001716,T0155,2024-12-30,USD,58436.4,6643.39,6874.12,58436.4,6874.12
PT002359,T0210,2022-12-13,USD,54762.14,3534.05,5411.03,54762.14,5411.029999999999
PT000514,T0045,2023-09-15,USD,147873.25,10444.91,8539.45,147873.25,8539.45
PT000846,T0077,2023-11-18,USD,112906.87,7679.88,29232.68,112906.87,29232.68
PT002407,T0215,2025-02-14,USD,553151.55,39643.29,130562.47,553151.55,130562.47
PT003266,T0288,2025-10-01,USD,84838.55,5754.94,10102.78,84838.55,10102.78
PT001343,T0122,2024-12-26,USD,169933.52,18604.51,19271.38,169933.52,19271.38
PT007746,T0686,2025-09-21,USD,93492.9,6441.59,10100.38,93492.9,10100.38
PT002051,T0184,2025-09-28,EUR,89497.73160000001,7562.4408,10029.582,89497.73160000001,10029.582
PT006875,T0609,2023-06-10,USD,57524.85,5486.44,14486.98,57524.85,14486.98
PT000074,T0008,2025-08-11,USD,24607.49,2216.37,7825.25,24607.49,7825.25
PT001490,T0135,2026-09-03,EUR,70893.3708,4966.8984,6956.5824,63804.0348,6260.924265977596
PT006591,T0584,2024-08-01,USD,16666.67,1648.01,2986.37,16666.67,2986.37
PT005925,T0524,2025-05-26,USD,89971.66,7949.52,28585.0,89971.66,28584.999999999996
PT000826,T0075,2026-07-21,USD,125568.39,11458.52,29232.98,125568.39,29232.98
PT007596,T0672,2023-04-26,USD,378300.57,22626.57,103441.96,378300.57,103441.96
PT001813,T0163,2025-12-03,USD,256698.41,22686.78,13846.37,256698.41,13846.37
PT000493,T0043,2024-06-23,EUR,159170.2164,12161.3076,18380.4552,159170.2164,18380.4552
PT002569,T0229,2022-10-01,USD,45460.25,4548.06,11420.08,45460.25,11420.08
PT005290,T0469,2025-01-05,USD,25087.82,2721.06,1601.7,25087.82,1601.7
PT003222,T0285,2024-08-06,USD,98525.36,7455.61,7850.62,98525.36,7850.62
PT003038,T0269,2026-01-12,USD,100980.51,5635.27,25218.16,100980.51,25218.16
PT003088,T0273,2024-03-14,EUR,71292.906,4328.694,21982.0608,71292.906,21982.0608
PT000650,T0059,2023-08-09,USD,231399.98,26353.46,21810.41,231399.98,21810.41
PT002839,T0253,2023-12-08,USD,33238.01,3761.25,3482.01,33238.01,3482.01
PT003127,T0277,2021-04-10,USD,117094.62,12012.95,10047.56,117094.62,10047.56
PT004345,T0386,2023-12-25,EUR,195757.722,15492.643200000002,44076.4092,195757.722,44076.4092
PT004233,T0376,2022-12-28,USD,62508.05,4156.54,14744.08,62508.05,14744.08
PT006847,T0607,2025-10-03,EUR,256165.95600000003,25993.9908,15979.4856,256165.95600000003,15979.4856
PT000256,T0023,2024-02-13,INR,48431.91624,2587.5942,4928.44164,48431.91624,4928.44164
PT001685,T0153,2023-05-23,USD,155105.71,8776.11,35164.88,155105.71,35164.88
PT007669,T0679,2026-05-18,USD,72084.95,5368.3,20824.0,72084.95,20824.0
PT004443,T0394,2023-08-01,USD,119799.86,13253.69,6016.89,119799.86,6016.89
PT004011,T0356,2025-06-18,USD,244134.22,14746.53,40828.59,244134.22,40828.590000000004
PT000433,T0038,2025-08-03,USD,98184.07,10656.62,6935.02,98184.07,6935.02
PT002831,T0252,2023-10-11,USD,111248.59,8184.22,8399.86,111248.59,8399.86
PT003020,T0268,2023-06-11,USD,62056.41,6646.76,18645.13,62056.41,18645.13
PT000774,T0070,2025-03-15,USD,105633.2,9140.89,8131.21,105633.2,8131.209999999999
PT003318,T0293,2021-06-05,EUR,192820.824,13627.213200000002,59421.9672,192820.824,59421.9672
PT000954,T0086,2024-04-16,USD,160730.09,17511.68,29798.1,160730.09,29798.1
PT007479,T0662,2026-05-07,USD,98240.33,8375.71,9439.69,98240.33,9439.69
PT002912,T0259,2025-04-04,EUR,629069.7384,33598.9728,145226.19600000003,629069.7384,145226.19600000003
PT005222,T0464,2022-08-03,USD,497387.85,39696.85,158870.18,497387.85,158870.18
PT000743,T0068,2021-08-03,USD,277413.18,21500.71,26561.7,277413.18,26561.7
PT002058,T0184,2026-04-28,EUR,89497.73160000001,7562.4408,10029.582,89497.73160000001,10029.582
PT002607,T0232,2022-10-11,USD,57905.35,5981.94,3276.69,57905.35,3276.69
PT000117,T0011,2022-09-04,EUR,156784.62600000002,12574.008000000002,16481.2428,156784.62600000002,16481.2428
PT005896,T0521,2025-06-03,USD,192812.14,14528.12,42703.02,192812.14,42703.02
PT006739,T0597,2026-05-14,USD,136054.4,15710.8,11676.07,136054.4,11676.07
PT900074,T0318,2025-06-24,EUR,401682.18600000005,22070.6532,35007.789600000004,401682.18600000005,35007.789600000004
PT004962,T0439,2026-04-08,USD,258217.08,15728.8,50176.75,258217.08,50176.75
PT007391,T0654,2023-04-03,USD,71594.91,4166.35,4179.29,71594.91,4179.29
PT004297,T0382,2024-08-19,EUR,75435.3,4775.5656,20554.5708,75435.3,20554.5708
PT005845,T0517,2024-06-14,EUR,33855.3648,1832.0904000000003,10447.682400000002,33855.3648,10447.682400000002
PT003499,T0309,2021-12-15,EUR,34205.662800000006,2846.2212,1790.4564,34205.662800000006,1790.4564
PT006978,T0618,2024-01-08,EUR,51158.72520000001,3618.1404,2574.9468,51158.72520000001,2574.9468
PT007078,T0627,2025-09-16,USD,96234.84,7577.87,25907.27,96234.84,25907.27
PT006935,T0614,2023-03-03,USD,23917.34,1245.1,2820.72,23917.34,2820.72
PT001786,T0161,2021-09-05,EUR,46175.0976,3918.4128,2984.1696,46175.0976,2984.1696
PT007427,T0657,2025-01-11,USD,134067.74,14448.71,21246.07,134067.74,21246.07
PT006929,T0614,2022-09-03,USD,23917.34,1245.1,2820.72,23917.34,2820.72
PT000738,T0067,2024-08-27,INR,348799.92528,22527.78516,102905.25564,348799.92528,102905.25564
PT004629,T0411,2022-05-21,EUR,142965.8424,11788.934400000002,44750.9124,142965.8424,44750.9124
PT000081,T0008,2026-03-11,USD,24607.49,2216.37,7825.25,24607.49,7825.25
PT004925,T0436,2025-06-06,USD,143833.62,15790.95,42423.4,143833.62,42423.4
PT002942,T0261,2025-06-18,EUR,674270.406,71430.5304,185640.03360000002,674270.406,185640.03360000002
PT006152,T0544,2021-12-01,USD,527092.34,62504.8,117398.4,527092.34,117398.4
PT005239,T0465,2025-10-22,INR,101647.05168,6685.017720000001,27466.38312,101647.05168,27466.38312
PT002018,T0181,2024-10-27,USD,69970.88,6168.94,22359.58,69970.88,22359.58
PT007703,T0682,2022-08-26,USD,82125.15,4329.69,6520.91,82125.15,6520.91
PT005376,T0477,2022-11-15,EUR,74123.4348,6291.7992,17409.481200000002,74123.4348,17409.481200000002
PT007735,T0685,2025-02-28,EUR,202084.092,18129.711600000002,57382.516800000005,202084.092,57382.51680000001
PT000174,T0016,2025-05-16,USD,441126.28,40165.06,137062.51,441126.28,137062.51
PT005248,T0466,2022-12-29,USD,152351.64,16896.07,11898.55,152351.64,11898.55
PT002769,T0246,2025-06-10,EUR,290496.06720000005,31914.324,82716.1632,290496.06720000005,82716.1632
PT001167,T0105,2024-05-22,USD,142898.06,11784.51,32834.94,142898.06,32834.94
PT000910,T0082,2025-10-25,USD,160606.71,8481.1,12265.76,160606.71,12265.76
PT001720,T0156,2023-12-27,USD,268263.15,26998.06,27525.51,268263.15,27525.51
PT007138,T0633,2026-01-01,USD,101645.68,10260.41,6933.47,101645.68,6933.47
PT006915,T0612,2023-05-15,USD,251024.5,16010.59,17141.95,251024.5,17141.95
PT900147,T0685,2025-06-28,EUR,202084.092,18129.711600000002,57382.516800000005,202084.092,57382.51680000001
PT002902,T0258,2022-10-26,USD,575297.25,50646.06,59184.28,575297.25,59184.28
PT001979,T0178,2026-01-29,USD,120341.02,9195.22,14087.9,120341.02,14087.9
PT002312,T0206,2022-11-14,INR,71880.93324,6359.81928,19616.58984,71880.93324,19616.589839999997
PT002453,T0219,2022-09-08,USD,29945.05,3434.69,4499.22,29945.05,4499.22
PT001975,T0177,2022-12-13,USD,42468.93,2572.32,3217.72,42468.93,3217.72
PT001946,T0175,2021-07-10,USD,104485.16,10219.8,11217.69,104485.16,11217.69
PT001421,T0128,2025-01-24,EUR,47205.9036,4711.0896,3101.8572000000004,47205.9036,3101.8572000000004
PT002425,T0216,2024-07-28,USD,61875.35,3459.68,11119.3,61875.35,11119.300000000001
PT001537,T0139,2022-05-19,EUR,45378.090000000004,5271.9876,3777.3324000000007,45378.090000000004,3777.3324
PT005783,T0511,2021-12-21,USD,334493.39,22458.58,77322.03,334493.39,77322.03
PT003017,T0268,2023-03-11,USD,62056.41,6646.76,18645.13,62056.41,18645.13
PT007642,T0676,2022-08-07,USD,84894.67,4885.43,4275.73,84894.67,4275.73
PT006656,T0589,2025-10-17,EUR,59455.3176,3009.0312,6926.2236,59455.3176,6926.223600000001
PT000185,T0017,2022-09-28,EUR,57802.14000000001,4259.5524000000005,3125.2176,57802.14000000001,3125.2176
PT007462,T0660,2026-08-17,USD,144045.95,10305.83,16655.64,144045.95,16655.64
PT003565,T0316,2022-04-29,USD,90076.31,4710.36,25250.23,90076.31,25250.23
PT004914,T0435,2023-06-26,USD,110380.5,6058.64,28401.07,110380.5,28401.069999999996
PT006634,T0587,2024-06-27,EUR,85837.42800000001,9604.753200000001,15158.664,85837.42800000001,15158.664
PT004868,T0431,2021-09-04,USD,192633.15,19224.48,11158.32,192633.15,11158.320000000002
PT007353,T0651,2025-06-14,USD,31970.25,2906.77,2027.68,31970.25,2027.68
PT001072,T0097,2025-11-26,EUR,42736.9392,4385.8584,3535.3692,42736.9392,3535.3692
PT002579,T0230,2021-08-25,USD,550925.07,29095.85,65516.53,550925.07,65516.53
PT006829,T0605,2026-02-07,USD,115273.31,6184.99,33746.92,115273.31,33746.92
PT004254,T0378,2026-01-27,INR,30046.83348,1719.18852,7533.345480000001,30046.83348,7533.345480000001
PT004637,T0411,2023-01-21,EUR,142965.8424,11788.934400000002,44750.9124,142965.8424,44750.9124
PT000933,T0084,2023-09-30,USD,167829.37,18999.84,53012.39,167829.37,53012.39000000001
PT001650,T0149,2023-03-07,USD,74747.37,8122.76,7843.28,74747.37,7843.28
PT000356,T0031,2024-02-29,INR,94728.91752,7498.9944,27454.237559999998,94728.91752,27454.237559999998
PT000068,T0007,2026-01-19,USD,57256.0,3081.23,13701.6,57256.0,13701.6
PT900122,T0572,2025-06-08,EUR,99248.9544,5597.931600000001,10682.766000000001,99248.9544,10682.766000000001
PT004298,T0382,2024-09-19,EUR,75435.3,4775.5656,20554.5708,75435.3,20554.5708
PT003728,T0332,2021-04-24,EUR,113857.1208,7181.222400000001,7513.4952,113857.1208,7513.495200000001
PT005175,T0459,2025-09-19,USD,58540.51,3583.8,6023.75,58540.51,6023.75
PT003893,T0345,2023-10-15,EUR,61659.954000000005,5983.5456,17745.1452,61659.954000000005,17745.1452
PT001818,T0164,2024-05-26,EUR,118000.67040000002,11559.942000000001,18005.4252,118000.67040000002,18005.4252
PT003621,T0322,2023-08-24,USD,28957.8,1472.65,2894.92,28957.8,2894.92
PT006174,T0546,2025-11-15,USD,124484.55,9552.24,19203.59,124484.55,19203.59
PT001253,T0113,2023-01-11,INR,74234.2026,7401.237720000001,22116.37284,74234.2026,22116.37284
PT004938,T0437,2022-04-30,USD,104966.16,10922.64,5671.7,104966.16,5671.700000000001
PT004545,T0404,2022-12-31,USD,381386.18,26932.9,35947.96,381386.18,35947.96
PT006943,T0615,2021-07-10,EUR,261355.62600000002,15806.3292,74724.1092,261355.62600000002,74724.1092
PT001671,T0151,2022-10-06,USD,217258.83,17594.91,51837.4,217258.83,51837.40000000001
PT001126,T0102,2023-01-06,USD,83603.64,6696.4,20359.63,83603.64,20359.63
PT006486,T0572,2026-02-08,EUR,99248.9544,5597.931600000001,10682.766000000001,99248.9544,10682.766000000001
PT000244,T0022,2025-01-14,INR,143270.09544,16437.25152,22098.1176,143270.09544,22098.117599999998
PT003636,T0323,2024-03-08,USD,87122.53,10056.82,9355.37,87122.53,9355.37
PT006427,T0567,2025-07-16,INR,85901.69076000001,7489.983480000001,24422.53512,85901.69076000001,24422.53512
PT007434,T0658,2026-02-06,USD,53544.93,5888.74,3010.12,53544.93,3010.12
PT001217,T0110,2025-12-15,USD,221040.92,12503.52,40209.81,221040.92,40209.81
PT006256,T0553,2025-10-21,USD,377837.2,30062.44,115287.92,377837.2,115287.92
PT002745,T0244,2026-05-21,USD,154510.56,14102.76,36427.43,154510.56,36427.43
PT005672,T0502,2024-02-05,INR,24507.44568,1305.396,4751.335080000001,24507.44568,4751.335080000001
PT003531,T0313,2026-07-26,USD,221576.51,24043.7,59675.98,221576.51,59675.98
PT004408,T0391,2026-05-02,INR,42407.88792,4775.13876,4598.97048,42407.88792,4598.97048
PT003067,T0272,2024-03-20,USD,382220.9,21579.44,107600.37,382220.9,107600.37
PT007317,T0648,2023-10-22,EUR,327692.04480000003,31836.9852,103194.486,327692.04480000003,103194.486
PT006719,T0595,2024-09-26,EUR,88378.8084,6800.7492,16324.6104,88378.8084,16324.6104
PT005578,T0494,2026-02-04,GBP,81741.6958,7801.1655,19574.5354,81741.6958,19574.5354
PT003034,T0269,2025-09-12,USD,100980.51,5635.27,25218.16,100980.51,25218.16
PT003492,T0309,2021-05-15,EUR,34205.662800000006,2846.2212,1790.4564,34205.662800000006,1790.4564
PT006379,T0563,2026-08-14,USD,165387.26,8835.02,18149.4,165387.26,18149.4
PT005305,T0471,2025-10-18,EUR,83393.7336,7291.630800000001,21196.220400000002,83393.7336,21196.220400000002
PT004992,T0442,2026-07-25,USD,267250.86,28353.24,19939.36,267250.86,19939.36
PT005740,T0508,2024-12-23,USD,44656.27,4798.38,5261.57,44656.27,5261.57
PT003025,T0268,2023-11-11,USD,62056.41,6646.76,18645.13,62056.41,18645.13
PT000061,T0006,2022-12-02,USD,16666.67,1068.75,4953.51,16666.67,4953.51
PT002129,T0190,2024-02-26,USD,60568.52,6162.37,3679.2,60568.52,3679.2
PT006890,T0610,2023-04-15,USD,537001.73,30237.64,161334.18,537001.73,161334.18
PT006173,T0546,2025-10-15,USD,124484.55,9552.24,19203.59,124484.55,19203.59
PT002163,T0193,2023-05-29,USD,348250.65,26073.42,111122.34,348250.65,111122.34
PT006808,T0603,2025-05-01,INR,147474.89952,13389.94416,16776.68472,147474.89952,16776.68472
PT007573,T0671,2023-03-30,USD,90526.2,10551.45,10506.35,90526.2,10506.35
PT005710,T0505,2024-02-04,USD,707427.8,61022.31,47587.06,707427.8,47587.06
PT900059,T0270,2025-06-26,GBP,69561.3036,4104.1955,20029.830400000003,69561.3036,20029.830400000003
PT000877,T0080,2025-02-24,EUR,145229.5008,11068.3044,23146.743599999998,145229.5008,23146.743599999998
PT003024,T0268,2023-10-11,USD,62056.41,6646.76,18645.13,62056.41,18645.13
PT005243,T0465,2026-02-22,INR,101647.05168,6685.017720000001,27466.38312,101647.05168,27466.38312
PT002153,T0192,2025-07-25,USD,192417.02,18278.9,51344.66,192417.02,51344.659999999996
PT006744,T0598,2024-03-04,USD,101343.27,5236.04,20253.04,101343.27,20253.04
PT000543,T0047,2022-12-30,USD,89508.76,9237.4,6801.56,89508.76,6801.5599999999995
PT006458,T0570,2023-10-11,INR,240383.36148,16815.70752,64621.10256,240383.36148,64621.10256
PT005586,T0495,2025-07-11,INR,274657.55663999997,20293.545000000002,30613.89408,274657.55663999997,30613.89408
PT007195,T0638,2024-10-20,USD,92930.78,5137.75,18422.03,92930.78,18422.03
PT007411,T0656,2022-09-30,USD,104895.23,10394.92,18702.49,104895.23,18702.49
PT006698,T0593,2023-07-11,USD,284389.73,16967.92,83218.37,284389.73,83218.37
PT007055,T0625,2026-08-10,EUR,16666.668,1661.5152000000003,2801.1852000000003,16666.668,2801.1852000000003
PT005300,T0470,2026-09-01,EUR,590406.5916,61040.347200000004,68867.09640000001,570726.3672,66571.52597410837
PT003544,T0314,2021-12-05,USD,60214.64,3811.84,18101.91,60214.64,18101.91
PT006629,T0587,2024-01-27,EUR,85837.42800000001,9604.753200000001,15158.664,85837.42800000001,15158.664
PT004602,T0408,2026-07-01,USD,162808.34,14928.65,46526.66,162808.34,46526.66
PT003775,T0336,2022-09-05,USD,70274.21,5951.93,11520.11,70274.21,11520.11
PT003356,T0297,2026-02-23,USD,153271.36,9598.58,33936.22,153271.36,33936.22
PT001178,T0107,2025-02-04,USD,222938.83,15919.17,67960.24,222938.83,67960.24
PT001491,T0136,2023-07-17,USD,89893.73,7367.54,23136.11,89893.73,23136.11
PT000946,T0085,2026-08-28,INR,215488.21932,17487.11112,19333.8978,215488.21932,19333.8978
PT001078,T0098,2022-07-29,EUR,185903.92080000002,20579.9508,55086.2208,185903.92080000002,55086.2208
PT000369,T0033,2024-05-01,USD,148341.91,8852.21,27528.98,148341.91,27528.98
PT000563,T0050,2023-06-12,EUR,117264.8448,7941.520800000001,18548.816400000003,117264.8448,18548.816400000003
PT001450,T0132,2025-09-28,USD,22783.62,1489.38,2308.41,22783.62,2308.41
PT003332,T0295,2023-05-03,USD,164154.4,9085.18,14204.63,164154.4,14204.63
PT007383,T0653,2022-09-30,USD,200045.25,11619.93,32003.36,200045.25,32003.36
PT000700,T0064,2026-06-28,USD,266916.23,28893.26,60094.03,266916.23,60094.03
PT001299,T0117,2023-09-02,USD,179453.58,17626.49,54848.37,179453.58,54848.37
PT001364,T0124,2025-05-23,USD,242444.09,21410.19,46045.57,242444.09,46045.57
PT003465,T0306,2026-09-17,USD,173914.37,19838.91,17363.62,75362.89,7524.234967253137
PT001380,T0125,2024-11-30,USD,409877.35,42280.44,95387.72,409877.35,95387.72
PT006936,T0614,2023-04-03,USD,23917.34,1245.1,2820.72,23917.34,2820.72
PT002700,T0240,2024-04-21,EUR,173417.2092,14488.243200000003,20400.9408,173417.2092,20400.9408
PT000153,T0014,2022-06-08,USD,16666.67,1581.04,2759.14,16666.67,2759.14
PT004247,T0377,2023-12-31,USD,62327.17,5145.55,5656.3,62327.17,5656.3
PT900001,T0016,2025-06-16,USD,441126.28,40165.06,137062.51,441126.28,137062.51
PT004628,T0411,2022-04-21,EUR,142965.8424,11788.934400000002,44750.9124,142965.8424,44750.9124
PT000229,T0020,2025-08-16,USD,363245.55,40202.6,42654.03,363245.55,42654.03
PT005154,T0457,2023-04-05,USD,72334.97,5795.18,5924.37,72334.97,5924.37
PT001954,T0176,2022-02-13,USD,82816.94,4701.74,15082.28,82816.94,15082.279999999999
PT007728,T0684,2025-10-17,USD,126599.55,11035.73,19786.65,126599.55,19786.65
PT001900,T0171,2022-09-30,USD,28457.63,2732.31,2228.21,28457.63,2228.21
PT007070,T0627,2025-01-16,USD,96234.84,7577.87,25907.27,96234.84,25907.27
PT005536,T0490,2026-08-14,EUR,79198.2792,6576.9408,5779.296,79198.2792,5779.296
PT005656,T0500,2025-09-11,USD,329498.64,36506.79,80622.15,329498.64,80622.15
PT001131,T0102,2023-06-06,USD,83603.64,6696.4,20359.63,83603.64,20359.63
PT000131,T0012,2025-07-21,USD,126104.76,10667.19,23959.09,126104.76,23959.09
PT004554,T0404,2023-09-30,USD,381386.18,26932.9,35947.96,381386.18,35947.96
PT001405,T0127,2024-06-05,USD,387593.45,24881.69,43903.99,387593.45,43903.99
PT000494,T0043,2024-07-23,EUR,159170.2164,12161.3076,18380.4552,159170.2164,18380.4552
PT002732,T0243,2026-04-06,USD,309912.87,23450.53,16064.06,309912.87,16064.06
PT005104,T0453,2022-01-08,USD,905854.14,101181.38,54066.76,905854.14,54066.76000000001
PT002879,T0256,2026-01-14,USD,85424.88,5043.45,4286.06,85424.88,4286.06
PT005902,T0522,2021-10-06,USD,26140.4,2972.12,1337.81,26140.4,1337.8100000000002
PT001599,T0145,2023-06-02,USD,18666.19,1592.14,4153.61,18666.19,4153.61
PT006383,T0564,2025-10-15,INR,282193.533,26532.87252,25219.656720000003,282193.533,25219.656720000003
PT003770,T0335,2024-09-08,USD,98458.37,7177.81,22103.33,98458.37,22103.329999999998
PT000928,T0084,2023-04-30,USD,167829.37,18999.84,53012.39,167829.37,53012.39000000001
PT002656,T0237,2024-05-30,USD,198812.87,19628.43,45755.49,198812.87,45755.49
PT006118,T0542,2021-02-28,USD,73713.82,5705.23,22902.55,73713.82,22902.55
PT002248,T0200,2026-03-30,USD,942775.26,59269.05,63291.85,942775.26,63291.85
PT005814,T0514,2021-04-06,USD,94523.62,8172.93,18853.85,94523.62,18853.85
PT001377,T0125,2024-08-30,USD,409877.35,42280.44,95387.72,409877.35,95387.72
PT001103,T0100,2022-02-17,USD,220557.92,15166.88,15881.13,220557.92,15881.13
PT002265,T0202,2026-09-25,USD,74130.66,6108.06,4858.28,12355.11,809.7133333333333
PT005326,T0473,2024-05-06,GBP,141269.593,10608.1957,15021.1409,141269.593,15021.1409
PT006125,T0542,2021-09-29,USD,73713.82,5705.23,22902.55,73713.82,22902.55
PT000058,T0006,2022-09-02,USD,16666.67,1068.75,4953.51,16666.67,4953.51
PT007210,T0639,2025-01-15,USD,158162.49,12047.65,42855.19,158162.49,42855.19
PT006560,T0581,2022-02-14,USD,185251.07,16023.59,13846.27,185251.07,13846.27
PT007817,T0693,2021-06-07,USD,42620.19,2540.92,12492.82,42620.19,12492.82
PT004104,T0364,2024-01-28,EUR,146180.31120000003,12431.5344,7471.8828,146180.31120000003,7471.8828
PT002687,T0239,2024-12-31,USD,298312.51,28039.4,66631.38,298312.51,66631.38
PT002064,T0185,2024-08-19,EUR,395075.1996,35550.8136,26068.4568,395075.1996,26068.4568
PT003018,T0268,2023-04-11,USD,62056.41,6646.76,18645.13,62056.41,18645.13
PT007671,T0679,2026-07-18,USD,72084.95,5368.3,20824.0,72084.95,20824.0
PT001403,T0127,2024-04-05,USD,387593.45,24881.69,43903.99,387593.45,43903.99
PT003688,T0328,2025-04-08,USD,59138.66,3765.18,16038.65,59138.66,16038.65
PT002371,T0211,2025-08-13,USD,65590.84,4581.66,14503.36,65590.84,14503.36
PT004994,T0442,2026-09-25,USD,267250.86,28353.24,19939.36,44541.81,3323.226666666667
PT006047,T0534,2025-05-21,USD,70945.67,5335.38,16487.07,70945.67,16487.07
PT006879,T0609,2023-10-10,USD,57524.85,5486.44,14486.98,57524.85,14486.98
PT002277,T0203,2025-11-12,INR,81116.88636,7393.60428,24229.13652,81116.88636,24229.136519999996
PT004850,T0430,2023-06-15,USD,229479.12,21235.7,21781.06,229479.12,21781.06
PT001794,T0162,2025-09-28,USD,147633.93,8096.2,13248.99,147633.93,13248.99
PT003767,T0335,2024-06-08,USD,98458.37,7177.81,22103.33,98458.37,22103.329999999998
PT004088,T0363,2022-10-12,EUR,506046.16080000007,51150.009600000005,41690.16,506046.16080000007,41690.16
PT003627,T0323,2023-06-08,USD,87122.53,10056.82,9355.37,87122.53,9355.37
PT002671,T0238,2023-04-29,USD,34833.41,3472.71,8151.64,34833.41,8151.640000000001
PT002747,T0244,2026-07-21,USD,154510.56,14102.76,36427.43,154510.56,36427.43
PT003909,T0347,2024-12-07,EUR,77677.9632,9175.9392,12901.6476,77677.9632,12901.6476
PT003115,T0276,2024-11-15,USD,391095.49,24727.88,114385.11,391095.49,114385.11
PT006181,T0547,2024-04-17,EUR,41631.246,3783.51,9679.532400000002,41631.246,9679.532400000002
PT000042,T0005,2026-02-11,USD,64093.86,3436.46,15371.02,64093.86,15371.02
PT005025,T0446,2025-11-24,USD,88269.93,6580.64,6268.7,88269.93,6268.700000000001
PT004386,T0390,2022-07-21,INR,167386.02156000002,9018.33108,26944.99956,167386.02156000002,26944.99956
PT000839,T0076,2024-09-12,EUR,123607.28520000001,11880.2376,20576.052000000003,123607.28520000001,20576.052000000003
PT007325,T0649,2023-07-01,USD,336774.22,25578.56,99427.49,336774.22,99427.49
PT003358,T0297,2026-04-23,USD,153271.36,9598.58,33936.22,153271.36,33936.22
PT004966,T0439,2026-08-08,USD,258217.08,15728.8,50176.75,258217.08,50176.75
PT005303,T0471,2025-08-18,EUR,83393.7336,7291.630800000001,21196.220400000002,83393.7336,21196.220400000002
PT001730,T0156,2024-10-27,USD,268263.15,26998.06,27525.51,268263.15,27525.51
PT004587,T0407,2026-05-28,GBP,218877.1213,15511.500600000001,11592.56,218877.1213,11592.56
PT000588,T0053,2026-09-13,USD,93865.57,6790.32,22080.25,53190.49,12512.14174507756
PT007102,T0630,2022-10-06,USD,82243.7,5508.43,6925.59,82243.7,6925.59
PT005754,T0509,2022-08-06,USD,107584.35,11429.17,32962.22,107584.35,32962.22
PT002986,T0265,2021-11-23,USD,157995.05,7944.03,10333.41,157995.05,10333.41
PT007057,T0626,2022-10-06,EUR,99233.0244,9072.043200000002,17301.816000000003,99233.0244,17301.816000000003
PT003146,T0278,2023-01-13,USD,182548.19,15677.0,46128.46,182548.19,46128.46
PT003004,T0266,2023-03-02,USD,161795.9,11720.64,49999.11,161795.9,49999.11
PT004065,T0360,2024-12-31,USD,112545.98,11216.21,18415.27,112545.98,18415.27
PT006430,T0568,2025-08-23,INR,118548.50460000001,13141.78056,30852.33276,118548.50460000001,30852.33276
PT003713,T0330,2025-02-28,USD,30616.55,3130.91,3198.85,30616.55,3198.85
PT001765,T0159,2021-10-27,EUR,61953.93000000001,4505.598000000001,19508.5152,61953.93000000001,19508.5152
PT000714,T0065,2024-01-27,INR,101871.05219999999,8900.35176,5778.8052,101871.05219999999,5778.8052
PT003829,T0340,2022-03-03,USD,104005.14,11392.65,5817.45,104005.14,5817.45
PT000196,T0018,2025-09-16,USD,657952.79,37732.66,48584.13,657952.79,48584.13
PT001874,T0168,2026-02-16,USD,132540.71,11146.42,41511.01,132540.71,41511.01
PT002017,T0181,2024-09-27,USD,69970.88,6168.94,22359.58,69970.88,22359.58
PT005823,T0515,2026-05-12,EUR,81655.0848,6809.194800000001,19072.8756,81655.0848,19072.8756
PT001091,T0099,2026-03-30,USD,81331.03,7301.23,6880.77,81331.03,6880.77
PT001448,T0132,2025-07-28,USD,22783.62,1489.38,2308.41,22783.62,2308.41
PT005431,T0481,2023-07-01,USD,87754.02,9506.11,10306.4,87754.02,10306.4
PT007454,T0660,2025-12-17,USD,144045.95,10305.83,16655.64,144045.95,16655.64
PT004477,T0398,2025-02-17,EUR,103972.0644,10384.0704,25326.4752,103972.0644,25326.4752
PT001645,T0149,2022-10-07,USD,74747.37,8122.76,7843.28,74747.37,7843.28
PT003827,T0340,2022-01-03,USD,104005.14,11392.65,5817.45,104005.14,5817.45
PT004244,T0377,2023-09-30,USD,62327.17,5145.55,5656.3,62327.17,5656.3
PT007221,T0640,2025-08-10,EUR,660991.0284000001,42428.512800000004,205166.45520000003,660991.0284000001,205166.45520000003
PT007704,T0682,2022-09-26,USD,82125.15,4329.69,6520.91,82125.15,6520.91
PT006144,T0544,2021-04-01,USD,527092.34,62504.8,117398.4,527092.34,117398.4
PT003436,T0304,2023-08-24,USD,86092.33,7559.76,5957.09,86092.33,5957.09
PT002987,T0265,2021-12-23,USD,157995.05,7944.03,10333.41,157995.05,10333.41
PT002426,T0216,2024-08-28,USD,61875.35,3459.68,11119.3,61875.35,11119.300000000001
PT000475,T0042,2021-09-27,EUR,84477.5136,6454.090800000001,8621.1,84477.5136,8621.1
PT000398,T0035,2026-05-29,USD,117807.8,8516.08,23471.14,117807.8,23471.14
PT006283,T0555,2026-09-07,USD,43206.08,5047.19,4606.21,33124.66,3531.4275245196977
PT002781,T0247,2023-08-14,GBP,132705.2591,8518.017,21808.4146,132705.2591,21808.4146
PT000370,T0033,2024-06-01,USD,148341.91,8852.21,27528.98,148341.91,27528.98
PT007342,T0650,2023-10-28,USD,57512.38,5066.35,17936.64,57512.38,17936.64
PT003156,T0279,2025-05-14,EUR,79700.39280000002,8214.0372,15112.893600000001,79700.39280000002,15112.893600000001
PT007481,T0662,2026-07-07,USD,98240.33,8375.71,9439.69,98240.33,9439.69
PT004034,T0357,2023-11-18,INR,351362.86152000003,26010.802440000003,86410.13448000001,351362.86152000003,86410.13448000001
PT007692,T0681,2026-04-08,USD,137611.6,11597.82,7220.88,137611.6,7220.88
PT005481,T0486,2024-04-11,USD,67621.99,7385.43,5034.98,67621.99,5034.98
PT007356,T0651,2025-09-14,USD,31970.25,2906.77,2027.68,31970.25,2027.68
PT003731,T0332,2021-07-24,EUR,113857.1208,7181.222400000001,7513.4952,113857.1208,7513.495200000001
PT001766,T0159,2021-11-27,EUR,61953.93000000001,4505.598000000001,19508.5152,61953.93000000001,19508.5152
PT000717,T0066,2021-03-01,USD,95475.14,8375.64,28863.35,95475.14,28863.35
PT002377,T0212,2025-07-03,EUR,307665.0648,18765.043200000004,35054.337600000006,307665.0648,35054.3376
PT002712,T0241,2024-02-29,USD,110607.31,12757.14,16933.35,110607.31,16933.35
PT002221,T0198,2026-01-08,USD,103454.16,7717.55,5920.95,103454.16,5920.949999999999
PT004062,T0360,2024-09-30,USD,112545.98,11216.21,18415.27,112545.98,18415.27
PT004680,T0415,2023-10-14,INR,213883.13232,22951.61244,12627.97956,213883.13232,12627.97956
PT002757,T0245,2022-05-17,EUR,22874.6052,2211.6888,5847.4764000000005,22874.6052,5847.4764000000005
PT004543,T0404,2022-10-31,USD,381386.18,26932.9,35947.96,381386.18,35947.96
PT005789,T0512,2023-01-07,EUR,114533.6544,11156.4756,10400.9184,114533.6544,10400.9184
PT002760,T0245,2022-08-17,EUR,22874.6052,2211.6888,5847.4764000000005,22874.6052,5847.4764000000005
PT007557,T0669,2022-10-10,USD,107508.6,10354.64,29073.6,107508.6,29073.6
PT001239,T0112,2023-04-01,USD,73860.72,8579.69,3852.76,73860.72,3852.7600000000007
PT003921,T0348,2024-08-08,USD,53506.37,6190.83,14710.6,53506.37,14710.6
PT004101,T0364,2023-10-28,EUR,146180.31120000003,12431.5344,7471.8828,146180.31120000003,7471.8828
PT006229,T0551,2021-08-06,EUR,283802.0112,20894.5224,70113.8484,283802.0112,70113.8484
PT003064,T0271,2024-10-04,EUR,138663.036,14095.101600000002,42684.85080000001,138663.036,42684.85080000001
PT005560,T0492,2023-09-17,USD,222805.42,22886.05,59329.1,222805.42,59329.1
PT002463,T0219,2023-07-08,USD,29945.05,3434.69,4499.22,29945.05,4499.22
PT005095,T0452,2026-07-28,USD,62409.29,6822.24,18989.66,62409.29,18989.66
PT006356,T0562,2023-10-07,USD,71602.38,7690.42,19204.19,71602.38,19204.19
PT001837,T0165,2024-05-31,EUR,92710.656,8543.134800000002,7004.599200000001,92710.656,7004.599200000001
PT001612,T0146,2026-01-04,EUR,137711.26440000001,7794.997200000001,14659.0776,137711.26440000001,14659.0776
PT006179,T0547,2024-02-17,EUR,41631.246,3783.51,9679.532400000002,41631.246,9679.532400000002
PT007619,T0674,2022-01-15,EUR,44131.00320000001,2683.8756000000003,3010.6296,44131.00320000001,3010.6296
PT000161,T0015,2024-08-21,USD,205901.52,16755.69,56745.83,205901.52,56745.83
PT006889,T0610,2023-03-15,USD,537001.73,30237.64,161334.18,537001.73,161334.18
PT001972,T0177,2022-09-13,USD,42468.93,2572.32,3217.72,42468.93,3217.72
PT003112,T0275,2025-08-22,USD,100845.39,10385.5,11832.39,100845.39,11832.389999999998
PT004311,T0383,2022-05-21,USD,235819.9,15513.8,75436.23,235819.9,75436.23
PT002088,T0187,2025-10-19,INR,108354.13452,11837.04024,10950.131519999999,108354.13452,10950.131519999999
PT000450,T0039,2023-10-05,USD,120590.09,12431.58,12155.95,120590.09,12155.95
PT001381,T0125,2024-12-30,USD,409877.35,42280.44,95387.72,409877.35,95387.72
PT004425,T0393,2023-11-11,USD,25086.23,1336.59,5830.42,25086.23,5830.42
PT900046,T0212,2025-06-03,EUR,307665.0648,18765.043200000004,35054.337600000006,307665.0648,35054.3376
PT005255,T0466,2023-07-29,USD,152351.64,16896.07,11898.55,152351.64,11898.55
PT004370,T0388,2024-12-09,USD,586856.36,60291.16,63713.64,586856.36,63713.64
PT006823,T0604,2023-02-27,EUR,58713.62760000001,4365.403200000001,17900.211600000002,58713.62760000001,17900.211600000002
PT003839,T0341,2026-03-09,USD,64585.74,3636.43,16257.01,64585.74,16257.01
PT001110,T0101,2023-12-29,USD,186388.62,11823.47,42085.53,186388.62,42085.53
PT003894,T0346,2026-01-18,EUR,122676.42240000001,7695.1296,35941.968,122676.42240000001,35941.968
PT005103,T0453,2021-12-08,USD,905854.14,101181.38,54066.76,905854.14,54066.76000000001
PT007559,T0669,2022-12-10,USD,107508.6,10354.64,29073.6,107508.6,29073.6
PT003807,T0338,2025-09-29,USD,196109.37,21559.02,32922.82,196109.37,32922.82
PT000164,T0015,2024-11-21,USD,205901.52,16755.69,56745.83,205901.52,56745.83
PT000445,T0039,2023-05-05,USD,120590.09,12431.58,12155.95,120590.09,12155.95
PT000641,T0058,2026-08-07,USD,18286.12,1426.4,4609.0,18286.12,4609.0
PT006693,T0592,2026-08-09,USD,61549.16,6387.86,4467.53,61549.16,4467.53
PT002897,T0257,2026-06-11,USD,128661.19,10905.21,12240.97,128661.19,12240.97
PT002758,T0245,2022-06-17,EUR,22874.6052,2211.6888,5847.4764000000005,22874.6052,5847.4764000000005
PT001154,T0104,2021-10-21,USD,29416.17,2892.44,7046.63,29416.17,7046.63
PT007850,T0696,2024-06-21,USD,195069.96,12102.09,13908.54,195069.96,13908.540000000003
PT004180,T0371,2022-09-05,USD,56644.81,6315.15,17496.38,56644.81,17496.38
PT001182,T0107,2025-06-04,USD,222938.83,15919.17,67960.24,222938.83,67960.24
PT003208,T0283,2023-01-22,EUR,1310050.6812,90330.444,131798.14560000002,1310050.6812,131798.14560000002
PT000736,T0067,2024-06-27,INR,348799.92528,22527.78516,102905.25564,348799.92528,102905.25564
PT001138,T0103,2025-12-10,EUR,115390.602,7449.6024,13799.0412,115390.602,13799.0412
PT002610,T0233,2025-02-05,USD,205917.56,21692.47,11670.32,205917.56,11670.32
PT004489,T0399,2021-09-28,USD,191901.87,16437.79,13105.15,191901.87,13105.15
PT005052,T0448,2025-01-01,EUR,69358.3668,6222.722400000001,5298.2532,69358.3668,5298.2532
PT005524,T0489,2023-05-29,EUR,275215.3092,27767.448,19233.320400000004,275215.3092,19233.320400000008
PT006008,T0531,2024-01-01,EUR,26995.2912,1963.4508,6519.42,26995.2912,6519.419999999999
PT006832,T0605,2026-05-07,USD,115273.31,6184.99,33746.92,115273.31,33746.92
PT006880,T0610,2022-06-15,USD,537001.73,30237.64,161334.18,537001.73,161334.18
PT005205,T0462,2025-05-12,GBP,359727.6778,21020.2272,18241.6577,359727.6778,18241.6577
PT000637,T0058,2026-04-07,USD,18286.12,1426.4,4609.0,18286.12,4609.0
PT003518,T0311,2025-04-26,INR,166053.26364000002,13644.31452,8528.235,166053.26364000002,8528.234999999999
PT005615,T0497,2024-07-09,USD,219507.59,13328.2,23851.38,219507.59,23851.38
PT000109,T0010,2024-07-12,USD,154845.94,8133.16,14119.08,154845.94,14119.08
PT005151,T0457,2023-01-05,USD,72334.97,5795.18,5924.37,72334.97,5924.37
PT002845,T0253,2024-06-08,USD,33238.01,3761.25,3482.01,33238.01,3482.01
PT005920,T0523,2026-06-10,EUR,120468.13560000001,11444.7384,13696.128,120468.13560000001,13696.128
PT000280,T0025,2023-11-16,USD,89604.85,10744.7,21394.0,89604.85,21394.0
PT002793,T0249,2025-01-05,USD,252877.99,21600.4,21776.06,252877.99,21776.06
PT004802,T0425,2022-10-25,USD,112754.78,7016.49,32364.73,112754.78,32364.73
PT002396,T0214,2024-08-13,USD,132904.93,12353.82,24281.1,132904.93,24281.1
PT005472,T0485,2025-10-03,EUR,484347.60000000003,56940.08400000001,91929.56760000001,484347.60000000003,91929.56760000001
PT001821,T0164,2024-08-26,EUR,118000.67040000002,11559.942000000001,18005.4252,118000.67040000002,18005.4252
PT004876,T0432,2023-08-06,INR,167532.65232,10519.53228,15183.229440000001,167532.65232,15183.229440000001
PT004813,T0426,2024-08-06,USD,65750.67,3877.41,14588.43,65750.67,14588.43
PT000139,T0013,2026-03-27,USD,91469.85,6957.04,22994.54,91469.85,22994.54
PT004450,T0395,2025-05-20,USD,19261.0,1427.54,2150.01,19261.0,2150.01
PT001855,T0167,2023-11-24,USD,232594.41,24529.16,36330.38,232594.41,36330.38
PT001295,T0117,2023-05-02,USD,179453.58,17626.49,54848.37,179453.58,54848.37
PT007819,T0693,2021-08-07,USD,42620.19,2540.92,12492.82,42620.19,12492.82
PT004445,T0394,2023-10-01,USD,119799.86,13253.69,6016.89,119799.86,6016.89
PT005711,T0505,2024-03-04,USD,707427.8,61022.31,47587.06,707427.8,47587.06
PT003262,T0288,2025-06-01,USD,84838.55,5754.94,10102.78,84838.55,10102.78
PT004741,T0420,2023-12-17,EUR,117195.72480000001,6784.4736,19073.0268,117195.72480000001,19073.0268
PT000914,T0083,2022-07-12,INR,219213.34488,20960.49228,68993.45004,219213.34488,68993.45004
PT002154,T0192,2025-08-25,USD,192417.02,18278.9,51344.66,192417.02,51344.659999999996
PT002883,T0256,2026-05-14,USD,85424.88,5043.45,4286.06,85424.88,4286.06
PT000121,T0011,2023-01-04,EUR,156784.62600000002,12574.008000000002,16481.2428,156784.62600000002,16481.2428
PT006038,T0534,2024-08-21,USD,70945.67,5335.38,16487.07,70945.67,16487.07
PT001587,T0144,2022-05-05,USD,264856.71,13851.13,59316.25,264856.71,59316.25
PT004203,T0372,2026-02-07,EUR,628503.0408000001,67276.9476,48468.585600000006,628503.0408000001,48468.585600000006
PT006381,T0564,2025-08-15,INR,282193.533,26532.87252,25219.656720000003,282193.533,25219.656720000003
PT007633,T0676,2021-11-07,USD,84894.67,4885.43,4275.73,84894.67,4275.73
PT000038,T0004,2026-09-13,INR,147548.05488,14252.83692,36649.5858,83610.56448,20768.09863192276
PT005488,T0486,2024-11-11,USD,67621.99,7385.43,5034.98,67621.99,5034.98
PT003618,T0322,2023-05-24,USD,28957.8,1472.65,2894.92,28957.8,2894.92
PT002922,T0259,2026-02-04,EUR,629069.7384,33598.9728,145226.19600000003,629069.7384,145226.19600000003
PT001247,T0113,2022-07-11,INR,74234.2026,7401.237720000001,22116.37284,74234.2026,22116.37284
PT002663,T0237,2024-12-30,USD,198812.87,19628.43,45755.49,198812.87,45755.49
PT006258,T0553,2025-12-21,USD,377837.2,30062.44,115287.92,377837.2,115287.92
PT001245,T0112,2023-10-01,USD,73860.72,8579.69,3852.76,73860.72,3852.7600000000007
PT007310,T0647,2023-06-29,USD,197134.2,16814.11,18042.62,197134.2,18042.62
PT000246,T0022,2025-03-14,INR,143270.09544,16437.25152,22098.1176,143270.09544,22098.117599999998
PT003431,T0303,2025-05-18,USD,30881.94,2451.29,1935.39,30881.94,1935.39
PT004958,T0439,2025-12-08,USD,258217.08,15728.8,50176.75,258217.08,50176.75
PT003539,T0314,2021-07-05,USD,60214.64,3811.84,18101.91,60214.64,18101.91
PT001848,T0166,2026-07-14,USD,31177.28,1715.7,9235.49,31177.28,9235.49
PT007590,T0672,2022-10-26,USD,378300.57,22626.57,103441.96,378300.57,103441.96
PT007291,T0646,2025-09-02,EUR,167525.4204,10216.972800000001,31253.644800000002,167525.4204,31253.644800000002
PT000241,T0021,2024-07-25,USD,142515.67,8361.52,26605.92,142515.67,26605.92
PT003606,T0321,2025-02-11,USD,161742.36,8935.38,39083.25,161742.36,39083.25
PT002196,T0196,2022-07-17,EUR,23012.154000000002,1996.4556,2551.5432,23012.154000000002,2551.5432
PT006009,T0531,2024-02-01,EUR,26995.2912,1963.4508,6519.42,26995.2912,6519.419999999999
PT002030,T0182,2026-04-28,USD,97280.01,7935.74,7896.02,97280.01,7896.02
PT007576,T0671,2023-06-30,USD,90526.2,10551.45,10506.35,90526.2,10506.35
PT003179,T0281,2022-08-06,EUR,103398.1632,7430.9292000000005,5282.6796,103398.1632,5282.6796
PT000194,T0018,2025-07-16,USD,657952.79,37732.66,48584.13,657952.79,48584.13
PT005256,T0467,2022-08-03,EUR,249818.40720000002,13691.916000000001,59531.446800000005,249818.40720000002,59531.4468
PT001727,T0156,2024-07-27,USD,268263.15,26998.06,27525.51,268263.15,27525.51
PT004783,T0424,2024-01-06,USD,348422.41,24441.94,33784.6,348422.41,33784.6
PT007629,T0675,2022-04-14,USD,108287.57,6901.07,12510.11,108287.57,12510.110000000002
PT002080,T0186,2023-09-22,EUR,805420.0332000001,52069.93200000001,248694.51600000003,805420.0332000001,248694.51600000003
PT007139,T0633,2026-02-01,USD,101645.68,10260.41,6933.47,101645.68,6933.47
PT000036,T0004,2026-07-13,INR,147548.05488,14252.83692,36649.5858,147548.05488,36649.5858
PT000632,T0058,2025-11-07,USD,18286.12,1426.4,4609.0,18286.12,4609.0
PT001722,T0156,2024-02-27,USD,268263.15,26998.06,27525.51,268263.15,27525.51
PT005705,T0505,2023-09-04,USD,707427.8,61022.31,47587.06,707427.8,47587.06
PT005644,T0499,2022-12-28,EUR,63398.8404,4951.854,19370.3184,63398.8404,19370.3184
PT900132,T0634,2025-06-17,USD,86475.79,6479.81,5506.45,86475.79,5506.45
PT002130,T0190,2024-03-26,USD,60568.52,6162.37,3679.2,60568.52,3679.2
PT003831,T0340,2022-05-03,USD,104005.14,11392.65,5817.45,104005.14,5817.45
PT004897,T0434,2023-01-28,EUR,112436.4132,9943.862400000002,12460.143600000001,112436.4132,12460.1436
PT003491,T0309,2021-04-15,EUR,34205.662800000006,2846.2212,1790.4564,34205.662800000006,1790.4564
PT001395,T0126,2023-12-24,USD,67627.15,4116.99,6135.2,67627.15,6135.2
PT003364,T0298,2025-05-31,EUR,77861.6928,8960.619600000002,18316.702800000003,77861.6928,18316.702800000003
PT006450,T0569,2024-01-16,USD,252654.55,20173.13,74045.68,252654.55,74045.68
PT002502,T0223,2022-05-23,USD,86406.57,9879.39,7064.0,86406.57,7064.0
PT001548,T0140,2021-10-19,EUR,191309.73120000004,13308.289200000001,31172.3532,191309.73120000004,31172.3532
PT006912,T0612,2023-02-15,USD,251024.5,16010.59,17141.95,251024.5,17141.95
PT001057,T0096,2023-05-01,EUR,36316.3608,3038.9040000000005,9109.3572,36316.3608,9109.3572
PT002702,T0240,2024-06-21,EUR,173417.2092,14488.243200000003,20400.9408,173417.2092,20400.9408
PT002428,T0217,2021-05-01,EUR,119116.5372,6719.2632,35283.1896,119116.5372,35283.1896
PT003284,T0290,2023-05-22,USD,81373.4,6269.51,6981.14,81373.4,6981.14
PT001543,T0140,2021-05-19,EUR,191309.73120000004,13308.289200000001,31172.3532,191309.73120000004,31172.3532
PT001153,T0104,2021-09-21,USD,29416.17,2892.44,7046.63,29416.17,7046.63
PT003889,T0345,2023-06-15,EUR,61659.954000000005,5983.5456,17745.1452,61659.954000000005,17745.1452
PT006631,T0587,2024-03-27,EUR,85837.42800000001,9604.753200000001,15158.664,85837.42800000001,15158.664
PT001059,T0096,2023-07-01,EUR,36316.3608,3038.9040000000005,9109.3572,36316.3608,9109.3572
PT004341,T0385,2025-08-23,USD,378653.5,24852.01,94448.41,378653.5,94448.40999999999
PT003548,T0315,2022-12-01,USD,58673.31,6941.79,16238.13,58673.31,16238.13
PT006443,T0569,2023-06-16,USD,252654.55,20173.13,74045.68,252654.55,74045.68
PT007658,T0678,2023-10-07,INR,224001.48768000002,17874.34272,35929.5258,224001.48768000002,35929.5258
PT005495,T0487,2025-04-27,USD,124090.11,7159.15,8210.18,124090.11,8210.18
PT001285,T0116,2025-10-14,INR,107994.5298,6682.70016,8015.83644,107994.5298,8015.83644
PT007091,T0629,2024-12-23,USD,41059.38,2503.05,4225.65,41059.38,4225.65
PT005084,T0451,2023-02-18,USD,24037.28,1726.09,6748.19,24037.28,6748.19
PT004175,T0370,2025-05-03,EUR,159513.6348,10488.2904,12373.2252,159513.6348,12373.2252
PT002817,T0251,2023-01-10,EUR,184514.814,12427.646400000001,55753.23960000001,184514.814,55753.23960000001
PT003227,T0285,2025-01-06,USD,98525.36,7455.61,7850.62,98525.36,7850.62
PT002726,T0242,2024-11-27,USD,219074.17,21806.13,50070.66,219074.17,50070.66
PT003390,T0300,2025-01-24,USD,323465.09,23267.74,58876.71,323465.09,58876.71
PT000449,T0039,2023-09-05,USD,120590.09,12431.58,12155.95,120590.09,12155.95
PT000208,T0019,2024-09-12,USD,60862.42,3074.28,19034.48,60862.42,19034.48
PT003095,T0274,2023-07-23,EUR,55059.2316,5843.221200000001,6037.3836,55059.2316,6037.3836
PT002605,T0232,2022-08-11,USD,57905.35,5981.94,3276.69,57905.35,3276.69
PT004964,T0439,2026-06-08,USD,258217.08,15728.8,50176.75,258217.08,50176.75
PT000982,T0088,2022-05-26,USD,58920.03,3848.02,9302.07,58920.03,9302.070000000002
PT001577,T0143,2025-03-15,USD,122124.19,7498.42,12206.44,122124.19,12206.44
PT005457,T0484,2024-01-10,EUR,348075.2304,41002.8588,37837.206,348075.2304,37837.206
PT900088,T0395,2025-06-20,USD,19261.0,1427.54,2150.01,19261.0,2150.01
PT003555,T0315,2023-07-01,USD,58673.31,6941.79,16238.13,58673.31,16238.13
PT007628,T0675,2022-03-14,USD,108287.57,6901.07,12510.11,108287.57,12510.110000000002
PT007322,T0648,2024-03-22,EUR,327692.04480000003,31836.9852,103194.486,327692.04480000003,103194.486
PT005032,T0446,2026-06-24,USD,88269.93,6580.64,6268.7,88269.93,6268.700000000001
PT007030,T0623,2026-07-27,USD,82546.71,4670.13,15920.29,82546.71,15920.29
PT006924,T0613,2026-06-01,USD,69722.78,6874.33,20542.69,69722.78,20542.69
PT005779,T0511,2021-08-21,USD,334493.39,22458.58,77322.03,334493.39,77322.03
PT004043,T0358,2026-07-30,USD,192784.05,10605.26,46450.02,192784.05,46450.020000000004
PT006618,T0586,2024-03-24,EUR,24059.7972,1420.6968000000002,5402.7324,24059.7972,5402.7324
PT003468,T0307,2026-01-21,USD,117182.12,13660.29,8467.45,117182.12,8467.45
PT000596,T0054,2025-03-27,EUR,170129.7972,13861.206000000002,31287.664800000002,170129.7972,31287.664800000006
PT006347,T0561,2022-12-18,USD,81274.19,5787.51,18098.87,81274.19,18098.87
PT004037,T0358,2026-01-30,USD,192784.05,10605.26,46450.02,192784.05,46450.020000000004
PT005764,T0510,2022-07-08,USD,93349.78,5357.56,21604.83,93349.78,21604.83
PT006170,T0546,2025-07-15,USD,124484.55,9552.24,19203.59,124484.55,19203.59
PT002555,T0227,2026-08-31,USD,77943.55,5951.59,22770.19,77943.55,22770.19
PT003595,T0319,2026-09-14,USD,37176.26,3981.03,3190.75,19827.34,1701.733447770163
PT001771,T0160,2024-09-07,USD,186346.27,19284.1,29635.64,186346.27,29635.64
PT002336,T0208,2025-10-25,USD,177433.96,9587.12,56726.86,177433.96,56726.86
PT005931,T0524,2025-11-26,USD,89971.66,7949.52,28585.0,89971.66,28584.999999999996
PT001605,T0145,2023-12-02,USD,18666.19,1592.14,4153.61,18666.19,4153.61
PT004989,T0442,2026-04-25,USD,267250.86,28353.24,19939.36,267250.86,19939.36
PT003480,T0308,2023-09-03,USD,78800.94,6297.77,7973.06,78800.94,7973.06
PT004732,T0419,2022-02-24,USD,22504.6,1617.69,1774.43,22504.6,1774.43
PT006209,T0549,2026-04-30,USD,48465.38,3129.5,15295.14,48465.38,15295.14
PT001179,T0107,2025-03-04,USD,222938.83,15919.17,67960.24,222938.83,67960.24
PT004976,T0440,2024-09-24,USD,108262.16,6801.01,10566.85,108262.16,10566.85
PT007424,T0657,2024-10-11,USD,134067.74,14448.71,21246.07,134067.74,21246.07
PT002558,T0228,2026-08-08,USD,56871.73,5226.34,6261.03,56871.73,6261.03
PT005645,T0499,2023-01-28,EUR,63398.8404,4951.854,19370.3184,63398.8404,19370.3184
PT001586,T0143,2025-12-15,USD,122124.19,7498.42,12206.44,122124.19,12206.44
PT007394,T0654,2023-07-03,USD,71594.91,4166.35,4179.29,71594.91,4179.29
PT000724,T0066,2021-10-01,USD,95475.14,8375.64,28863.35,95475.14,28863.35
PT007167,T0635,2025-11-20,EUR,73667.21040000001,3911.2416000000003,12001.8888,73667.21040000001,12001.8888
PT006917,T0613,2025-11-01,USD,69722.78,6874.33,20542.69,69722.78,20542.69
PT005117,T0454,2024-01-19,USD,111399.74,11630.42,18228.16,111399.74,18228.16
PT005139,T0456,2024-04-16,USD,805192.2,48586.1,87380.93,805192.2,87380.93
PT003680,T0328,2024-08-08,USD,59138.66,3765.18,16038.65,59138.66,16038.65
PT007443,T0659,2023-01-10,EUR,40187.89080000001,3675.8988000000004,4231.8936,40187.89080000001,4231.893600000001
PT004122,T0366,2024-10-09,USD,244109.16,19467.39,14871.27,244109.16,14871.27
PT003694,T0329,2025-01-20,USD,84586.82,7675.4,26351.14,84586.82,26351.14
PT004234,T0376,2023-01-28,USD,62508.05,4156.54,14744.08,62508.05,14744.08
PT007639,T0676,2022-05-07,USD,84894.67,4885.43,4275.73,84894.67,4275.73
PT006215,T0550,2025-05-19,USD,70481.65,5886.74,19550.06,70481.65,19550.06
PT001936,T0174,2026-05-03,USD,548983.18,50839.24,165558.54,548983.18,165558.54
PT007556,T0669,2022-09-10,USD,107508.6,10354.64,29073.6,107508.6,29073.6
PT004169,T0370,2024-11-03,EUR,159513.6348,10488.2904,12373.2252,159513.6348,12373.2252
PT007244,T0642,2022-05-29,EUR,417150.378,47747.73960000001,43739.557199999996,417150.378,43739.557199999996
PT001336,T0121,2024-06-03,USD,276582.4,16816.16,72794.98,276582.4,72794.98
PT002784,T0247,2023-11-14,GBP,132705.2591,8518.017,21808.4146,132705.2591,21808.4146
PT002909,T0258,2023-05-26,USD,575297.25,50646.06,59184.28,575297.25,59184.28
PT007314,T0648,2023-07-22,EUR,327692.04480000003,31836.9852,103194.486,327692.04480000003,103194.486
PT004115,T0365,2026-01-13,EUR,216122.6988,24557.6124,17069.184,216122.6988,17069.184
PT004248,T0377,2024-01-31,USD,62327.17,5145.55,5656.3,62327.17,5656.3
PT000767,T0070,2024-08-15,USD,105633.2,9140.89,8131.21,105633.2,8131.209999999999
PT001747,T0158,2025-07-23,USD,48036.85,4454.77,5670.51,48036.85,5670.51
PT004179,T0370,2025-09-03,EUR,159513.6348,10488.2904,12373.2252,159513.6348,12373.2252
PT001009,T0091,2024-07-04,USD,235117.14,20306.71,55696.27,235117.14,55696.27
PT003032,T0269,2025-07-12,USD,100980.51,5635.27,25218.16,100980.51,25218.16
PT000623,T0057,2025-12-30,EUR,28573.7868,3249.4932000000003,7072.444800000001,28573.7868,7072.444800000001
PT005658,T0501,2025-11-27,USD,76078.73,3869.15,18723.02,76078.73,18723.02
PT002162,T0193,2023-04-29,USD,348250.65,26073.42,111122.34,348250.65,111122.34
PT002931,T0260,2023-04-17,USD,215371.07,14164.38,50707.93,215371.07,50707.93
PT003926,T0348,2025-01-08,USD,53506.37,6190.83,14710.6,53506.37,14710.6
PT005077,T0450,2025-10-06,USD,1740983.88,102684.64,510880.2,1740983.88,510880.19999999995
PT003846,T0342,2022-02-06,EUR,239849.86680000002,24176.772000000004,64602.87840000001,239849.86680000002,64602.8784
PT004815,T0426,2024-10-06,USD,65750.67,3877.41,14588.43,65750.67,14588.43
PT002773,T0246,2025-10-10,EUR,290496.06720000005,31914.324,82716.1632,290496.06720000005,82716.1632
PT003978,T0353,2024-05-27,USD,128986.64,13105.12,39658.69,128986.64,39658.69
PT002846,T0253,2024-07-08,USD,33238.01,3761.25,3482.01,33238.01,3482.01
PT005960,T0527,2025-08-30,EUR,138141.1476,11759.4504,21881.113200000003,138141.1476,21881.113200000003
PT006691,T0592,2026-06-09,USD,61549.16,6387.86,4467.53,61549.16,4467.53
PT001719,T0155,2025-03-30,USD,58436.4,6643.39,6874.12,58436.4,6874.12
PT005121,T0454,2024-05-19,USD,111399.74,11630.42,18228.16,111399.74,18228.16
PT003805,T0338,2025-07-29,USD,196109.37,21559.02,32922.82,196109.37,32922.82
PT002622,T0234,2025-11-13,USD,59490.81,3553.41,14719.49,59490.81,14719.49
PT002171,T0194,2026-01-21,EUR,81462.59640000001,5624.434800000001,17943.822000000004,81462.59640000001,17943.822000000004
PT006887,T0610,2023-01-15,USD,537001.73,30237.64,161334.18,537001.73,161334.18
PT004381,T0389,2026-05-29,USD,291540.12,25853.3,20838.81,291540.12,20838.81
PT003314,T0292,2022-12-17,EUR,88983.306,8492.310000000001,7545.4632,88983.306,7545.463199999999
PT004895,T0433,2025-05-07,USD,50396.95,2574.16,15116.39,50396.95,15116.39
PT000542,T0047,2022-11-30,USD,89508.76,9237.4,6801.56,89508.76,6801.5599999999995
PT005646,T0500,2024-11-11,USD,329498.64,36506.79,80622.15,329498.64,80622.15
PT006420,T0567,2024-12-16,INR,85901.69076000001,7489.983480000001,24422.53512,85901.69076000001,24422.53512
PT003842,T0341,2026-06-09,USD,64585.74,3636.43,16257.01,64585.74,16257.01
PT002432,T0217,2021-09-01,EUR,119116.5372,6719.2632,35283.1896,119116.5372,35283.1896
PT000513,T0045,2023-08-15,USD,147873.25,10444.91,8539.45,147873.25,8539.45
PT004474,T0398,2024-11-17,EUR,103972.0644,10384.0704,25326.4752,103972.0644,25326.4752
PT005335,T0473,2025-02-06,GBP,141269.593,10608.1957,15021.1409,141269.593,15021.1409
PT001086,T0099,2025-10-30,USD,81331.03,7301.23,6880.77,81331.03,6880.77
PT007363,T0652,2025-04-30,INR,207270.46008,17772.62796,20111.18928,207270.46008,20111.18928
PT007161,T0635,2025-05-20,EUR,73667.21040000001,3911.2416000000003,12001.8888,73667.21040000001,12001.8888
PT002748,T0244,2026-08-21,USD,154510.56,14102.76,36427.43,154510.56,36427.43
PT000692,T0063,2025-04-13,EUR,31413.549600000002,3768.3576,8645.594400000002,31413.549600000002,8645.594400000002
PT003746,T0333,2022-01-19,USD,311979.04,22071.62,55779.26,311979.04,55779.26
PT004351,T0386,2024-06-25,EUR,195757.722,15492.643200000002,44076.4092,195757.722,44076.4092
PT005715,T0506,2021-01-19,EUR,43116.008400000006,4733.4456,10521.5328,43116.008400000006,10521.5328
PT001456,T0132,2026-03-28,USD,22783.62,1489.38,2308.41,22783.62,2308.41
PT007891,T0700,2025-07-06,EUR,37178.6544,4364.6472,3004.8192,37178.6544,3004.8192
PT002924,T0260,2022-09-17,USD,215371.07,14164.38,50707.93,215371.07,50707.93
PT000917,T0083,2022-10-12,INR,219213.34488,20960.49228,68993.45004,219213.34488,68993.45004
PT002027,T0182,2026-01-28,USD,97280.01,7935.74,7896.02,97280.01,7896.02
PT005381,T0477,2023-04-15,EUR,74123.4348,6291.7992,17409.481200000002,74123.4348,17409.481200000002
PT003449,T0305,2024-05-22,USD,194597.27,17781.41,59078.2,194597.27,59078.19999999999
PT005603,T0496,2025-09-05,USD,121892.83,13916.04,32505.24,121892.83,32505.24
PT004835,T0428,2025-08-18,USD,187489.03,16352.03,58407.73,187489.03,58407.73
PT007321,T0648,2024-02-22,EUR,327692.04480000003,31836.9852,103194.486,327692.04480000003,103194.486
PT004292,T0381,2024-10-15,USD,196717.43,18224.67,21941.46,196717.43,21941.46
PT004456,T0395,2025-11-20,USD,19261.0,1427.54,2150.01,19261.0,2150.01
PT004127,T0366,2025-03-09,USD,244109.16,19467.39,14871.27,244109.16,14871.27
PT006986,T0618,2024-09-08,EUR,51158.72520000001,3618.1404,2574.9468,51158.72520000001,2574.9468
PT001115,T0101,2024-05-29,USD,186388.62,11823.47,42085.53,186388.62,42085.53
PT003954,T0351,2023-06-15,INR,188542.674,11481.73296,49336.569599999995,188542.674,49336.569599999995
PT000799,T0072,2025-05-22,USD,41079.98,4527.82,3269.61,41079.98,3269.61
PT004095,T0363,2023-05-12,EUR,506046.16080000007,51150.009600000005,41690.16,506046.16080000007,41690.16
PT005507,T0488,2026-01-11,USD,499574.73,38234.1,42785.9,499574.73,42785.9
PT005987,T0529,2025-10-23,USD,931509.25,110697.38,57160.07,931509.25,57160.07
PT004974,T0440,2024-07-24,USD,108262.16,6801.01,10566.85,108262.16,10566.85
PT004001,T0355,2025-01-19,USD,179347.12,14339.27,12695.21,179347.12,12695.21
PT002729,T0243,2026-01-06,USD,309912.87,23450.53,16064.06,309912.87,16064.06
PT002828,T0252,2023-07-11,USD,111248.59,8184.22,8399.86,111248.59,8399.86
PT001756,T0159,2021-01-27,EUR,61953.93000000001,4505.598000000001,19508.5152,61953.93000000001,19508.5152
PT003062,T0271,2024-08-04,EUR,138663.036,14095.101600000002,42684.85080000001,138663.036,42684.85080000001
PT005105,T0453,2022-02-08,USD,905854.14,101181.38,54066.76,905854.14,54066.76000000001
PT007515,T0665,2024-05-18,USD,99102.04,10349.65,8816.75,99102.04,8816.75
PT001413,T0128,2024-05-24,EUR,47205.9036,4711.0896,3101.8572000000004,47205.9036,3101.8572000000004
PT004750,T0421,2023-04-12,USD,94269.31,5440.4,7802.29,94269.31,7802.29
PT002384,T0212,2026-02-03,EUR,307665.0648,18765.043200000004,35054.337600000006,307665.0648,35054.3376
PT004071,T0361,2021-04-20,USD,55805.28,6687.45,12734.32,55805.28,12734.32
PT005012,T0444,2026-03-23,USD,162995.78,16957.19,9661.02,162995.78,9661.02
PT003165,T0280,2025-05-29,USD,59622.21,3905.8,18841.97,59622.21,18841.97
PT007610,T0674,2021-04-15,EUR,44131.00320000001,2683.8756000000003,3010.6296,44131.00320000001,3010.6296
PT003701,T0329,2025-08-20,USD,84586.82,7675.4,26351.14,84586.82,26351.14
PT001311,T0118,2025-02-19,USD,296970.76,29038.15,17656.57,296970.76,17656.57
PT001675,T0151,2023-02-06,USD,217258.83,17594.91,51837.4,217258.83,51837.40000000001
PT006755,T0598,2025-02-04,USD,101343.27,5236.04,20253.04,101343.27,20253.04
PT004218,T0374,2026-06-11,EUR,83985.1308,9245.4156,19767.877200000003,83985.1308,19767.877200000003
PT005655,T0500,2025-08-11,USD,329498.64,36506.79,80622.15,329498.64,80622.15
PT007589,T0672,2022-09-26,USD,378300.57,22626.57,103441.96,378300.57,103441.96
PT000228,T0020,2025-07-16,USD,363245.55,40202.6,42654.03,363245.55,42654.03
PT006322,T0559,2025-08-29,USD,327613.36,28850.88,38905.51,327613.36,38905.51
PT003583,T0318,2025-05-24,EUR,401682.18600000005,22070.6532,35007.789600000004,401682.18600000005,35007.789600000004
PT004885,T0433,2024-07-07,USD,50396.95,2574.16,15116.39,50396.95,15116.39
PT001298,T0117,2023-08-02,USD,179453.58,17626.49,54848.37,179453.58,54848.37
PT007331,T0649,2024-01-01,USD,336774.22,25578.56,99427.49,336774.22,99427.49
PT006742,T0597,2026-08-14,USD,136054.4,15710.8,11676.07,136054.4,11676.07
PT002212,T0197,2022-05-03,USD,45335.18,4803.98,13035.43,45335.18,13035.43
PT007389,T0654,2023-02-03,USD,71594.91,4166.35,4179.29,71594.91,4179.29
PT003645,T0324,2024-03-14,USD,463519.43,50432.76,41052.76,463519.43,41052.76
PT006439,T0568,2026-05-23,INR,118548.50460000001,13141.78056,30852.33276,118548.50460000001,30852.33276
PT002076,T0186,2023-05-22,EUR,805420.0332000001,52069.93200000001,248694.51600000003,805420.0332000001,248694.51600000003
PT004459,T0396,2022-07-11,USD,239845.45,13220.92,53238.95,239845.45,53238.95
PT005725,T0506,2021-11-19,EUR,43116.008400000006,4733.4456,10521.5328,43116.008400000006,10521.5328
PT002905,T0258,2023-01-26,USD,575297.25,50646.06,59184.28,575297.25,59184.28
PT001398,T0127,2023-11-05,USD,387593.45,24881.69,43903.99,387593.45,43903.99
PT006422,T0567,2025-02-16,INR,85901.69076000001,7489.983480000001,24422.53512,85901.69076000001,24422.53512
PT006849,T0607,2025-12-03,EUR,256165.95600000003,25993.9908,15979.4856,256165.95600000003,15979.4856
PT003911,T0347,2025-02-07,EUR,77677.9632,9175.9392,12901.6476,77677.9632,12901.6476
PT005286,T0469,2024-09-05,USD,25087.82,2721.06,1601.7,25087.82,1601.7
PT005162,T0458,2021-05-17,USD,84272.84,8772.44,22733.1,84272.84,22733.1
PT004285,T0381,2024-03-15,USD,196717.43,18224.67,21941.46,196717.43,21941.46
PT007713,T0683,2025-09-20,USD,91024.39,4803.71,4908.81,91024.39,4908.81
PT001390,T0126,2023-07-24,USD,67627.15,4116.99,6135.2,67627.15,6135.2
PT004787,T0424,2024-05-06,USD,348422.41,24441.94,33784.6,348422.41,33784.6
PT002498,T0222,2025-11-24,EUR,87822.5436,8147.044800000001,16989.6744,87822.5436,16989.6744
PT004674,T0414,2025-11-15,USD,62180.47,4664.26,19590.88,62180.47,19590.88
PT005884,T0520,2024-07-02,EUR,104810.78160000002,10757.091600000002,5494.1868,104810.78160000002,5494.1868
PT002327,T0208,2025-01-25,USD,177433.96,9587.12,56726.86,177433.96,56726.86
PT005785,T0511,2022-02-21,USD,334493.39,22458.58,77322.03,334493.39,77322.03
PT003919,T0348,2024-06-08,USD,53506.37,6190.83,14710.6,53506.37,14710.6
PT000314,T0028,2026-03-11,USD,74814.37,8319.51,5004.79,74814.37,5004.79
PT006421,T0567,2025-01-16,INR,85901.69076000001,7489.983480000001,24422.53512,85901.69076000001,24422.53512
PT003507,T0310,2026-04-14,USD,160563.84,8827.18,42357.17,160563.84,42357.17
PT002418,T0216,2023-12-28,USD,61875.35,3459.68,11119.3,61875.35,11119.300000000001
PT003030,T0269,2025-05-12,USD,100980.51,5635.27,25218.16,100980.51,25218.16
PT000756,T0069,2025-10-15,USD,42534.31,4242.26,3766.99,42534.31,3766.9899999999993
PT002713,T0241,2024-03-30,USD,110607.31,12757.14,16933.35,110607.31,16933.35
PT006968,T0617,2023-07-10,INR,38423.0556,4421.86572,11912.99436,38423.0556,11912.99436
PT005358,T0475,2024-08-21,USD,196540.51,14768.63,33688.16,196540.51,33688.16
PT003635,T0323,2024-02-08,USD,87122.53,10056.82,9355.37,87122.53,9355.37
PT004159,T0369,2024-05-11,USD,179253.01,13824.9,48744.52,179253.01,48744.52
PT002719,T0242,2024-04-27,USD,219074.17,21806.13,50070.66,219074.17,50070.66
PT005912,T0523,2025-10-10,EUR,120468.13560000001,11444.7384,13696.128,120468.13560000001,13696.128
PT005675,T0502,2024-05-05,INR,24507.44568,1305.396,4751.335080000001,24507.44568,4751.335080000001
PT006127,T0542,2021-11-29,USD,73713.82,5705.23,22902.55,73713.82,22902.55
PT007537,T0668,2025-02-19,INR,95437.28808,11111.225279999999,9710.4072,95437.28808,9710.4072
PT005796,T0512,2023-08-07,EUR,114533.6544,11156.4756,10400.9184,114533.6544,10400.9184
PT007412,T0656,2022-10-30,USD,104895.23,10394.92,18702.49,104895.23,18702.49
PT000127,T0012,2025-03-21,USD,126104.76,10667.19,23959.09,126104.76,23959.09
PT005724,T0506,2021-10-19,EUR,43116.008400000006,4733.4456,10521.5328,43116.008400000006,10521.5328
PT007598,T0673,2024-02-09,EUR,136476.5976,10902.2976,13130.521200000001,136476.5976,13130.521200000001
PT004531,T0402,2024-10-15,INR,121383.34547999999,9284.16552,14205.6714,121383.34547999999,14205.6714
PT005020,T0445,2026-06-07,USD,93188.91,9260.04,7978.21,93188.91,7978.21
PT000439,T0039,2022-11-05,USD,120590.09,12431.58,12155.95,120590.09,12155.95
PT002223,T0198,2026-03-08,USD,103454.16,7717.55,5920.95,103454.16,5920.949999999999
PT003124,T0276,2025-08-15,USD,391095.49,24727.88,114385.11,391095.49,114385.11
PT004905,T0434,2023-09-28,EUR,112436.4132,9943.862400000002,12460.143600000001,112436.4132,12460.1436
PT006018,T0532,2024-08-01,EUR,78526.4112,6675.1128,6333.411600000001,78526.4112,6333.411600000001
PT001273,T0115,2026-07-21,USD,74452.3,4413.38,17273.76,74452.3,17273.76
PT000286,T0025,2024-05-16,USD,89604.85,10744.7,21394.0,89604.85,21394.0
PT002144,T0192,2024-10-25,USD,192417.02,18278.9,51344.66,192417.02,51344.659999999996
PT006328,T0559,2026-02-28,USD,327613.36,28850.88,38905.51,327613.36,38905.51
PT003325,T0293,2022-01-05,EUR,192820.824,13627.213200000002,59421.9672,192820.824,59421.9672
PT001229,T0111,2023-01-08,EUR,108136.9548,10391.274,20384.8596,108136.9548,20384.8596
PT006308,T0558,2021-01-14,USD,100485.76,10623.18,28727.27,100485.76,28727.27
PT006911,T0612,2023-01-15,USD,251024.5,16010.59,17141.95,251024.5,17141.95
PT002032,T0182,2026-06-28,USD,97280.01,7935.74,7896.02,97280.01,7896.02
PT005234,T0465,2025-05-22,INR,101647.05168,6685.017720000001,27466.38312,101647.05168,27466.38312
PT002013,T0181,2024-05-27,USD,69970.88,6168.94,22359.58,69970.88,22359.58
PT002925,T0260,2022-10-17,USD,215371.07,14164.38,50707.93,215371.07,50707.93
PT007592,T0672,2022-12-26,USD,378300.57,22626.57,103441.96,378300.57,103441.96
PT000172,T0016,2025-03-16,USD,441126.28,40165.06,137062.51,441126.28,137062.51
PT006128,T0542,2021-12-29,USD,73713.82,5705.23,22902.55,73713.82,22902.55
PT004369,T0388,2024-11-09,USD,586856.36,60291.16,63713.64,586856.36,63713.64
PT006345,T0561,2022-10-18,USD,81274.19,5787.51,18098.87,81274.19,18098.87
PT002054,T0184,2025-12-28,EUR,89497.73160000001,7562.4408,10029.582,89497.73160000001,10029.582
PT002985,T0265,2021-10-23,USD,157995.05,7944.03,10333.41,157995.05,10333.41
PT004748,T0421,2023-02-12,USD,94269.31,5440.4,7802.29,94269.31,7802.29
PT005681,T0503,2025-12-10,USD,95548.2,6810.41,25506.07,95548.2,25506.07
PT002504,T0223,2022-07-23,USD,86406.57,9879.39,7064.0,86406.57,7064.0
PT000251,T0022,2025-08-14,INR,143270.09544,16437.25152,22098.1176,143270.09544,22098.117599999998
PT001668,T0150,2023-02-24,USD,340211.84,36441.14,78765.37,340211.84,78765.37
PT004148,T0368,2024-01-08,GBP,92688.85450000002,6537.9219,28605.8102,92688.85450000002,28605.8102
PT002090,T0187,2025-12-19,INR,108354.13452,11837.04024,10950.131519999999,108354.13452,10950.131519999999
PT000049,T0005,2026-09-11,USD,64093.86,3436.46,15371.02,40592.78,9734.979812974285
PT000112,T0011,2022-04-04,EUR,156784.62600000002,12574.008000000002,16481.2428,156784.62600000002,16481.2428
PT000459,T0040,2025-08-09,USD,71386.65,4315.76,5543.21,71386.65,5543.21
PT006321,T0559,2025-07-29,USD,327613.36,28850.88,38905.51,327613.36,38905.51
PT005360,T0475,2024-10-21,USD,196540.51,14768.63,33688.16,196540.51,33688.16
PT001465,T0133,2025-08-05,INR,37030.3044,3647.66496,3455.1585600000003,37030.3044,3455.1585600000003
PT004208,T0373,2026-07-20,USD,81218.91,6818.1,25013.61,81218.91,25013.61
PT000613,T0056,2025-03-19,USD,62766.84,3225.19,6071.08,62766.84,6071.08
PT005448,T0483,2025-05-20,USD,38196.24,2004.43,2501.49,38196.24,2501.49
PT002115,T0189,2025-06-02,USD,50169.19,4165.63,4665.72,50169.19,4665.72
PT007270,T0644,2025-03-30,USD,74853.06,4125.74,14760.53,74853.06,14760.530000000002
PT004131,T0366,2025-07-09,USD,244109.16,19467.39,14871.27,244109.16,14871.27
PT002752,T0245,2021-12-17,EUR,22874.6052,2211.6888,5847.4764000000005,22874.6052,5847.4764000000005
PT000673,T0061,2023-03-16,USD,79148.07,8247.51,8375.9,79148.07,8375.9
PT000882,T0080,2025-07-24,EUR,145229.5008,11068.3044,23146.743599999998,145229.5008,23146.743599999998
PT006863,T0608,2024-03-20,USD,82680.31,6098.48,22186.43,82680.31,22186.43
PT007020,T0622,2023-03-05,INR,146466.35580000002,11407.440480000001,44509.40844,146466.35580000002,44509.40844
PT005199,T0462,2024-11-12,GBP,359727.6778,21020.2272,18241.6577,359727.6778,18241.6577
PT001233,T0111,2023-05-08,EUR,108136.9548,10391.274,20384.8596,108136.9548,20384.8596
PT001159,T0105,2023-09-22,USD,142898.06,11784.51,32834.94,142898.06,32834.94
PT004697,T0416,2023-01-30,USD,31871.84,3672.14,3261.3,31871.84,3261.3
PT006191,T0548,2021-03-26,USD,48588.3,3167.63,14186.25,48588.3,14186.25
PT002754,T0245,2022-02-17,EUR,22874.6052,2211.6888,5847.4764000000005,22874.6052,5847.4764000000005
PT002085,T0187,2025-07-19,INR,108354.13452,11837.04024,10950.131519999999,108354.13452,10950.131519999999
PT001309,T0118,2024-12-19,USD,296970.76,29038.15,17656.57,296970.76,17656.57
PT001603,T0145,2023-10-02,USD,18666.19,1592.14,4153.61,18666.19,4153.61
PT005159,T0458,2021-02-17,USD,84272.84,8772.44,22733.1,84272.84,22733.1
PT006845,T0607,2025-08-03,EUR,256165.95600000003,25993.9908,15979.4856,256165.95600000003,15979.4856
PT007170,T0636,2022-06-19,EUR,82084.3524,7050.844800000001,22848.717600000004,82084.3524,22848.717600000004
PT003475,T0307,2026-08-21,USD,117182.12,13660.29,8467.45,117182.12,8467.45
PT004186,T0371,2023-03-05,USD,56644.81,6315.15,17496.38,56644.81,17496.38
PT003815,T0339,2024-03-08,EUR,39754.141200000005,3422.8764,10382.418000000001,39754.141200000005,10382.418000000001
PT004360,T0387,2023-04-07,USD,35087.28,3137.78,9668.7,35087.28,9668.7
PT005094,T0452,2026-06-28,USD,62409.29,6822.24,18989.66,62409.29,18989.66
PT002289,T0204,2026-02-18,USD,117742.81,9445.05,29681.04,117742.81,29681.04
PT001441,T0130,2023-10-31,USD,79586.62,4046.47,4078.84,79586.62,4078.8400000000006
PT001338,T0122,2024-07-26,USD,169933.52,18604.51,19271.38,169933.52,19271.38
PT006925,T0613,2026-07-01,USD,69722.78,6874.33,20542.69,69722.78,20542.69
PT000960,T0087,2025-04-20,USD,135638.47,10215.2,11115.34,135638.47,11115.34
PT003857,T0342,2023-01-06,EUR,239849.86680000002,24176.772000000004,64602.87840000001,239849.86680000002,64602.8784
PT007323,T0648,2024-04-22,EUR,327692.04480000003,31836.9852,103194.486,327692.04480000003,103194.486
PT003204,T0283,2022-09-22,EUR,1310050.6812,90330.444,131798.14560000002,1310050.6812,131798.14560000002
PT004192,T0372,2025-03-07,EUR,628503.0408000001,67276.9476,48468.585600000006,628503.0408000001,48468.585600000006
PT004640,T0412,2023-05-20,EUR,68916.88440000001,5156.7624,16548.354,68916.88440000001,16548.354
PT000883,T0080,2025-08-24,EUR,145229.5008,11068.3044,23146.743599999998,145229.5008,23146.743599999998
PT002887,T0257,2025-08-11,USD,128661.19,10905.21,12240.97,128661.19,12240.97
PT000568,T0050,2023-11-12,EUR,117264.8448,7941.520800000001,18548.816400000003,117264.8448,18548.816400000003
PT003218,T0284,2025-05-11,EUR,1260247.6152000001,133147.5732,123493.4964,1260247.6152000001,123493.4964
PT004880,T0432,2023-12-06,INR,167532.65232,10519.53228,15183.229440000001,167532.65232,15183.229440000001
PT007002,T0620,2026-08-17,USD,91719.89,8938.15,25809.48,91719.89,25809.48
PT007877,T0698,2023-02-14,USD,38307.16,2839.08,9651.25,38307.16,9651.25
PT003907,T0347,2024-10-07,EUR,77677.9632,9175.9392,12901.6476,77677.9632,12901.6476
PT002583,T0230,2021-12-25,USD,550925.07,29095.85,65516.53,550925.07,65516.53
PT000503,T0044,2022-07-13,USD,167426.07,10739.74,38489.99,167426.07,38489.99
PT000345,T0031,2023-03-31,INR,94728.91752,7498.9944,27454.237559999998,94728.91752,27454.237559999998
PT005068,T0450,2025-01-06,USD,1740983.88,102684.64,510880.2,1740983.88,510880.19999999995
PT005498,T0487,2025-07-27,USD,124090.11,7159.15,8210.18,124090.11,8210.18
PT005928,T0524,2025-08-26,USD,89971.66,7949.52,28585.0,89971.66,28584.999999999996
PT000573,T0050,2024-04-12,EUR,117264.8448,7941.520800000001,18548.816400000003,117264.8448,18548.816400000003
PT006475,T0571,2024-08-22,USD,36495.53,3294.75,2227.51,36495.53,2227.51
PT004198,T0372,2025-09-07,EUR,628503.0408000001,67276.9476,48468.585600000006,628503.0408000001,48468.585600000006
PT004508,T0400,2026-07-26,USD,374847.6,29937.0,110644.75,374847.6,110644.75
PT006489,T0573,2026-09-09,USD,276616.98,32365.66,16655.81,193631.89,11659.067240850149
PT002467,T0220,2025-08-19,EUR,37204.768800000005,3899.0052000000005,4169.1348,37204.768800000005,4169.1348
PT006071,T0536,2026-07-08,USD,182296.07,13374.97,19208.55,182296.07,19208.55
PT001988,T0179,2024-10-11,USD,239867.29,16929.17,61772.5,239867.29,61772.49999999999
PT006859,T0608,2023-11-20,USD,82680.31,6098.48,22186.43,82680.31,22186.43
PT006208,T0549,2026-03-31,USD,48465.38,3129.5,15295.14,48465.38,15295.14
PT003191,T0282,2022-12-14,USD,121339.65,9726.82,19035.5,121339.65,19035.5
PT006999,T0619,2023-03-04,USD,96206.91,8269.65,23232.23,96206.91,23232.23
PT007038,T0624,2023-10-05,USD,36199.0,3589.73,9988.47,36199.0,9988.47
PT006545,T0579,2026-04-07,USD,81622.23,5876.12,23199.14,81622.23,23199.14
PT003967,T0352,2023-11-29,USD,463761.29,33137.43,51590.11,463761.29,51590.11
PT003578,T0317,2022-08-22,USD,151237.27,12948.26,43182.88,151237.27,43182.88
PT000930,T0084,2023-06-30,USD,167829.37,18999.84,53012.39,167829.37,53012.39000000001
PT007318,T0648,2023-11-22,EUR,327692.04480000003,31836.9852,103194.486,327692.04480000003,103194.486
PT000749,T0068,2022-02-03,USD,277413.18,21500.71,26561.7,277413.18,26561.7
PT001789,T0161,2021-12-05,EUR,46175.0976,3918.4128,2984.1696,46175.0976,2984.1696
PT002672,T0238,2023-05-29,USD,34833.41,3472.71,8151.64,34833.41,8151.640000000001
PT007646,T0677,2023-02-05,USD,100715.03,6782.36,22735.4,100715.03,22735.4
PT003327,T0293,2022-03-05,EUR,192820.824,13627.213200000002,59421.9672,192820.824,59421.9672
PT004231,T0376,2022-10-28,USD,62508.05,4156.54,14744.08,62508.05,14744.08
PT004934,T0437,2021-12-31,USD,104966.16,10922.64,5671.7,104966.16,5671.700000000001
PT002703,T0240,2024-07-21,EUR,173417.2092,14488.243200000003,20400.9408,173417.2092,20400.9408
PT002216,T0198,2025-08-08,USD,103454.16,7717.55,5920.95,103454.16,5920.949999999999
PT001065,T0097,2025-04-26,EUR,42736.9392,4385.8584,3535.3692,42736.9392,3535.3692
PT001382,T0125,2025-01-30,USD,409877.35,42280.44,95387.72,409877.35,95387.72
PT004524,T0402,2024-03-15,INR,121383.34547999999,9284.16552,14205.6714,121383.34547999999,14205.6714
PT000518,T0045,2024-01-15,USD,147873.25,10444.91,8539.45,147873.25,8539.45
PT004085,T0363,2022-07-12,EUR,506046.16080000007,51150.009600000005,41690.16,506046.16080000007,41690.16
PT004028,T0357,2023-05-18,INR,351362.86152000003,26010.802440000003,86410.13448000001,351362.86152000003,86410.13448000001
PT003171,T0280,2025-11-29,USD,59622.21,3905.8,18841.97,59622.21,18841.97
PT000230,T0021,2023-08-25,USD,142515.67,8361.52,26605.92,142515.67,26605.92
PT002576,T0230,2021-05-25,USD,550925.07,29095.85,65516.53,550925.07,65516.53
PT005487,T0486,2024-10-11,USD,67621.99,7385.43,5034.98,67621.99,5034.98
PT002176,T0194,2026-06-21,EUR,81462.59640000001,5624.434800000001,17943.822000000004,81462.59640000001,17943.822000000004
PT003369,T0298,2025-10-31,EUR,77861.6928,8960.619600000002,18316.702800000003,77861.6928,18316.702800000003
PT007518,T0665,2024-08-18,USD,99102.04,10349.65,8816.75,99102.04,8816.75
PT000802,T0073,2021-04-19,EUR,811357.5276,47117.8404,250576.8588,811357.5276,250576.85880000005
PT007634,T0676,2021-12-07,USD,84894.67,4885.43,4275.73,84894.67,4275.73
PT004284,T0380,2022-02-21,EUR,169775.298,17119.468800000002,11280.923999999999,169775.298,11280.923999999999
PT002078,T0186,2023-07-22,EUR,805420.0332000001,52069.93200000001,248694.51600000003,805420.0332000001,248694.51600000003
PT006299,T0557,2025-10-14,EUR,89634.4596,7219.9836000000005,28441.5624,89634.4596,28441.5624
PT003613,T0321,2025-09-11,USD,161742.36,8935.38,39083.25,161742.36,39083.25
PT007094,T0629,2025-03-23,USD,41059.38,2503.05,4225.65,41059.38,4225.65
PT900112,T0526,2025-06-04,EUR,105851.17800000001,8946.018000000002,6464.026800000001,105851.17800000001,6464.026800000001
PT002643,T0235,2023-03-18,USD,69568.86,8124.78,4278.33,69568.86,4278.33
PT005336,T0473,2025-03-06,GBP,141269.593,10608.1957,15021.1409,141269.593,15021.1409
PT005747,T0508,2025-07-23,USD,44656.27,4798.38,5261.57,44656.27,5261.57
PT005967,T0527,2026-03-30,EUR,138141.1476,11759.4504,21881.113200000003,138141.1476,21881.113200000003
PT006802,T0602,2026-01-13,USD,153793.21,10283.35,36172.72,153793.21,36172.72
PT001363,T0124,2025-04-23,USD,242444.09,21410.19,46045.57,242444.09,46045.57
PT004008,T0355,2025-08-19,USD,179347.12,14339.27,12695.21,179347.12,12695.21
PT001255,T0113,2023-03-11,INR,74234.2026,7401.237720000001,22116.37284,74234.2026,22116.37284
PT004072,T0361,2021-05-20,USD,55805.28,6687.45,12734.32,55805.28,12734.32
PT004259,T0378,2026-06-27,INR,30046.83348,1719.18852,7533.345480000001,30046.83348,7533.345480000001
PT004048,T0359,2024-07-23,USD,54453.25,6494.14,13962.4,54453.25,13962.4
PT000007,T0001,2024-11-15,USD,239587.15,17252.86,24767.86,239587.15,24767.86
PT003243,T0286,2023-03-19,EUR,256655.5092,29886.948,24976.1016,256655.5092,24976.1016
PT005327,T0473,2024-06-06,GBP,141269.593,10608.1957,15021.1409,141269.593,15021.1409
PT006575,T0582,2023-09-21,EUR,94728.36600000001,4866.0588,6683.2128,94728.36600000001,6683.212799999999
PT002858,T0254,2024-01-21,USD,109602.92,8849.87,32804.38,109602.92,32804.38
PT001581,T0143,2025-07-15,USD,122124.19,7498.42,12206.44,122124.19,12206.44
PT005375,T0477,2022-10-15,EUR,74123.4348,6291.7992,17409.481200000002,74123.4348,17409.481200000002
PT003463,T0306,2026-07-17,USD,173914.37,19838.91,17363.62,173914.37,17363.62
PT003710,T0330,2024-11-30,USD,30616.55,3130.91,3198.85,30616.55,3198.85
PT002923,T0260,2022-08-17,USD,215371.07,14164.38,50707.93,215371.07,50707.93
PT006689,T0592,2026-04-09,USD,61549.16,6387.86,4467.53,61549.16,4467.53
PT000281,T0025,2023-12-16,USD,89604.85,10744.7,21394.0,89604.85,21394.0
PT003061,T0271,2024-07-04,EUR,138663.036,14095.101600000002,42684.85080000001,138663.036,42684.85080000001
PT002780,T0247,2023-07-14,GBP,132705.2591,8518.017,21808.4146,132705.2591,21808.4146
PT004300,T0382,2024-11-19,EUR,75435.3,4775.5656,20554.5708,75435.3,20554.5708
PT006537,T0577,2026-07-05,EUR,556353.9324,66476.30040000001,138128.814,556353.9324,138128.814
PT004068,T0360,2025-03-31,USD,112545.98,11216.21,18415.27,112545.98,18415.27
PT006818,T0604,2022-09-27,EUR,58713.62760000001,4365.403200000001,17900.211600000002,58713.62760000001,17900.211600000002
PT001130,T0102,2023-05-06,USD,83603.64,6696.4,20359.63,83603.64,20359.63
PT004971,T0440,2024-04-24,USD,108262.16,6801.01,10566.85,108262.16,10566.85
PT007617,T0674,2021-11-15,EUR,44131.00320000001,2683.8756000000003,3010.6296,44131.00320000001,3010.6296
PT004080,T0361,2022-01-20,USD,55805.28,6687.45,12734.32,55805.28,12734.32
PT002218,T0198,2025-10-08,USD,103454.16,7717.55,5920.95,103454.16,5920.949999999999
PT002514,T0224,2025-07-23,USD,417953.99,48966.05,108261.62,417953.99,108261.62
PT001703,T0154,2026-03-27,USD,105191.91,8101.3,26265.04,105191.91,26265.04
PT007506,T0664,2022-08-16,USD,213681.59,21285.6,24773.7,213681.59,24773.699999999997
PT000181,T0016,2025-12-16,USD,441126.28,40165.06,137062.51,441126.28,137062.51
PT004282,T0380,2021-12-21,EUR,169775.298,17119.468800000002,11280.923999999999,169775.298,11280.923999999999
PT003114,T0276,2024-10-15,USD,391095.49,24727.88,114385.11,391095.49,114385.11
PT006355,T0561,2023-08-18,USD,81274.19,5787.51,18098.87,81274.19,18098.87
PT003330,T0294,2026-08-02,EUR,471370.7844,27849.042000000005,36633.8592,471370.7844,36633.8592
PT004475,T0398,2024-12-17,EUR,103972.0644,10384.0704,25326.4752,103972.0644,25326.4752
PT001783,T0161,2021-06-05,EUR,46175.0976,3918.4128,2984.1696,46175.0976,2984.1696
PT000432,T0038,2025-07-03,USD,98184.07,10656.62,6935.02,98184.07,6935.02
PT003747,T0333,2022-02-19,USD,311979.04,22071.62,55779.26,311979.04,55779.26
PT000570,T0050,2024-01-12,EUR,117264.8448,7941.520800000001,18548.816400000003,117264.8448,18548.816400000003
PT007464,T0661,2025-10-06,EUR,132803.9496,15695.672400000001,15396.382800000001,132803.9496,15396.382800000001
PT000088,T0009,2023-08-02,USD,289009.6,16862.33,22624.37,289009.6,22624.37
PT004921,T0436,2025-02-06,USD,143833.62,15790.95,42423.4,143833.62,42423.4
PT003522,T0311,2025-08-26,INR,166053.26364000002,13644.31452,8528.235,166053.26364000002,8528.234999999999
PT003274,T0289,2025-05-04,USD,150696.38,16082.38,25618.89,150696.38,25618.89
PT004517,T0401,2025-01-26,USD,99938.38,11119.84,25263.23,99938.38,25263.230000000003
PT007351,T0651,2025-04-14,USD,31970.25,2906.77,2027.68,31970.25,2027.68
PT006725,T0595,2025-03-26,EUR,88378.8084,6800.7492,16324.6104,88378.8084,16324.6104
PT005460,T0484,2024-04-10,EUR,348075.2304,41002.8588,37837.206,348075.2304,37837.206
PT001950,T0175,2021-11-10,USD,104485.16,10219.8,11217.69,104485.16,11217.69
PT001826,T0164,2025-01-26,EUR,118000.67040000002,11559.942000000001,18005.4252,118000.67040000002,18005.4252
PT006046,T0534,2025-04-21,USD,70945.67,5335.38,16487.07,70945.67,16487.07
PT004473,T0398,2024-10-17,EUR,103972.0644,10384.0704,25326.4752,103972.0644,25326.4752
PT005592,T0495,2026-01-11,INR,274657.55663999997,20293.545000000002,30613.89408,274657.55663999997,30613.89408
PT004550,T0404,2023-05-31,USD,381386.18,26932.9,35947.96,381386.18,35947.96
PT005605,T0496,2025-11-05,USD,121892.83,13916.04,32505.24,121892.83,32505.24
PT007263,T0643,2026-01-27,EUR,184836.81600000002,10668.002400000001,17106.66,184836.81600000002,17106.66
PT004291,T0381,2024-09-15,USD,196717.43,18224.67,21941.46,196717.43,21941.46
PT007626,T0675,2022-01-14,USD,108287.57,6901.07,12510.11,108287.57,12510.110000000002
PT001700,T0154,2025-12-27,USD,105191.91,8101.3,26265.04,105191.91,26265.04
PT004277,T0380,2021-07-21,EUR,169775.298,17119.468800000002,11280.923999999999,169775.298,11280.923999999999
PT007235,T0641,2023-01-13,USD,59408.06,7018.04,15060.22,59408.06,15060.22
PT005868,T0519,2024-06-14,EUR,31021.056000000004,3157.7148,7790.590800000001,31021.056000000004,7790.590800000001
PT004288,T0381,2024-06-15,USD,196717.43,18224.67,21941.46,196717.43,21941.46
PT007432,T0658,2025-12-06,USD,53544.93,5888.74,3010.12,53544.93,3010.12
PT005395,T0478,2023-09-04,USD,95633.43,6439.71,29130.43,95633.43,29130.43
PT003250,T0287,2022-08-02,EUR,160478.9496,18728.7012,37095.0516,160478.9496,37095.0516
PT007417,T0656,2023-03-30,USD,104895.23,10394.92,18702.49,104895.23,18702.49
PT001784,T0161,2021-07-05,EUR,46175.0976,3918.4128,2984.1696,46175.0976,2984.1696
PT003415,T0302,2024-07-06,EUR,68355.17640000001,8043.861600000001,7979.742,68355.17640000001,7979.742
PT000856,T0078,2024-05-08,INR,430842.1026,42062.82,77098.71012,430842.1026,77098.71012
PT000265,T0023,2024-11-13,INR,48431.91624,2587.5942,4928.44164,48431.91624,4928.44164
PT006437,T0568,2026-03-23,INR,118548.50460000001,13141.78056,30852.33276,118548.50460000001,30852.33276
PT003336,T0295,2023-09-03,USD,164154.4,9085.18,14204.63,164154.4,14204.63
PT005679,T0502,2024-09-05,INR,24507.44568,1305.396,4751.335080000001,24507.44568,4751.335080000001
PT007473,T0661,2026-07-06,EUR,132803.9496,15695.672400000001,15396.382800000001,132803.9496,15396.382800000001
PT000487,T0043,2023-12-23,EUR,159170.2164,12161.3076,18380.4552,159170.2164,18380.4552
PT004552,T0404,2023-07-31,USD,381386.18,26932.9,35947.96,381386.18,35947.96
PT007719,T0683,2026-03-20,USD,91024.39,4803.71,4908.81,91024.39,4908.81
PT004984,T0441,2026-06-26,USD,106504.94,7112.19,6390.39,106504.94,6390.39
PT001585,T0143,2025-11-15,USD,122124.19,7498.42,12206.44,122124.19,12206.44
PT001375,T0125,2024-06-30,USD,409877.35,42280.44,95387.72,409877.35,95387.72
PT003434,T0303,2025-08-18,USD,30881.94,2451.29,1935.39,30881.94,1935.39
PT002475,T0220,2026-04-19,EUR,37204.768800000005,3899.0052000000005,4169.1348,37204.768800000005,4169.1348
PT002429,T0217,2021-06-01,EUR,119116.5372,6719.2632,35283.1896,119116.5372,35283.1896
PT004842,T0428,2026-03-18,USD,187489.03,16352.03,58407.73,187489.03,58407.73
PT006793,T0602,2025-04-13,USD,153793.21,10283.35,36172.72,153793.21,36172.72
PT004279,T0380,2021-09-21,EUR,169775.298,17119.468800000002,11280.923999999999,169775.298,11280.923999999999
PT000638,T0058,2026-05-07,USD,18286.12,1426.4,4609.0,18286.12,4609.0
PT005415,T0480,2023-08-11,EUR,58485.564000000006,6355.724400000001,3231.6948,58485.564000000006,3231.6948
PT004094,T0363,2023-04-12,EUR,506046.16080000007,51150.009600000005,41690.16,506046.16080000007,41690.16
PT002355,T0210,2022-08-13,USD,54762.14,3534.05,5411.03,54762.14,5411.029999999999
PT002865,T0255,2024-02-18,INR,54110.241239999996,5880.84444,4842.906360000001,54110.241239999996,4842.906360000001
PT007023,T0622,2023-06-05,INR,146466.35580000002,11407.440480000001,44509.40844,146466.35580000002,44509.40844
PT000842,T0077,2023-07-18,USD,112906.87,7679.88,29232.68,112906.87,29232.68
PT900060,T0275,2025-06-22,USD,100845.39,10385.5,11832.39,100845.39,11832.389999999998
PT001904,T0171,2023-01-30,USD,28457.63,2732.31,2228.21,28457.63,2228.21
PT004099,T0364,2023-08-28,EUR,146180.31120000003,12431.5344,7471.8828,146180.31120000003,7471.8828
PT002841,T0253,2024-02-08,USD,33238.01,3761.25,3482.01,33238.01,3482.01
PT007029,T0623,2026-06-27,USD,82546.71,4670.13,15920.29,82546.71,15920.29
PT002180,T0195,2024-04-03,INR,179770.57908,11337.47376,42695.114160000005,179770.57908,42695.114160000005
PT004056,T0359,2025-03-23,USD,54453.25,6494.14,13962.4,54453.25,13962.4
PT005192,T0460,2025-02-01,EUR,217483.974,12521.887200000001,25337.404800000004,217483.974,25337.404800000008
PT005367,T0476,2022-03-15,EUR,67957.92,6304.2083999999995,6820.394400000001,67957.92,6820.394400000001
PT001638,T0148,2023-05-20,INR,93596.50056,7416.77676,6827.5408800000005,93596.50056,6827.5408800000005
PT002294,T0205,2024-01-07,USD,189934.44,17759.27,44138.05,189934.44,44138.05
PT002225,T0198,2026-05-08,USD,103454.16,7717.55,5920.95,103454.16,5920.949999999999
PT004755,T0421,2023-09-12,USD,94269.31,5440.4,7802.29,94269.31,7802.29
PT002895,T0257,2026-04-11,USD,128661.19,10905.21,12240.97,128661.19,12240.97
PT006414,T0566,2023-08-08,EUR,166501.25639999998,11438.031600000002,29756.030400000003,166501.25639999998,29756.030400000003
PT002361,T0211,2024-10-13,USD,65590.84,4581.66,14503.36,65590.84,14503.36
PT005979,T0528,2022-09-08,USD,28430.93,1451.35,4961.04,28430.93,4961.04
PT001768,T0160,2024-06-07,USD,186346.27,19284.1,29635.64,186346.27,29635.64
PT001292,T0117,2023-02-02,USD,179453.58,17626.49,54848.37,179453.58,54848.37
PT005769,T0510,2022-12-08,USD,93349.78,5357.56,21604.83,93349.78,21604.83
PT001991,T0179,2025-01-11,USD,239867.29,16929.17,61772.5,239867.29,61772.49999999999
PT000566,T0050,2023-09-12,EUR,117264.8448,7941.520800000001,18548.816400000003,117264.8448,18548.816400000003
PT003180,T0281,2022-09-06,EUR,103398.1632,7430.9292000000005,5282.6796,103398.1632,5282.6796
PT003136,T0277,2022-01-10,USD,117094.62,12012.95,10047.56,117094.62,10047.56
PT007883,T0699,2024-03-13,USD,324235.24,22202.35,30298.2,324235.24,30298.200000000004
PT004831,T0428,2025-04-18,USD,187489.03,16352.03,58407.73,187489.03,58407.73
PT001678,T0151,2023-05-06,USD,217258.83,17594.91,51837.4,217258.83,51837.40000000001
PT001459,T0132,2026-06-28,USD,22783.62,1489.38,2308.41,22783.62,2308.41
PT000119,T0011,2022-11-04,EUR,156784.62600000002,12574.008000000002,16481.2428,156784.62600000002,16481.2428
PT003803,T0338,2025-05-29,USD,196109.37,21559.02,32922.82,196109.37,32922.82
PT004250,T0377,2024-03-31,USD,62327.17,5145.55,5656.3,62327.17,5656.3
PT004725,T0419,2021-07-24,USD,22504.6,1617.69,1774.43,22504.6,1774.43
PT007225,T0640,2025-12-10,EUR,660991.0284000001,42428.512800000004,205166.45520000003,660991.0284000001,205166.45520000003
PT006549,T0579,2026-08-07,USD,81622.23,5876.12,23199.14,81622.23,23199.14
PT005958,T0526,2025-09-04,EUR,105851.17800000001,8946.018000000002,6464.026800000001,105851.17800000001,6464.026800000001
PT004864,T0431,2021-05-04,USD,192633.15,19224.48,11158.32,192633.15,11158.320000000002
PT005617,T0497,2024-09-09,USD,219507.59,13328.2,23851.38,219507.59,23851.38
PT004528,T0402,2024-07-15,INR,121383.34547999999,9284.16552,14205.6714,121383.34547999999,14205.6714
PT002932,T0260,2023-05-17,USD,215371.07,14164.38,50707.93,215371.07,50707.93
PT000589,T0054,2024-08-27,EUR,170129.7972,13861.206000000002,31287.664800000002,170129.7972,31287.664800000006
PT005642,T0499,2022-10-28,EUR,63398.8404,4951.854,19370.3184,63398.8404,19370.3184
PT004929,T0436,2025-10-06,USD,143833.62,15790.95,42423.4,143833.62,42423.4
PT002531,T0225,2024-10-12,EUR,41027.3748,3347.46,2784.2400000000002,41027.3748,2784.2400000000002
PT001611,T0146,2025-12-04,EUR,137711.26440000001,7794.997200000001,14659.0776,137711.26440000001,14659.0776
PT001630,T0147,2022-09-05,USD,63597.51,5023.72,17822.63,63597.51,17822.63
PT004920,T0436,2025-01-06,USD,143833.62,15790.95,42423.4,143833.62,42423.4
PT007901,T0700,2026-05-06,EUR,37178.6544,4364.6472,3004.8192,37178.6544,3004.8192
PT000682,T0063,2024-06-13,EUR,31413.549600000002,3768.3576,8645.594400000002,31413.549600000002,8645.594400000002
PT000709,T0065,2023-08-27,INR,101871.05219999999,8900.35176,5778.8052,101871.05219999999,5778.8052
PT007605,T0673,2024-09-09,EUR,136476.5976,10902.2976,13130.521200000001,136476.5976,13130.521200000001
PT004693,T0416,2022-09-30,USD,31871.84,3672.14,3261.3,31871.84,3261.3
PT002461,T0219,2023-05-08,USD,29945.05,3434.69,4499.22,29945.05,4499.22
PT002503,T0223,2022-06-23,USD,86406.57,9879.39,7064.0,86406.57,7064.0
PT001707,T0154,2026-07-27,USD,105191.91,8101.3,26265.04,105191.91,26265.04
PT001400,T0127,2024-01-05,USD,387593.45,24881.69,43903.99,387593.45,43903.99
PT900095,T0438,2025-06-21,USD,162177.65,8887.21,16775.18,162177.65,16775.18
PT000978,T0088,2022-01-26,USD,58920.03,3848.02,9302.07,58920.03,9302.070000000002
PT005479,T0485,2026-05-03,EUR,484347.60000000003,56940.08400000001,91929.56760000001,484347.60000000003,91929.56760000001
PT001547,T0140,2021-09-19,EUR,191309.73120000004,13308.289200000001,31172.3532,191309.73120000004,31172.3532
PT005450,T0483,2025-07-20,USD,38196.24,2004.43,2501.49,38196.24,2501.49
PT005690,T0503,2026-09-10,USD,95548.2,6810.41,25506.07,63698.8,17004.04666666667
PT004576,T0406,2026-02-08,GBP,96798.77769999999,6511.9377,30213.1349,96798.77769999999,30213.1349
PT900093,T0428,2025-06-18,USD,187489.03,16352.03,58407.73,187489.03,58407.73
PT005317,T0472,2024-05-02,USD,77485.97,4901.1,24461.46,77485.97,24461.46
PT005758,T0509,2022-12-06,USD,107584.35,11429.17,32962.22,107584.35,32962.22
PT005348,T0474,2022-06-19,USD,223220.23,21354.72,64495.84,223220.23,64495.84
PT005577,T0494,2026-01-04,GBP,81741.6958,7801.1655,19574.5354,81741.6958,19574.5354
PT007251,T0642,2022-12-29,EUR,417150.378,47747.73960000001,43739.557199999996,417150.378,43739.557199999996
PT004851,T0430,2023-07-15,USD,229479.12,21235.7,21781.06,229479.12,21781.06
PT900108,T0508,2025-06-23,USD,44656.27,4798.38,5261.57,44656.27,5261.57
PT001144,T0103,2026-06-10,EUR,115390.602,7449.6024,13799.0412,115390.602,13799.0412
PT002537,T0226,2024-09-26,USD,138385.55,12167.09,35028.86,138385.55,35028.86
PT005233,T0465,2025-04-22,INR,101647.05168,6685.017720000001,27466.38312,101647.05168,27466.38312
PT002666,T0237,2025-03-30,USD,198812.87,19628.43,45755.49,198812.87,45755.49
PT003620,T0322,2023-07-24,USD,28957.8,1472.65,2894.92,28957.8,2894.92
PT000357,T0032,2025-03-01,USD,97537.25,7078.7,10620.27,97537.25,10620.27
PT005059,T0448,2025-08-01,EUR,69358.3668,6222.722400000001,5298.2532,69358.3668,5298.2532
PT001324,T0120,2026-08-14,EUR,139545.0828,11797.8984,11681.5176,139545.0828,11681.5176
PT006507,T0575,2025-08-23,USD,30879.36,2238.49,3206.94,30879.36,3206.94
PT004461,T0396,2022-09-11,USD,239845.45,13220.92,53238.95,239845.45,53238.95
PT001833,T0165,2024-01-31,EUR,92710.656,8543.134800000002,7004.599200000001,92710.656,7004.599200000001
PT003355,T0296,2023-08-08,USD,82085.09,6786.2,22829.89,82085.09,22829.89
PT001460,T0133,2025-03-05,INR,37030.3044,3647.66496,3455.1585600000003,37030.3044,3455.1585600000003
PT007190,T0637,2025-12-03,USD,18095.48,1199.29,2932.54,18095.48,2932.54
PT003693,T0329,2024-12-20,USD,84586.82,7675.4,26351.14,84586.82,26351.14
PT001470,T0133,2026-01-05,INR,37030.3044,3647.66496,3455.1585600000003,37030.3044,3455.1585600000003
PT001816,T0164,2024-03-26,EUR,118000.67040000002,11559.942000000001,18005.4252,118000.67040000002,18005.4252
PT004650,T0412,2024-03-20,EUR,68916.88440000001,5156.7624,16548.354,68916.88440000001,16548.354
PT005862,T0518,2023-11-10,USD,343687.21,28214.64,94743.22,343687.21,94743.22
PT003992,T0354,2022-09-13,USD,283479.26,27441.07,31130.81,283479.26,31130.81
PT004821,T0427,2025-11-21,USD,351033.15,29580.52,102394.92,351033.15,102394.92
PT004398,T0391,2025-07-02,INR,42407.88792,4775.13876,4598.97048,42407.88792,4598.97048
PT007024,T0622,2023-07-05,INR,146466.35580000002,11407.440480000001,44509.40844,146466.35580000002,44509.40844
PT004569,T0406,2025-07-08,GBP,96798.77769999999,6511.9377,30213.1349,96798.77769999999,30213.1349
PT000400,T0035,2026-07-29,USD,117807.8,8516.08,23471.14,117807.8,23471.14
PT000639,T0058,2026-06-07,USD,18286.12,1426.4,4609.0,18286.12,4609.0
PT002119,T0189,2025-10-02,USD,50169.19,4165.63,4665.72,50169.19,4665.72
PT006517,T0576,2021-07-03,USD,39886.88,3832.07,4052.85,39886.88,4052.85
PT005066,T0449,2026-09-07,INR,243818.81988,26199.443160000003,74696.33532,186927.76188,57267.19040342193
PT001262,T0114,2025-03-14,USD,588038.38,35206.98,62815.83,588038.38,62815.83000000001
PT000581,T0051,2026-08-01,USD,177057.15,18044.43,21105.61,177057.15,21105.61
PT002633,T0235,2022-05-18,USD,69568.86,8124.78,4278.33,69568.86,4278.33
PT002646,T0236,2023-10-28,USD,55405.03,6180.97,9851.62,55405.03,9851.619999999999
PT000918,T0083,2022-11-12,INR,219213.34488,20960.49228,68993.45004,219213.34488,68993.45004
PT004661,T0413,2026-07-23,GBP,150353.2299,9072.7276,12448.971800000001,150353.2299,12448.971800000001
PT007187,T0637,2025-09-03,USD,18095.48,1199.29,2932.54,18095.48,2932.54
PT004630,T0411,2022-06-21,EUR,142965.8424,11788.934400000002,44750.9124,142965.8424,44750.9124
PT003778,T0336,2022-12-05,USD,70274.21,5951.93,11520.11,70274.21,11520.11
PT005628,T0498,2024-09-23,USD,124266.44,12509.4,30737.92,124266.44,30737.92
PT000888,T0080,2026-01-24,EUR,145229.5008,11068.3044,23146.743599999998,145229.5008,23146.743599999998
PT003140,T0278,2022-07-13,USD,182548.19,15677.0,46128.46,182548.19,46128.46
PT002055,T0184,2026-01-28,EUR,89497.73160000001,7562.4408,10029.582,89497.73160000001,10029.582
PT005918,T0523,2026-04-10,EUR,120468.13560000001,11444.7384,13696.128,120468.13560000001,13696.128
PT003321,T0293,2021-09-05,EUR,192820.824,13627.213200000002,59421.9672,192820.824,59421.9672
PT000268,T0024,2025-08-11,USD,146627.78,16084.29,14224.79,146627.78,14224.79
PT002882,T0256,2026-04-14,USD,85424.88,5043.45,4286.06,85424.88,4286.06
PT001500,T0136,2024-04-17,USD,89893.73,7367.54,23136.11,89893.73,23136.11
PT001314,T0119,2023-11-03,USD,41475.8,3445.76,10107.91,41475.8,10107.91
PT002372,T0211,2025-09-13,USD,65590.84,4581.66,14503.36,65590.84,14503.36
PT000301,T0026,2023-09-21,USD,196819.9,14874.96,33384.29,196819.9,33384.29
PT003854,T0342,2022-10-06,EUR,239849.86680000002,24176.772000000004,64602.87840000001,239849.86680000002,64602.8784
PT004412,T0392,2021-08-25,USD,313220.46,37393.51,79080.4,313220.46,79080.4
PT007081,T0628,2026-07-08,EUR,706129.8984000001,70057.8936,119802.942,706129.8984000001,119802.942
PT007192,T0638,2024-07-20,USD,92930.78,5137.75,18422.03,92930.78,18422.03
PT005558,T0492,2023-07-17,USD,222805.42,22886.05,59329.1,222805.42,59329.1
PT001748,T0158,2025-08-23,USD,48036.85,4454.77,5670.51,48036.85,5670.51
PT002701,T0240,2024-05-21,EUR,173417.2092,14488.243200000003,20400.9408,173417.2092,20400.9408
PT002567,T0229,2022-08-01,USD,45460.25,4548.06,11420.08,45460.25,11420.08
PT004263,T0379,2025-12-01,USD,36976.93,3564.76,2763.03,36976.93,2763.03
PT000793,T0072,2024-11-22,USD,41079.98,4527.82,3269.61,41079.98,3269.61
PT006704,T0593,2024-01-11,USD,284389.73,16967.92,83218.37,284389.73,83218.37
PT002566,T0229,2022-07-01,USD,45460.25,4548.06,11420.08,45460.25,11420.08
PT007092,T0629,2025-01-23,USD,41059.38,2503.05,4225.65,41059.38,4225.65
PT004604,T0409,2025-07-01,EUR,55098.7488,3972.5532000000003,16995.204,55098.7488,16995.204
PT001374,T0125,2024-05-30,USD,409877.35,42280.44,95387.72,409877.35,95387.72
PT004753,T0421,2023-07-12,USD,94269.31,5440.4,7802.29,94269.31,7802.29
PT005994,T0529,2026-05-23,USD,931509.25,110697.38,57160.07,931509.25,57160.07
PT002863,T0255,2023-12-18,INR,54110.241239999996,5880.84444,4842.906360000001,54110.241239999996,4842.906360000001
PT000645,T0059,2023-03-09,USD,231399.98,26353.46,21810.41,231399.98,21810.41
PT005970,T0527,2026-06-30,EUR,138141.1476,11759.4504,21881.113200000003,138141.1476,21881.113200000003
PT007061,T0626,2023-02-06,EUR,99233.0244,9072.043200000002,17301.816000000003,99233.0244,17301.816000000003
PT002282,T0204,2025-07-18,USD,117742.81,9445.05,29681.04,117742.81,29681.04
PT007140,T0633,2026-03-01,USD,101645.68,10260.41,6933.47,101645.68,6933.47
PT000052,T0006,2022-03-02,USD,16666.67,1068.75,4953.51,16666.67,4953.51
PT005040,T0447,2025-10-24,EUR,429256.476,30428.352000000003,123914.50200000001,429256.476,123914.50200000001
PT002411,T0215,2025-06-14,USD,553151.55,39643.29,130562.47,553151.55,130562.47
PT004113,T0365,2025-11-13,EUR,216122.6988,24557.6124,17069.184,216122.6988,17069.184
PT001896,T0170,2026-06-22,USD,92450.42,7451.41,10815.59,92450.42,10815.59
PT002560,T0229,2022-01-01,USD,45460.25,4548.06,11420.08,45460.25,11420.08
PT004215,T0374,2026-03-11,EUR,83985.1308,9245.4156,19767.877200000003,83985.1308,19767.877200000003
PT007143,T0633,2026-06-01,USD,101645.68,10260.41,6933.47,101645.68,6933.47
PT001779,T0160,2025-05-07,USD,186346.27,19284.1,29635.64,186346.27,29635.64
PT002056,T0184,2026-02-28,EUR,89497.73160000001,7562.4408,10029.582,89497.73160000001,10029.582
PT000675,T0062,2026-03-03,USD,53697.94,5657.17,16823.03,53697.94,16823.03
PT005593,T0495,2026-02-11,INR,274657.55663999997,20293.545000000002,30613.89408,274657.55663999997,30613.89408
PT900004,T0022,2025-06-14,INR,143270.09544,16437.25152,22098.1176,143270.09544,22098.117599999998
PT002699,T0240,2024-03-21,EUR,173417.2092,14488.243200000003,20400.9408,173417.2092,20400.9408
PT006652,T0589,2025-06-17,EUR,59455.3176,3009.0312,6926.2236,59455.3176,6926.223600000001
PT000213,T0019,2025-02-12,USD,60862.42,3074.28,19034.48,60862.42,19034.48
PT900031,T0168,2025-06-16,USD,132540.71,11146.42,41511.01,132540.71,41511.01
PT003324,T0293,2021-12-05,EUR,192820.824,13627.213200000002,59421.9672,192820.824,59421.9672
PT003188,T0282,2022-09-14,USD,121339.65,9726.82,19035.5,121339.65,19035.5
PT001628,T0147,2022-07-05,USD,63597.51,5023.72,17822.63,63597.51,17822.63
PT006263,T0554,2022-04-17,EUR,16666.668,1677.9636000000003,1726.38,16666.668,1726.38
PT002227,T0198,2026-07-08,USD,103454.16,7717.55,5920.95,103454.16,5920.949999999999
PT002109,T0189,2024-12-02,USD,50169.19,4165.63,4665.72,50169.19,4665.72
PT005039,T0447,2025-09-24,EUR,429256.476,30428.352000000003,123914.50200000001,429256.476,123914.50200000001
PT006892,T0611,2023-04-03,USD,23524.14,1352.52,1291.25,23524.14,1291.25
PT007096,T0630,2022-04-06,USD,82243.7,5508.43,6925.59,82243.7,6925.59
PT006359,T0562,2024-01-07,USD,71602.38,7690.42,19204.19,71602.38,19204.19
PT000397,T0035,2026-04-29,USD,117807.8,8516.08,23471.14,117807.8,23471.14
PT000279,T0025,2023-10-16,USD,89604.85,10744.7,21394.0,89604.85,21394.0
PT004523,T0402,2024-02-15,INR,121383.34547999999,9284.16552,14205.6714,121383.34547999999,14205.6714
PT006594,T0584,2024-11-01,USD,16666.67,1648.01,2986.37,16666.67,2986.37
PT004049,T0359,2024-08-23,USD,54453.25,6494.14,13962.4,54453.25,13962.4
PT006504,T0575,2025-05-23,USD,30879.36,2238.49,3206.94,30879.36,3206.94
PT004684,T0415,2024-02-14,INR,213883.13232,22951.61244,12627.97956,213883.13232,12627.97956
PT003962,T0351,2024-02-15,INR,188542.674,11481.73296,49336.569599999995,188542.674,49336.569599999995
PT000423,T0037,2025-05-14,EUR,117868.0788,14087.109600000002,31910.3388,117868.0788,31910.3388
PT001061,T0096,2023-09-01,EUR,36316.3608,3038.9040000000005,9109.3572,36316.3608,9109.3572
PT900100,T0462,2025-06-12,GBP,359727.6778,21020.2272,18241.6577,359727.6778,18241.6577
PT000662,T0061,2022-04-16,USD,79148.07,8247.51,8375.9,79148.07,8375.9
PT002967,T0263,2026-08-30,EUR,41629.4532,2296.2744,2829.438,41629.4532,2829.438
PT006484,T0572,2025-12-08,EUR,99248.9544,5597.931600000001,10682.766000000001,99248.9544,10682.766000000001
PT005262,T0467,2023-02-03,EUR,249818.40720000002,13691.916000000001,59531.446800000005,249818.40720000002,59531.4468
PT005155,T0457,2023-05-05,USD,72334.97,5795.18,5924.37,72334.97,5924.37
PT000063,T0007,2025-08-19,USD,57256.0,3081.23,13701.6,57256.0,13701.6
PT007612,T0674,2021-06-15,EUR,44131.00320000001,2683.8756000000003,3010.6296,44131.00320000001,3010.6296
PT002658,T0237,2024-07-30,USD,198812.87,19628.43,45755.49,198812.87,45755.49
PT001272,T0115,2026-06-21,USD,74452.3,4413.38,17273.76,74452.3,17273.76
PT005331,T0473,2024-10-06,GBP,141269.593,10608.1957,15021.1409,141269.593,15021.1409
PT000078,T0008,2025-12-11,USD,24607.49,2216.37,7825.25,24607.49,7825.25
PT000540,T0047,2022-09-30,USD,89508.76,9237.4,6801.56,89508.76,6801.5599999999995
PT001257,T0113,2023-05-11,INR,74234.2026,7401.237720000001,22116.37284,74234.2026,22116.37284
PT001047,T0095,2026-06-29,USD,99203.62,11090.75,23356.73,99203.62,23356.73
PT000824,T0075,2026-05-21,USD,125568.39,11458.52,29232.98,125568.39,29232.98
PT003039,T0269,2026-02-12,USD,100980.51,5635.27,25218.16,100980.51,25218.16
PT002939,T0261,2025-03-18,EUR,674270.406,71430.5304,185640.03360000002,674270.406,185640.03360000002
PT002744,T0244,2026-04-21,USD,154510.56,14102.76,36427.43,154510.56,36427.43
PT004504,T0400,2026-03-26,USD,374847.6,29937.0,110644.75,374847.6,110644.75
PT000805,T0073,2021-07-19,EUR,811357.5276,47117.8404,250576.8588,811357.5276,250576.85880000005
PT007007,T0621,2021-07-27,EUR,143741.412,8065.332,41830.938,143741.412,41830.938
PT002235,T0199,2025-04-16,INR,54067.566119999996,5075.51844,12301.125,54067.566119999996,12301.125
PT004734,T0419,2022-04-24,USD,22504.6,1617.69,1774.43,22504.6,1774.43
PT003748,T0333,2022-03-19,USD,311979.04,22071.62,55779.26,311979.04,55779.26
PT005320,T0472,2024-08-02,USD,77485.97,4901.1,24461.46,77485.97,24461.46
PT000547,T0048,2026-07-10,EUR,96322.716,9605.023200000001,29344.507200000004,96322.716,29344.507199999996
PT005297,T0470,2026-06-01,EUR,590406.5916,61040.347200000004,68867.09640000001,590406.5916,68867.09640000001
PT006337,T0560,2024-10-26,INR,124713.66528,8637.84912,6831.617160000001,124713.66528,6831.617160000001
PT004449,T0395,2025-04-20,USD,19261.0,1427.54,2150.01,19261.0,2150.01
PT002736,T0243,2026-08-06,USD,309912.87,23450.53,16064.06,309912.87,16064.06
PT006311,T0558,2021-04-14,USD,100485.76,10623.18,28727.27,100485.76,28727.27
PT002929,T0260,2023-02-17,USD,215371.07,14164.38,50707.93,215371.07,50707.93
PT004854,T0430,2023-10-15,USD,229479.12,21235.7,21781.06,229479.12,21781.06
PT000768,T0070,2024-09-15,USD,105633.2,9140.89,8131.21,105633.2,8131.209999999999
PT007407,T0655,2023-04-02,EUR,88407.28800000002,7925.2452,6952.338000000001,88407.28800000002,6952.338000000001
PT006331,T0559,2026-05-29,USD,327613.36,28850.88,38905.51,327613.36,38905.51
PT007390,T0654,2023-03-03,USD,71594.91,4166.35,4179.29,71594.91,4179.29
PT003398,T0300,2025-09-24,USD,323465.09,23267.74,58876.71,323465.09,58876.71
PT003610,T0321,2025-06-11,USD,161742.36,8935.38,39083.25,161742.36,39083.25
PT000263,T0023,2024-09-13,INR,48431.91624,2587.5942,4928.44164,48431.91624,4928.44164
PT004064,T0360,2024-11-30,USD,112545.98,11216.21,18415.27,112545.98,18415.27
PT000952,T0086,2024-02-16,USD,160730.09,17511.68,29798.1,160730.09,29798.1
PT002766,T0246,2025-03-10,EUR,290496.06720000005,31914.324,82716.1632,290496.06720000005,82716.1632
PT005932,T0524,2025-12-26,USD,89971.66,7949.52,28585.0,89971.66,28584.999999999996
PT001013,T0091,2024-11-04,USD,235117.14,20306.71,55696.27,235117.14,55696.27
PT003735,T0332,2021-11-24,EUR,113857.1208,7181.222400000001,7513.4952,113857.1208,7513.495200000001
PT000737,T0067,2024-07-27,INR,348799.92528,22527.78516,102905.25564,348799.92528,102905.25564
PT006975,T0617,2024-02-10,INR,38423.0556,4421.86572,11912.99436,38423.0556,11912.99436
PT003424,T0303,2024-10-18,USD,30881.94,2451.29,1935.39,30881.94,1935.39
PT006117,T0542,2021-01-29,USD,73713.82,5705.23,22902.55,73713.82,22902.55
PT000361,T0032,2025-07-01,USD,97537.25,7078.7,10620.27,97537.25,10620.27
PT007272,T0644,2025-05-30,USD,74853.06,4125.74,14760.53,74853.06,14760.530000000002
PT001558,T0141,2025-01-12,USD,354720.62,34491.93,91937.83,354720.62,91937.83
PT006267,T0554,2022-08-17,EUR,16666.668,1677.9636000000003,1726.38,16666.668,1726.38
PT003007,T0267,2022-04-28,USD,242972.79,13958.11,23585.56,242972.79,23585.56
PT000585,T0052,2026-08-15,USD,63690.42,5137.22,17977.95,63690.42,17977.95
PT001906,T0171,2023-03-30,USD,28457.63,2732.31,2228.21,28457.63,2228.21
PT004930,T0436,2025-11-06,USD,143833.62,15790.95,42423.4,143833.62,42423.4
PT002911,T0259,2025-03-04,EUR,629069.7384,33598.9728,145226.19600000003,629069.7384,145226.19600000003
PT004706,T0417,2025-01-06,EUR,489681.64440000005,51774.23880000001,26376.289200000003,489681.64440000005,26376.289200000003
PT005568,T0493,2022-08-22,USD,249402.1,26317.88,70481.55,249402.1,70481.55
PT006858,T0608,2023-10-20,USD,82680.31,6098.48,22186.43,82680.31,22186.43
PT007835,T0694,2025-10-07,USD,246554.18,22639.45,14915.53,246554.18,14915.53
PT004097,T0364,2023-06-28,EUR,146180.31120000003,12431.5344,7471.8828,146180.31120000003,7471.8828
PT006617,T0586,2024-02-24,EUR,24059.7972,1420.6968000000002,5402.7324,24059.7972,5402.7324
PT000668,T0061,2022-10-16,USD,79148.07,8247.51,8375.9,79148.07,8375.9
PT002928,T0260,2023-01-17,USD,215371.07,14164.38,50707.93,215371.07,50707.93
PT004656,T0413,2026-02-23,GBP,150353.2299,9072.7276,12448.971800000001,150353.2299,12448.971800000001
PT005722,T0506,2021-08-19,EUR,43116.008400000006,4733.4456,10521.5328,43116.008400000006,10521.5328
PT006861,T0608,2024-01-20,USD,82680.31,6098.48,22186.43,82680.31,22186.43
PT004437,T0394,2023-02-01,USD,119799.86,13253.69,6016.89,119799.86,6016.89
PT007334,T0649,2024-04-01,USD,336774.22,25578.56,99427.49,336774.22,99427.49
PT005056,T0448,2025-05-01,EUR,69358.3668,6222.722400000001,5298.2532,69358.3668,5298.2532
PT003754,T0334,2023-07-28,USD,119582.26,13029.32,20217.47,119582.26,20217.47
PT004535,T0403,2026-02-25,USD,54050.68,4910.21,14314.55,54050.68,14314.55
PT007894,T0700,2025-10-06,EUR,37178.6544,4364.6472,3004.8192,37178.6544,3004.8192
PT003241,T0286,2023-01-19,EUR,256655.5092,29886.948,24976.1016,256655.5092,24976.1016
PT007886,T0699,2024-06-13,USD,324235.24,22202.35,30298.2,324235.24,30298.200000000004
PT007675,T0680,2022-07-21,USD,164633.16,18206.15,15241.0,164633.16,15241.0
PT000140,T0013,2026-04-27,USD,91469.85,6957.04,22994.54,91469.85,22994.54
PT005503,T0487,2025-12-27,USD,124090.11,7159.15,8210.18,124090.11,8210.18
PT000415,T0037,2024-09-14,EUR,117868.0788,14087.109600000002,31910.3388,117868.0788,31910.3388
PT004505,T0400,2026-04-26,USD,374847.6,29937.0,110644.75,374847.6,110644.75
PT003557,T0315,2023-09-01,USD,58673.31,6941.79,16238.13,58673.31,16238.13
PT001424,T0129,2024-07-08,USD,47242.56,2502.85,3933.02,47242.56,3933.0200000000004
PT003624,T0322,2023-11-24,USD,28957.8,1472.65,2894.92,28957.8,2894.92
PT006971,T0617,2023-10-10,INR,38423.0556,4421.86572,11912.99436,38423.0556,11912.99436
PT006716,T0595,2024-06-26,EUR,88378.8084,6800.7492,16324.6104,88378.8084,16324.6104
PT004301,T0382,2024-12-19,EUR,75435.3,4775.5656,20554.5708,75435.3,20554.5708
PT007312,T0648,2023-05-22,EUR,327692.04480000003,31836.9852,103194.486,327692.04480000003,103194.486
PT006115,T0541,2022-03-12,USD,196205.65,14162.1,62173.92,196205.65,62173.92
PT007343,T0650,2023-11-28,USD,57512.38,5066.35,17936.64,57512.38,17936.64
PT002300,T0205,2024-07-07,USD,189934.44,17759.27,44138.05,189934.44,44138.05
PT005788,T0512,2022-12-07,EUR,114533.6544,11156.4756,10400.9184,114533.6544,10400.9184
PT003506,T0310,2026-03-14,USD,160563.84,8827.18,42357.17,160563.84,42357.17
PT900078,T0338,2025-06-29,USD,196109.37,21559.02,32922.82,196109.37,32922.82
PT003121,T0276,2025-05-15,USD,391095.49,24727.88,114385.11,391095.49,114385.11
PT003493,T0309,2021-06-15,EUR,34205.662800000006,2846.2212,1790.4564,34205.662800000006,1790.4564
PT002509,T0223,2022-12-23,USD,86406.57,9879.39,7064.0,86406.57,7064.0
PT000157,T0014,2022-10-08,USD,16666.67,1581.04,2759.14,16666.67,2759.14
PT006221,T0550,2025-11-19,USD,70481.65,5886.74,19550.06,70481.65,19550.06
PT007836,T0694,2025-11-07,USD,246554.18,22639.45,14915.53,246554.18,14915.53
PT007615,T0674,2021-09-15,EUR,44131.00320000001,2683.8756000000003,3010.6296,44131.00320000001,3010.6296
PT002541,T0226,2025-01-26,USD,138385.55,12167.09,35028.86,138385.55,35028.86
PT000670,T0061,2022-12-16,USD,79148.07,8247.51,8375.9,79148.07,8375.9
PT004007,T0355,2025-07-19,USD,179347.12,14339.27,12695.21,179347.12,12695.21
PT003562,T0316,2022-01-29,USD,90076.31,4710.36,25250.23,90076.31,25250.23
PT002770,T0246,2025-07-10,EUR,290496.06720000005,31914.324,82716.1632,290496.06720000005,82716.1632
PT003617,T0322,2023-04-24,USD,28957.8,1472.65,2894.92,28957.8,2894.92
PT001125,T0102,2022-12-06,USD,83603.64,6696.4,20359.63,83603.64,20359.63
PT006953,T0616,2024-04-07,EUR,72260.4456,6743.109600000001,20403.6732,72260.4456,20403.6732
PT002321,T0207,2022-12-30,EUR,227969.78040000002,12809.7936,53494.18200000001,227969.78040000002,53494.18200000001
PT002117,T0189,2025-08-02,USD,50169.19,4165.63,4665.72,50169.19,4665.72
PT000941,T0085,2026-03-28,INR,215488.21932,17487.11112,19333.8978,215488.21932,19333.8978
PT007824,T0693,2022-01-07,USD,42620.19,2540.92,12492.82,42620.19,12492.82
PT000884,T0080,2025-09-24,EUR,145229.5008,11068.3044,23146.743599999998,145229.5008,23146.743599999998
PT005718,T0506,2021-04-19,EUR,43116.008400000006,4733.4456,10521.5328,43116.008400000006,10521.5328
PT005909,T0522,2022-05-06,USD,26140.4,2972.12,1337.81,26140.4,1337.8100000000002
PT002562,T0229,2022-03-01,USD,45460.25,4548.06,11420.08,45460.25,11420.08
PT003656,T0326,2022-12-23,USD,47847.46,4589.37,8420.16,47847.46,8420.16
PT000669,T0061,2022-11-16,USD,79148.07,8247.51,8375.9,79148.07,8375.9
PT007200,T0638,2025-03-20,USD,92930.78,5137.75,18422.03,92930.78,18422.03
PT002609,T0233,2025-01-05,USD,205917.56,21692.47,11670.32,205917.56,11670.32
PT004551,T0404,2023-06-30,USD,381386.18,26932.9,35947.96,381386.18,35947.96
PT001910,T0171,2023-07-30,USD,28457.63,2732.31,2228.21,28457.63,2228.21
PT001112,T0101,2024-02-29,USD,186388.62,11823.47,42085.53,186388.62,42085.53
PT007298,T0646,2026-04-02,EUR,167525.4204,10216.972800000001,31253.644800000002,167525.4204,31253.644800000002
PT001877,T0169,2024-09-14,EUR,55069.783200000005,3018.0168000000003,10367.773200000001,55069.783200000005,10367.773200000001
PT003346,T0296,2022-11-08,USD,82085.09,6786.2,22829.89,82085.09,22829.89
PT005522,T0489,2023-03-29,EUR,275215.3092,27767.448,19233.320400000004,275215.3092,19233.320400000008
PT007727,T0684,2025-09-17,USD,126599.55,11035.73,19786.65,126599.55,19786.65
PT002452,T0219,2022-08-08,USD,29945.05,3434.69,4499.22,29945.05,4499.22
PT006255,T0553,2025-09-21,USD,377837.2,30062.44,115287.92,377837.2,115287.92
PT003407,T0301,2025-12-23,USD,21863.27,1654.41,1490.77,21863.27,1490.77
PT004411,T0392,2021-07-25,USD,313220.46,37393.51,79080.4,313220.46,79080.4
PT000076,T0008,2025-10-11,USD,24607.49,2216.37,7825.25,24607.49,7825.25
PT002450,T0218,2024-10-12,EUR,16666.668,1274.3244000000002,1144.7568,16666.668,1144.7568
PT003055,T0271,2024-01-04,EUR,138663.036,14095.101600000002,42684.85080000001,138663.036,42684.85080000001
PT900049,T0221,2025-06-24,USD,139529.4,11332.89,36862.29,139529.4,36862.29
PT006942,T0615,2021-06-10,EUR,261355.62600000002,15806.3292,74724.1092,261355.62600000002,74724.1092
PT006995,T0619,2022-11-04,USD,96206.91,8269.65,23232.23,96206.91,23232.23
PT001494,T0136,2023-10-17,USD,89893.73,7367.54,23136.11,89893.73,23136.11
PT005659,T0501,2025-12-27,USD,76078.73,3869.15,18723.02,76078.73,18723.02
PT003810,T0339,2023-10-08,EUR,39754.141200000005,3422.8764,10382.418000000001,39754.141200000005,10382.418000000001
PT003951,T0351,2023-03-15,INR,188542.674,11481.73296,49336.569599999995,188542.674,49336.569599999995
PT001646,T0149,2022-11-07,USD,74747.37,8122.76,7843.28,74747.37,7843.28
PT001737,T0157,2024-11-11,USD,59405.32,4717.71,6547.9,59405.32,6547.899999999999
PT001880,T0169,2024-12-14,EUR,55069.783200000005,3018.0168000000003,10367.773200000001,55069.783200000005,10367.773200000001
PT000599,T0054,2025-06-27,EUR,170129.7972,13861.206000000002,31287.664800000002,170129.7972,31287.664800000006
PT004016,T0356,2025-11-18,USD,244134.22,14746.53,40828.59,244134.22,40828.590000000004
PT001259,T0114,2024-12-14,USD,588038.38,35206.98,62815.83,588038.38,62815.83000000001
PT003481,T0308,2023-10-03,USD,78800.94,6297.77,7973.06,78800.94,7973.06
PT007125,T0632,2023-04-15,USD,74592.96,4667.86,8593.77,74592.96,8593.77
PT003316,T0292,2023-02-17,EUR,88983.306,8492.310000000001,7545.4632,88983.306,7545.463199999999
PT004649,T0412,2024-02-20,EUR,68916.88440000001,5156.7624,16548.354,68916.88440000001,16548.354
PT004189,T0371,2023-06-05,USD,56644.81,6315.15,17496.38,56644.81,17496.38
PT005966,T0527,2026-02-28,EUR,138141.1476,11759.4504,21881.113200000003,138141.1476,21881.113200000003
PT003306,T0292,2022-04-17,EUR,88983.306,8492.310000000001,7545.4632,88983.306,7545.463199999999
PT007142,T0633,2026-05-01,USD,101645.68,10260.41,6933.47,101645.68,6933.47
PT002020,T0181,2024-12-27,USD,69970.88,6168.94,22359.58,69970.88,22359.58
PT005795,T0512,2023-07-07,EUR,114533.6544,11156.4756,10400.9184,114533.6544,10400.9184
PT004770,T0422,2023-05-11,USD,456262.98,32597.36,31810.22,456262.98,31810.22
PT004923,T0436,2025-04-06,USD,143833.62,15790.95,42423.4,143833.62,42423.4
PT000790,T0072,2024-08-22,USD,41079.98,4527.82,3269.61,41079.98,3269.61
PT002881,T0256,2026-03-14,USD,85424.88,5043.45,4286.06,85424.88,4286.06
PT007777,T0689,2022-08-24,GBP,483832.96680000005,35395.2302,54177.666600000004,483832.96680000005,54177.666600000004
PT005580,T0494,2026-04-04,GBP,81741.6958,7801.1655,19574.5354,81741.6958,19574.5354
PT000295,T0026,2023-03-21,USD,196819.9,14874.96,33384.29,196819.9,33384.29
PT002958,T0262,2025-05-04,EUR,306919.0764,25720.912800000002,32795.323200000006,306919.0764,32795.3232
PT005915,T0523,2026-01-10,EUR,120468.13560000001,11444.7384,13696.128,120468.13560000001,13696.128
PT001633,T0148,2022-12-20,INR,93596.50056,7416.77676,6827.5408800000005,93596.50056,6827.5408800000005
PT002676,T0238,2023-09-29,USD,34833.41,3472.71,8151.64,34833.41,8151.640000000001
PT005302,T0471,2025-07-18,EUR,83393.7336,7291.630800000001,21196.220400000002,83393.7336,21196.220400000002
PT002474,T0220,2026-03-19,EUR,37204.768800000005,3899.0052000000005,4169.1348,37204.768800000005,4169.1348
PT004846,T0429,2026-08-10,USD,84000.18,8032.04,22084.92,84000.18,22084.92
PT007749,T0686,2025-12-21,USD,93492.9,6441.59,10100.38,93492.9,10100.38
PT000937,T0085,2025-11-28,INR,215488.21932,17487.11112,19333.8978,215488.21932,19333.8978
PT001352,T0123,2022-12-03,USD,115963.04,13371.16,36995.43,115963.04,36995.43
PT003174,T0281,2022-03-06,EUR,103398.1632,7430.9292000000005,5282.6796,103398.1632,5282.6796
PT006182,T0547,2024-05-17,EUR,41631.246,3783.51,9679.532400000002,41631.246,9679.532400000002
PT005693,T0504,2022-01-25,USD,291083.73,34774.85,51127.72,291083.73,51127.72
PT004039,T0358,2026-03-30,USD,192784.05,10605.26,46450.02,192784.05,46450.020000000004
PT003837,T0341,2026-01-09,USD,64585.74,3636.43,16257.01,64585.74,16257.01
PT004906,T0434,2023-10-28,EUR,112436.4132,9943.862400000002,12460.143600000001,112436.4132,12460.1436
PT003085,T0273,2023-12-14,EUR,71292.906,4328.694,21982.0608,71292.906,21982.0608
PT007568,T0670,2026-02-27,USD,142868.22,15815.05,41960.71,142868.22,41960.71
PT002121,T0190,2023-06-26,USD,60568.52,6162.37,3679.2,60568.52,3679.2
PT002921,T0259,2026-01-04,EUR,629069.7384,33598.9728,145226.19600000003,629069.7384,145226.19600000003
PT005141,T0456,2024-06-16,USD,805192.2,48586.1,87380.93,805192.2,87380.93
PT007108,T0631,2022-09-10,USD,36017.19,2058.13,2236.99,36017.19,2236.99
PT001146,T0104,2021-02-21,USD,29416.17,2892.44,7046.63,29416.17,7046.63
PT001961,T0176,2022-09-13,USD,82816.94,4701.74,15082.28,82816.94,15082.279999999999
PT007069,T0627,2024-12-16,USD,96234.84,7577.87,25907.27,96234.84,25907.27
PT004995,T0443,2024-04-27,USD,174851.14,14433.96,20927.38,174851.14,20927.38
PT000003,T0001,2024-07-15,USD,239587.15,17252.86,24767.86,239587.15,24767.86
PT005730,T0507,2022-08-19,USD,94073.51,8763.93,24818.27,94073.51,24818.27
PT005590,T0495,2025-11-11,INR,274657.55663999997,20293.545000000002,30613.89408,274657.55663999997,30613.89408
PT006740,T0597,2026-06-14,USD,136054.4,15710.8,11676.07,136054.4,11676.07
PT000965,T0087,2025-09-20,USD,135638.47,10215.2,11115.34,135638.47,11115.34
PT900115,T0552,2025-06-13,USD,62952.26,4906.56,4160.65,62952.26,4160.65
PT007328,T0649,2023-10-01,USD,336774.22,25578.56,99427.49,336774.22,99427.49
PT007801,T0691,2026-09-10,USD,110922.14,11699.3,12913.46,73948.09,8608.972945269536
PT000654,T0059,2023-12-09,USD,231399.98,26353.46,21810.41,231399.98,21810.41
PT004299,T0382,2024-10-19,EUR,75435.3,4775.5656,20554.5708,75435.3,20554.5708
PT003351,T0296,2023-04-08,USD,82085.09,6786.2,22829.89,82085.09,22829.89
PT007535,T0667,2026-08-02,USD,69632.32,7546.75,8198.13,69632.32,8198.13
PT003303,T0291,2025-09-11,USD,241151.35,21511.67,17898.27,241151.35,17898.27
PT002380,T0212,2025-10-03,EUR,307665.0648,18765.043200000004,35054.337600000006,307665.0648,35054.3376
PT003979,T0353,2024-06-27,USD,128986.64,13105.12,39658.69,128986.64,39658.69
PT004834,T0428,2025-07-18,USD,187489.03,16352.03,58407.73,187489.03,58407.73
PT002888,T0257,2025-09-11,USD,128661.19,10905.21,12240.97,128661.19,12240.97
PT006527,T0577,2025-09-05,EUR,556353.9324,66476.30040000001,138128.814,556353.9324,138128.814
PT007772,T0688,2026-07-16,GBP,119823.11570000001,10989.8561,13257.8729,119823.11570000001,13257.8729
PT005697,T0504,2022-05-25,USD,291083.73,34774.85,51127.72,291083.73,51127.72
PT005563,T0493,2022-03-22,USD,249402.1,26317.88,70481.55,249402.1,70481.55
PT000745,T0068,2021-10-03,USD,277413.18,21500.71,26561.7,277413.18,26561.7
PT003677,T0327,2025-12-25,INR,59582.7786,6085.14336,14554.75596,59582.7786,14554.75596
PT000260,T0023,2024-06-13,INR,48431.91624,2587.5942,4928.44164,48431.91624,4928.44164
PT006783,T0601,2025-12-23,EUR,413883.60480000003,45710.9244,113400.7452,413883.60480000003,113400.7452
PT002590,T0231,2021-07-14,USD,222276.24,13343.45,52763.42,222276.24,52763.42
PT003993,T0354,2022-10-13,USD,283479.26,27441.07,31130.81,283479.26,31130.81
PT002937,T0261,2025-01-18,EUR,674270.406,71430.5304,185640.03360000002,674270.406,185640.03360000002
PT000534,T0047,2022-03-30,USD,89508.76,9237.4,6801.56,89508.76,6801.5599999999995
PT002617,T0233,2025-09-05,USD,205917.56,21692.47,11670.32,205917.56,11670.32
PT000634,T0058,2026-01-07,USD,18286.12,1426.4,4609.0,18286.12,4609.0
PT000557,T0049,2023-10-31,USD,182970.01,15432.16,57452.93,182970.01,57452.93
PT002969,T0264,2023-08-03,EUR,200294.28360000002,14614.473600000001,14117.068800000001,200294.28360000002,14117.068800000001
PT003505,T0310,2026-02-14,USD,160563.84,8827.18,42357.17,160563.84,42357.17
PT007496,T0664,2021-10-16,USD,213681.59,21285.6,24773.7,213681.59,24773.699999999997
PT000591,T0054,2024-10-27,EUR,170129.7972,13861.206000000002,31287.664800000002,170129.7972,31287.664800000006
PT004018,T0356,2026-01-18,USD,244134.22,14746.53,40828.59,244134.22,40828.590000000004
PT004537,T0403,2026-04-25,USD,54050.68,4910.21,14314.55,54050.68,14314.55
PT000887,T0080,2025-12-24,EUR,145229.5008,11068.3044,23146.743599999998,145229.5008,23146.743599999998
PT006590,T0584,2024-07-01,USD,16666.67,1648.01,2986.37,16666.67,2986.37
PT003220,T0284,2025-07-11,EUR,1260247.6152000001,133147.5732,123493.4964,1260247.6152000001,123493.4964
PT005880,T0520,2024-03-02,EUR,104810.78160000002,10757.091600000002,5494.1868,104810.78160000002,5494.1868
PT000496,T0043,2024-09-23,EUR,159170.2164,12161.3076,18380.4552,159170.2164,18380.4552
PT004544,T0404,2022-11-30,USD,381386.18,26932.9,35947.96,381386.18,35947.96
PT004237,T0376,2023-04-28,USD,62508.05,4156.54,14744.08,62508.05,14744.08
PT000363,T0032,2025-09-01,USD,97537.25,7078.7,10620.27,97537.25,10620.27
PT002028,T0182,2026-02-28,USD,97280.01,7935.74,7896.02,97280.01,7896.02
PT005652,T0500,2025-05-11,USD,329498.64,36506.79,80622.15,329498.64,80622.15
PT001151,T0104,2021-07-21,USD,29416.17,2892.44,7046.63,29416.17,7046.63
PT000829,T0076,2023-11-12,EUR,123607.28520000001,11880.2376,20576.052000000003,123607.28520000001,20576.052000000003
PT003726,T0332,2021-02-24,EUR,113857.1208,7181.222400000001,7513.4952,113857.1208,7513.495200000001
PT003086,T0273,2024-01-14,EUR,71292.906,4328.694,21982.0608,71292.906,21982.0608
PT000644,T0059,2023-02-09,USD,231399.98,26353.46,21810.41,231399.98,21810.41
PT006871,T0609,2023-02-10,USD,57524.85,5486.44,14486.98,57524.85,14486.98
PT007816,T0693,2021-05-07,USD,42620.19,2540.92,12492.82,42620.19,12492.82
PT000318,T0028,2026-07-11,USD,74814.37,8319.51,5004.79,74814.37,5004.79
PT001017,T0092,2026-05-01,EUR,40410.9648,4796.6688,2665.4184,40410.9648,2665.4184
PT000663,T0061,2022-05-16,USD,79148.07,8247.51,8375.9,79148.07,8375.9
PT000994,T0090,2025-09-16,USD,340739.27,29928.28,89881.62,340739.27,89881.62
PT000649,T0059,2023-07-09,USD,231399.98,26353.46,21810.41,231399.98,21810.41
PT002083,T0186,2023-12-22,EUR,805420.0332000001,52069.93200000001,248694.51600000003,805420.0332000001,248694.51600000003
PT002168,T0194,2025-10-21,EUR,81462.59640000001,5624.434800000001,17943.822000000004,81462.59640000001,17943.822000000004
PT001713,T0155,2024-09-30,USD,58436.4,6643.39,6874.12,58436.4,6874.12
PT000071,T0007,2026-04-19,USD,57256.0,3081.23,13701.6,57256.0,13701.6
PT006464,T0571,2023-09-22,USD,36495.53,3294.75,2227.51,36495.53,2227.51
PT006792,T0602,2025-03-13,USD,153793.21,10283.35,36172.72,153793.21,36172.72
PT004385,T0389,2026-09-29,USD,291540.12,25853.3,20838.81,9718.0,694.6267140865552
PT003409,T0301,2026-02-23,USD,21863.27,1654.41,1490.77,21863.27,1490.77
PT002627,T0234,2026-04-13,USD,59490.81,3553.41,14719.49,59490.81,14719.49
PT001597,T0144,2023-03-05,USD,264856.71,13851.13,59316.25,264856.71,59316.25
PT007157,T0635,2025-01-20,EUR,73667.21040000001,3911.2416000000003,12001.8888,73667.21040000001,12001.8888
PT001687,T0153,2023-07-23,USD,155105.71,8776.11,35164.88,155105.71,35164.88
PT004559,T0405,2024-04-29,USD,221221.42,16142.54,25275.87,221221.42,25275.87
PT003307,T0292,2022-05-17,EUR,88983.306,8492.310000000001,7545.4632,88983.306,7545.463199999999
PT003154,T0279,2025-03-14,EUR,79700.39280000002,8214.0372,15112.893600000001,79700.39280000002,15112.893600000001
PT003802,T0338,2025-04-29,USD,196109.37,21559.02,32922.82,196109.37,32922.82
PT003197,T0283,2022-02-22,EUR,1310050.6812,90330.444,131798.14560000002,1310050.6812,131798.14560000002
PT001313,T0119,2023-10-03,USD,41475.8,3445.76,10107.91,41475.8,10107.91
PT004540,T0403,2026-07-25,USD,54050.68,4910.21,14314.55,54050.68,14314.55
PT006966,T0617,2023-05-10,INR,38423.0556,4421.86572,11912.99436,38423.0556,11912.99436
PT006854,T0607,2026-05-03,EUR,256165.95600000003,25993.9908,15979.4856,256165.95600000003,15979.4856
PT002222,T0198,2026-02-08,USD,103454.16,7717.55,5920.95,103454.16,5920.949999999999
PT004287,T0381,2024-05-15,USD,196717.43,18224.67,21941.46,196717.43,21941.46
PT000907,T0082,2025-07-25,USD,160606.71,8481.1,12265.76,160606.71,12265.76
PT002290,T0205,2023-09-07,USD,189934.44,17759.27,44138.05,189934.44,44138.05
PT006398,T0565,2025-10-27,USD,73299.9,7460.78,21673.63,73299.9,21673.63
PT006714,T0594,2026-08-26,EUR,81352.28520000001,4082.3028,23608.130400000002,81352.28520000001,23608.130400000002
PT006734,T0596,2026-05-03,EUR,170332.3728,13556.6784,50448.3876,170332.3728,50448.3876
PT005106,T0453,2022-03-08,USD,905854.14,101181.38,54066.76,905854.14,54066.76000000001
PT005983,T0528,2023-01-08,USD,28430.93,1451.35,4961.04,28430.93,4961.04
PT007879,T0699,2023-11-13,USD,324235.24,22202.35,30298.2,324235.24,30298.200000000004
PT006023,T0532,2025-01-01,EUR,78526.4112,6675.1128,6333.411600000001,78526.4112,6333.411600000001
PT007896,T0700,2025-12-06,EUR,37178.6544,4364.6472,3004.8192,37178.6544,3004.8192
PT006536,T0577,2026-06-05,EUR,556353.9324,66476.30040000001,138128.814,556353.9324,138128.814
PT005551,T0492,2022-12-17,USD,222805.42,22886.05,59329.1,222805.42,59329.1
PT005775,T0511,2021-04-21,USD,334493.39,22458.58,77322.03,334493.39,77322.03
PT006014,T0532,2024-04-01,EUR,78526.4112,6675.1128,6333.411600000001,78526.4112,6333.411600000001
PT002444,T0218,2024-04-12,EUR,16666.668,1274.3244000000002,1144.7568,16666.668,1144.7568
PT003413,T0302,2024-05-06,EUR,68355.17640000001,8043.861600000001,7979.742,68355.17640000001,7979.742
PT006167,T0546,2025-04-15,USD,124484.55,9552.24,19203.59,124484.55,19203.59
PT000010,T0001,2025-02-15,USD,239587.15,17252.86,24767.86,239587.15,24767.86
PT007009,T0621,2021-09-27,EUR,143741.412,8065.332,41830.938,143741.412,41830.938
PT002454,T0219,2022-10-08,USD,29945.05,3434.69,4499.22,29945.05,4499.22
PT000874,T0079,2025-11-24,USD,21059.12,1885.96,2348.38,21059.12,2348.38
PT900139,T0644,2025-06-30,USD,74853.06,4125.74,14760.53,74853.06,14760.530000000002
PT006116,T0541,2022-04-12,USD,196205.65,14162.1,62173.92,196205.65,62173.92
PT003066,T0272,2024-02-20,USD,382220.9,21579.44,107600.37,382220.9,107600.37
PT004415,T0392,2021-11-25,USD,313220.46,37393.51,79080.4,313220.46,79080.4
PT007715,T0683,2025-11-20,USD,91024.39,4803.71,4908.81,91024.39,4908.81
PT007743,T0685,2025-10-28,EUR,202084.092,18129.711600000002,57382.516800000005,202084.092,57382.51680000001
PT006868,T0609,2022-11-10,USD,57524.85,5486.44,14486.98,57524.85,14486.98
PT004742,T0420,2024-01-17,EUR,117195.72480000001,6784.4736,19073.0268,117195.72480000001,19073.0268
PT004882,T0432,2024-02-06,INR,167532.65232,10519.53228,15183.229440000001,167532.65232,15183.229440000001
PT007643,T0676,2022-09-07,USD,84894.67,4885.43,4275.73,84894.67,4275.73
PT007324,T0649,2023-06-01,USD,336774.22,25578.56,99427.49,336774.22,99427.49
PT006339,T0560,2024-12-26,INR,124713.66528,8637.84912,6831.617160000001,124713.66528,6831.617160000001
PT006959,T0616,2024-10-07,EUR,72260.4456,6743.109600000001,20403.6732,72260.4456,20403.6732
PT007761,T0687,2022-06-28,USD,369973.65,33132.9,96139.32,369973.65,96139.32
PT002731,T0243,2026-03-06,USD,309912.87,23450.53,16064.06,309912.87,16064.06
PT007460,T0660,2026-06-17,USD,144045.95,10305.83,16655.64,144045.95,16655.64
PT006327,T0559,2026-01-29,USD,327613.36,28850.88,38905.51,327613.36,38905.51
PT004152,T0368,2024-05-08,GBP,92688.85450000002,6537.9219,28605.8102,92688.85450000002,28605.8102
PT005353,T0475,2024-03-21,USD,196540.51,14768.63,33688.16,196540.51,33688.16
PT004663,T0414,2024-12-15,USD,62180.47,4664.26,19590.88,62180.47,19590.88
PT000285,T0025,2024-04-16,USD,89604.85,10744.7,21394.0,89604.85,21394.0
PT003418,T0302,2024-10-06,EUR,68355.17640000001,8043.861600000001,7979.742,68355.17640000001,7979.742
PT002037,T0183,2025-04-02,USD,100544.26,7921.3,23011.91,100544.26,23011.91
PT000821,T0074,2026-09-17,USD,349428.89,31581.48,25394.94,151419.19,11004.474314927422
PT007425,T0657,2024-11-11,USD,134067.74,14448.71,21246.07,134067.74,21246.07
PT005046,T0447,2026-04-24,EUR,429256.476,30428.352000000003,123914.50200000001,429256.476,123914.50200000001
PT005844,T0517,2024-05-14,EUR,33855.3648,1832.0904000000003,10447.682400000002,33855.3648,10447.682400000002
PT005803,T0513,2025-01-11,USD,206673.62,13315.27,61875.66,206673.62,61875.66
PT000525,T0046,2026-03-26,EUR,45371.383200000004,4954.8132000000005,7496.4096,45371.383200000004,7496.4096
PT001898,T0170,2026-08-22,USD,92450.42,7451.41,10815.59,92450.42,10815.59
PT003899,T0346,2026-06-18,EUR,122676.42240000001,7695.1296,35941.968,122676.42240000001,35941.968
PT007173,T0636,2022-09-19,EUR,82084.3524,7050.844800000001,22848.717600000004,82084.3524,22848.717600000004
PT000327,T0029,2025-08-26,USD,101233.74,6373.93,10834.51,101233.74,10834.51
PT004117,T0365,2026-03-13,EUR,216122.6988,24557.6124,17069.184,216122.6988,17069.184
PT004491,T0399,2021-11-28,USD,191901.87,16437.79,13105.15,191901.87,13105.15
PT006171,T0546,2025-08-15,USD,124484.55,9552.24,19203.59,124484.55,19203.59
PT002197,T0196,2022-08-17,EUR,23012.154000000002,1996.4556,2551.5432,23012.154000000002,2551.5432
PT005344,T0474,2022-02-19,USD,223220.23,21354.72,64495.84,223220.23,64495.84
PT003193,T0282,2023-02-14,USD,121339.65,9726.82,19035.5,121339.65,19035.5
PT002943,T0261,2025-07-18,EUR,674270.406,71430.5304,185640.03360000002,674270.406,185640.03360000002
PT002957,T0262,2025-04-04,EUR,306919.0764,25720.912800000002,32795.323200000006,306919.0764,32795.3232
PT002311,T0206,2022-10-14,INR,71880.93324,6359.81928,19616.58984,71880.93324,19616.589839999997
PT000499,T0044,2022-03-13,USD,167426.07,10739.74,38489.99,167426.07,38489.99
PT007885,T0699,2024-05-13,USD,324235.24,22202.35,30298.2,324235.24,30298.200000000004
PT002547,T0226,2025-07-26,USD,138385.55,12167.09,35028.86,138385.55,35028.86
PT002783,T0247,2023-10-14,GBP,132705.2591,8518.017,21808.4146,132705.2591,21808.4146
PT002406,T0215,2025-01-14,USD,553151.55,39643.29,130562.47,553151.55,130562.47
PT004668,T0414,2025-05-15,USD,62180.47,4664.26,19590.88,62180.47,19590.88
PT003760,T0334,2024-01-28,USD,119582.26,13029.32,20217.47,119582.26,20217.47
PT003709,T0330,2024-10-31,USD,30616.55,3130.91,3198.85,30616.55,3198.85
PT000380,T0033,2025-04-01,USD,148341.91,8852.21,27528.98,148341.91,27528.98
PT003049,T0270,2025-12-26,GBP,69561.3036,4104.1955,20029.830400000003,69561.3036,20029.830400000003
PT007153,T0634,2025-07-17,USD,86475.79,6479.81,5506.45,86475.79,5506.45
PT007304,T0647,2022-12-29,USD,197134.2,16814.11,18042.62,197134.2,18042.62
PT004081,T0361,2022-02-20,USD,55805.28,6687.45,12734.32,55805.28,12734.32
PT007582,T0671,2023-12-30,USD,90526.2,10551.45,10506.35,90526.2,10506.35
PT006781,T0601,2025-10-23,EUR,413883.60480000003,45710.9244,113400.7452,413883.60480000003,113400.7452
PT007186,T0637,2025-08-03,USD,18095.48,1199.29,2932.54,18095.48,2932.54
PT001053,T0096,2023-01-01,EUR,36316.3608,3038.9040000000005,9109.3572,36316.3608,9109.3572
PT000191,T0017,2023-03-28,EUR,57802.14000000001,4259.5524000000005,3125.2176,57802.14000000001,3125.2176
PT002789,T0248,2026-08-16,USD,202308.3,11174.44,64214.87,202308.3,64214.87
PT007279,T0645,2023-05-17,EUR,68156.4672,6114.852,4598.1756,68156.4672,4598.1756
PT002388,T0213,2026-06-23,USD,66395.1,5986.79,10812.94,66395.1,10812.94
PT001721,T0156,2024-01-27,USD,268263.15,26998.06,27525.51,268263.15,27525.51
PT004735,T0420,2023-06-17,EUR,117195.72480000001,6784.4736,19073.0268,117195.72480000001,19073.0268
PT004757,T0421,2023-11-12,USD,94269.31,5440.4,7802.29,94269.31,7802.29
PT000021,T0003,2021-05-09,EUR,97996.662,8045.362800000001,28282.7808,97996.662,28282.7808
PT003446,T0304,2024-06-24,USD,86092.33,7559.76,5957.09,86092.33,5957.09
PT006897,T0611,2023-09-03,USD,23524.14,1352.52,1291.25,23524.14,1291.25
PT005757,T0509,2022-11-06,USD,107584.35,11429.17,32962.22,107584.35,32962.22
PT005519,T0489,2022-12-29,EUR,275215.3092,27767.448,19233.320400000004,275215.3092,19233.320400000008
PT002535,T0225,2025-02-12,EUR,41027.3748,3347.46,2784.2400000000002,41027.3748,2784.2400000000002
PT002867,T0255,2024-04-18,INR,54110.241239999996,5880.84444,4842.906360000001,54110.241239999996,4842.906360000001
PT007564,T0670,2025-10-27,USD,142868.22,15815.05,41960.71,142868.22,41960.71
PT007790,T0690,2024-09-21,USD,57917.12,5125.0,13770.79,57917.12,13770.79
PT007640,T0676,2022-06-07,USD,84894.67,4885.43,4275.73,84894.67,4275.73
PT002021,T0181,2025-01-27,USD,69970.88,6168.94,22359.58,69970.88,22359.58
PT007800,T0691,2026-08-10,USD,110922.14,11699.3,12913.46,110922.14,12913.459999999997
PT004875,T0432,2023-07-06,INR,167532.65232,10519.53228,15183.229440000001,167532.65232,15183.229440000001
PT005588,T0495,2025-09-11,INR,274657.55663999997,20293.545000000002,30613.89408,274657.55663999997,30613.89408
PT005990,T0529,2026-01-23,USD,931509.25,110697.38,57160.07,931509.25,57160.07
PT000209,T0019,2024-10-12,USD,60862.42,3074.28,19034.48,60862.42,19034.48
PT006425,T0567,2025-05-16,INR,85901.69076000001,7489.983480000001,24422.53512,85901.69076000001,24422.53512
PT007452,T0659,2023-10-10,EUR,40187.89080000001,3675.8988000000004,4231.8936,40187.89080000001,4231.893600000001
PT000190,T0017,2023-02-28,EUR,57802.14000000001,4259.5524000000005,3125.2176,57802.14000000001,3125.2176
PT005619,T0497,2024-11-09,USD,219507.59,13328.2,23851.38,219507.59,23851.38
PT005891,T0521,2025-01-03,USD,192812.14,14528.12,42703.02,192812.14,42703.02
PT000151,T0014,2022-04-08,USD,16666.67,1581.04,2759.14,16666.67,2759.14
PT000023,T0003,2021-07-09,EUR,97996.662,8045.362800000001,28282.7808,97996.662,28282.7808
PT006806,T0603,2025-03-01,INR,147474.89952,13389.94416,16776.68472,147474.89952,16776.68472
PT007863,T0697,2026-07-17,EUR,105482.1096,11059.934400000002,23710.050000000003,105482.1096,23710.050000000003
PT005452,T0483,2025-09-20,USD,38196.24,2004.43,2501.49,38196.24,2501.49
PT001332,T0121,2024-02-03,USD,276582.4,16816.16,72794.98,276582.4,72794.98
PT007338,T0650,2023-06-28,USD,57512.38,5066.35,17936.64,57512.38,17936.64
PT000443,T0039,2023-03-05,USD,120590.09,12431.58,12155.95,120590.09,12155.95
PT000658,T0060,2026-06-01,USD,40602.46,2762.86,2712.89,40602.46,2712.89
PT002356,T0210,2022-09-13,USD,54762.14,3534.05,5411.03,54762.14,5411.029999999999
PT006388,T0564,2026-03-15,INR,282193.533,26532.87252,25219.656720000003,282193.533,25219.656720000003
PT001383,T0125,2025-02-28,USD,409877.35,42280.44,95387.72,409877.35,95387.72
PT001808,T0163,2025-07-03,USD,256698.41,22686.78,13846.37,256698.41,13846.37
PT004597,T0408,2026-02-01,USD,162808.34,14928.65,46526.66,162808.34,46526.66
PT006213,T0550,2025-03-19,USD,70481.65,5886.74,19550.06,70481.65,19550.06
PT002799,T0249,2025-07-05,USD,252877.99,21600.4,21776.06,252877.99,21776.06
PT001963,T0176,2022-11-13,USD,82816.94,4701.74,15082.28,82816.94,15082.279999999999
PT007868,T0698,2022-05-14,USD,38307.16,2839.08,9651.25,38307.16,9651.25
PT004054,T0359,2025-01-23,USD,54453.25,6494.14,13962.4,54453.25,13962.4
PT000551,T0049,2023-04-30,USD,182970.01,15432.16,57452.93,182970.01,57452.93
PT004024,T0357,2023-01-18,INR,351362.86152000003,26010.802440000003,86410.13448000001,351362.86152000003,86410.13448000001
PT005897,T0521,2025-07-03,USD,192812.14,14528.12,42703.02,192812.14,42703.02
PT007373,T0653,2021-11-30,USD,200045.25,11619.93,32003.36,200045.25,32003.36
PT003869,T0343,2025-03-01,USD,118599.13,14150.09,11941.45,118599.13,11941.45
PT007793,T0690,2024-12-21,USD,57917.12,5125.0,13770.79,57917.12,13770.79
PT004761,T0422,2022-08-11,USD,456262.98,32597.36,31810.22,456262.98,31810.22
PT007303,T0647,2022-11-29,USD,197134.2,16814.11,18042.62,197134.2,18042.62
PT000940,T0085,2026-02-28,INR,215488.21932,17487.11112,19333.8978,215488.21932,19333.8978
PT002470,T0220,2025-11-19,EUR,37204.768800000005,3899.0052000000005,4169.1348,37204.768800000005,4169.1348
PT005922,T0523,2026-08-10,EUR,120468.13560000001,11444.7384,13696.128,120468.13560000001,13696.128
PT002818,T0251,2023-02-10,EUR,184514.814,12427.646400000001,55753.23960000001,184514.814,55753.23960000001
PT005455,T0483,2025-12-20,USD,38196.24,2004.43,2501.49,38196.24,2501.49
PT004986,T0441,2026-08-26,USD,106504.94,7112.19,6390.39,106504.94,6390.39
PT005962,T0527,2025-10-30,EUR,138141.1476,11759.4504,21881.113200000003,138141.1476,21881.113200000003
PT005477,T0485,2026-03-03,EUR,484347.60000000003,56940.08400000001,91929.56760000001,484347.60000000003,91929.56760000001
PT005465,T0484,2024-09-10,EUR,348075.2304,41002.8588,37837.206,348075.2304,37837.206
PT006972,T0617,2023-11-10,INR,38423.0556,4421.86572,11912.99436,38423.0556,11912.99436
PT002899,T0258,2022-07-26,USD,575297.25,50646.06,59184.28,575297.25,59184.28
PT002104,T0188,2026-04-30,USD,29736.13,2312.24,1707.33,29736.13,1707.33
PT001528,T0139,2021-08-19,EUR,45378.090000000004,5271.9876,3777.3324000000007,45378.090000000004,3777.3324
PT000341,T0030,2025-06-13,USD,81309.53,4438.45,4651.73,81309.53,4651.73
PT002415,T0215,2025-10-14,USD,553151.55,39643.29,130562.47,553151.55,130562.47
PT004333,T0385,2024-12-23,USD,378653.5,24852.01,94448.41,378653.5,94448.40999999999
PT006756,T0599,2024-11-05,USD,18411.08,1330.09,4802.26,18411.08,4802.26
PT006257,T0553,2025-11-21,USD,377837.2,30062.44,115287.92,377837.2,115287.92
PT003998,T0354,2023-03-13,USD,283479.26,27441.07,31130.81,283479.26,31130.81
PT000421,T0037,2025-03-14,EUR,117868.0788,14087.109600000002,31910.3388,117868.0788,31910.3388
PT000762,T0069,2026-04-15,USD,42534.31,4242.26,3766.99,42534.31,3766.9899999999993
PT003516,T0311,2025-02-26,INR,166053.26364000002,13644.31452,8528.235,166053.26364000002,8528.234999999999
PT002390,T0213,2026-08-23,USD,66395.1,5986.79,10812.94,66395.1,10812.94
PT004201,T0372,2025-12-07,EUR,628503.0408000001,67276.9476,48468.585600000006,628503.0408000001,48468.585600000006
PT004817,T0426,2024-12-06,USD,65750.67,3877.41,14588.43,65750.67,14588.43
PT000865,T0079,2025-02-24,USD,21059.12,1885.96,2348.38,21059.12,2348.38
PT001869,T0168,2025-09-16,USD,132540.71,11146.42,41511.01,132540.71,41511.01
PT002389,T0213,2026-07-23,USD,66395.1,5986.79,10812.94,66395.1,10812.94
PT000504,T0044,2022-08-13,USD,167426.07,10739.74,38489.99,167426.07,38489.99
PT003442,T0304,2024-02-24,USD,86092.33,7559.76,5957.09,86092.33,5957.09
PT005301,T0471,2025-06-18,EUR,83393.7336,7291.630800000001,21196.220400000002,83393.7336,21196.220400000002
PT004483,T0398,2025-08-17,EUR,103972.0644,10384.0704,25326.4752,103972.0644,25326.4752
PT006088,T0538,2023-08-15,USD,524519.39,52489.55,54640.59,524519.39,54640.59
PT000770,T0070,2024-11-15,USD,105633.2,9140.89,8131.21,105633.2,8131.209999999999
PT000885,T0080,2025-10-24,EUR,145229.5008,11068.3044,23146.743599999998,145229.5008,23146.743599999998
PT006151,T0544,2021-11-01,USD,527092.34,62504.8,117398.4,527092.34,117398.4
PT006852,T0607,2026-03-03,EUR,256165.95600000003,25993.9908,15979.4856,256165.95600000003,15979.4856
PT004337,T0385,2025-04-23,USD,378653.5,24852.01,94448.41,378653.5,94448.40999999999
PT006736,T0596,2026-07-03,EUR,170332.3728,13556.6784,50448.3876,170332.3728,50448.3876
PT005362,T0476,2021-10-15,EUR,67957.92,6304.2083999999995,6820.394400000001,67957.92,6820.394400000001
PT002527,T0225,2024-06-12,EUR,41027.3748,3347.46,2784.2400000000002,41027.3748,2784.2400000000002
PT007238,T0641,2023-04-13,USD,59408.06,7018.04,15060.22,59408.06,15060.22
PT006002,T0531,2023-07-01,EUR,26995.2912,1963.4508,6519.42,26995.2912,6519.419999999999
PT001287,T0116,2025-12-14,INR,107994.5298,6682.70016,8015.83644,107994.5298,8015.83644
PT004717,T0418,2021-11-16,USD,66109.2,5957.54,10340.44,66109.2,10340.44
PT007327,T0649,2023-09-01,USD,336774.22,25578.56,99427.49,336774.22,99427.49
PT002980,T0264,2024-07-03,EUR,200294.28360000002,14614.473600000001,14117.068800000001,200294.28360000002,14117.068800000001
PT003594,T0319,2026-08-14,USD,37176.26,3981.03,3190.75,37176.26,3190.75
PT000711,T0065,2023-10-27,INR,101871.05219999999,8900.35176,5778.8052,101871.05219999999,5778.8052
PT007524,T0666,2024-05-07,GBP,188814.9767,22129.419800000003,13247.827200000002,188814.9767,13247.827200000002
PT007502,T0664,2022-04-16,USD,213681.59,21285.6,24773.7,213681.59,24773.699999999997
PT000099,T0010,2023-09-12,USD,154845.94,8133.16,14119.08,154845.94,14119.08
PT003530,T0313,2026-06-26,USD,221576.51,24043.7,59675.98,221576.51,59675.98
PT000891,T0081,2024-05-29,EUR,16666.668,1810.674,971.4708,16666.668,971.4708
PT003416,T0302,2024-08-06,EUR,68355.17640000001,8043.861600000001,7979.742,68355.17640000001,7979.742
PT003219,T0284,2025-06-11,EUR,1260247.6152000001,133147.5732,123493.4964,1260247.6152000001,123493.4964
PT005662,T0501,2026-03-27,USD,76078.73,3869.15,18723.02,76078.73,18723.02
PT001983,T0178,2026-05-29,USD,120341.02,9195.22,14087.9,120341.02,14087.9
PT003862,T0343,2024-08-01,USD,118599.13,14150.09,11941.45,118599.13,11941.45
PT004689,T0416,2022-05-30,USD,31871.84,3672.14,3261.3,31871.84,3261.3
PT001040,T0095,2025-11-29,USD,99203.62,11090.75,23356.73,99203.62,23356.73
PT900101,T0465,2025-06-22,INR,101647.05168,6685.017720000001,27466.38312,101647.05168,27466.38312
PT007438,T0658,2026-06-06,USD,53544.93,5888.74,3010.12,53544.93,3010.12
PT002596,T0232,2021-11-11,USD,57905.35,5981.94,3276.69,57905.35,3276.69
PT004801,T0425,2022-09-25,USD,112754.78,7016.49,32364.73,112754.78,32364.73
PT007880,T0699,2023-12-13,USD,324235.24,22202.35,30298.2,324235.24,30298.200000000004
PT001063,T0097,2025-02-26,EUR,42736.9392,4385.8584,3535.3692,42736.9392,3535.3692
PT003334,T0295,2023-07-03,USD,164154.4,9085.18,14204.63,164154.4,14204.63
PT004278,T0380,2021-08-21,EUR,169775.298,17119.468800000002,11280.923999999999,169775.298,11280.923999999999
PT004160,T0369,2024-06-11,USD,179253.01,13824.9,48744.52,179253.01,48744.52
PT001251,T0113,2022-11-11,INR,74234.2026,7401.237720000001,22116.37284,74234.2026,22116.37284
PT005022,T0445,2026-08-07,USD,93188.91,9260.04,7978.21,93188.91,7978.21
PT001466,T0133,2025-09-05,INR,37030.3044,3647.66496,3455.1585600000003,37030.3044,3455.1585600000003
PT005294,T0470,2026-03-01,EUR,590406.5916,61040.347200000004,68867.09640000001,590406.5916,68867.09640000001
PT004944,T0438,2024-08-21,USD,162177.65,8887.21,16775.18,162177.65,16775.18
PT001992,T0179,2025-02-11,USD,239867.29,16929.17,61772.5,239867.29,61772.49999999999
PT007762,T0687,2022-07-28,USD,369973.65,33132.9,96139.32,369973.65,96139.32
PT005371,T0476,2022-07-15,EUR,67957.92,6304.2083999999995,6820.394400000001,67957.92,6820.394400000001
PT001399,T0127,2023-12-05,USD,387593.45,24881.69,43903.99,387593.45,43903.99
PT006816,T0604,2022-07-27,EUR,58713.62760000001,4365.403200000001,17900.211600000002,58713.62760000001,17900.211600000002
PT000671,T0061,2023-01-16,USD,79148.07,8247.51,8375.9,79148.07,8375.9
PT001263,T0114,2025-04-14,USD,588038.38,35206.98,62815.83,588038.38,62815.83000000001
PT005993,T0529,2026-04-23,USD,931509.25,110697.38,57160.07,931509.25,57160.07
PT002762,T0246,2024-11-10,EUR,290496.06720000005,31914.324,82716.1632,290496.06720000005,82716.1632
PT004197,T0372,2025-08-07,EUR,628503.0408000001,67276.9476,48468.585600000006,628503.0408000001,48468.585600000006
PT000385,T0034,2023-02-25,USD,32386.44,3553.96,3545.04,32386.44,3545.04
PT006928,T0614,2022-08-03,USD,23917.34,1245.1,2820.72,23917.34,2820.72
PT002023,T0181,2025-03-27,USD,69970.88,6168.94,22359.58,69970.88,22359.58
PT001197,T0108,2022-12-14,USD,293289.08,30048.84,29954.78,293289.08,29954.78
PT000417,T0037,2024-11-14,EUR,117868.0788,14087.109600000002,31910.3388,117868.0788,31910.3388
PT006563,T0581,2022-05-14,USD,185251.07,16023.59,13846.27,185251.07,13846.27
PT005941,T0525,2023-06-25,USD,488093.4,37210.4,132027.91,488093.4,132027.91
PT004709,T0417,2025-04-06,EUR,489681.64440000005,51774.23880000001,26376.289200000003,489681.64440000005,26376.289200000003
PT006231,T0551,2021-10-06,EUR,283802.0112,20894.5224,70113.8484,283802.0112,70113.8484
PT000849,T0077,2024-02-18,USD,112906.87,7679.88,29232.68,112906.87,29232.68
PT006318,T0558,2021-11-14,USD,100485.76,10623.18,28727.27,100485.76,28727.27
PT006958,T0616,2024-09-07,EUR,72260.4456,6743.109600000001,20403.6732,72260.4456,20403.6732
PT007578,T0671,2023-08-30,USD,90526.2,10551.45,10506.35,90526.2,10506.35
PT007271,T0644,2025-04-30,USD,74853.06,4125.74,14760.53,74853.06,14760.530000000002
PT007509,T0665,2023-11-18,USD,99102.04,10349.65,8816.75,99102.04,8816.75
PT003452,T0305,2024-08-22,USD,194597.27,17781.41,59078.2,194597.27,59078.19999999999
PT004608,T0409,2025-11-01,EUR,55098.7488,3972.5532000000003,16995.204,55098.7488,16995.204
PT001012,T0091,2024-10-04,USD,235117.14,20306.71,55696.27,235117.14,55696.27
PT002644,T0236,2023-08-28,USD,55405.03,6180.97,9851.62,55405.03,9851.619999999999
PT005712,T0505,2024-04-04,USD,707427.8,61022.31,47587.06,707427.8,47587.06
PT005651,T0500,2025-04-11,USD,329498.64,36506.79,80622.15,329498.64,80622.15
PT003984,T0353,2024-11-27,USD,128986.64,13105.12,39658.69,128986.64,39658.69
PT005513,T0488,2026-07-11,USD,499574.73,38234.1,42785.9,499574.73,42785.9
PT006555,T0580,2026-06-28,EUR,172519.77240000002,19569.794400000002,14448.142800000001,172519.77240000002,14448.142800000001
PT001237,T0112,2023-02-01,USD,73860.72,8579.69,3852.76,73860.72,3852.7600000000007
PT003723,T0331,2024-08-26,USD,70372.5,4784.72,16632.04,70372.5,16632.04
PT002412,T0215,2025-07-14,USD,553151.55,39643.29,130562.47,553151.55,130562.47
PT001704,T0154,2026-04-27,USD,105191.91,8101.3,26265.04,105191.91,26265.04
PT004359,T0387,2023-03-07,USD,35087.28,3137.78,9668.7,35087.28,9668.7
PT000899,T0081,2025-01-29,EUR,16666.668,1810.674,971.4708,16666.668,971.4708
PT007240,T0642,2022-01-29,EUR,417150.378,47747.73960000001,43739.557199999996,417150.378,43739.557199999996
PT004699,T0417,2024-06-06,EUR,489681.64440000005,51774.23880000001,26376.289200000003,489681.64440000005,26376.289200000003
PT006050,T0535,2024-02-11,USD,193583.04,18712.19,14697.39,193583.04,14697.390000000001
PT003447,T0304,2024-07-24,USD,86092.33,7559.76,5957.09,86092.33,5957.09
PT000201,T0018,2026-02-16,USD,657952.79,37732.66,48584.13,657952.79,48584.13
PT001728,T0156,2024-08-27,USD,268263.15,26998.06,27525.51,268263.15,27525.51
PT006650,T0589,2025-04-17,EUR,59455.3176,3009.0312,6926.2236,59455.3176,6926.223600000001
PT900142,T0652,2025-06-30,INR,207270.46008,17772.62796,20111.18928,207270.46008,20111.18928
PT006059,T0535,2024-11-11,USD,193583.04,18712.19,14697.39,193583.04,14697.390000000001
PT001843,T0166,2026-02-14,USD,31177.28,1715.7,9235.49,31177.28,9235.49
PT006506,T0575,2025-07-23,USD,30879.36,2238.49,3206.94,30879.36,3206.94
PT000735,T0067,2024-05-27,INR,348799.92528,22527.78516,102905.25564,348799.92528,102905.25564
PT005751,T0509,2022-05-06,USD,107584.35,11429.17,32962.22,107584.35,32962.22
PT002740,T0244,2025-12-21,USD,154510.56,14102.76,36427.43,154510.56,36427.43
PT001207,T0109,2022-12-23,USD,105427.91,10274.8,7092.21,105427.91,7092.21
PT001696,T0154,2025-08-27,USD,105191.91,8101.3,26265.04,105191.91,26265.04
PT002320,T0207,2022-11-30,EUR,227969.78040000002,12809.7936,53494.18200000001,227969.78040000002,53494.18200000001
PT003666,T0327,2025-01-25,INR,59582.7786,6085.14336,14554.75596,59582.7786,14554.75596
PT003278,T0289,2025-09-04,USD,150696.38,16082.38,25618.89,150696.38,25618.89
PT003065,T0272,2024-01-20,USD,382220.9,21579.44,107600.37,382220.9,107600.37
PT000600,T0054,2025-07-27,EUR,170129.7972,13861.206000000002,31287.664800000002,170129.7972,31287.664800000006
PT006001,T0531,2023-06-01,EUR,26995.2912,1963.4508,6519.42,26995.2912,6519.419999999999
PT003352,T0296,2023-05-08,USD,82085.09,6786.2,22829.89,82085.09,22829.89
PT007050,T0625,2026-03-10,EUR,16666.668,1661.5152000000003,2801.1852000000003,16666.668,2801.1852000000003
PT003545,T0314,2022-01-05,USD,60214.64,3811.84,18101.91,60214.64,18101.91
PT003512,T0310,2026-09-14,USD,160563.84,8827.18,42357.17,85634.05,22590.49119427201
PT000401,T0035,2026-08-29,USD,117807.8,8516.08,23471.14,117807.8,23471.14
PT004061,T0360,2024-08-31,USD,112545.98,11216.21,18415.27,112545.98,18415.27
PT006168,T0546,2025-05-15,USD,124484.55,9552.24,19203.59,124484.55,19203.59
PT001777,T0160,2025-03-07,USD,186346.27,19284.1,29635.64,186346.27,29635.64
PT007048,T0625,2026-01-10,EUR,16666.668,1661.5152000000003,2801.1852000000003,16666.668,2801.1852000000003
PT000515,T0045,2023-10-15,USD,147873.25,10444.91,8539.45,147873.25,8539.45
PT006236,T0551,2022-03-06,EUR,283802.0112,20894.5224,70113.8484,283802.0112,70113.8484
PT005258,T0467,2022-10-03,EUR,249818.40720000002,13691.916000000001,59531.446800000005,249818.40720000002,59531.4468
PT005858,T0518,2023-07-10,USD,343687.21,28214.64,94743.22,343687.21,94743.22
PT004764,T0422,2022-11-11,USD,456262.98,32597.36,31810.22,456262.98,31810.22
PT005826,T0515,2026-08-12,EUR,81655.0848,6809.194800000001,19072.8756,81655.0848,19072.8756
PT002545,T0226,2025-05-26,USD,138385.55,12167.09,35028.86,138385.55,35028.86
PT007113,T0631,2023-02-10,USD,36017.19,2058.13,2236.99,36017.19,2236.99
PT004980,T0441,2026-02-26,USD,106504.94,7112.19,6390.39,106504.94,6390.39
PT006561,T0581,2022-03-14,USD,185251.07,16023.59,13846.27,185251.07,13846.27
PT000815,T0074,2026-03-17,USD,349428.89,31581.48,25394.94,349428.89,25394.940000000002
PT007571,T0670,2026-05-27,USD,142868.22,15815.05,41960.71,142868.22,41960.71
PT006146,T0544,2021-06-01,USD,527092.34,62504.8,117398.4,527092.34,117398.4
PT002207,T0197,2021-12-03,USD,45335.18,4803.98,13035.43,45335.18,13035.43
PT002753,T0245,2022-01-17,EUR,22874.6052,2211.6888,5847.4764000000005,22874.6052,5847.4764000000005
PT000892,T0081,2024-06-29,EUR,16666.668,1810.674,971.4708,16666.668,971.4708
PT900061,T0276,2025-06-15,USD,391095.49,24727.88,114385.11,391095.49,114385.11
PT001506,T0137,2023-07-01,USD,94166.78,10920.36,7485.28,94166.78,7485.28
PT006836,T0605,2026-09-07,USD,115273.31,6184.99,33746.92,88376.2,25872.637398058578
PT006020,T0532,2024-10-01,EUR,78526.4112,6675.1128,6333.411600000001,78526.4112,6333.411600000001
PT007337,T0650,2023-05-28,USD,57512.38,5066.35,17936.64,57512.38,17936.64
PT004267,T0379,2026-04-01,USD,36976.93,3564.76,2763.03,36976.93,2763.03
PT001036,T0094,2026-08-03,EUR,56465.251200000006,3341.6604,4640.2956,56465.251200000006,4640.2956
PT004981,T0441,2026-03-26,USD,106504.94,7112.19,6390.39,106504.94,6390.39
PT000220,T0020,2024-11-16,USD,363245.55,40202.6,42654.03,363245.55,42654.03
PT002266,T0203,2024-12-12,INR,81116.88636,7393.60428,24229.13652,81116.88636,24229.136519999996
PT005011,T0444,2026-02-23,USD,162995.78,16957.19,9661.02,162995.78,9661.02
PT003549,T0315,2023-01-01,USD,58673.31,6941.79,16238.13,58673.31,16238.13
PT005981,T0528,2022-11-08,USD,28430.93,1451.35,4961.04,28430.93,4961.04
PT007290,T0646,2025-08-02,EUR,167525.4204,10216.972800000001,31253.644800000002,167525.4204,31253.644800000002
PT005339,T0474,2021-09-19,USD,223220.23,21354.72,64495.84,223220.23,64495.84
PT007168,T0636,2022-04-19,EUR,82084.3524,7050.844800000001,22848.717600000004,82084.3524,22848.717600000004
PT005120,T0454,2024-04-19,USD,111399.74,11630.42,18228.16,111399.74,18228.16
PT004176,T0370,2025-06-03,EUR,159513.6348,10488.2904,12373.2252,159513.6348,12373.2252
PT000134,T0013,2025-10-27,USD,91469.85,6957.04,22994.54,91469.85,22994.54
PT007086,T0629,2024-07-23,USD,41059.38,2503.05,4225.65,41059.38,4225.65
PT003644,T0324,2024-02-14,USD,463519.43,50432.76,41052.76,463519.43,41052.76
PT002322,T0207,2023-01-30,EUR,227969.78040000002,12809.7936,53494.18200000001,227969.78040000002,53494.18200000001
PT002787,T0248,2026-06-16,USD,202308.3,11174.44,64214.87,202308.3,64214.87
PT006436,T0568,2026-02-23,INR,118548.50460000001,13141.78056,30852.33276,118548.50460000001,30852.33276
PT000822,T0075,2026-03-21,USD,125568.39,11458.52,29232.98,125568.39,29232.98
PT004353,T0386,2024-08-25,EUR,195757.722,15492.643200000002,44076.4092,195757.722,44076.4092
PT004328,T0384,2023-07-23,EUR,184044.4092,13093.574400000001,51581.0376,184044.4092,51581.0376
PT007830,T0694,2025-05-07,USD,246554.18,22639.45,14915.53,246554.18,14915.53
PT001510,T0137,2023-11-01,USD,94166.78,10920.36,7485.28,94166.78,7485.28
PT001415,T0128,2024-07-24,EUR,47205.9036,4711.0896,3101.8572000000004,47205.9036,3101.8572000000004
PT000517,T0045,2023-12-15,USD,147873.25,10444.91,8539.45,147873.25,8539.45
PT006715,T0594,2026-09-26,EUR,81352.28520000001,4082.3028,23608.130400000002,10846.969200000001,3147.7500931760387
PT006052,T0535,2024-04-11,USD,193583.04,18712.19,14697.39,193583.04,14697.390000000001
PT900023,T0114,2025-06-14,USD,588038.38,35206.98,62815.83,588038.38,62815.83000000001
PT003672,T0327,2025-07-25,INR,59582.7786,6085.14336,14554.75596,59582.7786,14554.75596
PT002049,T0184,2025-07-28,EUR,89497.73160000001,7562.4408,10029.582,89497.73160000001,10029.582
PT007311,T0647,2023-07-29,USD,197134.2,16814.11,18042.62,197134.2,18042.62
PT004574,T0406,2025-12-08,GBP,96798.77769999999,6511.9377,30213.1349,96798.77769999999,30213.1349
PT007450,T0659,2023-08-10,EUR,40187.89080000001,3675.8988000000004,4231.8936,40187.89080000001,4231.893600000001
PT005090,T0451,2023-08-18,USD,24037.28,1726.09,6748.19,24037.28,6748.19
PT006568,T0581,2022-10-14,USD,185251.07,16023.59,13846.27,185251.07,13846.27
PT000601,T0055,2026-04-21,USD,77397.09,6627.16,19862.69,77397.09,19862.69
PT002750,T0245,2021-10-17,EUR,22874.6052,2211.6888,5847.4764000000005,22874.6052,5847.4764000000005
PT007696,T0681,2026-08-08,USD,137611.6,11597.82,7220.88,137611.6,7220.88
PT003256,T0287,2023-02-02,EUR,160478.9496,18728.7012,37095.0516,160478.9496,37095.0516
PT000218,T0020,2024-09-16,USD,363245.55,40202.6,42654.03,363245.55,42654.03
PT006899,T0611,2023-11-03,USD,23524.14,1352.52,1291.25,23524.14,1291.25
PT002840,T0253,2024-01-08,USD,33238.01,3761.25,3482.01,33238.01,3482.01
PT004512,T0401,2024-08-26,USD,99938.38,11119.84,25263.23,99938.38,25263.230000000003
PT003236,T0286,2022-08-19,EUR,256655.5092,29886.948,24976.1016,256655.5092,24976.1016
PT005354,T0475,2024-04-21,USD,196540.51,14768.63,33688.16,196540.51,33688.16
PT006541,T0579,2025-12-07,USD,81622.23,5876.12,23199.14,81622.23,23199.14
PT003840,T0341,2026-04-09,USD,64585.74,3636.43,16257.01,64585.74,16257.01
PT006240,T0552,2024-12-13,USD,62952.26,4906.56,4160.65,62952.26,4160.65
PT004646,T0412,2023-11-20,EUR,68916.88440000001,5156.7624,16548.354,68916.88440000001,16548.354
PT007870,T0698,2022-07-14,USD,38307.16,2839.08,9651.25,38307.16,9651.25
PT003037,T0269,2025-12-12,USD,100980.51,5635.27,25218.16,100980.51,25218.16
PT000855,T0078,2024-04-08,INR,430842.1026,42062.82,77098.71012,430842.1026,77098.71012
PT000488,T0043,2024-01-23,EUR,159170.2164,12161.3076,18380.4552,159170.2164,18380.4552
PT006206,T0549,2026-01-31,USD,48465.38,3129.5,15295.14,48465.38,15295.14
PT003509,T0310,2026-06-14,USD,160563.84,8827.18,42357.17,160563.84,42357.17
PT006455,T0570,2023-07-11,INR,240383.36148,16815.70752,64621.10256,240383.36148,64621.10256
PT000593,T0054,2024-12-27,EUR,170129.7972,13861.206000000002,31287.664800000002,170129.7972,31287.664800000006
PT007516,T0665,2024-06-18,USD,99102.04,10349.65,8816.75,99102.04,8816.75
PT001609,T0145,2024-04-02,USD,18666.19,1592.14,4153.61,18666.19,4153.61
PT006759,T0599,2025-02-05,USD,18411.08,1330.09,4802.26,18411.08,4802.26
PT004092,T0363,2023-02-12,EUR,506046.16080000007,51150.009600000005,41690.16,506046.16080000007,41690.16
PT001735,T0157,2024-09-11,USD,59405.32,4717.71,6547.9,59405.32,6547.899999999999
PT000100,T0010,2023-10-12,USD,154845.94,8133.16,14119.08,154845.94,14119.08
PT007803,T0692,2023-12-11,EUR,88247.502,10282.9284,8868.3228,88247.502,8868.3228
PT006099,T0540,2024-05-27,USD,157852.37,10641.33,14161.75,157852.37,14161.75
PT002133,T0191,2022-05-14,USD,125958.71,6581.4,25109.52,125958.71,25109.52
PT002075,T0186,2023-04-22,EUR,805420.0332000001,52069.93200000001,248694.51600000003,805420.0332000001,248694.51600000003
PT004973,T0440,2024-06-24,USD,108262.16,6801.01,10566.85,108262.16,10566.85
PT000414,T0036,2023-06-07,USD,218838.27,22255.99,55726.7,218838.27,55726.7
PT000358,T0032,2025-04-01,USD,97537.25,7078.7,10620.27,97537.25,10620.27
PT007135,T0633,2025-10-01,USD,101645.68,10260.41,6933.47,101645.68,6933.47
PT007554,T0669,2022-07-10,USD,107508.6,10354.64,29073.6,107508.6,29073.6
PT003366,T0298,2025-07-31,EUR,77861.6928,8960.619600000002,18316.702800000003,77861.6928,18316.702800000003
PT004114,T0365,2025-12-13,EUR,216122.6988,24557.6124,17069.184,216122.6988,17069.184
PT005989,T0529,2025-12-23,USD,931509.25,110697.38,57160.07,931509.25,57160.07
PT003315,T0292,2023-01-17,EUR,88983.306,8492.310000000001,7545.4632,88983.306,7545.463199999999
PT003237,T0286,2022-09-19,EUR,256655.5092,29886.948,24976.1016,256655.5092,24976.1016
PT003131,T0277,2021-08-10,USD,117094.62,12012.95,10047.56,117094.62,10047.56
PT000254,T0023,2023-12-13,INR,48431.91624,2587.5942,4928.44164,48431.91624,4928.44164
PT000016,T0002,2026-06-30,GBP,47444.72350000001,5648.9727,14879.3327,47444.72350000001,14879.3327
PT001962,T0176,2022-10-13,USD,82816.94,4701.74,15082.28,82816.94,15082.279999999999
PT000204,T0018,2026-05-16,USD,657952.79,37732.66,48584.13,657952.79,48584.13
PT000037,T0004,2026-08-13,INR,147548.05488,14252.83692,36649.5858,147548.05488,36649.5858
PT003405,T0301,2025-10-23,USD,21863.27,1654.41,1490.77,21863.27,1490.77
PT000436,T0038,2025-11-03,USD,98184.07,10656.62,6935.02,98184.07,6935.02
PT000590,T0054,2024-09-27,EUR,170129.7972,13861.206000000002,31287.664800000002,170129.7972,31287.664800000006
PT001966,T0177,2022-03-13,USD,42468.93,2572.32,3217.72,42468.93,3217.72
PT003123,T0276,2025-07-15,USD,391095.49,24727.88,114385.11,391095.49,114385.11
PT000271,T0024,2025-11-11,USD,146627.78,16084.29,14224.79,146627.78,14224.79
PT005671,T0502,2024-01-05,INR,24507.44568,1305.396,4751.335080000001,24507.44568,4751.335080000001
PT002707,T0241,2023-09-30,USD,110607.31,12757.14,16933.35,110607.31,16933.35
PT004611,T0409,2026-02-01,EUR,55098.7488,3972.5532000000003,16995.204,55098.7488,16995.204
PT005840,T0517,2024-01-14,EUR,33855.3648,1832.0904000000003,10447.682400000002,33855.3648,10447.682400000002
PT005133,T0455,2024-09-18,USD,111249.39,5920.2,11943.51,111249.39,11943.51
PT000013,T0002,2026-03-30,GBP,47444.72350000001,5648.9727,14879.3327,47444.72350000001,14879.3327
PT006775,T0600,2025-07-15,USD,133469.55,10158.65,8364.09,133469.55,8364.09
PT007561,T0670,2025-07-27,USD,142868.22,15815.05,41960.71,142868.22,41960.71
PT001449,T0132,2025-08-28,USD,22783.62,1489.38,2308.41,22783.62,2308.41
PT900052,T0226,2025-06-26,USD,138385.55,12167.09,35028.86,138385.55,35028.86
PT001023,T0093,2023-02-19,USD,88465.05,6576.24,8373.71,88465.05,8373.71
PT006514,T0576,2021-04-03,USD,39886.88,3832.07,4052.85,39886.88,4052.85
PT001531,T0139,2021-11-19,EUR,45378.090000000004,5271.9876,3777.3324000000007,45378.090000000004,3777.3324
PT000541,T0047,2022-10-30,USD,89508.76,9237.4,6801.56,89508.76,6801.5599999999995
PT003263,T0288,2025-07-01,USD,84838.55,5754.94,10102.78,84838.55,10102.78
PT004245,T0377,2023-10-31,USD,62327.17,5145.55,5656.3,62327.17,5656.3
PT004466,T0396,2023-02-11,USD,239845.45,13220.92,53238.95,239845.45,53238.95
PT006446,T0569,2023-09-16,USD,252654.55,20173.13,74045.68,252654.55,74045.68
PT003580,T0317,2022-10-22,USD,151237.27,12948.26,43182.88,151237.27,43182.88
PT006503,T0575,2025-04-23,USD,30879.36,2238.49,3206.94,30879.36,3206.94
PT005529,T0490,2026-01-14,EUR,79198.2792,6576.9408,5779.296,79198.2792,5779.296
PT006624,T0586,2024-09-24,EUR,24059.7972,1420.6968000000002,5402.7324,24059.7972,5402.7324
PT004121,T0366,2024-09-09,USD,244109.16,19467.39,14871.27,244109.16,14871.27
PT001496,T0136,2023-12-17,USD,89893.73,7367.54,23136.11,89893.73,23136.11
PT007231,T0641,2022-09-13,USD,59408.06,7018.04,15060.22,59408.06,15060.22
PT007440,T0658,2026-08-06,USD,53544.93,5888.74,3010.12,53544.93,3010.12
PT005219,T0463,2026-06-07,USD,312251.87,18928.08,60551.61,312251.87,60551.61
PT006239,T0552,2024-11-13,USD,62952.26,4906.56,4160.65,62952.26,4160.65
PT004252,T0377,2024-05-31,USD,62327.17,5145.55,5656.3,62327.17,5656.3
PT007756,T0686,2026-07-21,USD,93492.9,6441.59,10100.38,93492.9,10100.38
PT002528,T0225,2024-07-12,EUR,41027.3748,3347.46,2784.2400000000002,41027.3748,2784.2400000000002
PT005731,T0507,2022-09-19,USD,94073.51,8763.93,24818.27,94073.51,24818.27
PT000288,T0025,2024-07-16,USD,89604.85,10744.7,21394.0,89604.85,21394.0
PT005402,T0479,2026-01-06,GBP,43783.5294,3677.285,2636.4438,43783.5294,2636.4438
PT001388,T0126,2023-05-24,USD,67627.15,4116.99,6135.2,67627.15,6135.2
PT005101,T0453,2021-10-08,USD,905854.14,101181.38,54066.76,905854.14,54066.76000000001
PT007529,T0666,2024-10-07,GBP,188814.9767,22129.419800000003,13247.827200000002,188814.9767,13247.827200000002
PT002202,T0196,2023-01-17,EUR,23012.154000000002,1996.4556,2551.5432,23012.154000000002,2551.5432
PT004214,T0374,2026-02-11,EUR,83985.1308,9245.4156,19767.877200000003,83985.1308,19767.877200000003
PT006803,T0602,2026-02-13,USD,153793.21,10283.35,36172.72,153793.21,36172.72
PT003149,T0279,2024-10-14,EUR,79700.39280000002,8214.0372,15112.893600000001,79700.39280000002,15112.893600000001
PT004224,T0375,2026-04-15,USD,70907.72,4726.26,6975.85,70907.72,6975.85
PT006324,T0559,2025-10-29,USD,327613.36,28850.88,38905.51,327613.36,38905.51
PT004206,T0373,2026-05-20,USD,81218.91,6818.1,25013.61,81218.91,25013.61
PT003170,T0280,2025-10-29,USD,59622.21,3905.8,18841.97,59622.21,18841.97
PT002308,T0206,2022-07-14,INR,71880.93324,6359.81928,19616.58984,71880.93324,19616.589839999997
PT001969,T0177,2022-06-13,USD,42468.93,2572.32,3217.72,42468.93,3217.72
PT000706,T0065,2023-05-27,INR,101871.05219999999,8900.35176,5778.8052,101871.05219999999,5778.8052
PT001845,T0166,2026-04-14,USD,31177.28,1715.7,9235.49,31177.28,9235.49
PT006628,T0587,2023-12-27,EUR,85837.42800000001,9604.753200000001,15158.664,85837.42800000001,15158.664
PT900130,T0603,2025-06-01,INR,147474.89952,13389.94416,16776.68472,147474.89952,16776.68472
PT001981,T0178,2026-03-29,USD,120341.02,9195.22,14087.9,120341.02,14087.9
PT000440,T0039,2022-12-05,USD,120590.09,12431.58,12155.95,120590.09,12155.95
PT004571,T0406,2025-09-08,GBP,96798.77769999999,6511.9377,30213.1349,96798.77769999999,30213.1349
PT005231,T0464,2023-05-03,USD,497387.85,39696.85,158870.18,497387.85,158870.18
PT002118,T0189,2025-09-02,USD,50169.19,4165.63,4665.72,50169.19,4665.72
PT002640,T0235,2022-12-18,USD,69568.86,8124.78,4278.33,69568.86,4278.33
PT004946,T0438,2024-10-21,USD,162177.65,8887.21,16775.18,162177.65,16775.18
PT000925,T0084,2023-01-30,USD,167829.37,18999.84,53012.39,167829.37,53012.39000000001
PT006086,T0538,2023-06-15,USD,524519.39,52489.55,54640.59,524519.39,54640.59
PT003715,T0331,2023-12-26,USD,70372.5,4784.72,16632.04,70372.5,16632.04
PT001689,T0153,2023-09-23,USD,155105.71,8776.11,35164.88,155105.71,35164.88
PT003322,T0293,2021-10-05,EUR,192820.824,13627.213200000002,59421.9672,192820.824,59421.9672
PT001690,T0153,2023-10-23,USD,155105.71,8776.11,35164.88,155105.71,35164.88
PT003649,T0324,2024-07-14,USD,463519.43,50432.76,41052.76,463519.43,41052.76
PT004303,T0382,2025-02-19,EUR,75435.3,4775.5656,20554.5708,75435.3,20554.5708
PT005771,T0510,2023-02-08,USD,93349.78,5357.56,21604.83,93349.78,21604.83
PT000903,T0082,2025-03-25,USD,160606.71,8481.1,12265.76,160606.71,12265.76
PT001135,T0103,2025-09-10,EUR,115390.602,7449.6024,13799.0412,115390.602,13799.0412
PT005533,T0490,2026-05-14,EUR,79198.2792,6576.9408,5779.296,79198.2792,5779.296
PT001109,T0100,2022-08-17,USD,220557.92,15166.88,15881.13,220557.92,15881.13
PT005342,T0474,2021-12-19,USD,223220.23,21354.72,64495.84,223220.23,64495.84
PT003060,T0271,2024-06-04,EUR,138663.036,14095.101600000002,42684.85080000001,138663.036,42684.85080000001
PT003048,T0270,2025-11-26,GBP,69561.3036,4104.1955,20029.830400000003,69561.3036,20029.830400000003
PT007110,T0631,2022-11-10,USD,36017.19,2058.13,2236.99,36017.19,2236.99
PT006485,T0572,2026-01-08,EUR,99248.9544,5597.931600000001,10682.766000000001,99248.9544,10682.766000000001
PT006996,T0619,2022-12-04,USD,96206.91,8269.65,23232.23,96206.91,23232.23
PT007013,T0621,2022-01-27,EUR,143741.412,8065.332,41830.938,143741.412,41830.938
PT002636,T0235,2022-08-18,USD,69568.86,8124.78,4278.33,69568.86,4278.33
PT900116,T0553,2025-06-21,USD,377837.2,30062.44,115287.92,377837.2,115287.92
PT000769,T0070,2024-10-15,USD,105633.2,9140.89,8131.21,105633.2,8131.209999999999
PT004565,T0405,2024-10-29,USD,221221.42,16142.54,25275.87,221221.42,25275.87
PT006927,T0613,2026-09-01,USD,69722.78,6874.33,20542.69,67398.69,19857.93445235689
PT007778,T0689,2022-09-24,GBP,483832.96680000005,35395.2302,54177.666600000004,483832.96680000005,54177.666600000004
PT004676,T0415,2023-06-14,INR,213883.13232,22951.61244,12627.97956,213883.13232,12627.97956
PT000618,T0056,2025-08-19,USD,62766.84,3225.19,6071.08,62766.84,6071.08
PT001920,T0172,2026-05-02,EUR,55883.6604,3661.5888000000004,17172.972,55883.6604,17172.971999999998
PT002139,T0191,2022-11-14,USD,125958.71,6581.4,25109.52,125958.71,25109.52
PT006096,T0540,2024-02-27,USD,157852.37,10641.33,14161.75,157852.37,14161.75
PT003964,T0352,2023-08-29,USD,463761.29,33137.43,51590.11,463761.29,51590.11
PT000796,T0072,2025-02-22,USD,41079.98,4527.82,3269.61,41079.98,3269.61
PT004276,T0380,2021-06-21,EUR,169775.298,17119.468800000002,11280.923999999999,169775.298,11280.923999999999
PT003838,T0341,2026-02-09,USD,64585.74,3636.43,16257.01,64585.74,16257.01
PT006401,T0565,2026-01-27,USD,73299.9,7460.78,21673.63,73299.9,21673.63
PT004641,T0412,2023-06-20,EUR,68916.88440000001,5156.7624,16548.354,68916.88440000001,16548.354
PT006627,T0587,2023-11-27,EUR,85837.42800000001,9604.753200000001,15158.664,85837.42800000001,15158.664
PT007472,T0661,2026-06-06,EUR,132803.9496,15695.672400000001,15396.382800000001,132803.9496,15396.382800000001
PT005800,T0513,2024-10-11,USD,206673.62,13315.27,61875.66,206673.62,61875.66
PT003841,T0341,2026-05-09,USD,64585.74,3636.43,16257.01,64585.74,16257.01
PT004573,T0406,2025-11-08,GBP,96798.77769999999,6511.9377,30213.1349,96798.77769999999,30213.1349
PT001326,T0121,2023-08-03,USD,276582.4,16816.16,72794.98,276582.4,72794.98
PT002165,T0193,2023-07-29,USD,348250.65,26073.42,111122.34,348250.65,111122.34
PT004403,T0391,2025-12-02,INR,42407.88792,4775.13876,4598.97048,42407.88792,4598.97048
PT003757,T0334,2023-10-28,USD,119582.26,13029.32,20217.47,119582.26,20217.47
PT006187,T0547,2024-10-17,EUR,41631.246,3783.51,9679.532400000002,41631.246,9679.532400000002
PT004078,T0361,2021-11-20,USD,55805.28,6687.45,12734.32,55805.28,12734.32
PT004422,T0393,2023-08-11,USD,25086.23,1336.59,5830.42,25086.23,5830.42
PT004393,T0390,2023-02-21,INR,167386.02156000002,9018.33108,26944.99956,167386.02156000002,26944.99956
PT001570,T0142,2023-11-21,EUR,60970.94640000001,5159.484,16900.8444,60970.94640000001,16900.8444
PT001238,T0112,2023-03-01,USD,73860.72,8579.69,3852.76,73860.72,3852.7600000000007
PT006692,T0592,2026-07-09,USD,61549.16,6387.86,4467.53,61549.16,4467.53
PT002305,T0206,2022-04-14,INR,71880.93324,6359.81928,19616.58984,71880.93324,19616.589839999997
PT001604,T0145,2023-11-02,USD,18666.19,1592.14,4153.61,18666.19,4153.61
PT004987,T0441,2026-09-26,USD,106504.94,7112.19,6390.39,14200.66,852.0520800011717
PT006468,T0571,2024-01-22,USD,36495.53,3294.75,2227.51,36495.53,2227.51
PT005616,T0497,2024-08-09,USD,219507.59,13328.2,23851.38,219507.59,23851.38
PT001540,T0140,2021-02-19,EUR,191309.73120000004,13308.289200000001,31172.3532,191309.73120000004,31172.3532
PT007663,T0678,2024-03-07,INR,224001.48768000002,17874.34272,35929.5258,224001.48768000002,35929.5258
PT000848,T0077,2024-01-18,USD,112906.87,7679.88,29232.68,112906.87,29232.68
PT000462,T0040,2025-11-09,USD,71386.65,4315.76,5543.21,71386.65,5543.21
PT006931,T0614,2022-11-03,USD,23917.34,1245.1,2820.72,23917.34,2820.72
PT000814,T0074,2026-02-17,USD,349428.89,31581.48,25394.94,349428.89,25394.940000000002
PT001523,T0138,2026-06-12,USD,162801.26,9812.36,8622.64,162801.26,8622.64
PT001055,T0096,2023-03-01,EUR,36316.3608,3038.9040000000005,9109.3572,36316.3608,9109.3572
PT002219,T0198,2025-11-08,USD,103454.16,7717.55,5920.95,103454.16,5920.949999999999
PT001807,T0163,2025-06-03,USD,256698.41,22686.78,13846.37,256698.41,13846.37
PT005714,T0505,2024-06-04,USD,707427.8,61022.31,47587.06,707427.8,47587.06
PT006551,T0580,2026-02-28,EUR,172519.77240000002,19569.794400000002,14448.142800000001,172519.77240000002,14448.142800000001
PT003261,T0288,2025-05-01,USD,84838.55,5754.94,10102.78,84838.55,10102.78
PT002158,T0193,2022-12-29,USD,348250.65,26073.42,111122.34,348250.65,111122.34
PT007705,T0682,2022-10-26,USD,82125.15,4329.69,6520.91,82125.15,6520.91
PT007307,T0647,2023-03-29,USD,197134.2,16814.11,18042.62,197134.2,18042.62
PT005830,T0516,2023-12-21,USD,222239.07,18226.64,17889.86,222239.07,17889.86
PT005081,T0451,2022-11-18,USD,24037.28,1726.09,6748.19,24037.28,6748.19
PT004546,T0404,2023-01-31,USD,381386.18,26932.9,35947.96,381386.18,35947.96
PT003599,T0320,2026-07-25,USD,61871.23,6125.3,6804.08,61871.23,6804.08
PT001534,T0139,2022-02-19,EUR,45378.090000000004,5271.9876,3777.3324000000007,45378.090000000004,3777.3324
PT002274,T0203,2025-08-12,INR,81116.88636,7393.60428,24229.13652,81116.88636,24229.136519999996
PT003344,T0296,2022-09-08,USD,82085.09,6786.2,22829.89,82085.09,22829.89
PT001943,T0175,2021-04-10,USD,104485.16,10219.8,11217.69,104485.16,11217.69
PT001733,T0157,2024-07-11,USD,59405.32,4717.71,6547.9,59405.32,6547.899999999999
PT006954,T0616,2024-05-07,EUR,72260.4456,6743.109600000001,20403.6732,72260.4456,20403.6732
PT005982,T0528,2022-12-08,USD,28430.93,1451.35,4961.04,28430.93,4961.04
PT005542,T0491,2024-11-03,USD,110583.03,5928.64,9812.9,110583.03,9812.9
PT002166,T0193,2023-08-29,USD,348250.65,26073.42,111122.34,348250.65,111122.34
PT900076,T0327,2025-06-25,INR,59582.7786,6085.14336,14554.75596,59582.7786,14554.75596
PT000820,T0074,2026-08-17,USD,349428.89,31581.48,25394.94,349428.89,25394.940000000002
PT005527,T0489,2023-08-29,EUR,275215.3092,27767.448,19233.320400000004,275215.3092,19233.320400000008
PT007882,T0699,2024-02-13,USD,324235.24,22202.35,30298.2,324235.24,30298.200000000004
PT005876,T0520,2023-11-02,EUR,104810.78160000002,10757.091600000002,5494.1868,104810.78160000002,5494.1868
PT000031,T0003,2022-03-09,EUR,97996.662,8045.362800000001,28282.7808,97996.662,28282.7808
PT004157,T0369,2024-03-11,USD,179253.01,13824.9,48744.52,179253.01,48744.52
PT004014,T0356,2025-09-18,USD,244134.22,14746.53,40828.59,244134.22,40828.590000000004
PT007446,T0659,2023-04-10,EUR,40187.89080000001,3675.8988000000004,4231.8936,40187.89080000001,4231.893600000001
PT006718,T0595,2024-08-26,EUR,88378.8084,6800.7492,16324.6104,88378.8084,16324.6104
PT007467,T0661,2026-01-06,EUR,132803.9496,15695.672400000001,15396.382800000001,132803.9496,15396.382800000001
PT006690,T0592,2026-05-09,USD,61549.16,6387.86,4467.53,61549.16,4467.53
PT001227,T0111,2022-11-08,EUR,108136.9548,10391.274,20384.8596,108136.9548,20384.8596
PT003279,T0289,2025-10-04,USD,150696.38,16082.38,25618.89,150696.38,25618.89
PT003563,T0316,2022-02-28,USD,90076.31,4710.36,25250.23,90076.31,25250.23
PT003800,T0338,2025-02-28,USD,196109.37,21559.02,32922.82,196109.37,32922.82
PT006502,T0575,2025-03-23,USD,30879.36,2238.49,3206.94,30879.36,3206.94
PT005112,T0454,2023-08-19,USD,111399.74,11630.42,18228.16,111399.74,18228.16
PT000863,T0078,2024-12-08,INR,430842.1026,42062.82,77098.71012,430842.1026,77098.71012
PT006920,T0613,2026-02-01,USD,69722.78,6874.33,20542.69,69722.78,20542.69
PT007750,T0686,2026-01-21,USD,93492.9,6441.59,10100.38,93492.9,10100.38
PT000451,T0040,2024-12-09,USD,71386.65,4315.76,5543.21,71386.65,5543.21
PT007368,T0652,2025-09-30,INR,207270.46008,17772.62796,20111.18928,207270.46008,20111.18928
PT006155,T0545,2021-05-19,EUR,580308.9696000001,35762.75280000001,179877.95280000003,580308.9696000001,179877.95280000003
PT001120,T0101,2024-10-29,USD,186388.62,11823.47,42085.53,186388.62,42085.53
PT001914,T0172,2025-11-02,EUR,55883.6604,3661.5888000000004,17172.972,55883.6604,17172.971999999998
PT001787,T0161,2021-10-05,EUR,46175.0976,3918.4128,2984.1696,46175.0976,2984.1696
PT007660,T0678,2023-12-07,INR,224001.48768000002,17874.34272,35929.5258,224001.48768000002,35929.5258
PT005315,T0472,2024-03-02,USD,77485.97,4901.1,24461.46,77485.97,24461.46
PT007115,T0631,2023-04-10,USD,36017.19,2058.13,2236.99,36017.19,2236.99
PT001354,T0123,2023-02-03,USD,115963.04,13371.16,36995.43,115963.04,36995.43
PT006000,T0531,2023-05-01,EUR,26995.2912,1963.4508,6519.42,26995.2912,6519.419999999999
PT007047,T0625,2025-12-10,EUR,16666.668,1661.5152000000003,2801.1852000000003,16666.668,2801.1852000000003
PT003155,T0279,2025-04-14,EUR,79700.39280000002,8214.0372,15112.893600000001,79700.39280000002,15112.893600000001
PT007428,T0657,2025-02-11,USD,134067.74,14448.71,21246.07,134067.74,21246.07
PT005275,T0468,2021-12-11,USD,196119.25,10716.9,52787.65,196119.25,52787.65
PT007359,T0651,2025-12-14,USD,31970.25,2906.77,2027.68,31970.25,2027.68
PT006694,T0592,2026-09-09,USD,61549.16,6387.86,4467.53,43084.41,3127.2708548305127
PT002063,T0185,2024-07-19,EUR,395075.1996,35550.8136,26068.4568,395075.1996,26068.4568
PT000410,T0036,2023-02-07,USD,218838.27,22255.99,55726.7,218838.27,55726.7
PT000137,T0013,2026-01-27,USD,91469.85,6957.04,22994.54,91469.85,22994.54
PT003678,T0328,2024-06-08,USD,59138.66,3765.18,16038.65,59138.66,16038.65
PT002926,T0260,2022-11-17,USD,215371.07,14164.38,50707.93,215371.07,50707.93
PT004460,T0396,2022-08-11,USD,239845.45,13220.92,53238.95,239845.45,53238.95
PT900014,T0069,2025-06-15,USD,42534.31,4242.26,3766.99,42534.31,3766.9899999999993
PT007421,T0657,2024-07-11,USD,134067.74,14448.71,21246.07,134067.74,21246.07
PT006233,T0551,2021-12-06,EUR,283802.0112,20894.5224,70113.8484,283802.0112,70113.8484
PT002901,T0258,2022-09-26,USD,575297.25,50646.06,59184.28,575297.25,59184.28
PT000533,T0047,2022-02-28,USD,89508.76,9237.4,6801.56,89508.76,6801.5599999999995
PT004712,T0418,2021-06-16,USD,66109.2,5957.54,10340.44,66109.2,10340.44
PT005228,T0464,2023-02-03,USD,497387.85,39696.85,158870.18,497387.85,158870.18
PT003892,T0345,2023-09-15,EUR,61659.954000000005,5983.5456,17745.1452,61659.954000000005,17745.1452
PT000340,T0030,2025-05-13,USD,81309.53,4438.45,4651.73,81309.53,4651.73
PT003598,T0320,2026-06-25,USD,61871.23,6125.3,6804.08,61871.23,6804.08
PT005866,T0519,2024-04-14,EUR,31021.056000000004,3157.7148,7790.590800000001,31021.056000000004,7790.590800000001
PT004898,T0434,2023-02-28,EUR,112436.4132,9943.862400000002,12460.143600000001,112436.4132,12460.1436
PT005707,T0505,2023-11-04,USD,707427.8,61022.31,47587.06,707427.8,47587.06
PT000035,T0004,2026-06-13,INR,147548.05488,14252.83692,36649.5858,147548.05488,36649.5858
PT007405,T0655,2023-02-02,EUR,88407.28800000002,7925.2452,6952.338000000001,88407.28800000002,6952.338000000001
PT004600,T0408,2026-05-01,USD,162808.34,14928.65,46526.66,162808.34,46526.66
PT001917,T0172,2026-02-02,EUR,55883.6604,3661.5888000000004,17172.972,55883.6604,17172.971999999998
PT004413,T0392,2021-09-25,USD,313220.46,37393.51,79080.4,313220.46,79080.4
PT004238,T0376,2023-05-28,USD,62508.05,4156.54,14744.08,62508.05,14744.08
PT006061,T0536,2025-09-08,USD,182296.07,13374.97,19208.55,182296.07,19208.55
PT004324,T0384,2023-03-23,EUR,184044.4092,13093.574400000001,51581.0376,184044.4092,51581.0376
PT002838,T0252,2024-05-11,USD,111248.59,8184.22,8399.86,111248.59,8399.86
PT003769,T0335,2024-08-08,USD,98458.37,7177.81,22103.33,98458.37,22103.329999999998
PT006984,T0618,2024-07-08,EUR,51158.72520000001,3618.1404,2574.9468,51158.72520000001,2574.9468
PT000498,T0043,2024-11-23,EUR,159170.2164,12161.3076,18380.4552,159170.2164,18380.4552
PT001860,T0167,2024-04-24,USD,232594.41,24529.16,36330.38,232594.41,36330.38
PT002479,T0221,2024-11-24,USD,139529.4,11332.89,36862.29,139529.4,36862.29
PT006520,T0576,2021-10-03,USD,39886.88,3832.07,4052.85,39886.88,4052.85
PT005030,T0446,2026-04-24,USD,88269.93,6580.64,6268.7,88269.93,6268.700000000001
PT003080,T0273,2023-07-14,EUR,71292.906,4328.694,21982.0608,71292.906,21982.0608
PT000998,T0090,2026-01-16,USD,340739.27,29928.28,89881.62,340739.27,89881.62
PT003684,T0328,2024-12-08,USD,59138.66,3765.18,16038.65,59138.66,16038.65
PT001663,T0150,2022-09-24,USD,340211.84,36441.14,78765.37,340211.84,78765.37
PT003717,T0331,2024-02-26,USD,70372.5,4784.72,16632.04,70372.5,16632.04
PT006480,T0572,2025-08-08,EUR,99248.9544,5597.931600000001,10682.766000000001,99248.9544,10682.766000000001
PT000235,T0021,2024-01-25,USD,142515.67,8361.52,26605.92,142515.67,26605.92
PT003524,T0311,2025-10-26,INR,166053.26364000002,13644.31452,8528.235,166053.26364000002,8528.234999999999
PT002082,T0186,2023-11-22,EUR,805420.0332000001,52069.93200000001,248694.51600000003,805420.0332000001,248694.51600000003
PT005284,T0469,2024-07-05,USD,25087.82,2721.06,1601.7,25087.82,1601.7
PT001118,T0101,2024-08-29,USD,186388.62,11823.47,42085.53,186388.62,42085.53
PT004047,T0359,2024-06-23,USD,54453.25,6494.14,13962.4,54453.25,13962.4
PT000199,T0018,2025-12-16,USD,657952.79,37732.66,48584.13,657952.79,48584.13
PT006270,T0554,2022-11-17,EUR,16666.668,1677.9636000000003,1726.38,16666.668,1726.38
PT005945,T0525,2023-10-25,USD,488093.4,37210.4,132027.91,488093.4,132027.91
PT004836,T0428,2025-09-18,USD,187489.03,16352.03,58407.73,187489.03,58407.73
PT003669,T0327,2025-04-25,INR,59582.7786,6085.14336,14554.75596,59582.7786,14554.75596
PT000548,T0048,2026-08-10,EUR,96322.716,9605.023200000001,29344.507200000004,96322.716,29344.507199999996
PT005474,T0485,2025-12-03,EUR,484347.60000000003,56940.08400000001,91929.56760000001,484347.60000000003,91929.56760000001
PT004038,T0358,2026-02-28,USD,192784.05,10605.26,46450.02,192784.05,46450.020000000004
PT004638,T0411,2023-02-21,EUR,142965.8424,11788.934400000002,44750.9124,142965.8424,44750.9124
PT005377,T0477,2022-12-15,EUR,74123.4348,6291.7992,17409.481200000002,74123.4348,17409.481200000002
PT005957,T0526,2025-08-04,EUR,105851.17800000001,8946.018000000002,6464.026800000001,105851.17800000001,6464.026800000001
PT000565,T0050,2023-08-12,EUR,117264.8448,7941.520800000001,18548.816400000003,117264.8448,18548.816400000003
PT003162,T0280,2025-02-28,USD,59622.21,3905.8,18841.97,59622.21,18841.97
PT002797,T0249,2025-05-05,USD,252877.99,21600.4,21776.06,252877.99,21776.06
PT000238,T0021,2024-04-25,USD,142515.67,8361.52,26605.92,142515.67,26605.92
PT001051,T0096,2022-11-01,EUR,36316.3608,3038.9040000000005,9109.3572,36316.3608,9109.3572
PT007716,T0683,2025-12-20,USD,91024.39,4803.71,4908.81,91024.39,4908.81
PT003396,T0300,2025-07-24,USD,323465.09,23267.74,58876.71,323465.09,58876.71
PT006737,T0596,2026-08-03,EUR,170332.3728,13556.6784,50448.3876,170332.3728,50448.3876
PT003848,T0342,2022-04-06,EUR,239849.86680000002,24176.772000000004,64602.87840000001,239849.86680000002,64602.8784
PT000299,T0026,2023-07-21,USD,196819.9,14874.96,33384.29,196819.9,33384.29
PT003558,T0316,2021-09-29,USD,90076.31,4710.36,25250.23,90076.31,25250.23
PT001117,T0101,2024-07-29,USD,186388.62,11823.47,42085.53,186388.62,42085.53
PT001804,T0163,2025-03-03,USD,256698.41,22686.78,13846.37,256698.41,13846.37
PT006136,T0543,2026-04-25,USD,83089.93,7227.2,8874.83,83089.93,8874.83
PT001439,T0130,2023-08-31,USD,79586.62,4046.47,4078.84,79586.62,4078.8400000000006
PT002979,T0264,2024-06-03,EUR,200294.28360000002,14614.473600000001,14117.068800000001,200294.28360000002,14117.068800000001
PT006493,T0574,2023-11-13,EUR,74709.0108,5099.3928000000005,22335.3936,74709.0108,22335.3936
PT006133,T0543,2026-01-25,USD,83089.93,7227.2,8874.83,83089.93,8874.83
PT000456,T0040,2025-05-09,USD,71386.65,4315.76,5543.21,71386.65,5543.21
PT006442,T0569,2023-05-16,USD,252654.55,20173.13,74045.68,252654.55,74045.68
PT006811,T0603,2025-08-01,INR,147474.89952,13389.94416,16776.68472,147474.89952,16776.68472
PT000106,T0010,2024-04-12,USD,154845.94,8133.16,14119.08,154845.94,14119.08
PT001894,T0170,2026-04-22,USD,92450.42,7451.41,10815.59,92450.42,10815.59
PT003379,T0299,2024-06-03,INR,117914.23776,12469.744920000001,7491.914040000001,117914.23776,7491.914040000001
PT004765,T0422,2022-12-11,USD,456262.98,32597.36,31810.22,456262.98,31810.22
PT005904,T0522,2021-12-06,USD,26140.4,2972.12,1337.81,26140.4,1337.8100000000002
PT005552,T0492,2023-01-17,USD,222805.42,22886.05,59329.1,222805.42,59329.1
PT000823,T0075,2026-04-21,USD,125568.39,11458.52,29232.98,125568.39,29232.98
PT001006,T0091,2024-04-04,USD,235117.14,20306.71,55696.27,235117.14,55696.27
PT007033,T0624,2023-05-05,USD,36199.0,3589.73,9988.47,36199.0,9988.47
PT002654,T0236,2024-06-28,USD,55405.03,6180.97,9851.62,55405.03,9851.619999999999
PT006390,T0564,2026-05-15,INR,282193.533,26532.87252,25219.656720000003,282193.533,25219.656720000003
PT005553,T0492,2023-02-17,USD,222805.42,22886.05,59329.1,222805.42,59329.1
PT007316,T0648,2023-09-22,EUR,327692.04480000003,31836.9852,103194.486,327692.04480000003,103194.486
PT007644,T0676,2022-10-07,USD,84894.67,4885.43,4275.73,84894.67,4275.73
PT006471,T0571,2024-04-22,USD,36495.53,3294.75,2227.51,36495.53,2227.51
PT000627,T0057,2026-04-30,EUR,28573.7868,3249.4932000000003,7072.444800000001,28573.7868,7072.444800000001
PT001365,T0124,2025-06-23,USD,242444.09,21410.19,46045.57,242444.09,46045.57
PT003830,T0340,2022-04-03,USD,104005.14,11392.65,5817.45,104005.14,5817.45
PT000024,T0003,2021-08-09,EUR,97996.662,8045.362800000001,28282.7808,97996.662,28282.7808
PT007016,T0622,2022-11-05,INR,146466.35580000002,11407.440480000001,44509.40844,146466.35580000002,44509.40844
PT007393,T0654,2023-06-03,USD,71594.91,4166.35,4179.29,71594.91,4179.29
PT006352,T0561,2023-05-18,USD,81274.19,5787.51,18098.87,81274.19,18098.87
PT000721,T0066,2021-07-01,USD,95475.14,8375.64,28863.35,95475.14,28863.35
PT002844,T0253,2024-05-08,USD,33238.01,3761.25,3482.01,33238.01,3482.01
PT007755,T0686,2026-06-21,USD,93492.9,6441.59,10100.38,93492.9,10100.38
PT002878,T0256,2025-12-14,USD,85424.88,5043.45,4286.06,85424.88,4286.06
PT004168,T0370,2024-10-03,EUR,159513.6348,10488.2904,12373.2252,159513.6348,12373.2252
PT003910,T0347,2025-01-07,EUR,77677.9632,9175.9392,12901.6476,77677.9632,12901.6476
PT001211,T0110,2025-06-15,USD,221040.92,12503.52,40209.81,221040.92,40209.81
PT000179,T0016,2025-10-16,USD,441126.28,40165.06,137062.51,441126.28,137062.51
PT006641,T0588,2022-04-03,EUR,202350.744,11821.712400000002,38995.41960000001,202350.744,38995.41960000001
PT000620,T0057,2025-09-30,EUR,28573.7868,3249.4932000000003,7072.444800000001,28573.7868,7072.444800000001
PT005238,T0465,2025-09-22,INR,101647.05168,6685.017720000001,27466.38312,101647.05168,27466.38312
PT002624,T0234,2026-01-13,USD,59490.81,3553.41,14719.49,59490.81,14719.49
PT007392,T0654,2023-05-03,USD,71594.91,4166.35,4179.29,71594.91,4179.29
PT007076,T0627,2025-07-16,USD,96234.84,7577.87,25907.27,96234.84,25907.27
PT006039,T0534,2024-09-21,USD,70945.67,5335.38,16487.07,70945.67,16487.07
PT004190,T0371,2023-07-05,USD,56644.81,6315.15,17496.38,56644.81,17496.38
PT007027,T0622,2023-10-05,INR,146466.35580000002,11407.440480000001,44509.40844,146466.35580000002,44509.40844
PT004239,T0376,2023-06-28,USD,62508.05,4156.54,14744.08,62508.05,14744.08
PT006336,T0560,2024-09-26,INR,124713.66528,8637.84912,6831.617160000001,124713.66528,6831.617160000001
PT006702,T0593,2023-11-11,USD,284389.73,16967.92,83218.37,284389.73,83218.37
PT004458,T0396,2022-06-11,USD,239845.45,13220.92,53238.95,239845.45,53238.95
PT006111,T0541,2021-11-12,USD,196205.65,14162.1,62173.92,196205.65,62173.92
PT001933,T0173,2025-10-15,USD,68172.95,4091.09,5165.89,68172.95,5165.89
PT007602,T0673,2024-06-09,EUR,136476.5976,10902.2976,13130.521200000001,136476.5976,13130.521200000001
PT006405,T0566,2022-11-08,EUR,166501.25639999998,11438.031600000002,29756.030400000003,166501.25639999998,29756.030400000003
PT005385,T0478,2022-11-04,USD,95633.43,6439.71,29130.43,95633.43,29130.43
PT007414,T0656,2022-12-30,USD,104895.23,10394.92,18702.49,104895.23,18702.49
PT000041,T0005,2026-01-11,USD,64093.86,3436.46,15371.02,64093.86,15371.02
PT007364,T0652,2025-05-30,INR,207270.46008,17772.62796,20111.18928,207270.46008,20111.18928
PT003133,T0277,2021-10-10,USD,117094.62,12012.95,10047.56,117094.62,10047.56
PT005178,T0459,2025-12-19,USD,58540.51,3583.8,6023.75,58540.51,6023.75
PT005988,T0529,2025-11-23,USD,931509.25,110697.38,57160.07,931509.25,57160.07
PT005898,T0521,2025-08-03,USD,192812.14,14528.12,42703.02,192812.14,42703.02
PT007082,T0628,2026-08-08,EUR,706129.8984000001,70057.8936,119802.942,706129.8984000001,119802.942
PT006501,T0574,2024-07-13,EUR,74709.0108,5099.3928000000005,22335.3936,74709.0108,22335.3936
PT007855,T0696,2024-11-21,USD,195069.96,12102.09,13908.54,195069.96,13908.540000000003
PT000528,T0046,2026-06-26,EUR,45371.383200000004,4954.8132000000005,7496.4096,45371.383200000004,7496.4096
PT003490,T0309,2021-03-15,EUR,34205.662800000006,2846.2212,1790.4564,34205.662800000006,1790.4564
PT003296,T0291,2025-02-11,USD,241151.35,21511.67,17898.27,241151.35,17898.27
PT002319,T0207,2022-10-30,EUR,227969.78040000002,12809.7936,53494.18200000001,227969.78040000002,53494.18200000001
PT002692,T0240,2023-08-21,EUR,173417.2092,14488.243200000003,20400.9408,173417.2092,20400.9408
PT006790,T0601,2026-07-23,EUR,413883.60480000003,45710.9244,113400.7452,413883.60480000003,113400.7452
PT003972,T0352,2024-04-29,USD,463761.29,33137.43,51590.11,463761.29,51590.11
PT000911,T0082,2025-11-25,USD,160606.71,8481.1,12265.76,160606.71,12265.76
PT002542,T0226,2025-02-26,USD,138385.55,12167.09,35028.86,138385.55,35028.86
PT002006,T0180,2025-04-03,EUR,73219.2912,7137.547200000001,3819.8196000000003,73219.2912,3819.8196000000003
PT000559,T0049,2023-12-31,USD,182970.01,15432.16,57452.93,182970.01,57452.93
PT000125,T0012,2025-01-21,USD,126104.76,10667.19,23959.09,126104.76,23959.09
PT001471,T0133,2026-02-05,INR,37030.3044,3647.66496,3455.1585600000003,37030.3044,3455.1585600000003
PT004907,T0434,2023-11-28,EUR,112436.4132,9943.862400000002,12460.143600000001,112436.4132,12460.1436
PT004871,T0431,2021-12-04,USD,192633.15,19224.48,11158.32,192633.15,11158.320000000002
PT005829,T0516,2023-11-21,USD,222239.07,18226.64,17889.86,222239.07,17889.86
PT001775,T0160,2025-01-07,USD,186346.27,19284.1,29635.64,186346.27,29635.64
PT001213,T0110,2025-08-15,USD,221040.92,12503.52,40209.81,221040.92,40209.81
PT001184,T0107,2025-08-04,USD,222938.83,15919.17,67960.24,222938.83,67960.24
PT001952,T0175,2022-01-10,USD,104485.16,10219.8,11217.69,104485.16,11217.69
PT004745,T0420,2024-04-17,EUR,117195.72480000001,6784.4736,19073.0268,117195.72480000001,19073.0268
PT000429,T0038,2025-04-03,USD,98184.07,10656.62,6935.02,98184.07,6935.02
PT007895,T0700,2025-11-06,EUR,37178.6544,4364.6472,3004.8192,37178.6544,3004.8192
PT001372,T0124,2026-01-23,USD,242444.09,21410.19,46045.57,242444.09,46045.57
PT007679,T0680,2022-11-21,USD,164633.16,18206.15,15241.0,164633.16,15241.0
PT003252,T0287,2022-10-02,EUR,160478.9496,18728.7012,37095.0516,160478.9496,37095.0516
PT000828,T0075,2026-09-21,USD,125568.39,11458.52,29232.98,37670.52,8769.89469841574
PT003310,T0292,2022-08-17,EUR,88983.306,8492.310000000001,7545.4632,88983.306,7545.463199999999
PT003745,T0333,2021-12-19,USD,311979.04,22071.62,55779.26,311979.04,55779.26
PT002526,T0225,2024-05-12,EUR,41027.3748,3347.46,2784.2400000000002,41027.3748,2784.2400000000002
PT001672,T0151,2022-11-06,USD,217258.83,17594.91,51837.4,217258.83,51837.40000000001
PT002859,T0254,2024-02-21,USD,109602.92,8849.87,32804.38,109602.92,32804.38
PT001278,T0116,2025-03-14,INR,107994.5298,6682.70016,8015.83644,107994.5298,8015.83644
PT000746,T0068,2021-11-03,USD,277413.18,21500.71,26561.7,277413.18,26561.7
PT005935,T0524,2026-03-26,USD,89971.66,7949.52,28585.0,89971.66,28584.999999999996
PT000142,T0013,2026-06-27,USD,91469.85,6957.04,22994.54,91469.85,22994.54
PT005791,T0512,2023-03-07,EUR,114533.6544,11156.4756,10400.9184,114533.6544,10400.9184
PT005145,T0456,2024-10-16,USD,805192.2,48586.1,87380.93,805192.2,87380.93
PT002249,T0200,2026-04-30,USD,942775.26,59269.05,63291.85,942775.26,63291.85
PT000455,T0040,2025-04-09,USD,71386.65,4315.76,5543.21,71386.65,5543.21
PT000507,T0044,2022-11-13,USD,167426.07,10739.74,38489.99,167426.07,38489.99
PT900053,T0233,2025-06-05,USD,205917.56,21692.47,11670.32,205917.56,11670.32
PT000441,T0039,2023-01-05,USD,120590.09,12431.58,12155.95,120590.09,12155.95
PT003251,T0287,2022-09-02,EUR,160478.9496,18728.7012,37095.0516,160478.9496,37095.0516
PT001828,T0165,2023-08-31,EUR,92710.656,8543.134800000002,7004.599200000001,92710.656,7004.599200000001
PT000111,T0011,2022-03-04,EUR,156784.62600000002,12574.008000000002,16481.2428,156784.62600000002,16481.2428
PT004778,T0423,2026-04-23,USD,320347.69,24300.72,22697.03,320347.69,22697.03
PT002997,T0266,2022-08-02,USD,161795.9,11720.64,49999.11,161795.9,49999.11
PT004644,T0412,2023-09-20,EUR,68916.88440000001,5156.7624,16548.354,68916.88440000001,16548.354
PT005532,T0490,2026-04-14,EUR,79198.2792,6576.9408,5779.296,79198.2792,5779.296
PT007864,T0697,2026-08-17,EUR,105482.1096,11059.934400000002,23710.050000000003,105482.1096,23710.050000000003
PT000985,T0089,2026-02-10,USD,88582.45,5680.86,21216.6,88582.45,21216.6
PT006407,T0566,2023-01-08,EUR,166501.25639999998,11438.031600000002,29756.030400000003,166501.25639999998,29756.030400000003
PT001746,T0158,2025-06-23,USD,48036.85,4454.77,5670.51,48036.85,5670.51
PT001583,T0143,2025-09-15,USD,122124.19,7498.42,12206.44,122124.19,12206.44
PT002448,T0218,2024-08-12,EUR,16666.668,1274.3244000000002,1144.7568,16666.668,1144.7568
PT005210,T0463,2025-09-07,USD,312251.87,18928.08,60551.61,312251.87,60551.61
PT003099,T0274,2023-11-23,EUR,55059.2316,5843.221200000001,6037.3836,55059.2316,6037.3836
PT006382,T0564,2025-09-15,INR,282193.533,26532.87252,25219.656720000003,282193.533,25219.656720000003
PT000377,T0033,2025-01-01,USD,148341.91,8852.21,27528.98,148341.91,27528.98
PT007520,T0666,2024-01-07,GBP,188814.9767,22129.419800000003,13247.827200000002,188814.9767,13247.827200000002
PT000206,T0019,2024-07-12,USD,60862.42,3074.28,19034.48,60862.42,19034.48
PT002195,T0196,2022-06-17,EUR,23012.154000000002,1996.4556,2551.5432,23012.154000000002,2551.5432
PT004948,T0438,2024-12-21,USD,162177.65,8887.21,16775.18,162177.65,16775.18
PT004829,T0427,2026-07-21,USD,351033.15,29580.52,102394.92,351033.15,102394.92
PT005978,T0528,2022-08-08,USD,28430.93,1451.35,4961.04,28430.93,4961.04
PT002179,T0194,2026-09-21,EUR,81462.59640000001,5624.434800000001,17943.822000000004,24438.780000000002,5383.146837892342
PT003702,T0330,2024-03-31,USD,30616.55,3130.91,3198.85,30616.55,3198.85
PT003529,T0312,2026-09-11,USD,77520.44,4567.27,7424.84,49096.28,4702.398794372168
PT000419,T0037,2025-01-14,EUR,117868.0788,14087.109600000002,31910.3388,117868.0788,31910.3388
PT000284,T0025,2024-03-16,USD,89604.85,10744.7,21394.0,89604.85,21394.0
PT003551,T0315,2023-03-01,USD,58673.31,6941.79,16238.13,58673.31,16238.13
PT004075,T0361,2021-08-20,USD,55805.28,6687.45,12734.32,55805.28,12734.32
PT000872,T0079,2025-09-24,USD,21059.12,1885.96,2348.38,21059.12,2348.38
PT002146,T0192,2024-12-25,USD,192417.02,18278.9,51344.66,192417.02,51344.659999999996
PT005288,T0469,2024-11-05,USD,25087.82,2721.06,1601.7,25087.82,1601.7
PT000355,T0031,2024-01-31,INR,94728.91752,7498.9944,27454.237559999998,94728.91752,27454.237559999998
PT006279,T0555,2026-05-07,USD,43206.08,5047.19,4606.21,43206.08,4606.21
PT006992,T0619,2022-08-04,USD,96206.91,8269.65,23232.23,96206.91,23232.23
PT006535,T0577,2026-05-05,EUR,556353.9324,66476.30040000001,138128.814,556353.9324,138128.814
PT006864,T0608,2024-04-20,USD,82680.31,6098.48,22186.43,82680.31,22186.43
PT004837,T0428,2025-10-18,USD,187489.03,16352.03,58407.73,187489.03,58407.73
PT001141,T0103,2026-03-10,EUR,115390.602,7449.6024,13799.0412,115390.602,13799.0412
PT007699,T0682,2022-04-26,USD,82125.15,4329.69,6520.91,82125.15,6520.91
PT004187,T0371,2023-04-05,USD,56644.81,6315.15,17496.38,56644.81,17496.38
PT002024,T0182,2025-10-28,USD,97280.01,7935.74,7896.02,97280.01,7896.02
PT006615,T0586,2023-12-24,EUR,24059.7972,1420.6968000000002,5402.7324,24059.7972,5402.7324
PT001639,T0148,2023-06-20,INR,93596.50056,7416.77676,6827.5408800000005,93596.50056,6827.5408800000005
PT000779,T0071,2025-02-03,EUR,115616.41920000002,13352.299200000001,32907.7944,115616.41920000002,32907.7944
PT005873,T0519,2024-11-14,EUR,31021.056000000004,3157.7148,7790.590800000001,31021.056000000004,7790.590800000001
PT000376,T0033,2024-12-01,USD,148341.91,8852.21,27528.98,148341.91,27528.98
PT002423,T0216,2024-05-28,USD,61875.35,3459.68,11119.3,61875.35,11119.300000000001
PT004434,T0394,2022-11-01,USD,119799.86,13253.69,6016.89,119799.86,6016.89
PT006259,T0553,2026-01-21,USD,377837.2,30062.44,115287.92,377837.2,115287.92
PT004547,T0404,2023-02-28,USD,381386.18,26932.9,35947.96,381386.18,35947.96
PT004414,T0392,2021-10-25,USD,313220.46,37393.51,79080.4,313220.46,79080.4
PT003347,T0296,2022-12-08,USD,82085.09,6786.2,22829.89,82085.09,22829.89
PT001169,T0105,2024-07-22,USD,142898.06,11784.51,32834.94,142898.06,32834.94
PT005719,T0506,2021-05-19,EUR,43116.008400000006,4733.4456,10521.5328,43116.008400000006,10521.5328
PT001903,T0171,2022-12-30,USD,28457.63,2732.31,2228.21,28457.63,2228.21
PT000631,T0058,2025-10-07,USD,18286.12,1426.4,4609.0,18286.12,4609.0
PT004330,T0384,2023-09-23,EUR,184044.4092,13093.574400000001,51581.0376,184044.4092,51581.0376
PT003209,T0284,2024-08-11,EUR,1260247.6152000001,133147.5732,123493.4964,1260247.6152000001,123493.4964
PT002595,T0231,2021-12-14,USD,222276.24,13343.45,52763.42,222276.24,52763.42
PT007763,T0687,2022-08-28,USD,369973.65,33132.9,96139.32,369973.65,96139.32
PT005946,T0525,2023-11-25,USD,488093.4,37210.4,132027.91,488093.4,132027.91
PT003898,T0346,2026-05-18,EUR,122676.42240000001,7695.1296,35941.968,122676.42240000001,35941.968
PT007645,T0677,2023-01-05,USD,100715.03,6782.36,22735.4,100715.03,22735.4
PT007581,T0671,2023-11-30,USD,90526.2,10551.45,10506.35,90526.2,10506.35
PT005760,T0509,2023-02-06,USD,107584.35,11429.17,32962.22,107584.35,32962.22
PT003934,T0349,2022-03-19,USD,227434.56,21696.32,56063.1,227434.56,56063.1
PT001551,T0141,2024-06-12,USD,354720.62,34491.93,91937.83,354720.62,91937.83
PT006603,T0585,2025-02-22,EUR,85540.2984,5655.474,21828.1608,85540.2984,21828.1608
PT000126,T0012,2025-02-21,USD,126104.76,10667.19,23959.09,126104.76,23959.09
PT003782,T0336,2023-04-05,USD,70274.21,5951.93,11520.11,70274.21,11520.11
PT003367,T0298,2025-08-31,EUR,77861.6928,8960.619600000002,18316.702800000003,77861.6928,18316.702800000003
PT001600,T0145,2023-07-02,USD,18666.19,1592.14,4153.61,18666.19,4153.61
PT001503,T0137,2023-04-01,USD,94166.78,10920.36,7485.28,94166.78,7485.28
PT006072,T0537,2026-05-04,USD,79323.94,8994.41,14174.8,79323.94,14174.799999999997
PT002015,T0181,2024-07-27,USD,69970.88,6168.94,22359.58,69970.88,22359.58
PT003206,T0283,2022-11-22,EUR,1310050.6812,90330.444,131798.14560000002,1310050.6812,131798.14560000002
PT004485,T0399,2021-05-28,USD,191901.87,16437.79,13105.15,191901.87,13105.15
PT006747,T0598,2024-06-04,USD,101343.27,5236.04,20253.04,101343.27,20253.04
PT002440,T0218,2023-12-12,EUR,16666.668,1274.3244000000002,1144.7568,16666.668,1144.7568
PT005535,T0490,2026-07-14,EUR,79198.2792,6576.9408,5779.296,79198.2792,5779.296
PT001417,T0128,2024-09-24,EUR,47205.9036,4711.0896,3101.8572000000004,47205.9036,3101.8572000000004
PT006711,T0594,2026-05-26,EUR,81352.28520000001,4082.3028,23608.130400000002,81352.28520000001,23608.130400000002
PT001416,T0128,2024-08-24,EUR,47205.9036,4711.0896,3101.8572000000004,47205.9036,3101.8572000000004
PT004332,T0384,2023-11-23,EUR,184044.4092,13093.574400000001,51581.0376,184044.4092,51581.0376
PT004397,T0390,2023-06-21,INR,167386.02156000002,9018.33108,26944.99956,167386.02156000002,26944.99956
PT002741,T0244,2026-01-21,USD,154510.56,14102.76,36427.43,154510.56,36427.43
PT007189,T0637,2025-11-03,USD,18095.48,1199.29,2932.54,18095.48,2932.54
PT006724,T0595,2025-02-26,EUR,88378.8084,6800.7492,16324.6104,88378.8084,16324.6104
PT007584,T0671,2024-02-29,USD,90526.2,10551.45,10506.35,90526.2,10506.35
PT005650,T0500,2025-03-11,USD,329498.64,36506.79,80622.15,329498.64,80622.15
PT006479,T0572,2025-07-08,EUR,99248.9544,5597.931600000001,10682.766000000001,99248.9544,10682.766000000001
PT005895,T0521,2025-05-03,USD,192812.14,14528.12,42703.02,192812.14,42703.02
PT006238,T0552,2024-10-13,USD,62952.26,4906.56,4160.65,62952.26,4160.65
PT000936,T0084,2023-12-30,USD,167829.37,18999.84,53012.39,167829.37,53012.39000000001
PT004737,T0420,2023-08-17,EUR,117195.72480000001,6784.4736,19073.0268,117195.72480000001,19073.0268
PT005213,T0463,2025-12-07,USD,312251.87,18928.08,60551.61,312251.87,60551.61
PT002746,T0244,2026-06-21,USD,154510.56,14102.76,36427.43,154510.56,36427.43
PT006091,T0539,2026-08-23,USD,311367.34,23344.91,27556.83,311367.34,27556.83
PT001934,T0173,2025-11-15,USD,68172.95,4091.09,5165.89,68172.95,5165.89
PT004555,T0405,2023-12-29,USD,221221.42,16142.54,25275.87,221221.42,25275.87
PT005333,T0473,2024-12-06,GBP,141269.593,10608.1957,15021.1409,141269.593,15021.1409
PT000929,T0084,2023-05-30,USD,167829.37,18999.84,53012.39,167829.37,53012.39000000001
PT005048,T0448,2024-09-01,EUR,69358.3668,6222.722400000001,5298.2532,69358.3668,5298.2532
PT003863,T0343,2024-09-01,USD,118599.13,14150.09,11941.45,118599.13,11941.45
PT004378,T0388,2025-08-09,USD,586856.36,60291.16,63713.64,586856.36,63713.64
PT006813,T0603,2025-10-01,INR,147474.89952,13389.94416,16776.68472,147474.89952,16776.68472
PT003002,T0266,2023-01-02,USD,161795.9,11720.64,49999.11,161795.9,49999.11
PT007846,T0695,2025-09-05,EUR,119687.00400000002,6741.154800000001,30968.071200000002,119687.00400000002,30968.071200000002
PT001579,T0143,2025-05-15,USD,122124.19,7498.42,12206.44,122124.19,12206.44
PT004436,T0394,2023-01-01,USD,119799.86,13253.69,6016.89,119799.86,6016.89
PT002510,T0223,2023-01-23,USD,86406.57,9879.39,7064.0,86406.57,7064.0
PT000898,T0081,2024-12-29,EUR,16666.668,1810.674,971.4708,16666.668,971.4708
PT005137,T0456,2024-02-16,USD,805192.2,48586.1,87380.93,805192.2,87380.93
PT003957,T0351,2023-09-15,INR,188542.674,11481.73296,49336.569599999995,188542.674,49336.569599999995
PT004275,T0380,2021-05-21,EUR,169775.298,17119.468800000002,11280.923999999999,169775.298,11280.923999999999
PT006122,T0542,2021-06-29,USD,73713.82,5705.23,22902.55,73713.82,22902.55
PT005416,T0480,2023-09-11,EUR,58485.564000000006,6355.724400000001,3231.6948,58485.564000000006,3231.6948
PT003019,T0268,2023-05-11,USD,62056.41,6646.76,18645.13,62056.41,18645.13
PT000803,T0073,2021-05-19,EUR,811357.5276,47117.8404,250576.8588,811357.5276,250576.85880000005
PT001919,T0172,2026-04-02,EUR,55883.6604,3661.5888000000004,17172.972,55883.6604,17172.971999999998
PT004870,T0431,2021-11-04,USD,192633.15,19224.48,11158.32,192633.15,11158.320000000002
PT000207,T0019,2024-08-12,USD,60862.42,3074.28,19034.48,60862.42,19034.48
PT003100,T0274,2023-12-23,EUR,55059.2316,5843.221200000001,6037.3836,55059.2316,6037.3836
PT002988,T0265,2022-01-23,USD,157995.05,7944.03,10333.41,157995.05,10333.41
PT000070,T0007,2026-03-19,USD,57256.0,3081.23,13701.6,57256.0,13701.6
PT002386,T0213,2026-04-23,USD,66395.1,5986.79,10812.94,66395.1,10812.94
PT006723,T0595,2025-01-26,EUR,88378.8084,6800.7492,16324.6104,88378.8084,16324.6104
PT005000,T0443,2024-09-27,USD,174851.14,14433.96,20927.38,174851.14,20927.38
PT000993,T0090,2025-08-16,USD,340739.27,29928.28,89881.62,340739.27,89881.62
PT003320,T0293,2021-08-05,EUR,192820.824,13627.213200000002,59421.9672,192820.824,59421.9672
PT003374,T0298,2026-03-31,EUR,77861.6928,8960.619600000002,18316.702800000003,77861.6928,18316.702800000003
PT003665,T0326,2023-09-23,USD,47847.46,4589.37,8420.16,47847.46,8420.16
PT002167,T0193,2023-09-29,USD,348250.65,26073.42,111122.34,348250.65,111122.34
PT004031,T0357,2023-08-18,INR,351362.86152000003,26010.802440000003,86410.13448000001,351362.86152000003,86410.13448000001
PT000859,T0078,2024-08-08,INR,430842.1026,42062.82,77098.71012,430842.1026,77098.71012
PT000466,T0041,2023-03-01,USD,152899.67,15470.31,44853.04,152899.67,44853.04
PT000297,T0026,2023-05-21,USD,196819.9,14874.96,33384.29,196819.9,33384.29
PT005572,T0493,2022-12-22,USD,249402.1,26317.88,70481.55,249402.1,70481.55
PT001359,T0123,2023-07-03,USD,115963.04,13371.16,36995.43,115963.04,36995.43
PT007806,T0692,2024-03-11,EUR,88247.502,10282.9284,8868.3228,88247.502,8868.3228
PT004522,T0402,2024-01-15,INR,121383.34547999999,9284.16552,14205.6714,121383.34547999999,14205.6714
PT007753,T0686,2026-04-21,USD,93492.9,6441.59,10100.38,93492.9,10100.38
PT005499,T0487,2025-08-27,USD,124090.11,7159.15,8210.18,124090.11,8210.18
PT005462,T0484,2024-06-10,EUR,348075.2304,41002.8588,37837.206,348075.2304,37837.206
PT002544,T0226,2025-04-26,USD,138385.55,12167.09,35028.86,138385.55,35028.86
PT004634,T0411,2022-10-21,EUR,142965.8424,11788.934400000002,44750.9124,142965.8424,44750.9124
PT002091,T0187,2026-01-19,INR,108354.13452,11837.04024,10950.131519999999,108354.13452,10950.131519999999
PT001256,T0113,2023-04-11,INR,74234.2026,7401.237720000001,22116.37284,74234.2026,22116.37284
PT002155,T0192,2025-09-25,USD,192417.02,18278.9,51344.66,192417.02,51344.659999999996
PT001288,T0117,2022-10-02,USD,179453.58,17626.49,54848.37,179453.58,54848.37
PT002873,T0255,2024-10-18,INR,54110.241239999996,5880.84444,4842.906360000001,54110.241239999996,4842.906360000001
PT005259,T0467,2022-11-03,EUR,249818.40720000002,13691.916000000001,59531.446800000005,249818.40720000002,59531.4468
PT006630,T0587,2024-02-27,EUR,85837.42800000001,9604.753200000001,15158.664,85837.42800000001,15158.664
PT002184,T0195,2024-08-03,INR,179770.57908,11337.47376,42695.114160000005,179770.57908,42695.114160000005
PT003026,T0268,2023-12-11,USD,62056.41,6646.76,18645.13,62056.41,18645.13
PT006855,T0607,2026-06-03,EUR,256165.95600000003,25993.9908,15979.4856,256165.95600000003,15979.4856
PT005207,T0462,2025-07-12,GBP,359727.6778,21020.2272,18241.6577,359727.6778,18241.6577
PT005878,T0520,2024-01-02,EUR,104810.78160000002,10757.091600000002,5494.1868,104810.78160000002,5494.1868
PT004036,T0358,2025-12-30,USD,192784.05,10605.26,46450.02,192784.05,46450.020000000004
PT005144,T0456,2024-09-16,USD,805192.2,48586.1,87380.93,805192.2,87380.93
PT005400,T0479,2025-11-06,GBP,43783.5294,3677.285,2636.4438,43783.5294,2636.4438
PT003896,T0346,2026-03-18,EUR,122676.42240000001,7695.1296,35941.968,122676.42240000001,35941.968
PT000837,T0076,2024-07-12,EUR,123607.28520000001,11880.2376,20576.052000000003,123607.28520000001,20576.052000000003
PT000546,T0048,2026-06-10,EUR,96322.716,9605.023200000001,29344.507200000004,96322.716,29344.507199999996
PT002410,T0215,2025-05-14,USD,553151.55,39643.29,130562.47,553151.55,130562.47
PT003210,T0284,2024-09-11,EUR,1260247.6152000001,133147.5732,123493.4964,1260247.6152000001,123493.4964
PT005744,T0508,2025-04-23,USD,44656.27,4798.38,5261.57,44656.27,5261.57
PT000430,T0038,2025-05-03,USD,98184.07,10656.62,6935.02,98184.07,6935.02
PT004814,T0426,2024-09-06,USD,65750.67,3877.41,14588.43,65750.67,14588.43
PT007305,T0647,2023-01-29,USD,197134.2,16814.11,18042.62,197134.2,18042.62
PT001980,T0178,2026-02-28,USD,120341.02,9195.22,14087.9,120341.02,14087.9
PT005640,T0499,2022-08-28,EUR,63398.8404,4951.854,19370.3184,63398.8404,19370.3184
PT005649,T0500,2025-02-11,USD,329498.64,36506.79,80622.15,329498.64,80622.15
PT000269,T0024,2025-09-11,USD,146627.78,16084.29,14224.79,146627.78,14224.79
PT003932,T0349,2022-01-19,USD,227434.56,21696.32,56063.1,227434.56,56063.1
PT007466,T0661,2025-12-06,EUR,132803.9496,15695.672400000001,15396.382800000001,132803.9496,15396.382800000001
PT000018,T0002,2026-08-30,GBP,47444.72350000001,5648.9727,14879.3327,47444.72350000001,14879.3327
PT001152,T0104,2021-08-21,USD,29416.17,2892.44,7046.63,29416.17,7046.63
PT000253,T0022,2025-10-14,INR,143270.09544,16437.25152,22098.1176,143270.09544,22098.117599999998
PT001505,T0137,2023-06-01,USD,94166.78,10920.36,7485.28,94166.78,7485.28
PT003470,T0307,2026-03-21,USD,117182.12,13660.29,8467.45,117182.12,8467.45
PT004193,T0372,2025-04-07,EUR,628503.0408000001,67276.9476,48468.585600000006,628503.0408000001,48468.585600000006
PT005604,T0496,2025-10-05,USD,121892.83,13916.04,32505.24,121892.83,32505.24
PT004845,T0429,2026-07-10,USD,84000.18,8032.04,22084.92,84000.18,22084.92
PT003536,T0314,2021-04-05,USD,60214.64,3811.84,18101.91,60214.64,18101.91
PT002161,T0193,2023-03-29,USD,348250.65,26073.42,111122.34,348250.65,111122.34
PT005811,T0514,2021-01-06,USD,94523.62,8172.93,18853.85,94523.62,18853.85
PT005635,T0499,2022-03-28,EUR,63398.8404,4951.854,19370.3184,63398.8404,19370.3184
PT000077,T0008,2025-11-11,USD,24607.49,2216.37,7825.25,24607.49,7825.25
PT005323,T0472,2024-11-02,USD,77485.97,4901.1,24461.46,77485.97,24461.46
PT005916,T0523,2026-02-10,EUR,120468.13560000001,11444.7384,13696.128,120468.13560000001,13696.128
PT003093,T0274,2023-05-23,EUR,55059.2316,5843.221200000001,6037.3836,55059.2316,6037.3836
PT003958,T0351,2023-10-15,INR,188542.674,11481.73296,49336.569599999995,188542.674,49336.569599999995
PT005486,T0486,2024-09-11,USD,67621.99,7385.43,5034.98,67621.99,5034.98
PT003500,T0309,2022-01-15,EUR,34205.662800000006,2846.2212,1790.4564,34205.662800000006,1790.4564
PT001080,T0098,2022-09-29,EUR,185903.92080000002,20579.9508,55086.2208,185903.92080000002,55086.2208
PT003915,T0348,2024-02-08,USD,53506.37,6190.83,14710.6,53506.37,14710.6
PT004899,T0434,2023-03-28,EUR,112436.4132,9943.862400000002,12460.143600000001,112436.4132,12460.1436
PT007130,T0632,2023-09-15,USD,74592.96,4667.86,8593.77,74592.96,8593.77
PT007014,T0621,2022-02-27,EUR,143741.412,8065.332,41830.938,143741.412,41830.938
PT006369,T0563,2025-10-14,USD,165387.26,8835.02,18149.4,165387.26,18149.4
PT003514,T0311,2024-12-26,INR,166053.26364000002,13644.31452,8528.235,166053.26364000002,8528.234999999999
PT004118,T0365,2026-04-13,EUR,216122.6988,24557.6124,17069.184,216122.6988,17069.184
PT004539,T0403,2026-06-25,USD,54050.68,4910.21,14314.55,54050.68,14314.55
PT006795,T0602,2025-06-13,USD,153793.21,10283.35,36172.72,153793.21,36172.72
PT006003,T0531,2023-08-01,EUR,26995.2912,1963.4508,6519.42,26995.2912,6519.419999999999
PT005683,T0503,2026-02-10,USD,95548.2,6810.41,25506.07,95548.2,25506.07
PT007676,T0680,2022-08-21,USD,164633.16,18206.15,15241.0,164633.16,15241.0
PT000908,T0082,2025-08-25,USD,160606.71,8481.1,12265.76,160606.71,12265.76
PT007208,T0639,2024-11-15,USD,158162.49,12047.65,42855.19,158162.49,42855.19
PT007058,T0626,2022-11-06,EUR,99233.0244,9072.043200000002,17301.816000000003,99233.0244,17301.816000000003
PT007488,T0663,2024-12-25,EUR,363602.9952,29615.652000000002,25383.618,363602.9952,25383.618
PT007396,T0655,2022-05-02,EUR,88407.28800000002,7925.2452,6952.338000000001,88407.28800000002,6952.338000000001
PT003968,T0352,2023-12-29,USD,463761.29,33137.43,51590.11,463761.29,51590.11
PT002229,T0199,2024-10-16,INR,54067.566119999996,5075.51844,12301.125,54067.566119999996,12301.125
PT005271,T0468,2021-08-11,USD,196119.25,10716.9,52787.65,196119.25,52787.65
PT007562,T0670,2025-08-27,USD,142868.22,15815.05,41960.71,142868.22,41960.71
PT003280,T0289,2025-11-04,USD,150696.38,16082.38,25618.89,150696.38,25618.89
PT007451,T0659,2023-09-10,EUR,40187.89080000001,3675.8988000000004,4231.8936,40187.89080000001,4231.893600000001
PT003860,T0343,2024-06-01,USD,118599.13,14150.09,11941.45,118599.13,11941.45
PT006204,T0549,2025-11-30,USD,48465.38,3129.5,15295.14,48465.38,15295.14
PT005733,T0507,2022-11-19,USD,94073.51,8763.93,24818.27,94073.51,24818.27
PT005063,T0449,2026-06-07,INR,243818.81988,26199.443160000003,74696.33532,243818.81988,74696.33532
PT007056,T0625,2026-09-10,EUR,16666.668,1661.5152000000003,2801.1852000000003,11111.115600000001,1867.4574050559547
PT001636,T0148,2023-03-20,INR,93596.50056,7416.77676,6827.5408800000005,93596.50056,6827.5408800000005
PT002062,T0185,2024-06-19,EUR,395075.1996,35550.8136,26068.4568,395075.1996,26068.4568
PT004154,T0368,2024-07-08,GBP,92688.85450000002,6537.9219,28605.8102,92688.85450000002,28605.8102
PT007770,T0688,2026-05-16,GBP,119823.11570000001,10989.8561,13257.8729,119823.11570000001,13257.8729
PT005180,T0459,2026-02-19,USD,58540.51,3583.8,6023.75,58540.51,6023.75
PT002193,T0196,2022-04-17,EUR,23012.154000000002,1996.4556,2551.5432,23012.154000000002,2551.5432
PT001473,T0134,2021-05-04,USD,61558.27,5318.94,18182.9,61558.27,18182.9
PT006242,T0552,2025-02-13,USD,62952.26,4906.56,4160.65,62952.26,4160.65
PT001204,T0109,2022-09-23,USD,105427.91,10274.8,7092.21,105427.91,7092.21
PT005856,T0518,2023-05-10,USD,343687.21,28214.64,94743.22,343687.21,94743.22
PT006833,T0605,2026-06-07,USD,115273.31,6184.99,33746.92,115273.31,33746.92
PT005905,T0522,2022-01-06,USD,26140.4,2972.12,1337.81,26140.4,1337.8100000000002
PT003076,T0272,2024-12-20,USD,382220.9,21579.44,107600.37,382220.9,107600.37
PT005591,T0495,2025-12-11,INR,274657.55663999997,20293.545000000002,30613.89408,274657.55663999997,30613.89408
PT003072,T0272,2024-08-20,USD,382220.9,21579.44,107600.37,382220.9,107600.37
PT003603,T0321,2024-11-11,USD,161742.36,8935.38,39083.25,161742.36,39083.25
PT006846,T0607,2025-09-03,EUR,256165.95600000003,25993.9908,15979.4856,256165.95600000003,15979.4856
PT001305,T0118,2024-08-19,USD,296970.76,29038.15,17656.57,296970.76,17656.57
PT000347,T0031,2023-05-31,INR,94728.91752,7498.9944,27454.237559999998,94728.91752,27454.237559999998
PT004599,T0408,2026-04-01,USD,162808.34,14928.65,46526.66,162808.34,46526.66
PT001644,T0148,2023-11-20,INR,93596.50056,7416.77676,6827.5408800000005,93596.50056,6827.5408800000005
PT002991,T0265,2022-04-23,USD,157995.05,7944.03,10333.41,157995.05,10333.41
PT000834,T0076,2024-04-12,EUR,123607.28520000001,11880.2376,20576.052000000003,123607.28520000001,20576.052000000003
PT001165,T0105,2024-03-22,USD,142898.06,11784.51,32834.94,142898.06,32834.94
PT006673,T0590,2022-04-11,USD,161416.74,9717.35,38102.17,161416.74,38102.17
PT005392,T0478,2023-06-04,USD,95633.43,6439.71,29130.43,95633.43,29130.43
PT001492,T0136,2023-08-17,USD,89893.73,7367.54,23136.11,89893.73,23136.11
PT006444,T0569,2023-07-16,USD,252654.55,20173.13,74045.68,252654.55,74045.68
PT003051,T0270,2026-02-26,GBP,69561.3036,4104.1955,20029.830400000003,69561.3036,20029.830400000003
PT006488,T0573,2026-08-09,USD,276616.98,32365.66,16655.81,276616.98,16655.81
PT000264,T0023,2024-10-13,INR,48431.91624,2587.5942,4928.44164,48431.91624,4928.44164
PT000382,T0034,2022-11-25,USD,32386.44,3553.96,3545.04,32386.44,3545.04
PT004500,T0400,2025-11-26,USD,374847.6,29937.0,110644.75,374847.6,110644.75
PT000614,T0056,2025-04-19,USD,62766.84,3225.19,6071.08,62766.84,6071.08
PT004135,T0367,2023-04-03,USD,153767.97,9037.38,15560.7,153767.97,15560.700000000003
PT000216,T0019,2025-05-12,USD,60862.42,3074.28,19034.48,60862.42,19034.48
PT007071,T0627,2025-02-16,USD,96234.84,7577.87,25907.27,96234.84,25907.27
PT006463,T0570,2024-03-11,INR,240383.36148,16815.70752,64621.10256,240383.36148,64621.10256
PT003427,T0303,2025-01-18,USD,30881.94,2451.29,1935.39,30881.94,1935.39
PT002866,T0255,2024-03-18,INR,54110.241239999996,5880.84444,4842.906360000001,54110.241239999996,4842.906360000001
PT003387,T0299,2025-02-03,INR,117914.23776,12469.744920000001,7491.914040000001,117914.23776,7491.914040000001
PT001113,T0101,2024-03-29,USD,186388.62,11823.47,42085.53,186388.62,42085.53
PT003404,T0301,2025-09-23,USD,21863.27,1654.41,1490.77,21863.27,1490.77
PT006451,T0569,2024-02-16,USD,252654.55,20173.13,74045.68,252654.55,74045.68
PT006509,T0575,2025-10-23,USD,30879.36,2238.49,3206.94,30879.36,3206.94
PT001694,T0153,2024-02-23,USD,155105.71,8776.11,35164.88,155105.71,35164.88
PT007477,T0662,2026-03-07,USD,98240.33,8375.71,9439.69,98240.33,9439.69
PT003056,T0271,2024-02-04,EUR,138663.036,14095.101600000002,42684.85080000001,138663.036,42684.85080000001
PT000033,T0004,2026-04-13,INR,147548.05488,14252.83692,36649.5858,147548.05488,36649.5858
PT000115,T0011,2022-07-04,EUR,156784.62600000002,12574.008000000002,16481.2428,156784.62600000002,16481.2428
PT005610,T0497,2024-02-09,USD,219507.59,13328.2,23851.38,219507.59,23851.38
PT003272,T0289,2025-03-04,USD,150696.38,16082.38,25618.89,150696.38,25618.89
PT000587,T0053,2026-08-13,USD,93865.57,6790.32,22080.25,93865.57,22080.25
PT001348,T0122,2025-05-26,USD,169933.52,18604.51,19271.38,169933.52,19271.38
PT005283,T0469,2024-06-05,USD,25087.82,2721.06,1601.7,25087.82,1601.7
PT001099,T0100,2021-10-17,USD,220557.92,15166.88,15881.13,220557.92,15881.13
PT000394,T0035,2026-01-29,USD,117807.8,8516.08,23471.14,117807.8,23471.14
PT007165,T0635,2025-09-20,EUR,73667.21040000001,3911.2416000000003,12001.8888,73667.21040000001,12001.8888
PT004687,T0416,2022-03-30,USD,31871.84,3672.14,3261.3,31871.84,3261.3
PT002446,T0218,2024-06-12,EUR,16666.668,1274.3244000000002,1144.7568,16666.668,1144.7568
PT003478,T0308,2023-07-03,USD,78800.94,6297.77,7973.06,78800.94,7973.06
PT002329,T0208,2025-03-25,USD,177433.96,9587.12,56726.86,177433.96,56726.86
PT004314,T0383,2022-08-21,USD,235819.9,15513.8,75436.23,235819.9,75436.23
PT005855,T0518,2023-04-10,USD,343687.21,28214.64,94743.22,343687.21,94743.22
PT001710,T0155,2024-06-30,USD,58436.4,6643.39,6874.12,58436.4,6874.12
PT000984,T0089,2026-01-10,USD,88582.45,5680.86,21216.6,88582.45,21216.6
PT004286,T0381,2024-04-15,USD,196717.43,18224.67,21941.46,196717.43,21941.46
PT006732,T0596,2026-03-03,EUR,170332.3728,13556.6784,50448.3876,170332.3728,50448.3876
PT000554,T0049,2023-07-31,USD,182970.01,15432.16,57452.93,182970.01,57452.93
PT006888,T0610,2023-02-15,USD,537001.73,30237.64,161334.18,537001.73,161334.18
PT007664,T0678,2024-04-07,INR,224001.48768000002,17874.34272,35929.5258,224001.48768000002,35929.5258
PT003308,T0292,2022-06-17,EUR,88983.306,8492.310000000001,7545.4632,88983.306,7545.463199999999
PT006147,T0544,2021-07-01,USD,527092.34,62504.8,117398.4,527092.34,117398.4
PT001254,T0113,2023-02-11,INR,74234.2026,7401.237720000001,22116.37284,74234.2026,22116.37284
PT007295,T0646,2026-01-02,EUR,167525.4204,10216.972800000001,31253.644800000002,167525.4204,31253.644800000002
PT900091,T0409,2025-06-01,EUR,55098.7488,3972.5532000000003,16995.204,55098.7488,16995.204
PT005692,T0504,2021-12-25,USD,291083.73,34774.85,51127.72,291083.73,51127.72
PT002788,T0248,2026-07-16,USD,202308.3,11174.44,64214.87,202308.3,64214.87
PT004886,T0433,2024-08-07,USD,50396.95,2574.16,15116.39,50396.95,15116.39
PT005623,T0498,2024-04-23,USD,124266.44,12509.4,30737.92,124266.44,30737.92
PT006976,T0618,2023-11-08,EUR,51158.72520000001,3618.1404,2574.9468,51158.72520000001,2574.9468
PT000667,T0061,2022-09-16,USD,79148.07,8247.51,8375.9,79148.07,8375.9
PT005136,T0456,2024-01-16,USD,805192.2,48586.1,87380.93,805192.2,87380.93
PT002680,T0239,2024-05-31,USD,298312.51,28039.4,66631.38,298312.51,66631.38
PT001414,T0128,2024-06-24,EUR,47205.9036,4711.0896,3101.8572000000004,47205.9036,3101.8572000000004
PT005118,T0454,2024-02-19,USD,111399.74,11630.42,18228.16,111399.74,18228.16
PT000529,T0046,2026-07-26,EUR,45371.383200000004,4954.8132000000005,7496.4096,45371.383200000004,7496.4096
PT006248,T0552,2025-08-13,USD,62952.26,4906.56,4160.65,62952.26,4160.65
PT007369,T0652,2025-10-30,INR,207270.46008,17772.62796,20111.18928,207270.46008,20111.18928
PT002061,T0185,2024-05-19,EUR,395075.1996,35550.8136,26068.4568,395075.1996,26068.4568
PT000486,T0042,2022-08-27,EUR,84477.5136,6454.090800000001,8621.1,84477.5136,8621.1
PT003592,T0318,2026-02-24,EUR,401682.18600000005,22070.6532,35007.789600000004,401682.18600000005,35007.789600000004
PT006162,T0545,2021-12-19,EUR,580308.9696000001,35762.75280000001,179877.95280000003,580308.9696000001,179877.95280000003
PT006658,T0589,2025-12-17,EUR,59455.3176,3009.0312,6926.2236,59455.3176,6926.223600000001
PT006077,T0538,2022-09-15,USD,524519.39,52489.55,54640.59,524519.39,54640.59
PT005636,T0499,2022-04-28,EUR,63398.8404,4951.854,19370.3184,63398.8404,19370.3184
PT002782,T0247,2023-09-14,GBP,132705.2591,8518.017,21808.4146,132705.2591,21808.4146
PT006203,T0549,2025-10-31,USD,48465.38,3129.5,15295.14,48465.38,15295.14
PT003864,T0343,2024-10-01,USD,118599.13,14150.09,11941.45,118599.13,11941.45
PT002918,T0259,2025-10-04,EUR,629069.7384,33598.9728,145226.19600000003,629069.7384,145226.19600000003
PT006760,T0599,2025-03-05,USD,18411.08,1330.09,4802.26,18411.08,4802.26
PT005952,T0526,2025-03-04,EUR,105851.17800000001,8946.018000000002,6464.026800000001,105851.17800000001,6464.026800000001
PT007439,T0658,2026-07-06,USD,53544.93,5888.74,3010.12,53544.93,3010.12
PT001598,T0144,2023-04-05,USD,264856.71,13851.13,59316.25,264856.71,59316.25
PT006788,T0601,2026-05-23,EUR,413883.60480000003,45710.9244,113400.7452,413883.60480000003,113400.7452
PT004255,T0378,2026-02-27,INR,30046.83348,1719.18852,7533.345480000001,30046.83348,7533.345480000001
PT001468,T0133,2025-11-05,INR,37030.3044,3647.66496,3455.1585600000003,37030.3044,3455.1585600000003
PT007587,T0672,2022-07-26,USD,378300.57,22626.57,103441.96,378300.57,103441.96
PT003289,T0290,2023-10-22,USD,81373.4,6269.51,6981.14,81373.4,6981.14
PT005055,T0448,2025-04-01,EUR,69358.3668,6222.722400000001,5298.2532,69358.3668,5298.2532
PT005567,T0493,2022-07-22,USD,249402.1,26317.88,70481.55,249402.1,70481.55
PT005423,T0481,2022-11-01,USD,87754.02,9506.11,10306.4,87754.02,10306.4
PT001124,T0102,2022-11-06,USD,83603.64,6696.4,20359.63,83603.64,20359.63
PT007623,T0675,2021-10-14,USD,108287.57,6901.07,12510.11,108287.57,12510.110000000002
PT001029,T0093,2023-08-19,USD,88465.05,6576.24,8373.71,88465.05,8373.71
PT003670,T0327,2025-05-25,INR,59582.7786,6085.14336,14554.75596,59582.7786,14554.75596
PT003904,T0347,2024-07-07,EUR,77677.9632,9175.9392,12901.6476,77677.9632,12901.6476
PT005082,T0451,2022-12-18,USD,24037.28,1726.09,6748.19,24037.28,6748.19
PT007044,T0624,2024-04-05,USD,36199.0,3589.73,9988.47,36199.0,9988.47
PT000556,T0049,2023-09-30,USD,182970.01,15432.16,57452.93,182970.01,57452.93
PT002138,T0191,2022-10-14,USD,125958.71,6581.4,25109.52,125958.71,25109.52
PT007798,T0690,2025-05-21,USD,57917.12,5125.0,13770.79,57917.12,13770.79
PT007773,T0688,2026-08-16,GBP,119823.11570000001,10989.8561,13257.8729,119823.11570000001,13257.8729
PT003687,T0328,2025-03-08,USD,59138.66,3765.18,16038.65,59138.66,16038.65
PT007093,T0629,2025-02-23,USD,41059.38,2503.05,4225.65,41059.38,4225.65
PT007413,T0656,2022-11-30,USD,104895.23,10394.92,18702.49,104895.23,18702.49
PT000708,T0065,2023-07-27,INR,101871.05219999999,8900.35176,5778.8052,101871.05219999999,5778.8052
PT006901,T0611,2024-01-03,USD,23524.14,1352.52,1291.25,23524.14,1291.25
PT007507,T0664,2022-09-16,USD,213681.59,21285.6,24773.7,213681.59,24773.699999999997
PT006261,T0554,2022-02-17,EUR,16666.668,1677.9636000000003,1726.38,16666.668,1726.38
PT003729,T0332,2021-05-24,EUR,113857.1208,7181.222400000001,7513.4952,113857.1208,7513.495200000001
PT004416,T0392,2021-12-25,USD,313220.46,37393.51,79080.4,313220.46,79080.4
PT003659,T0326,2023-03-23,USD,47847.46,4589.37,8420.16,47847.46,8420.16
PT000292,T0026,2022-12-21,USD,196819.9,14874.96,33384.29,196819.9,33384.29
PT006646,T0588,2022-09-03,EUR,202350.744,11821.712400000002,38995.41960000001,202350.744,38995.41960000001
PT001172,T0106,2026-07-11,USD,149053.76,11617.8,34804.62,149053.76,34804.62
PT003277,T0289,2025-08-04,USD,150696.38,16082.38,25618.89,150696.38,25618.89
PT002777,T0247,2023-04-14,GBP,132705.2591,8518.017,21808.4146,132705.2591,21808.4146
PT007668,T0678,2024-08-07,INR,224001.48768000002,17874.34272,35929.5258,224001.48768000002,35929.5258
PT005871,T0519,2024-09-14,EUR,31021.056000000004,3157.7148,7790.590800000001,31021.056000000004,7790.590800000001
PT002677,T0238,2023-10-29,USD,34833.41,3472.71,8151.64,34833.41,8151.640000000001
PT005620,T0497,2024-12-09,USD,219507.59,13328.2,23851.38,219507.59,23851.38
PT005695,T0504,2022-03-25,USD,291083.73,34774.85,51127.72,291083.73,51127.72
PT004423,T0393,2023-09-11,USD,25086.23,1336.59,5830.42,25086.23,5830.42
PT004819,T0427,2025-09-21,USD,351033.15,29580.52,102394.92,351033.15,102394.92
PT000477,T0042,2021-11-27,EUR,84477.5136,6454.090800000001,8621.1,84477.5136,8621.1
PT005224,T0464,2022-10-03,USD,497387.85,39696.85,158870.18,497387.85,158870.18
PT006523,T0576,2022-01-03,USD,39886.88,3832.07,4052.85,39886.88,4052.85
PT005221,T0464,2022-07-03,USD,497387.85,39696.85,158870.18,497387.85,158870.18
PT002066,T0185,2024-10-19,EUR,395075.1996,35550.8136,26068.4568,395075.1996,26068.4568
PT000104,T0010,2024-02-12,USD,154845.94,8133.16,14119.08,154845.94,14119.08
PT004632,T0411,2022-08-21,EUR,142965.8424,11788.934400000002,44750.9124,142965.8424,44750.9124
PT006741,T0597,2026-07-14,USD,136054.4,15710.8,11676.07,136054.4,11676.07
PT004635,T0411,2022-11-21,EUR,142965.8424,11788.934400000002,44750.9124,142965.8424,44750.9124
PT000524,T0046,2026-02-26,EUR,45371.383200000004,4954.8132000000005,7496.4096,45371.383200000004,7496.4096
PT000067,T0007,2025-12-19,USD,57256.0,3081.23,13701.6,57256.0,13701.6
PT007441,T0658,2026-09-06,USD,53544.93,5888.74,3010.12,42835.94,2408.0957751331453
PT900137,T0640,2025-06-10,EUR,660991.0284000001,42428.512800000004,205166.45520000003,660991.0284000001,205166.45520000003
PT005435,T0482,2023-07-18,USD,151505.21,8151.24,26378.52,151505.21,26378.52
PT004336,T0385,2025-03-23,USD,378653.5,24852.01,94448.41,378653.5,94448.40999999999
PT003900,T0346,2026-07-18,EUR,122676.42240000001,7695.1296,35941.968,122676.42240000001,35941.968
PT001940,T0174,2026-09-03,USD,548983.18,50839.24,165558.54,494084.86,149002.68539685386
PT002667,T0237,2025-04-30,USD,198812.87,19628.43,45755.49,198812.87,45755.49
PT001397,T0126,2024-02-24,USD,67627.15,4116.99,6135.2,67627.15,6135.2
PT002869,T0255,2024-06-18,INR,54110.241239999996,5880.84444,4842.906360000001,54110.241239999996,4842.906360000001
PT005974,T0528,2022-04-08,USD,28430.93,1451.35,4961.04,28430.93,4961.04
PT004585,T0407,2026-03-28,GBP,218877.1213,15511.500600000001,11592.56,218877.1213,11592.56
PT004066,T0360,2025-01-31,USD,112545.98,11216.21,18415.27,112545.98,18415.27
PT004804,T0425,2022-12-25,USD,112754.78,7016.49,32364.73,112754.78,32364.73
PT002107,T0188,2026-07-30,USD,29736.13,2312.24,1707.33,29736.13,1707.33
PT007780,T0689,2022-11-24,GBP,483832.96680000005,35395.2302,54177.666600000004,483832.96680000005,54177.666600000004
PT005526,T0489,2023-07-29,EUR,275215.3092,27767.448,19233.320400000004,275215.3092,19233.320400000008
PT007580,T0671,2023-10-30,USD,90526.2,10551.45,10506.35,90526.2,10506.35
PT002004,T0180,2025-02-03,EUR,73219.2912,7137.547200000001,3819.8196000000003,73219.2912,3819.8196000000003
PT005639,T0499,2022-07-28,EUR,63398.8404,4951.854,19370.3184,63398.8404,19370.3184
PT003556,T0315,2023-08-01,USD,58673.31,6941.79,16238.13,58673.31,16238.13
PT000703,T0064,2026-09-28,USD,266916.23,28893.26,60094.03,17794.42,4006.269717328916
PT006416,T0567,2024-08-16,INR,85901.69076000001,7489.983480000001,24422.53512,85901.69076000001,24422.53512
PT000011,T0001,2025-03-15,USD,239587.15,17252.86,24767.86,239587.15,24767.86
PT004988,T0442,2026-03-25,USD,267250.86,28353.24,19939.36,267250.86,19939.36
PT002201,T0196,2022-12-17,EUR,23012.154000000002,1996.4556,2551.5432,23012.154000000002,2551.5432
PT002098,T0188,2025-10-30,USD,29736.13,2312.24,1707.33,29736.13,1707.33
PT002273,T0203,2025-07-12,INR,81116.88636,7393.60428,24229.13652,81116.88636,24229.136519999996
PT000775,T0070,2025-04-15,USD,105633.2,9140.89,8131.21,105633.2,8131.209999999999
PT000760,T0069,2026-02-15,USD,42534.31,4242.26,3766.99,42534.31,3766.9899999999993
PT005437,T0482,2023-09-18,USD,151505.21,8151.24,26378.52,151505.21,26378.52
PT006487,T0572,2026-03-08,EUR,99248.9544,5597.931600000001,10682.766000000001,99248.9544,10682.766000000001
PT004207,T0373,2026-06-20,USD,81218.91,6818.1,25013.61,81218.91,25013.61
PT006595,T0584,2024-12-01,USD,16666.67,1648.01,2986.37,16666.67,2986.37
PT000491,T0043,2024-04-23,EUR,159170.2164,12161.3076,18380.4552,159170.2164,18380.4552
PT001191,T0108,2022-06-14,USD,293289.08,30048.84,29954.78,293289.08,29954.78
PT004003,T0355,2025-03-19,USD,179347.12,14339.27,12695.21,179347.12,12695.21
PT001090,T0099,2026-02-28,USD,81331.03,7301.23,6880.77,81331.03,6880.77
PT004243,T0377,2023-08-31,USD,62327.17,5145.55,5656.3,62327.17,5656.3
PT001480,T0134,2021-12-04,USD,61558.27,5318.94,18182.9,61558.27,18182.9
PT003202,T0283,2022-07-22,EUR,1310050.6812,90330.444,131798.14560000002,1310050.6812,131798.14560000002
PT007062,T0626,2023-03-06,EUR,99233.0244,9072.043200000002,17301.816000000003,99233.0244,17301.816000000003
PT002073,T0186,2023-02-22,EUR,805420.0332000001,52069.93200000001,248694.51600000003,805420.0332000001,248694.51600000003
PT000072,T0007,2026-05-19,USD,57256.0,3081.23,13701.6,57256.0,13701.6
PT006948,T0615,2021-12-10,EUR,261355.62600000002,15806.3292,74724.1092,261355.62600000002,74724.1092
PT001853,T0167,2023-09-24,USD,232594.41,24529.16,36330.38,232594.41,36330.38
PT002728,T0243,2025-12-06,USD,309912.87,23450.53,16064.06,309912.87,16064.06
PT005026,T0446,2025-12-24,USD,88269.93,6580.64,6268.7,88269.93,6268.700000000001
PT007697,T0681,2026-09-08,USD,137611.6,11597.82,7220.88,100915.17,5295.311825090327
PT003849,T0342,2022-05-06,EUR,239849.86680000002,24176.772000000004,64602.87840000001,239849.86680000002,64602.8784
PT000825,T0075,2026-06-21,USD,125568.39,11458.52,29232.98,125568.39,29232.98
PT000387,T0034,2023-04-25,USD,32386.44,3553.96,3545.04,32386.44,3545.04
PT000348,T0031,2023-06-30,INR,94728.91752,7498.9944,27454.237559999998,94728.91752,27454.237559999998
PT003673,T0327,2025-08-25,INR,59582.7786,6085.14336,14554.75596,59582.7786,14554.75596
PT002808,T0250,2022-12-16,EUR,94587.05880000001,6995.5488000000005,26673.8508,94587.05880000001,26673.850800000004
PT006042,T0534,2024-12-21,USD,70945.67,5335.38,16487.07,70945.67,16487.07
PT000469,T0041,2023-06-01,USD,152899.67,15470.31,44853.04,152899.67,44853.04
PT001419,T0128,2024-11-24,EUR,47205.9036,4711.0896,3101.8572000000004,47205.9036,3101.8572000000004
PT005613,T0497,2024-05-09,USD,219507.59,13328.2,23851.38,219507.59,23851.38
PT004633,T0411,2022-09-21,EUR,142965.8424,11788.934400000002,44750.9124,142965.8424,44750.9124
PT000342,T0030,2025-07-13,USD,81309.53,4438.45,4651.73,81309.53,4651.73
PT001300,T0118,2024-03-19,USD,296970.76,29038.15,17656.57,296970.76,17656.57
PT002228,T0199,2024-09-16,INR,54067.566119999996,5075.51844,12301.125,54067.566119999996,12301.125
PT001620,T0146,2026-09-04,EUR,137711.26440000001,7794.997200000001,14659.0776,119349.7632,12704.533996642504
PT005134,T0456,2023-11-16,USD,805192.2,48586.1,87380.93,805192.2,87380.93
PT002491,T0222,2025-04-24,EUR,87822.5436,8147.044800000001,16989.6744,87822.5436,16989.6744
PT006093,T0540,2023-11-27,USD,157852.37,10641.33,14161.75,157852.37,14161.75
PT003176,T0281,2022-05-06,EUR,103398.1632,7430.9292000000005,5282.6796,103398.1632,5282.6796
PT005691,T0504,2021-11-25,USD,291083.73,34774.85,51127.72,291083.73,51127.72
PT007335,T0649,2024-05-01,USD,336774.22,25578.56,99427.49,336774.22,99427.49
PT001928,T0173,2025-05-15,USD,68172.95,4091.09,5165.89,68172.95,5165.89
PT005146,T0457,2022-08-05,USD,72334.97,5795.18,5924.37,72334.97,5924.37
PT000720,T0066,2021-06-01,USD,95475.14,8375.64,28863.35,95475.14,28863.35
PT007265,T0644,2024-10-30,USD,74853.06,4125.74,14760.53,74853.06,14760.530000000002
PT007805,T0692,2024-02-11,EUR,88247.502,10282.9284,8868.3228,88247.502,8868.3228
PT004013,T0356,2025-08-18,USD,244134.22,14746.53,40828.59,244134.22,40828.590000000004
PT003181,T0281,2022-10-06,EUR,103398.1632,7430.9292000000005,5282.6796,103398.1632,5282.6796
PT005253,T0466,2023-05-29,USD,152351.64,16896.07,11898.55,152351.64,11898.55
PT001654,T0149,2023-07-07,USD,74747.37,8122.76,7843.28,74747.37,7843.28
PT000750,T0068,2022-03-03,USD,277413.18,21500.71,26561.7,277413.18,26561.7
PT000689,T0063,2025-01-13,EUR,31413.549600000002,3768.3576,8645.594400000002,31413.549600000002,8645.594400000002
PT006767,T0599,2025-10-05,USD,18411.08,1330.09,4802.26,18411.08,4802.26
PT005341,T0474,2021-11-19,USD,223220.23,21354.72,64495.84,223220.23,64495.84
PT003373,T0298,2026-02-28,EUR,77861.6928,8960.619600000002,18316.702800000003,77861.6928,18316.702800000003
PT003097,T0274,2023-09-23,EUR,55059.2316,5843.221200000001,6037.3836,55059.2316,6037.3836
PT001559,T0141,2025-02-12,USD,354720.62,34491.93,91937.83,354720.62,91937.83
PT001082,T0098,2022-11-29,EUR,185903.92080000002,20579.9508,55086.2208,185903.92080000002,55086.2208
PT003472,T0307,2026-05-21,USD,117182.12,13660.29,8467.45,117182.12,8467.45
PT001854,T0167,2023-10-24,USD,232594.41,24529.16,36330.38,232594.41,36330.38
PT007217,T0640,2025-04-10,EUR,660991.0284000001,42428.512800000004,205166.45520000003,660991.0284000001,205166.45520000003
PT007059,T0626,2022-12-06,EUR,99233.0244,9072.043200000002,17301.816000000003,99233.0244,17301.816000000003
PT006197,T0548,2021-09-26,USD,48588.3,3167.63,14186.25,48588.3,14186.25
PT007204,T0639,2024-07-15,USD,158162.49,12047.65,42855.19,158162.49,42855.19
PT007774,T0688,2026-09-16,GBP,119823.11570000001,10989.8561,13257.8729,55917.4523,6187.0071659738405
PT002660,T0237,2024-09-30,USD,198812.87,19628.43,45755.49,198812.87,45755.49
PT007808,T0692,2024-05-11,EUR,88247.502,10282.9284,8868.3228,88247.502,8868.3228
PT002190,T0195,2025-02-03,INR,179770.57908,11337.47376,42695.114160000005,179770.57908,42695.114160000005
PT003990,T0354,2022-07-13,USD,283479.26,27441.07,31130.81,283479.26,31130.81
PT001532,T0139,2021-12-19,EUR,45378.090000000004,5271.9876,3777.3324000000007,45378.090000000004,3777.3324
PT005509,T0488,2026-03-11,USD,499574.73,38234.1,42785.9,499574.73,42785.9
PT007783,T0689,2023-02-24,GBP,483832.96680000005,35395.2302,54177.666600000004,483832.96680000005,54177.666600000004
PT000339,T0030,2025-04-13,USD,81309.53,4438.45,4651.73,81309.53,4651.73
PT002348,T0209,2026-09-14,USD,68828.83,6856.75,7557.92,36708.71,4030.8907398716497
PT007874,T0698,2022-11-14,USD,38307.16,2839.08,9651.25,38307.16,9651.25
PT001252,T0113,2022-12-11,INR,74234.2026,7401.237720000001,22116.37284,74234.2026,22116.37284
PT001893,T0170,2026-03-22,USD,92450.42,7451.41,10815.59,92450.42,10815.59
PT004053,T0359,2024-12-23,USD,54453.25,6494.14,13962.4,54453.25,13962.4
PT000569,T0050,2023-12-12,EUR,117264.8448,7941.520800000001,18548.816400000003,117264.8448,18548.816400000003
PT003454,T0305,2024-10-22,USD,194597.27,17781.41,59078.2,194597.27,59078.19999999999
PT005781,T0511,2021-10-21,USD,334493.39,22458.58,77322.03,334493.39,77322.03
PT000437,T0038,2025-12-03,USD,98184.07,10656.62,6935.02,98184.07,6935.02
PT001560,T0141,2025-03-12,USD,354720.62,34491.93,91937.83,354720.62,91937.83
PT006791,T0601,2026-08-23,EUR,413883.60480000003,45710.9244,113400.7452,413883.60480000003,113400.7452
PT000656,T0060,2026-04-01,USD,40602.46,2762.86,2712.89,40602.46,2712.89
PT000555,T0049,2023-08-31,USD,182970.01,15432.16,57452.93,182970.01,57452.93
PT004877,T0432,2023-09-06,INR,167532.65232,10519.53228,15183.229440000001,167532.65232,15183.229440000001
PT007530,T0666,2024-11-07,GBP,188814.9767,22129.419800000003,13247.827200000002,188814.9767,13247.827200000002
PT002043,T0183,2025-10-02,USD,100544.26,7921.3,23011.91,100544.26,23011.91
PT005273,T0468,2021-10-11,USD,196119.25,10716.9,52787.65,196119.25,52787.65
PT005825,T0515,2026-07-12,EUR,81655.0848,6809.194800000001,19072.8756,81655.0848,19072.8756
PT005061,T0449,2026-04-07,INR,243818.81988,26199.443160000003,74696.33532,243818.81988,74696.33532
PT000603,T0055,2026-06-21,USD,77397.09,6627.16,19862.69,77397.09,19862.69
PT000612,T0056,2025-02-19,USD,62766.84,3225.19,6071.08,62766.84,6071.08
PT002358,T0210,2022-11-13,USD,54762.14,3534.05,5411.03,54762.14,5411.029999999999
PT004205,T0373,2026-04-20,USD,81218.91,6818.1,25013.61,81218.91,25013.61
PT007721,T0683,2026-05-20,USD,91024.39,4803.71,4908.81,91024.39,4908.81
PT004040,T0358,2026-04-30,USD,192784.05,10605.26,46450.02,192784.05,46450.020000000004
PT002472,T0220,2026-01-19,EUR,37204.768800000005,3899.0052000000005,4169.1348,37204.768800000005,4169.1348
PT001734,T0157,2024-08-11,USD,59405.32,4717.71,6547.9,59405.32,6547.899999999999
PT007544,T0668,2025-09-19,INR,95437.28808,11111.225279999999,9710.4072,95437.28808,9710.4072
PT006189,T0548,2021-01-26,USD,48588.3,3167.63,14186.25,48588.3,14186.25
PT000152,T0014,2022-05-08,USD,16666.67,1581.04,2759.14,16666.67,2759.14
PT006293,T0556,2025-08-07,USD,46277.07,2384.49,4639.52,46277.07,4639.52
PT005357,T0475,2024-07-21,USD,196540.51,14768.63,33688.16,196540.51,33688.16
PT004266,T0379,2026-03-01,USD,36976.93,3564.76,2763.03,36976.93,2763.03
PT002074,T0186,2023-03-22,EUR,805420.0332000001,52069.93200000001,248694.51600000003,805420.0332000001,248694.51600000003
PT000783,T0071,2025-06-03,EUR,115616.41920000002,13352.299200000001,32907.7944,115616.41920000002,32907.7944
PT004494,T0399,2022-02-28,USD,191901.87,16437.79,13105.15,191901.87,13105.15
PT003054,T0271,2023-12-04,EUR,138663.036,14095.101600000002,42684.85080000001,138663.036,42684.85080000001
PT000167,T0015,2025-02-21,USD,205901.52,16755.69,56745.83,205901.52,56745.83
PT003790,T0337,2022-12-24,USD,17939.99,1871.29,1982.58,17939.99,1982.58
PT006019,T0532,2024-09-01,EUR,78526.4112,6675.1128,6333.411600000001,78526.4112,6333.411600000001
PT007332,T0649,2024-02-01,USD,336774.22,25578.56,99427.49,336774.22,99427.49
PT006710,T0594,2026-04-26,EUR,81352.28520000001,4082.3028,23608.130400000002,81352.28520000001,23608.130400000002
PT005624,T0498,2024-05-23,USD,124266.44,12509.4,30737.92,124266.44,30737.92
PT000143,T0013,2026-07-27,USD,91469.85,6957.04,22994.54,91469.85,22994.54
PT001987,T0178,2026-09-29,USD,120341.02,9195.22,14087.9,4011.37,469.5969788439553
PT005399,T0479,2025-10-06,GBP,43783.5294,3677.285,2636.4438,43783.5294,2636.4438
PT006497,T0574,2024-03-13,EUR,74709.0108,5099.3928000000005,22335.3936,74709.0108,22335.3936
PT006779,T0600,2025-11-15,USD,133469.55,10158.65,8364.09,133469.55,8364.09
PT004060,T0360,2024-07-31,USD,112545.98,11216.21,18415.27,112545.98,18415.27
PT003444,T0304,2024-04-24,USD,86092.33,7559.76,5957.09,86092.33,5957.09
PT003982,T0353,2024-09-27,USD,128986.64,13105.12,39658.69,128986.64,39658.69
PT002694,T0240,2023-10-21,EUR,173417.2092,14488.243200000003,20400.9408,173417.2092,20400.9408
PT004334,T0385,2025-01-23,USD,378653.5,24852.01,94448.41,378653.5,94448.40999999999
PT000990,T0089,2026-07-10,USD,88582.45,5680.86,21216.6,88582.45,21216.6
PT003423,T0302,2025-03-06,EUR,68355.17640000001,8043.861600000001,7979.742,68355.17640000001,7979.742
PT006930,T0614,2022-10-03,USD,23917.34,1245.1,2820.72,23917.34,2820.72
PT001759,T0159,2021-04-27,EUR,61953.93000000001,4505.598000000001,19508.5152,61953.93000000001,19508.5152
PT002370,T0211,2025-07-13,USD,65590.84,4581.66,14503.36,65590.84,14503.36
PT001022,T0093,2023-01-19,USD,88465.05,6576.24,8373.71,88465.05,8373.71
PT006648,T0588,2022-11-03,EUR,202350.744,11821.712400000002,38995.41960000001,202350.744,38995.41960000001
PT000867,T0079,2025-04-24,USD,21059.12,1885.96,2348.38,21059.12,2348.38
PT003021,T0268,2023-07-11,USD,62056.41,6646.76,18645.13,62056.41,18645.13
PT007255,T0643,2025-05-27,EUR,184836.81600000002,10668.002400000001,17106.66,184836.81600000002,17106.66
PT007126,T0632,2023-05-15,USD,74592.96,4667.86,8593.77,74592.96,8593.77
PT004949,T0438,2025-01-21,USD,162177.65,8887.21,16775.18,162177.65,16775.18
PT005074,T0450,2025-07-06,USD,1740983.88,102684.64,510880.2,1740983.88,510880.19999999995
PT001698,T0154,2025-10-27,USD,105191.91,8101.3,26265.04,105191.91,26265.04
PT005115,T0454,2023-11-19,USD,111399.74,11630.42,18228.16,111399.74,18228.16
PT000328,T0029,2025-09-26,USD,101233.74,6373.93,10834.51,101233.74,10834.51
PT005794,T0512,2023-06-07,EUR,114533.6544,11156.4756,10400.9184,114533.6544,10400.9184
PT000804,T0073,2021-06-19,EUR,811357.5276,47117.8404,250576.8588,811357.5276,250576.85880000005
PT005698,T0504,2022-06-25,USD,291083.73,34774.85,51127.72,291083.73,51127.72
PT005581,T0494,2026-05-04,GBP,81741.6958,7801.1655,19574.5354,81741.6958,19574.5354
PT007694,T0681,2026-06-08,USD,137611.6,11597.82,7220.88,137611.6,7220.88
PT002904,T0258,2022-12-26,USD,575297.25,50646.06,59184.28,575297.25,59184.28
PT005500,T0487,2025-09-27,USD,124090.11,7159.15,8210.18,124090.11,8210.18
PT005828,T0516,2023-10-21,USD,222239.07,18226.64,17889.86,222239.07,17889.86
PT004162,T0369,2024-08-11,USD,179253.01,13824.9,48744.52,179253.01,48744.52
PT005397,T0479,2025-08-06,GBP,43783.5294,3677.285,2636.4438,43783.5294,2636.4438
PT000402,T0035,2026-09-29,USD,117807.8,8516.08,23471.14,3926.93,782.3719974415956
PT003414,T0302,2024-06-06,EUR,68355.17640000001,8043.861600000001,7979.742,68355.17640000001,7979.742
PT001347,T0122,2025-04-26,USD,169933.52,18604.51,19271.38,169933.52,19271.38
PT002392,T0214,2024-04-13,USD,132904.93,12353.82,24281.1,132904.93,24281.1
PT001268,T0114,2025-09-14,USD,588038.38,35206.98,62815.83,588038.38,62815.83000000001
PT007583,T0671,2024-01-30,USD,90526.2,10551.45,10506.35,90526.2,10506.35
PT001444,T0130,2024-01-31,USD,79586.62,4046.47,4078.84,79586.62,4078.8400000000006
PT006945,T0615,2021-09-10,EUR,261355.62600000002,15806.3292,74724.1092,261355.62600000002,74724.1092
PT000186,T0017,2022-10-28,EUR,57802.14000000001,4259.5524000000005,3125.2176,57802.14000000001,3125.2176
PT005418,T0480,2023-11-11,EUR,58485.564000000006,6355.724400000001,3231.6948,58485.564000000006,3231.6948
PT002086,T0187,2025-08-19,INR,108354.13452,11837.04024,10950.131519999999,108354.13452,10950.131519999999
PT000097,T0009,2024-05-02,USD,289009.6,16862.33,22624.37,289009.6,22624.37
PT005374,T0477,2022-09-15,EUR,74123.4348,6291.7992,17409.481200000002,74123.4348,17409.481200000002
PT007600,T0673,2024-04-09,EUR,136476.5976,10902.2976,13130.521200000001,136476.5976,13130.521200000001
PT002120,T0190,2023-05-26,USD,60568.52,6162.37,3679.2,60568.52,3679.2
PT005203,T0462,2025-03-12,GBP,359727.6778,21020.2272,18241.6577,359727.6778,18241.6577
PT006292,T0556,2025-07-07,USD,46277.07,2384.49,4639.52,46277.07,4639.52
PT004766,T0422,2023-01-11,USD,456262.98,32597.36,31810.22,456262.98,31810.22
PT001753,T0158,2026-01-23,USD,48036.85,4454.77,5670.51,48036.85,5670.51
PT000470,T0041,2023-07-01,USD,152899.67,15470.31,44853.04,152899.67,44853.04
PT005181,T0459,2026-03-19,USD,58540.51,3583.8,6023.75,58540.51,6023.75
PT006981,T0618,2024-04-08,EUR,51158.72520000001,3618.1404,2574.9468,51158.72520000001,2574.9468
PT001660,T0150,2022-06-24,USD,340211.84,36441.14,78765.37,340211.84,78765.37
PT003763,T0335,2024-02-08,USD,98458.37,7177.81,22103.33,98458.37,22103.329999999998
PT003239,T0286,2022-11-19,EUR,256655.5092,29886.948,24976.1016,256655.5092,24976.1016
PT003826,T0340,2021-12-03,USD,104005.14,11392.65,5817.45,104005.14,5817.45
PT001477,T0134,2021-09-04,USD,61558.27,5318.94,18182.9,61558.27,18182.9
PT007693,T0681,2026-05-08,USD,137611.6,11597.82,7220.88,137611.6,7220.88
PT003159,T0279,2025-08-14,EUR,79700.39280000002,8214.0372,15112.893600000001,79700.39280000002,15112.893600000001
PT004026,T0357,2023-03-18,INR,351362.86152000003,26010.802440000003,86410.13448000001,351362.86152000003,86410.13448000001
PT005332,T0473,2024-11-06,GBP,141269.593,10608.1957,15021.1409,141269.593,15021.1409
PT007853,T0696,2024-09-21,USD,195069.96,12102.09,13908.54,195069.96,13908.540000000003
PT001378,T0125,2024-09-30,USD,409877.35,42280.44,95387.72,409877.35,95387.72
PT003042,T0270,2025-05-26,GBP,69561.3036,4104.1955,20029.830400000003,69561.3036,20029.830400000003
PT001222,T0110,2026-05-15,USD,221040.92,12503.52,40209.81,221040.92,40209.81
PT005197,T0462,2024-09-12,GBP,359727.6778,21020.2272,18241.6577,359727.6778,18241.6577
PT007375,T0653,2022-01-30,USD,200045.25,11619.93,32003.36,200045.25,32003.36
PT002213,T0197,2022-06-03,USD,45335.18,4803.98,13035.43,45335.18,13035.43
PT004058,T0360,2024-05-31,USD,112545.98,11216.21,18415.27,112545.98,18415.27
PT000944,T0085,2026-06-28,INR,215488.21932,17487.11112,19333.8978,215488.21932,19333.8978
PT004503,T0400,2026-02-26,USD,374847.6,29937.0,110644.75,374847.6,110644.75
PT000242,T0022,2024-11-14,INR,143270.09544,16437.25152,22098.1176,143270.09544,22098.117599999998
PT001927,T0173,2025-04-15,USD,68172.95,4091.09,5165.89,68172.95,5165.89
PT002604,T0232,2022-07-11,USD,57905.35,5981.94,3276.69,57905.35,3276.69
PT000527,T0046,2026-05-26,EUR,45371.383200000004,4954.8132000000005,7496.4096,45371.383200000004,7496.4096
PT003786,T0337,2022-08-24,USD,17939.99,1871.29,1982.58,17939.99,1982.58
PT001160,T0105,2023-10-22,USD,142898.06,11784.51,32834.94,142898.06,32834.94
PT005997,T0530,2026-07-04,USD,28789.83,3445.91,6971.98,28789.83,6971.98
PT005627,T0498,2024-08-23,USD,124266.44,12509.4,30737.92,124266.44,30737.92
PT002961,T0263,2026-02-28,EUR,41629.4532,2296.2744,2829.438,41629.4532,2829.438
PT002253,T0201,2025-10-24,USD,52479.91,3681.29,13028.32,52479.91,13028.32
PT006577,T0582,2023-11-21,EUR,94728.36600000001,4866.0588,6683.2128,94728.36600000001,6683.212799999999
PT004526,T0402,2024-05-15,INR,121383.34547999999,9284.16552,14205.6714,121383.34547999999,14205.6714
PT004294,T0381,2024-12-15,USD,196717.43,18224.67,21941.46,196717.43,21941.46
PT002326,T0208,2024-12-25,USD,177433.96,9587.12,56726.86,177433.96,56726.86
PT006679,T0591,2023-06-14,USD,92498.11,7243.65,6562.69,92498.11,6562.6900000000005
PT001479,T0134,2021-11-04,USD,61558.27,5318.94,18182.9,61558.27,18182.9
PT004435,T0394,2022-12-01,USD,119799.86,13253.69,6016.89,119799.86,6016.89
PT003989,T0354,2022-06-13,USD,283479.26,27441.07,31130.81,283479.26,31130.81
PT007350,T0651,2025-03-14,USD,31970.25,2906.77,2027.68,31970.25,2027.68
PT004350,T0386,2024-05-25,EUR,195757.722,15492.643200000002,44076.4092,195757.722,44076.4092
PT000321,T0029,2025-02-26,USD,101233.74,6373.93,10834.51,101233.74,10834.51
PT006758,T0599,2025-01-05,USD,18411.08,1330.09,4802.26,18411.08,4802.26
PT004216,T0374,2026-04-11,EUR,83985.1308,9245.4156,19767.877200000003,83985.1308,19767.877200000003
PT001085,T0098,2023-02-28,EUR,185903.92080000002,20579.9508,55086.2208,185903.92080000002,55086.2208
PT003653,T0325,2026-09-30,USD,51545.97,3037.08,2667.32,0.0,0.0
PT001192,T0108,2022-07-14,USD,293289.08,30048.84,29954.78,293289.08,29954.78
PT003828,T0340,2022-02-03,USD,104005.14,11392.65,5817.45,104005.14,5817.45
PT000621,T0057,2025-10-30,EUR,28573.7868,3249.4932000000003,7072.444800000001,28573.7868,7072.444800000001
PT002099,T0188,2025-11-30,USD,29736.13,2312.24,1707.33,29736.13,1707.33
PT004847,T0429,2026-09-10,USD,84000.18,8032.04,22084.92,56000.12,14723.28
PT005538,T0491,2024-07-03,USD,110583.03,5928.64,9812.9,110583.03,9812.9
PT002804,T0250,2022-08-16,EUR,94587.05880000001,6995.5488000000005,26673.8508,94587.05880000001,26673.850800000004
PT001865,T0168,2025-05-16,USD,132540.71,11146.42,41511.01,132540.71,41511.01
PT002296,T0205,2024-03-07,USD,189934.44,17759.27,44138.05,189934.44,44138.05
PT001960,T0176,2022-08-13,USD,82816.94,4701.74,15082.28,82816.94,15082.279999999999
PT005298,T0470,2026-07-01,EUR,590406.5916,61040.347200000004,68867.09640000001,590406.5916,68867.09640000001
PT000578,T0051,2026-05-01,USD,177057.15,18044.43,21105.61,177057.15,21105.61
PT001396,T0126,2024-01-24,USD,67627.15,4116.99,6135.2,67627.15,6135.2
PT005417,T0480,2023-10-11,EUR,58485.564000000006,6355.724400000001,3231.6948,58485.564000000006,3231.6948
PT002755,T0245,2022-03-17,EUR,22874.6052,2211.6888,5847.4764000000005,22874.6052,5847.4764000000005
PT001806,T0163,2025-05-03,USD,256698.41,22686.78,13846.37,256698.41,13846.37
PT002855,T0254,2023-10-21,USD,109602.92,8849.87,32804.38,109602.92,32804.38
PT007132,T0633,2025-07-01,USD,101645.68,10260.41,6933.47,101645.68,6933.47
PT004367,T0387,2023-11-07,USD,35087.28,3137.78,9668.7,35087.28,9668.7
PT000171,T0016,2025-02-16,USD,441126.28,40165.06,137062.51,441126.28,137062.51
PT002042,T0183,2025-09-02,USD,100544.26,7921.3,23011.91,100544.26,23011.91
PT005676,T0502,2024-06-05,INR,24507.44568,1305.396,4751.335080000001,24507.44568,4751.335080000001
PT001234,T0111,2023-06-08,EUR,108136.9548,10391.274,20384.8596,108136.9548,20384.8596
PT006138,T0543,2026-06-25,USD,83089.93,7227.2,8874.83,83089.93,8874.83
PT006933,T0614,2023-01-03,USD,23917.34,1245.1,2820.72,23917.34,2820.72
PT005951,T0526,2025-02-04,EUR,105851.17800000001,8946.018000000002,6464.026800000001,105851.17800000001,6464.026800000001
PT006107,T0541,2021-07-12,USD,196205.65,14162.1,62173.92,196205.65,62173.92
PT007104,T0630,2022-12-06,USD,82243.7,5508.43,6925.59,82243.7,6925.59
PT001276,T0116,2025-01-14,INR,107994.5298,6682.70016,8015.83644,107994.5298,8015.83644
PT003119,T0276,2025-03-15,USD,391095.49,24727.88,114385.11,391095.49,114385.11
PT004396,T0390,2023-05-21,INR,167386.02156000002,9018.33108,26944.99956,167386.02156000002,26944.99956
PT002950,T0262,2024-09-04,EUR,306919.0764,25720.912800000002,32795.323200000006,306919.0764,32795.3232
PT007810,T0692,2024-07-11,EUR,88247.502,10282.9284,8868.3228,88247.502,8868.3228
PT001891,T0170,2026-01-22,USD,92450.42,7451.41,10815.59,92450.42,10815.59
PT000678,T0062,2026-06-03,USD,53697.94,5657.17,16823.03,53697.94,16823.03
PT006037,T0534,2024-07-21,USD,70945.67,5335.38,16487.07,70945.67,16487.07
PT005088,T0451,2023-06-18,USD,24037.28,1726.09,6748.19,24037.28,6748.19
PT005559,T0492,2023-08-17,USD,222805.42,22886.05,59329.1,222805.42,59329.1
PT005201,T0462,2025-01-12,GBP,359727.6778,21020.2272,18241.6577,359727.6778,18241.6577
PT001297,T0117,2023-07-02,USD,179453.58,17626.49,54848.37,179453.58,54848.37
PT004392,T0390,2023-01-21,INR,167386.02156000002,9018.33108,26944.99956,167386.02156000002,26944.99956
PT004150,T0368,2024-03-08,GBP,92688.85450000002,6537.9219,28605.8102,92688.85450000002,28605.8102
PT003401,T0301,2025-06-23,USD,21863.27,1654.41,1490.77,21863.27,1490.77
PT007262,T0643,2025-12-27,EUR,184836.81600000002,10668.002400000001,17106.66,184836.81600000002,17106.66
PT007209,T0639,2024-12-15,USD,158162.49,12047.65,42855.19,158162.49,42855.19
PT003901,T0346,2026-08-18,EUR,122676.42240000001,7695.1296,35941.968,122676.42240000001,35941.968
PT007841,T0695,2025-04-05,EUR,119687.00400000002,6741.154800000001,30968.071200000002,119687.00400000002,30968.071200000002
PT003343,T0295,2024-04-03,USD,164154.4,9085.18,14204.63,164154.4,14204.63
PT000302,T0027,2021-02-18,USD,55736.25,6286.48,5720.62,55736.25,5720.619999999999
PT000366,T0032,2025-12-01,USD,97537.25,7078.7,10620.27,97537.25,10620.27
PT005184,T0460,2024-06-01,EUR,217483.974,12521.887200000001,25337.404800000004,217483.974,25337.404800000008
PT004199,T0372,2025-10-07,EUR,628503.0408000001,67276.9476,48468.585600000006,628503.0408000001,48468.585600000006
PT006916,T0613,2025-10-01,USD,69722.78,6874.33,20542.69,69722.78,20542.69
PT002796,T0249,2025-04-05,USD,252877.99,21600.4,21776.06,252877.99,21776.06
PT003695,T0329,2025-02-20,USD,84586.82,7675.4,26351.14,84586.82,26351.14
PT000858,T0078,2024-07-08,INR,430842.1026,42062.82,77098.71012,430842.1026,77098.71012
PT900037,T0184,2025-06-28,EUR,89497.73160000001,7562.4408,10029.582,89497.73160000001,10029.582
PT003006,T0267,2022-03-28,USD,242972.79,13958.11,23585.56,242972.79,23585.56
PT005556,T0492,2023-05-17,USD,222805.42,22886.05,59329.1,222805.42,59329.1
PT006325,T0559,2025-11-29,USD,327613.36,28850.88,38905.51,327613.36,38905.51
PT006600,T0584,2025-05-01,USD,16666.67,1648.01,2986.37,16666.67,2986.37
PT004471,T0397,2026-08-05,INR,175414.69176000002,15657.56976,10277.04564,175414.69176000002,10277.04564
PT000545,T0048,2026-05-10,EUR,96322.716,9605.023200000001,29344.507200000004,96322.716,29344.507199999996
PT004388,T0390,2022-09-21,INR,167386.02156000002,9018.33108,26944.99956,167386.02156000002,26944.99956
PT005900,T0522,2021-08-06,USD,26140.4,2972.12,1337.81,26140.4,1337.8100000000002
PT003689,T0328,2025-05-08,USD,59138.66,3765.18,16038.65,59138.66,16038.65
PT004486,T0399,2021-06-28,USD,191901.87,16437.79,13105.15,191901.87,13105.15
PT002870,T0255,2024-07-18,INR,54110.241239999996,5880.84444,4842.906360000001,54110.241239999996,4842.906360000001
PT004947,T0438,2024-11-21,USD,162177.65,8887.21,16775.18,162177.65,16775.18
PT005163,T0458,2021-06-17,USD,84272.84,8772.44,22733.1,84272.84,22733.1
PT001871,T0168,2025-11-16,USD,132540.71,11146.42,41511.01,132540.71,41511.01
PT007678,T0680,2022-10-21,USD,164633.16,18206.15,15241.0,164633.16,15241.0
PT003232,T0285,2025-06-06,USD,98525.36,7455.61,7850.62,98525.36,7850.62
PT005016,T0444,2026-07-23,USD,162995.78,16957.19,9661.02,162995.78,9661.02
PT004507,T0400,2026-06-26,USD,374847.6,29937.0,110644.75,374847.6,110644.75
PT001895,T0170,2026-05-22,USD,92450.42,7451.41,10815.59,92450.42,10815.59
PT001185,T0107,2025-09-04,USD,222938.83,15919.17,67960.24,222938.83,67960.24
PT007782,T0689,2023-01-24,GBP,483832.96680000005,35395.2302,54177.666600000004,483832.96680000005,54177.666600000004
PT003005,T0267,2022-02-28,USD,242972.79,13958.11,23585.56,242972.79,23585.56
PT001899,T0171,2022-08-30,USD,28457.63,2732.31,2228.21,28457.63,2228.21
PT000833,T0076,2024-03-12,EUR,123607.28520000001,11880.2376,20576.052000000003,123607.28520000001,20576.052000000003
PT000691,T0063,2025-03-13,EUR,31413.549600000002,3768.3576,8645.594400000002,31413.549600000002,8645.594400000002
PT006605,T0585,2025-04-22,EUR,85540.2984,5655.474,21828.1608,85540.2984,21828.1608
PT003777,T0336,2022-11-05,USD,70274.21,5951.93,11520.11,70274.21,11520.11
PT001513,T0137,2024-02-01,USD,94166.78,10920.36,7485.28,94166.78,7485.28
PT006766,T0599,2025-09-05,USD,18411.08,1330.09,4802.26,18411.08,4802.26
PT003883,T0345,2022-12-15,EUR,61659.954000000005,5983.5456,17745.1452,61659.954000000005,17745.1452
PT001076,T0098,2022-05-29,EUR,185903.92080000002,20579.9508,55086.2208,185903.92080000002,55086.2208
PT007794,T0690,2025-01-21,USD,57917.12,5125.0,13770.79,57917.12,13770.79
PT006801,T0602,2025-12-13,USD,153793.21,10283.35,36172.72,153793.21,36172.72
PT002112,T0189,2025-03-02,USD,50169.19,4165.63,4665.72,50169.19,4665.72
PT004866,T0431,2021-07-04,USD,192633.15,19224.48,11158.32,192633.15,11158.320000000002
PT005427,T0481,2023-03-01,USD,87754.02,9506.11,10306.4,87754.02,10306.4
PT007546,T0668,2025-11-19,INR,95437.28808,11111.225279999999,9710.4072,95437.28808,9710.4072
PT002603,T0232,2022-06-11,USD,57905.35,5981.94,3276.69,57905.35,3276.69
PT001947,T0175,2021-08-10,USD,104485.16,10219.8,11217.69,104485.16,11217.69
PT007362,T0652,2025-03-30,INR,207270.46008,17772.62796,20111.18928,207270.46008,20111.18928
PT007388,T0654,2023-01-03,USD,71594.91,4166.35,4179.29,71594.91,4179.29
PT000753,T0069,2025-07-15,USD,42534.31,4242.26,3766.99,42534.31,3766.9899999999993
PT001362,T0124,2025-03-23,USD,242444.09,21410.19,46045.57,242444.09,46045.57
PT005172,T0459,2025-06-19,USD,58540.51,3583.8,6023.75,58540.51,6023.75
PT002683,T0239,2024-08-31,USD,298312.51,28039.4,66631.38,298312.51,66631.38
PT003285,T0290,2023-06-22,USD,81373.4,6269.51,6981.14,81373.4,6981.14
PT006456,T0570,2023-08-11,INR,240383.36148,16815.70752,64621.10256,240383.36148,64621.10256
PT006977,T0618,2023-12-08,EUR,51158.72520000001,3618.1404,2574.9468,51158.72520000001,2574.9468
PT000364,T0032,2025-10-01,USD,97537.25,7078.7,10620.27,97537.25,10620.27
PT002765,T0246,2025-02-10,EUR,290496.06720000005,31914.324,82716.1632,290496.06720000005,82716.1632
PT001136,T0103,2025-10-10,EUR,115390.602,7449.6024,13799.0412,115390.602,13799.0412
PT003213,T0284,2024-12-11,EUR,1260247.6152000001,133147.5732,123493.4964,1260247.6152000001,123493.4964
PT003808,T0338,2025-10-29,USD,196109.37,21559.02,32922.82,196109.37,32922.82
PT001680,T0151,2023-07-06,USD,217258.83,17594.91,51837.4,217258.83,51837.40000000001
PT004647,T0412,2023-12-20,EUR,68916.88440000001,5156.7624,16548.354,68916.88440000001,16548.354
PT003590,T0318,2025-12-24,EUR,401682.18600000005,22070.6532,35007.789600000004,401682.18600000005,35007.789600000004
PT002357,T0210,2022-10-13,USD,54762.14,3534.05,5411.03,54762.14,5411.029999999999
PT005451,T0483,2025-08-20,USD,38196.24,2004.43,2501.49,38196.24,2501.49
PT001623,T0147,2022-02-05,USD,63597.51,5023.72,17822.63,63597.51,17822.63
PT006467,T0571,2023-12-22,USD,36495.53,3294.75,2227.51,36495.53,2227.51
PT006249,T0553,2025-03-21,USD,377837.2,30062.44,115287.92,377837.2,115287.92
PT004098,T0364,2023-07-28,EUR,146180.31120000003,12431.5344,7471.8828,146180.31120000003,7471.8828
PT003015,T0267,2022-12-28,USD,242972.79,13958.11,23585.56,242972.79,23585.56
PT004811,T0426,2024-06-06,USD,65750.67,3877.41,14588.43,65750.67,14588.43
PT004939,T0437,2022-05-31,USD,104966.16,10922.64,5671.7,104966.16,5671.700000000001
PT002069,T0185,2025-01-19,EUR,395075.1996,35550.8136,26068.4568,395075.1996,26068.4568
PT004390,T0390,2022-11-21,INR,167386.02156000002,9018.33108,26944.99956,167386.02156000002,26944.99956
PT000880,T0080,2025-05-24,EUR,145229.5008,11068.3044,23146.743599999998,145229.5008,23146.743599999998
PT007722,T0684,2025-04-17,USD,126599.55,11035.73,19786.65,126599.55,19786.65
PT003798,T0338,2024-12-29,USD,196109.37,21559.02,32922.82,196109.37,32922.82
PT004960,T0439,2026-02-08,USD,258217.08,15728.8,50176.75,258217.08,50176.75
PT000759,T0069,2026-01-15,USD,42534.31,4242.26,3766.99,42534.31,3766.9899999999993
PT002403,T0214,2025-03-13,USD,132904.93,12353.82,24281.1,132904.93,24281.1
PT002060,T0185,2024-04-19,EUR,395075.1996,35550.8136,26068.4568,395075.1996,26068.4568
PT005842,T0517,2024-03-14,EUR,33855.3648,1832.0904000000003,10447.682400000002,33855.3648,10447.682400000002
PT005429,T0481,2023-05-01,USD,87754.02,9506.11,10306.4,87754.02,10306.4
PT002578,T0230,2021-07-25,USD,550925.07,29095.85,65516.53,550925.07,65516.53
PT001912,T0172,2025-09-02,EUR,55883.6604,3661.5888000000004,17172.972,55883.6604,17172.971999999998
PT006284,T0556,2024-11-07,USD,46277.07,2384.49,4639.52,46277.07,4639.52
PT006596,T0584,2025-01-01,USD,16666.67,1648.01,2986.37,16666.67,2986.37
PT001074,T0098,2022-03-29,EUR,185903.92080000002,20579.9508,55086.2208,185903.92080000002,55086.2208
PT000059,T0006,2022-10-02,USD,16666.67,1068.75,4953.51,16666.67,4953.51
PT006838,T0606,2026-04-16,GBP,51042.9764,3348.8884000000003,12258.2559,51042.9764,12258.2559
PT002295,T0205,2024-02-07,USD,189934.44,17759.27,44138.05,189934.44,44138.05
PT005561,T0492,2023-10-17,USD,222805.42,22886.05,59329.1,222805.42,59329.1
PT006402,T0565,2026-02-27,USD,73299.9,7460.78,21673.63,73299.9,21673.63
PT002399,T0214,2024-11-13,USD,132904.93,12353.82,24281.1,132904.93,24281.1
PT003134,T0277,2021-11-10,USD,117094.62,12012.95,10047.56,117094.62,10047.56
PT001069,T0097,2025-08-26,EUR,42736.9392,4385.8584,3535.3692,42736.9392,3535.3692
PT002530,T0225,2024-09-12,EUR,41027.3748,3347.46,2784.2400000000002,41027.3748,2784.2400000000002
PT007037,T0624,2023-09-05,USD,36199.0,3589.73,9988.47,36199.0,9988.47
PT001478,T0134,2021-10-04,USD,61558.27,5318.94,18182.9,61558.27,18182.9
PT001514,T0137,2024-03-01,USD,94166.78,10920.36,7485.28,94166.78,7485.28
PT003286,T0290,2023-07-22,USD,81373.4,6269.51,6981.14,81373.4,6981.14
PT007277,T0645,2023-03-17,EUR,68156.4672,6114.852,4598.1756,68156.4672,4598.1756
PT003069,T0272,2024-05-20,USD,382220.9,21579.44,107600.37,382220.9,107600.37
PT006374,T0563,2026-03-14,USD,165387.26,8835.02,18149.4,165387.26,18149.4
PT007246,T0642,2022-07-29,EUR,417150.378,47747.73960000001,43739.557199999996,417150.378,43739.557199999996
PT004613,T0409,2026-04-01,EUR,55098.7488,3972.5532000000003,16995.204,55098.7488,16995.204
PT007548,T0668,2026-01-19,INR,95437.28808,11111.225279999999,9710.4072,95437.28808,9710.4072
PT003290,T0290,2023-11-22,USD,81373.4,6269.51,6981.14,81373.4,6981.14
PT001800,T0162,2026-03-28,USD,147633.93,8096.2,13248.99,147633.93,13248.99
PT006441,T0569,2023-04-16,USD,252654.55,20173.13,74045.68,252654.55,74045.68
PT006651,T0589,2025-05-17,EUR,59455.3176,3009.0312,6926.2236,59455.3176,6926.223600000001
PT002501,T0223,2022-04-23,USD,86406.57,9879.39,7064.0,86406.57,7064.0
PT007775,T0689,2022-06-24,GBP,483832.96680000005,35395.2302,54177.666600000004,483832.96680000005,54177.666600000004
PT007813,T0692,2024-10-11,EUR,88247.502,10282.9284,8868.3228,88247.502,8868.3228
PT004289,T0381,2024-07-15,USD,196717.43,18224.67,21941.46,196717.43,21941.46
PT003796,T0337,2023-06-24,USD,17939.99,1871.29,1982.58,17939.99,1982.58
PT005804,T0513,2025-02-11,USD,206673.62,13315.27,61875.66,206673.62,61875.66
PT005403,T0479,2026-02-06,GBP,43783.5294,3677.285,2636.4438,43783.5294,2636.4438
PT004086,T0363,2022-08-12,EUR,506046.16080000007,51150.009600000005,41690.16,506046.16080000007,41690.16
PT005135,T0456,2023-12-16,USD,805192.2,48586.1,87380.93,805192.2,87380.93
PT006132,T0543,2025-12-25,USD,83089.93,7227.2,8874.83,83089.93,8874.83
PT002682,T0239,2024-07-31,USD,298312.51,28039.4,66631.38,298312.51,66631.38
PT002506,T0223,2022-09-23,USD,86406.57,9879.39,7064.0,86406.57,7064.0
PT001304,T0118,2024-07-19,USD,296970.76,29038.15,17656.57,296970.76,17656.57
PT004723,T0419,2021-05-24,USD,22504.6,1617.69,1774.43,22504.6,1774.43
PT003806,T0338,2025-08-29,USD,196109.37,21559.02,32922.82,196109.37,32922.82
PT001174,T0106,2026-09-11,USD,149053.76,11617.8,34804.62,94400.71,22042.92491031558
PT001433,T0129,2025-04-08,USD,47242.56,2502.85,3933.02,47242.56,3933.0200000000004
PT001100,T0100,2021-11-17,USD,220557.92,15166.88,15881.13,220557.92,15881.13
PT007258,T0643,2025-08-27,EUR,184836.81600000002,10668.002400000001,17106.66,184836.81600000002,17106.66
PT001909,T0171,2023-06-30,USD,28457.63,2732.31,2228.21,28457.63,2228.21
PT007065,T0626,2023-06-06,EUR,99233.0244,9072.043200000002,17301.816000000003,99233.0244,17301.816000000003
PT007053,T0625,2026-06-10,EUR,16666.668,1661.5152000000003,2801.1852000000003,16666.668,2801.1852000000003
PT006906,T0612,2022-08-15,USD,251024.5,16010.59,17141.95,251024.5,17141.95
PT006277,T0555,2026-03-07,USD,43206.08,5047.19,4606.21,43206.08,4606.21
PT001406,T0127,2024-07-05,USD,387593.45,24881.69,43903.99,387593.45,43903.99
PT007118,T0631,2023-07-10,USD,36017.19,2058.13,2236.99,36017.19,2236.99
PT005515,T0488,2026-09-11,USD,499574.73,38234.1,42785.9,316397.33,27097.736752311313
PT007900,T0700,2026-04-06,EUR,37178.6544,4364.6472,3004.8192,37178.6544,3004.8192
PT002814,T0250,2023-06-16,EUR,94587.05880000001,6995.5488000000005,26673.8508,94587.05880000001,26673.850800000004
PT000310,T0027,2021-10-18,USD,55736.25,6286.48,5720.62,55736.25,5720.619999999999
PT004091,T0363,2023-01-12,EUR,506046.16080000007,51150.009600000005,41690.16,506046.16080000007,41690.16
PT000776,T0071,2024-11-03,EUR,115616.41920000002,13352.299200000001,32907.7944,115616.41920000002,32907.7944
PT004581,T0407,2025-11-28,GBP,218877.1213,15511.500600000001,11592.56,218877.1213,11592.56
PT000368,T0032,2026-02-01,USD,97537.25,7078.7,10620.27,97537.25,10620.27
PT000571,T0050,2024-02-12,EUR,117264.8448,7941.520800000001,18548.816400000003,117264.8448,18548.816400000003
PT004100,T0364,2023-09-28,EUR,146180.31120000003,12431.5344,7471.8828,146180.31120000003,7471.8828
PT004746,T0420,2024-05-17,EUR,117195.72480000001,6784.4736,19073.0268,117195.72480000001,19073.0268
PT005484,T0486,2024-07-11,USD,67621.99,7385.43,5034.98,67621.99,5034.98
PT004538,T0403,2026-05-25,USD,54050.68,4910.21,14314.55,54050.68,14314.55
PT001594,T0144,2022-12-05,USD,264856.71,13851.13,59316.25,264856.71,59316.25
PT002264,T0202,2026-08-25,USD,74130.66,6108.06,4858.28,74130.66,4858.28
PT007631,T0675,2022-06-14,USD,108287.57,6901.07,12510.11,108287.57,12510.110000000002
PT006361,T0562,2024-03-07,USD,71602.38,7690.42,19204.19,71602.38,19204.19
PT001542,T0140,2021-04-19,EUR,191309.73120000004,13308.289200000001,31172.3532,191309.73120000004,31172.3532
PT006041,T0534,2024-11-21,USD,70945.67,5335.38,16487.07,70945.67,16487.07
PT007083,T0628,2026-09-08,EUR,706129.8984000001,70057.8936,119802.942,517828.5936,87855.49104431232
PT004645,T0412,2023-10-20,EUR,68916.88440000001,5156.7624,16548.354,68916.88440000001,16548.354
PT007207,T0639,2024-10-15,USD,158162.49,12047.65,42855.19,158162.49,42855.19
PT900032,T0169,2025-06-14,EUR,55069.783200000005,3018.0168000000003,10367.773200000001,55069.783200000005,10367.773200000001
PT005528,T0490,2025-12-14,EUR,79198.2792,6576.9408,5779.296,79198.2792,5779.296
PT005042,T0447,2025-12-24,EUR,429256.476,30428.352000000003,123914.50200000001,429256.476,123914.50200000001
PT006786,T0601,2026-03-23,EUR,413883.60480000003,45710.9244,113400.7452,413883.60480000003,113400.7452
PT000073,T0007,2026-06-19,USD,57256.0,3081.23,13701.6,57256.0,13701.6
PT004830,T0427,2026-08-21,USD,351033.15,29580.52,102394.92,351033.15,102394.92
PT005750,T0508,2025-10-23,USD,44656.27,4798.38,5261.57,44656.27,5261.57
PT007764,T0687,2022-09-28,USD,369973.65,33132.9,96139.32,369973.65,96139.32
PT004859,T0430,2024-03-15,USD,229479.12,21235.7,21781.06,229479.12,21781.06
PT002836,T0252,2024-03-11,USD,111248.59,8184.22,8399.86,111248.59,8399.86
PT004270,T0379,2026-07-01,USD,36976.93,3564.76,2763.03,36976.93,2763.03
PT003737,T0332,2022-01-24,EUR,113857.1208,7181.222400000001,7513.4952,113857.1208,7513.495200000001
PT007625,T0675,2021-12-14,USD,108287.57,6901.07,12510.11,108287.57,12510.110000000002
PT002512,T0224,2025-05-23,USD,417953.99,48966.05,108261.62,417953.99,108261.62
PT001781,T0161,2021-04-05,EUR,46175.0976,3918.4128,2984.1696,46175.0976,2984.1696
PT001776,T0160,2025-02-07,USD,186346.27,19284.1,29635.64,186346.27,29635.64
PT001535,T0139,2022-03-19,EUR,45378.090000000004,5271.9876,3777.3324000000007,45378.090000000004,3777.3324
PT004935,T0437,2022-01-31,USD,104966.16,10922.64,5671.7,104966.16,5671.700000000001
PT003106,T0275,2025-02-22,USD,100845.39,10385.5,11832.39,100845.39,11832.389999999998
PT003766,T0335,2024-05-08,USD,98458.37,7177.81,22103.33,98458.37,22103.329999999998
PT003335,T0295,2023-08-03,USD,164154.4,9085.18,14204.63,164154.4,14204.63
PT006110,T0541,2021-10-12,USD,196205.65,14162.1,62173.92,196205.65,62173.92
PT004961,T0439,2026-03-08,USD,258217.08,15728.8,50176.75,258217.08,50176.75
PT007387,T0654,2022-12-03,USD,71594.91,4166.35,4179.29,71594.91,4179.29
PT005293,T0470,2026-02-01,EUR,590406.5916,61040.347200000004,68867.09640000001,590406.5916,68867.09640000001
PT005937,T0525,2023-02-25,USD,488093.4,37210.4,132027.91,488093.4,132027.91
PT900035,T0180,2025-06-03,EUR,73219.2912,7137.547200000001,3819.8196000000003,73219.2912,3819.8196000000003
PT004395,T0390,2023-04-21,INR,167386.02156000002,9018.33108,26944.99956,167386.02156000002,26944.99956
PT007249,T0642,2022-10-29,EUR,417150.378,47747.73960000001,43739.557199999996,417150.378,43739.557199999996
PT004363,T0387,2023-07-07,USD,35087.28,3137.78,9668.7,35087.28,9668.7
PT003963,T0352,2023-07-29,USD,463761.29,33137.43,51590.11,463761.29,51590.11
PT005798,T0512,2023-10-07,EUR,114533.6544,11156.4756,10400.9184,114533.6544,10400.9184
PT001785,T0161,2021-08-05,EUR,46175.0976,3918.4128,2984.1696,46175.0976,2984.1696
PT006539,T0578,2026-09-15,GBP,77965.17300000001,5119.3446,4386.8086,38982.586500000005,2193.4043
PT001030,T0093,2023-09-19,USD,88465.05,6576.24,8373.71,88465.05,8373.71
PT000520,T0045,2024-03-15,USD,147873.25,10444.91,8539.45,147873.25,8539.45
PT002447,T0218,2024-07-12,EUR,16666.668,1274.3244000000002,1144.7568,16666.668,1144.7568
PT001915,T0172,2025-12-02,EUR,55883.6604,3661.5888000000004,17172.972,55883.6604,17172.971999999998
PT007667,T0678,2024-07-07,INR,224001.48768000002,17874.34272,35929.5258,224001.48768000002,35929.5258
PT001610,T0145,2024-05-02,USD,18666.19,1592.14,4153.61,18666.19,4153.61
PT006377,T0563,2026-06-14,USD,165387.26,8835.02,18149.4,165387.26,18149.4
PT000396,T0035,2026-03-29,USD,117807.8,8516.08,23471.14,117807.8,23471.14
PT004191,T0371,2023-08-05,USD,56644.81,6315.15,17496.38,56644.81,17496.38
PT001984,T0178,2026-06-29,USD,120341.02,9195.22,14087.9,120341.02,14087.9
PT001937,T0174,2026-06-03,USD,548983.18,50839.24,165558.54,548983.18,165558.54
PT003365,T0298,2025-06-30,EUR,77861.6928,8960.619600000002,18316.702800000003,77861.6928,18316.702800000003
PT006542,T0579,2026-01-07,USD,81622.23,5876.12,23199.14,81622.23,23199.14
PT005584,T0494,2026-08-04,GBP,81741.6958,7801.1655,19574.5354,81741.6958,19574.5354
PT001034,T0094,2026-06-03,EUR,56465.251200000006,3341.6604,4640.2956,56465.251200000006,4640.2956
PT005936,T0525,2023-01-25,USD,488093.4,37210.4,132027.91,488093.4,132027.91
PT004389,T0390,2022-10-21,INR,167386.02156000002,9018.33108,26944.99956,167386.02156000002,26944.99956
PT007503,T0664,2022-05-16,USD,213681.59,21285.6,24773.7,213681.59,24773.699999999997
PT000605,T0055,2026-08-21,USD,77397.09,6627.16,19862.69,77397.09,19862.69
PT007594,T0672,2023-02-26,USD,378300.57,22626.57,103441.96,378300.57,103441.96
PT004978,T0440,2024-11-24,USD,108262.16,6801.01,10566.85,108262.16,10566.85
PT006826,T0604,2023-05-27,EUR,58713.62760000001,4365.403200000001,17900.211600000002,58713.62760000001,17900.211600000002
PT002805,T0250,2022-09-16,EUR,94587.05880000001,6995.5488000000005,26673.8508,94587.05880000001,26673.850800000004
PT001432,T0129,2025-03-08,USD,47242.56,2502.85,3933.02,47242.56,3933.0200000000004
PT006773,T0600,2025-05-15,USD,133469.55,10158.65,8364.09,133469.55,8364.09
PT003651,T0325,2026-07-30,USD,51545.97,3037.08,2667.32,51545.97,2667.3200000000006
PT004903,T0434,2023-07-28,EUR,112436.4132,9943.862400000002,12460.143600000001,112436.4132,12460.1436
PT007019,T0622,2023-02-05,INR,146466.35580000002,11407.440480000001,44509.40844,146466.35580000002,44509.40844
PT002366,T0211,2025-03-13,USD,65590.84,4581.66,14503.36,65590.84,14503.36
PT001322,T0119,2024-07-03,USD,41475.8,3445.76,10107.91,41475.8,10107.91
PT002577,T0230,2021-06-25,USD,550925.07,29095.85,65516.53,550925.07,65516.53
PT005044,T0447,2026-02-24,EUR,429256.476,30428.352000000003,123914.50200000001,429256.476,123914.50200000001
PT005274,T0468,2021-11-11,USD,196119.25,10716.9,52787.65,196119.25,52787.65
PT002642,T0235,2023-02-18,USD,69568.86,8124.78,4278.33,69568.86,4278.33
PT004727,T0419,2021-09-24,USD,22504.6,1617.69,1774.43,22504.6,1774.43
PT005687,T0503,2026-06-10,USD,95548.2,6810.41,25506.07,95548.2,25506.07
PT006101,T0540,2024-07-27,USD,157852.37,10641.33,14161.75,157852.37,14161.75
PT005824,T0515,2026-06-12,EUR,81655.0848,6809.194800000001,19072.8756,81655.0848,19072.8756
PT003433,T0303,2025-07-18,USD,30881.94,2451.29,1935.39,30881.94,1935.39
PT002684,T0239,2024-09-30,USD,298312.51,28039.4,66631.38,298312.51,66631.38
PT003381,T0299,2024-08-03,INR,117914.23776,12469.744920000001,7491.914040000001,117914.23776,7491.914040000001
PT004319,T0383,2023-01-21,USD,235819.9,15513.8,75436.23,235819.9,75436.23
PT004074,T0361,2021-07-20,USD,55805.28,6687.45,12734.32,55805.28,12734.32
PT006798,T0602,2025-09-13,USD,153793.21,10283.35,36172.72,153793.21,36172.72
PT006199,T0548,2021-11-26,USD,48588.3,3167.63,14186.25,48588.3,14186.25
PT003933,T0349,2022-02-19,USD,227434.56,21696.32,56063.1,227434.56,56063.1
PT001743,T0157,2025-05-11,USD,59405.32,4717.71,6547.9,59405.32,6547.899999999999
PT006026,T0533,2024-05-23,USD,417453.7,28596.79,125312.3,417453.7,125312.3
PT001878,T0169,2024-10-14,EUR,55069.783200000005,3018.0168000000003,10367.773200000001,55069.783200000005,10367.773200000001
PT006074,T0537,2026-07-04,USD,79323.94,8994.41,14174.8,79323.94,14174.799999999997
PT007146,T0634,2024-12-17,USD,86475.79,6479.81,5506.45,86475.79,5506.45
PT007718,T0683,2026-02-20,USD,91024.39,4803.71,4908.81,91024.39,4908.81
PT001924,T0173,2025-01-15,USD,68172.95,4091.09,5165.89,68172.95,5165.89
PT006891,T0610,2023-05-15,USD,537001.73,30237.64,161334.18,537001.73,161334.18
PT002842,T0253,2024-03-08,USD,33238.01,3761.25,3482.01,33238.01,3482.01
PT004384,T0389,2026-08-29,USD,291540.12,25853.3,20838.81,291540.12,20838.81
PT006962,T0616,2025-01-07,EUR,72260.4456,6743.109600000001,20403.6732,72260.4456,20403.6732
PT006275,T0555,2026-01-07,USD,43206.08,5047.19,4606.21,43206.08,4606.21
PT004210,T0373,2026-09-20,USD,81218.91,6818.1,25013.61,27072.97,8337.87
PT000028,T0003,2021-12-09,EUR,97996.662,8045.362800000001,28282.7808,97996.662,28282.7808
PT005797,T0512,2023-09-07,EUR,114533.6544,11156.4756,10400.9184,114533.6544,10400.9184
PT003569,T0316,2022-08-29,USD,90076.31,4710.36,25250.23,90076.31,25250.23
PT005321,T0472,2024-09-02,USD,77485.97,4901.1,24461.46,77485.97,24461.46
PT007453,T0659,2023-11-10,EUR,40187.89080000001,3675.8988000000004,4231.8936,40187.89080000001,4231.893600000001
PT006391,T0564,2026-06-15,INR,282193.533,26532.87252,25219.656720000003,282193.533,25219.656720000003
PT002177,T0194,2026-07-21,EUR,81462.59640000001,5624.434800000001,17943.822000000004,81462.59640000001,17943.822000000004
PT004622,T0410,2022-05-29,USD,285909.27,28239.09,18626.41,285909.27,18626.41
PT007447,T0659,2023-05-10,EUR,40187.89080000001,3675.8988000000004,4231.8936,40187.89080000001,4231.893600000001
PT003880,T0344,2026-07-14,USD,139716.8,8577.56,12618.02,139716.8,12618.02
PT007674,T0680,2022-06-21,USD,164633.16,18206.15,15241.0,164633.16,15241.0
PT007871,T0698,2022-08-14,USD,38307.16,2839.08,9651.25,38307.16,9651.25
PT001224,T0111,2022-08-08,EUR,108136.9548,10391.274,20384.8596,108136.9548,20384.8596
PT002445,T0218,2024-05-12,EUR,16666.668,1274.3244000000002,1144.7568,16666.668,1144.7568
PT005977,T0528,2022-07-08,USD,28430.93,1451.35,4961.04,28430.93,4961.04
PT003313,T0292,2022-11-17,EUR,88983.306,8492.310000000001,7545.4632,88983.306,7545.463199999999
PT007095,T0629,2025-04-23,USD,41059.38,2503.05,4225.65,41059.38,4225.65
PT003068,T0272,2024-04-20,USD,382220.9,21579.44,107600.37,382220.9,107600.37
PT001627,T0147,2022-06-05,USD,63597.51,5023.72,17822.63,63597.51,17822.63
PT003970,T0352,2024-02-29,USD,463761.29,33137.43,51590.11,463761.29,51590.11
PT007072,T0627,2025-03-16,USD,96234.84,7577.87,25907.27,96234.84,25907.27
PT000878,T0080,2025-03-24,EUR,145229.5008,11068.3044,23146.743599999998,145229.5008,23146.743599999998
PT006534,T0577,2026-04-05,EUR,556353.9324,66476.30040000001,138128.814,556353.9324,138128.814
PT007769,T0687,2023-02-28,USD,369973.65,33132.9,96139.32,369973.65,96139.32
PT003479,T0308,2023-08-03,USD,78800.94,6297.77,7973.06,78800.94,7973.06
PT004110,T0365,2025-08-13,EUR,216122.6988,24557.6124,17069.184,216122.6988,17069.184
PT000482,T0042,2022-04-27,EUR,84477.5136,6454.090800000001,8621.1,84477.5136,8621.1
PT006922,T0613,2026-04-01,USD,69722.78,6874.33,20542.69,69722.78,20542.69
PT006738,T0596,2026-09-03,EUR,170332.3728,13556.6784,50448.3876,153299.13120000003,45403.54756051901
PT002553,T0227,2026-06-30,USD,77943.55,5951.59,22770.19,77943.55,22770.19
PT003130,T0277,2021-07-10,USD,117094.62,12012.95,10047.56,117094.62,10047.56
PT004143,T0367,2023-12-03,USD,153767.97,9037.38,15560.7,153767.97,15560.700000000003
PT002919,T0259,2025-11-04,EUR,629069.7384,33598.9728,145226.19600000003,629069.7384,145226.19600000003
PT007012,T0621,2021-12-27,EUR,143741.412,8065.332,41830.938,143741.412,41830.938
PT007869,T0698,2022-06-14,USD,38307.16,2839.08,9651.25,38307.16,9651.25
PT002315,T0207,2022-06-30,EUR,227969.78040000002,12809.7936,53494.18200000001,227969.78040000002,53494.18200000001
PT004996,T0443,2024-05-27,USD,174851.14,14433.96,20927.38,174851.14,20927.38
PT005119,T0454,2024-03-19,USD,111399.74,11630.42,18228.16,111399.74,18228.16
PT004329,T0384,2023-08-23,EUR,184044.4092,13093.574400000001,51581.0376,184044.4092,51581.0376
PT000942,T0085,2026-04-28,INR,215488.21932,17487.11112,19333.8978,215488.21932,19333.8978
PT007471,T0661,2026-05-06,EUR,132803.9496,15695.672400000001,15396.382800000001,132803.9496,15396.382800000001
PT007595,T0672,2023-03-26,USD,378300.57,22626.57,103441.96,378300.57,103441.96
PT007831,T0694,2025-06-07,USD,246554.18,22639.45,14915.53,246554.18,14915.53
PT003238,T0286,2022-10-19,EUR,256655.5092,29886.948,24976.1016,256655.5092,24976.1016
PT006569,T0581,2022-11-14,USD,185251.07,16023.59,13846.27,185251.07,13846.27
PT006583,T0583,2026-03-06,GBP,62703.9513,6349.8857,6039.8405999999995,62703.9513,6039.8405999999995
PT001810,T0163,2025-09-03,USD,256698.41,22686.78,13846.37,256698.41,13846.37
PT005869,T0519,2024-07-14,EUR,31021.056000000004,3157.7148,7790.590800000001,31021.056000000004,7790.590800000001
PT001166,T0105,2024-04-22,USD,142898.06,11784.51,32834.94,142898.06,32834.94
PT000205,T0018,2026-06-16,USD,657952.79,37732.66,48584.13,657952.79,48584.13
PT006587,T0583,2026-07-06,GBP,62703.9513,6349.8857,6039.8405999999995,62703.9513,6039.8405999999995
PT006243,T0552,2025-03-13,USD,62952.26,4906.56,4160.65,62952.26,4160.65
PT003690,T0329,2024-09-20,USD,84586.82,7675.4,26351.14,84586.82,26351.14
PT007119,T0631,2023-08-10,USD,36017.19,2058.13,2236.99,36017.19,2236.99
PT003510,T0310,2026-07-14,USD,160563.84,8827.18,42357.17,160563.84,42357.17
PT001163,T0105,2024-01-22,USD,142898.06,11784.51,32834.94,142898.06,32834.94
PT002730,T0243,2026-02-06,USD,309912.87,23450.53,16064.06,309912.87,16064.06
PT001601,T0145,2023-08-02,USD,18666.19,1592.14,4153.61,18666.19,4153.61
PT000087,T0009,2023-07-02,USD,289009.6,16862.33,22624.37,289009.6,22624.37
PT005641,T0499,2022-09-28,EUR,63398.8404,4951.854,19370.3184,63398.8404,19370.3184
PT002208,T0197,2022-01-03,USD,45335.18,4803.98,13035.43,45335.18,13035.43
PT003047,T0270,2025-10-26,GBP,69561.3036,4104.1955,20029.830400000003,69561.3036,20029.830400000003
PT004718,T0418,2021-12-16,USD,66109.2,5957.54,10340.44,66109.2,10340.44
PT005446,T0483,2025-03-20,USD,38196.24,2004.43,2501.49,38196.24,2501.49
PT000365,T0032,2025-11-01,USD,97537.25,7078.7,10620.27,97537.25,10620.27
PT003981,T0353,2024-08-27,USD,128986.64,13105.12,39658.69,128986.64,39658.69
PT007655,T0677,2023-11-05,USD,100715.03,6782.36,22735.4,100715.03,22735.4
PT006453,T0570,2023-05-11,INR,240383.36148,16815.70752,64621.10256,240383.36148,64621.10256
PT001293,T0117,2023-03-02,USD,179453.58,17626.49,54848.37,179453.58,54848.37
PT003976,T0353,2024-03-27,USD,128986.64,13105.12,39658.69,128986.64,39658.69
PT005555,T0492,2023-04-17,USD,222805.42,22886.05,59329.1,222805.42,59329.1
PT006554,T0580,2026-05-28,EUR,172519.77240000002,19569.794400000002,14448.142800000001,172519.77240000002,14448.142800000001
PT001000,T0090,2026-03-16,USD,340739.27,29928.28,89881.62,340739.27,89881.62
PT003173,T0281,2022-02-06,EUR,103398.1632,7430.9292000000005,5282.6796,103398.1632,5282.6796
PT001037,T0094,2026-09-03,EUR,56465.251200000006,3341.6604,4640.2956,50818.7304,4176.266395016165
PT007232,T0641,2022-10-13,USD,59408.06,7018.04,15060.22,59408.06,15060.22
PT002803,T0250,2022-07-16,EUR,94587.05880000001,6995.5488000000005,26673.8508,94587.05880000001,26673.850800000004
PT005185,T0460,2024-07-01,EUR,217483.974,12521.887200000001,25337.404800000004,217483.974,25337.404800000008
PT002695,T0240,2023-11-21,EUR,173417.2092,14488.243200000003,20400.9408,173417.2092,20400.9408
PT001337,T0121,2024-07-03,USD,276582.4,16816.16,72794.98,276582.4,72794.98
PT000996,T0090,2025-11-16,USD,340739.27,29928.28,89881.62,340739.27,89881.62
PT000221,T0020,2024-12-16,USD,363245.55,40202.6,42654.03,363245.55,42654.03
PT002402,T0214,2025-02-13,USD,132904.93,12353.82,24281.1,132904.93,24281.1
PT006409,T0566,2023-03-08,EUR,166501.25639999998,11438.031600000002,29756.030400000003,166501.25639999998,29756.030400000003
PT005622,T0498,2024-03-23,USD,124266.44,12509.4,30737.92,124266.44,30737.92
PT003822,T0340,2021-08-03,USD,104005.14,11392.65,5817.45,104005.14,5817.45
PT000250,T0022,2025-07-14,INR,143270.09544,16437.25152,22098.1176,143270.09544,22098.117599999998
PT900020,T0097,2025-06-26,EUR,42736.9392,4385.8584,3535.3692,42736.9392,3535.3692
PT005289,T0469,2024-12-05,USD,25087.82,2721.06,1601.7,25087.82,1601.7
PT001887,T0170,2025-09-22,USD,92450.42,7451.41,10815.59,92450.42,10815.59
PT006017,T0532,2024-07-01,EUR,78526.4112,6675.1128,6333.411600000001,78526.4112,6333.411600000001
PT004660,T0413,2026-06-23,GBP,150353.2299,9072.7276,12448.971800000001,150353.2299,12448.971800000001
PT006183,T0547,2024-06-17,EUR,41631.246,3783.51,9679.532400000002,41631.246,9679.532400000002
PT003467,T0307,2025-12-21,USD,117182.12,13660.29,8467.45,117182.12,8467.45
PT002539,T0226,2024-11-26,USD,138385.55,12167.09,35028.86,138385.55,35028.86
PT006114,T0541,2022-02-12,USD,196205.65,14162.1,62173.92,196205.65,62173.92
PT004482,T0398,2025-07-17,EUR,103972.0644,10384.0704,25326.4752,103972.0644,25326.4752
PT006130,T0543,2025-10-25,USD,83089.93,7227.2,8874.83,83089.93,8874.83
PT004619,T0410,2022-02-28,USD,285909.27,28239.09,18626.41,285909.27,18626.41
PT000592,T0054,2024-11-27,EUR,170129.7972,13861.206000000002,31287.664800000002,170129.7972,31287.664800000006
PT006393,T0565,2025-05-27,USD,73299.9,7460.78,21673.63,73299.9,21673.63
PT002203,T0196,2023-02-17,EUR,23012.154000000002,1996.4556,2551.5432,23012.154000000002,2551.5432
PT002226,T0198,2026-06-08,USD,103454.16,7717.55,5920.95,103454.16,5920.949999999999
PT002260,T0201,2026-05-24,USD,52479.91,3681.29,13028.32,52479.91,13028.32
PT004479,T0398,2025-04-17,EUR,103972.0644,10384.0704,25326.4752,103972.0644,25326.4752
PT000519,T0045,2024-02-15,USD,147873.25,10444.91,8539.45,147873.25,8539.45
PT004670,T0414,2025-07-15,USD,62180.47,4664.26,19590.88,62180.47,19590.88
PT005534,T0490,2026-06-14,EUR,79198.2792,6576.9408,5779.296,79198.2792,5779.296
PT003105,T0275,2025-01-22,USD,100845.39,10385.5,11832.39,100845.39,11832.389999999998
PT004063,T0360,2024-10-31,USD,112545.98,11216.21,18415.27,112545.98,18415.27
PT003046,T0270,2025-09-26,GBP,69561.3036,4104.1955,20029.830400000003,69561.3036,20029.830400000003
PT004673,T0414,2025-10-15,USD,62180.47,4664.26,19590.88,62180.47,19590.88
PT001651,T0149,2023-04-07,USD,74747.37,8122.76,7843.28,74747.37,7843.28
PT007147,T0634,2025-01-17,USD,86475.79,6479.81,5506.45,86475.79,5506.45
PT007565,T0670,2025-11-27,USD,142868.22,15815.05,41960.71,142868.22,41960.71
PT007067,T0626,2023-08-06,EUR,99233.0244,9072.043200000002,17301.816000000003,99233.0244,17301.816000000003
PT001275,T0115,2026-09-21,USD,74452.3,4413.38,17273.76,22335.69,5182.128
PT001817,T0164,2024-04-26,EUR,118000.67040000002,11559.942000000001,18005.4252,118000.67040000002,18005.4252
PT004852,T0430,2023-08-15,USD,229479.12,21235.7,21781.06,229479.12,21781.06
PT002635,T0235,2022-07-18,USD,69568.86,8124.78,4278.33,69568.86,4278.33
PT001328,T0121,2023-10-03,USD,276582.4,16816.16,72794.98,276582.4,72794.98
PT004736,T0420,2023-07-17,EUR,117195.72480000001,6784.4736,19073.0268,117195.72480000001,19073.0268
PT006873,T0609,2023-04-10,USD,57524.85,5486.44,14486.98,57524.85,14486.98
PT000044,T0005,2026-04-11,USD,64093.86,3436.46,15371.02,64093.86,15371.02
PT000008,T0001,2024-12-15,USD,239587.15,17252.86,24767.86,239587.15,24767.86
PT000481,T0042,2022-03-27,EUR,84477.5136,6454.090800000001,8621.1,84477.5136,8621.1
PT000472,T0041,2023-09-01,USD,152899.67,15470.31,44853.04,152899.67,44853.04
PT004518,T0401,2025-02-26,USD,99938.38,11119.84,25263.23,99938.38,25263.230000000003
PT006309,T0558,2021-02-14,USD,100485.76,10623.18,28727.27,100485.76,28727.27
PT002238,T0199,2025-07-16,INR,54067.566119999996,5075.51844,12301.125,54067.566119999996,12301.125
PT007862,T0697,2026-06-17,EUR,105482.1096,11059.934400000002,23710.050000000003,105482.1096,23710.050000000003
PT007712,T0683,2025-08-20,USD,91024.39,4803.71,4908.81,91024.39,4908.81
PT000655,T0060,2026-03-01,USD,40602.46,2762.86,2712.89,40602.46,2712.89
PT005787,T0512,2022-11-07,EUR,114533.6544,11156.4756,10400.9184,114533.6544,10400.9184
PT007236,T0641,2023-02-13,USD,59408.06,7018.04,15060.22,59408.06,15060.22
PT004405,T0391,2026-02-02,INR,42407.88792,4775.13876,4598.97048,42407.88792,4598.97048
PT000465,T0041,2023-02-01,USD,152899.67,15470.31,44853.04,152899.67,44853.04
PT003903,T0347,2024-06-07,EUR,77677.9632,9175.9392,12901.6476,77677.9632,12901.6476
PT004564,T0405,2024-09-29,USD,221221.42,16142.54,25275.87,221221.42,25275.87
PT001692,T0153,2023-12-23,USD,155105.71,8776.11,35164.88,155105.71,35164.88
PT005130,T0455,2024-06-18,USD,111249.39,5920.2,11943.51,111249.39,11943.51
PT000698,T0064,2026-04-28,USD,266916.23,28893.26,60094.03,266916.23,60094.03
PT002231,T0199,2024-12-16,INR,54067.566119999996,5075.51844,12301.125,54067.566119999996,12301.125
PT900070,T0300,2025-06-24,USD,323465.09,23267.74,58876.71,323465.09,58876.71
PT002696,T0240,2023-12-21,EUR,173417.2092,14488.243200000003,20400.9408,173417.2092,20400.9408
PT000066,T0007,2025-11-19,USD,57256.0,3081.23,13701.6,57256.0,13701.6
PT001349,T0122,2025-06-26,USD,169933.52,18604.51,19271.38,169933.52,19271.38
PT002416,T0216,2023-10-28,USD,61875.35,3459.68,11119.3,61875.35,11119.300000000001
PT002481,T0221,2025-01-24,USD,139529.4,11332.89,36862.29,139529.4,36862.29
PT002150,T0192,2025-04-25,USD,192417.02,18278.9,51344.66,192417.02,51344.659999999996
PT005092,T0452,2026-04-28,USD,62409.29,6822.24,18989.66,62409.29,18989.66
PT007603,T0673,2024-07-09,EUR,136476.5976,10902.2976,13130.521200000001,136476.5976,13130.521200000001
PT005728,T0507,2022-06-19,USD,94073.51,8763.93,24818.27,94073.51,24818.27
PT006944,T0615,2021-08-10,EUR,261355.62600000002,15806.3292,74724.1092,261355.62600000002,74724.1092
PT006431,T0568,2025-09-23,INR,118548.50460000001,13141.78056,30852.33276,118548.50460000001,30852.33276
PT003853,T0342,2022-09-06,EUR,239849.86680000002,24176.772000000004,64602.87840000001,239849.86680000002,64602.8784
PT004226,T0375,2026-06-15,USD,70907.72,4726.26,6975.85,70907.72,6975.85
PT005984,T0529,2025-07-23,USD,931509.25,110697.38,57160.07,931509.25,57160.07
PT000850,T0077,2024-03-18,USD,112906.87,7679.88,29232.68,112906.87,29232.68
PT005674,T0502,2024-04-05,INR,24507.44568,1305.396,4751.335080000001,24507.44568,4751.335080000001
PT003966,T0352,2023-10-29,USD,463761.29,33137.43,51590.11,463761.29,51590.11
PT000418,T0037,2024-12-14,EUR,117868.0788,14087.109600000002,31910.3388,117868.0788,31910.3388
PT003719,T0331,2024-04-26,USD,70372.5,4784.72,16632.04,70372.5,16632.04
PT006200,T0548,2021-12-26,USD,48588.3,3167.63,14186.25,48588.3,14186.25
PT002286,T0204,2025-11-18,USD,117742.81,9445.05,29681.04,117742.81,29681.04
PT005295,T0470,2026-04-01,EUR,590406.5916,61040.347200000004,68867.09640000001,590406.5916,68867.09640000001
PT002550,T0227,2026-03-31,USD,77943.55,5951.59,22770.19,77943.55,22770.19
PT007771,T0688,2026-06-16,GBP,119823.11570000001,10989.8561,13257.8729,119823.11570000001,13257.8729
PT004357,T0387,2023-01-07,USD,35087.28,3137.78,9668.7,35087.28,9668.7
PT001923,T0173,2024-12-15,USD,68172.95,4091.09,5165.89,68172.95,5165.89
PT006452,T0570,2023-04-11,INR,240383.36148,16815.70752,64621.10256,240383.36148,64621.10256
PT005490,T0486,2025-01-11,USD,67621.99,7385.43,5034.98,67621.99,5034.98
PT002571,T0229,2022-12-01,USD,45460.25,4548.06,11420.08,45460.25,11420.08
PT006907,T0612,2022-09-15,USD,251024.5,16010.59,17141.95,251024.5,17141.95
PT007740,T0685,2025-07-28,EUR,202084.092,18129.711600000002,57382.516800000005,202084.092,57382.51680000001
PT002103,T0188,2026-03-30,USD,29736.13,2312.24,1707.33,29736.13,1707.33
PT006728,T0596,2025-11-03,EUR,170332.3728,13556.6784,50448.3876,170332.3728,50448.3876
PT007613,T0674,2021-07-15,EUR,44131.00320000001,2683.8756000000003,3010.6296,44131.00320000001,3010.6296
PT007760,T0687,2022-05-28,USD,369973.65,33132.9,96139.32,369973.65,96139.32
PT007166,T0635,2025-10-20,EUR,73667.21040000001,3911.2416000000003,12001.8888,73667.21040000001,12001.8888
PT001482,T0134,2022-02-04,USD,61558.27,5318.94,18182.9,61558.27,18182.9
PT000383,T0034,2022-12-25,USD,32386.44,3553.96,3545.04,32386.44,3545.04
PT007214,T0639,2025-05-15,USD,158162.49,12047.65,42855.19,158162.49,42855.19
PT007442,T0659,2022-12-10,EUR,40187.89080000001,3675.8988000000004,4231.8936,40187.89080000001,4231.893600000001
PT004273,T0380,2021-03-21,EUR,169775.298,17119.468800000002,11280.923999999999,169775.298,11280.923999999999
PT004782,T0423,2026-08-23,USD,320347.69,24300.72,22697.03,320347.69,22697.03
PT004655,T0413,2026-01-23,GBP,150353.2299,9072.7276,12448.971800000001,150353.2299,12448.971800000001
PT004932,T0437,2021-10-31,USD,104966.16,10922.64,5671.7,104966.16,5671.700000000001
PT006519,T0576,2021-09-03,USD,39886.88,3832.07,4052.85,39886.88,4052.85
PT000030,T0003,2022-02-09,EUR,97996.662,8045.362800000001,28282.7808,97996.662,28282.7808
PT004560,T0405,2024-05-29,USD,221221.42,16142.54,25275.87,221221.42,25275.87
PT003812,T0339,2023-12-08,EUR,39754.141200000005,3422.8764,10382.418000000001,39754.141200000005,10382.418000000001
PT006103,T0540,2024-09-27,USD,157852.37,10641.33,14161.75,157852.37,14161.75
PT007636,T0676,2022-02-07,USD,84894.67,4885.43,4275.73,84894.67,4275.73
PT007614,T0674,2021-08-15,EUR,44131.00320000001,2683.8756000000003,3010.6296,44131.00320000001,3010.6296
PT006521,T0576,2021-11-03,USD,39886.88,3832.07,4052.85,39886.88,4052.85
PT000322,T0029,2025-03-26,USD,101233.74,6373.93,10834.51,101233.74,10834.51
PT007829,T0694,2025-04-07,USD,246554.18,22639.45,14915.53,246554.18,14915.53
PT003698,T0329,2025-05-20,USD,84586.82,7675.4,26351.14,84586.82,26351.14
PT004615,T0410,2021-10-29,USD,285909.27,28239.09,18626.41,285909.27,18626.41
PT007172,T0636,2022-08-19,EUR,82084.3524,7050.844800000001,22848.717600000004,82084.3524,22848.717600000004
PT003685,T0328,2025-01-08,USD,59138.66,3765.18,16038.65,59138.66,16038.65
PT003345,T0296,2022-10-08,USD,82085.09,6786.2,22829.89,82085.09,22829.89
PT005973,T0528,2022-03-08,USD,28430.93,1451.35,4961.04,28430.93,4961.04
PT007120,T0632,2022-11-15,USD,74592.96,4667.86,8593.77,74592.96,8593.77
PT005732,T0507,2022-10-19,USD,94073.51,8763.93,24818.27,94073.51,24818.27
PT004692,T0416,2022-08-30,USD,31871.84,3672.14,3261.3,31871.84,3261.3
PT005893,T0521,2025-03-03,USD,192812.14,14528.12,42703.02,192812.14,42703.02
PT007858,T0696,2025-02-21,USD,195069.96,12102.09,13908.54,195069.96,13908.540000000003
PT003945,T0350,2024-10-08,INR,149296.48992,17062.75764,39918.414000000004,149296.48992,39918.414000000004
PT005756,T0509,2022-10-06,USD,107584.35,11429.17,32962.22,107584.35,32962.22
PT007838,T0695,2025-01-05,EUR,119687.00400000002,6741.154800000001,30968.071200000002,119687.00400000002,30968.071200000002
PT007558,T0669,2022-11-10,USD,107508.6,10354.64,29073.6,107508.6,29073.6
PT003281,T0290,2023-02-22,USD,81373.4,6269.51,6981.14,81373.4,6981.14
PT002948,T0262,2024-07-04,EUR,306919.0764,25720.912800000002,32795.323200000006,306919.0764,32795.3232
PT003186,T0282,2022-07-14,USD,121339.65,9726.82,19035.5,121339.65,19035.5
PT003168,T0280,2025-08-29,USD,59622.21,3905.8,18841.97,59622.21,18841.97
PT000098,T0010,2023-08-12,USD,154845.94,8133.16,14119.08,154845.94,14119.08
PT006411,T0566,2023-05-08,EUR,166501.25639999998,11438.031600000002,29756.030400000003,166501.25639999998,29756.030400000003
PT002430,T0217,2021-07-01,EUR,119116.5372,6719.2632,35283.1896,119116.5372,35283.1896
PT002246,T0200,2026-01-30,USD,942775.26,59269.05,63291.85,942775.26,63291.85
PT006343,T0560,2025-04-26,INR,124713.66528,8637.84912,6831.617160000001,124713.66528,6831.617160000001
PT002077,T0186,2023-06-22,EUR,805420.0332000001,52069.93200000001,248694.51600000003,805420.0332000001,248694.51600000003
PT000448,T0039,2023-08-05,USD,120590.09,12431.58,12155.95,120590.09,12155.95
PT006961,T0616,2024-12-07,EUR,72260.4456,6743.109600000001,20403.6732,72260.4456,20403.6732
PT000015,T0002,2026-05-30,GBP,47444.72350000001,5648.9727,14879.3327,47444.72350000001,14879.3327
PT004394,T0390,2023-03-21,INR,167386.02156000002,9018.33108,26944.99956,167386.02156000002,26944.99956
PT005792,T0512,2023-04-07,EUR,114533.6544,11156.4756,10400.9184,114533.6544,10400.9184
PT001216,T0110,2025-11-15,USD,221040.92,12503.52,40209.81,221040.92,40209.81
PT006163,T0545,2022-01-19,EUR,580308.9696000001,35762.75280000001,179877.95280000003,580308.9696000001,179877.95280000003
PT003795,T0337,2023-05-24,USD,17939.99,1871.29,1982.58,17939.99,1982.58
PT007493,T0663,2025-05-25,EUR,363602.9952,29615.652000000002,25383.618,363602.9952,25383.618
PT002343,T0209,2026-04-14,USD,68828.83,6856.75,7557.92,68828.83,7557.92
PT000287,T0025,2024-06-16,USD,89604.85,10744.7,21394.0,89604.85,21394.0
PT003844,T0341,2026-08-09,USD,64585.74,3636.43,16257.01,64585.74,16257.01
PT004219,T0374,2026-07-11,EUR,83985.1308,9245.4156,19767.877200000003,83985.1308,19767.877200000003
PT002313,T0206,2022-12-14,INR,71880.93324,6359.81928,19616.58984,71880.93324,19616.589839999997
PT002860,T0254,2024-03-21,USD,109602.92,8849.87,32804.38,109602.92,32804.38
PT000780,T0071,2025-03-03,EUR,115616.41920000002,13352.299200000001,32907.7944,115616.41920000002,32907.7944
PT007522,T0666,2024-03-07,GBP,188814.9767,22129.419800000003,13247.827200000002,188814.9767,13247.827200000002
PT004020,T0356,2026-03-18,USD,244134.22,14746.53,40828.59,244134.22,40828.590000000004
PT002053,T0184,2025-11-28,EUR,89497.73160000001,7562.4408,10029.582,89497.73160000001,10029.582
PT004525,T0402,2024-04-15,INR,121383.34547999999,9284.16552,14205.6714,121383.34547999999,14205.6714
PT005853,T0518,2023-02-10,USD,343687.21,28214.64,94743.22,343687.21,94743.22
PT006643,T0588,2022-06-03,EUR,202350.744,11821.712400000002,38995.41960000001,202350.744,38995.41960000001
PT005564,T0493,2022-04-22,USD,249402.1,26317.88,70481.55,249402.1,70481.55
PT006655,T0589,2025-09-17,EUR,59455.3176,3009.0312,6926.2236,59455.3176,6926.223600000001
PT004997,T0443,2024-06-27,USD,174851.14,14433.96,20927.38,174851.14,20927.38
PT005005,T0443,2025-02-27,USD,174851.14,14433.96,20927.38,174851.14,20927.38
PT004447,T0395,2025-02-20,USD,19261.0,1427.54,2150.01,19261.0,2150.01
PT007137,T0633,2025-12-01,USD,101645.68,10260.41,6933.47,101645.68,6933.47
PT000166,T0015,2025-01-21,USD,205901.52,16755.69,56745.83,205901.52,56745.83
PT000661,T0060,2026-09-01,USD,40602.46,2762.86,2712.89,39249.04,2622.460021525789
PT003109,T0275,2025-05-22,USD,100845.39,10385.5,11832.39,100845.39,11832.389999999998
PT001340,T0122,2024-09-26,USD,169933.52,18604.51,19271.38,169933.52,19271.38
PT001139,T0103,2026-01-10,EUR,115390.602,7449.6024,13799.0412,115390.602,13799.0412
PT002619,T0233,2025-11-05,USD,205917.56,21692.47,11670.32,205917.56,11670.32
PT004480,T0398,2025-05-17,EUR,103972.0644,10384.0704,25326.4752,103972.0644,25326.4752
PT005684,T0503,2026-03-10,USD,95548.2,6810.41,25506.07,95548.2,25506.07
PT002217,T0198,2025-09-08,USD,103454.16,7717.55,5920.95,103454.16,5920.949999999999
PT002189,T0195,2025-01-03,INR,179770.57908,11337.47376,42695.114160000005,179770.57908,42695.114160000005
PT003833,T0340,2022-07-03,USD,104005.14,11392.65,5817.45,104005.14,5817.45
PT006860,T0608,2023-12-20,USD,82680.31,6098.48,22186.43,82680.31,22186.43
PT004562,T0405,2024-07-29,USD,221221.42,16142.54,25275.87,221221.42,25275.87
PT005229,T0464,2023-03-03,USD,497387.85,39696.85,158870.18,497387.85,158870.18
PT000300,T0026,2023-08-21,USD,196819.9,14874.96,33384.29,196819.9,33384.29
PT001616,T0146,2026-05-04,EUR,137711.26440000001,7794.997200000001,14659.0776,137711.26440000001,14659.0776
PT005328,T0473,2024-07-06,GBP,141269.593,10608.1957,15021.1409,141269.593,15021.1409
PT007430,T0657,2025-04-11,USD,134067.74,14448.71,21246.07,134067.74,21246.07
PT001134,T0103,2025-08-10,EUR,115390.602,7449.6024,13799.0412,115390.602,13799.0412
PT003082,T0273,2023-09-14,EUR,71292.906,4328.694,21982.0608,71292.906,21982.0608
PT003143,T0278,2022-10-13,USD,182548.19,15677.0,46128.46,182548.19,46128.46
PT001938,T0174,2026-07-03,USD,548983.18,50839.24,165558.54,548983.18,165558.54
PT007178,T0636,2023-02-19,EUR,82084.3524,7050.844800000001,22848.717600000004,82084.3524,22848.717600000004
PT006654,T0589,2025-08-17,EUR,59455.3176,3009.0312,6926.2236,59455.3176,6926.223600000001
PT001049,T0095,2026-08-29,USD,99203.62,11090.75,23356.73,99203.62,23356.73
PT005244,T0466,2022-08-29,USD,152351.64,16896.07,11898.55,152351.64,11898.55
PT007326,T0649,2023-08-01,USD,336774.22,25578.56,99427.49,336774.22,99427.49
PT000847,T0077,2023-12-18,USD,112906.87,7679.88,29232.68,112906.87,29232.68
PT000252,T0022,2025-09-14,INR,143270.09544,16437.25152,22098.1176,143270.09544,22098.117599999998
PT003035,T0269,2025-10-12,USD,100980.51,5635.27,25218.16,100980.51,25218.16
PT001028,T0093,2023-07-19,USD,88465.05,6576.24,8373.71,88465.05,8373.71
PT000807,T0073,2021-09-19,EUR,811357.5276,47117.8404,250576.8588,811357.5276,250576.85880000005
PT001553,T0141,2024-08-12,USD,354720.62,34491.93,91937.83,354720.62,91937.83
PT000032,T0004,2026-03-13,INR,147548.05488,14252.83692,36649.5858,147548.05488,36649.5858
PT000716,T0066,2021-02-01,USD,95475.14,8375.64,28863.35,95475.14,28863.35
PT002385,T0213,2026-03-23,USD,66395.1,5986.79,10812.94,66395.1,10812.94
PT005630,T0498,2024-11-23,USD,124266.44,12509.4,30737.92,124266.44,30737.92
PT007689,T0681,2026-01-08,USD,137611.6,11597.82,7220.88,137611.6,7220.88
PT006638,T0588,2022-01-03,EUR,202350.744,11821.712400000002,38995.41960000001,202350.744,38995.41960000001
PT006851,T0607,2026-02-03,EUR,256165.95600000003,25993.9908,15979.4856,256165.95600000003,15979.4856
PT003460,T0306,2026-04-17,USD,173914.37,19838.91,17363.62,173914.37,17363.62
PT006789,T0601,2026-06-23,EUR,413883.60480000003,45710.9244,113400.7452,413883.60480000003,113400.7452
PT001045,T0095,2026-04-29,USD,99203.62,11090.75,23356.73,99203.62,23356.73
PT002145,T0192,2024-11-25,USD,192417.02,18278.9,51344.66,192417.02,51344.659999999996
PT002490,T0222,2025-03-24,EUR,87822.5436,8147.044800000001,16989.6744,87822.5436,16989.6744
PT003245,T0287,2022-03-02,EUR,160478.9496,18728.7012,37095.0516,160478.9496,37095.0516
PT005463,T0484,2024-07-10,EUR,348075.2304,41002.8588,37837.206,348075.2304,37837.206
PT005166,T0458,2021-09-17,USD,84272.84,8772.44,22733.1,84272.84,22733.1
PT003192,T0282,2023-01-14,USD,121339.65,9726.82,19035.5,121339.65,19035.5
PT005944,T0525,2023-09-25,USD,488093.4,37210.4,132027.91,488093.4,132027.91
PT007456,T0660,2026-02-17,USD,144045.95,10305.83,16655.64,144045.95,16655.64
PT003988,T0354,2022-05-13,USD,283479.26,27441.07,31130.81,283479.26,31130.81
PT000331,T0029,2025-12-26,USD,101233.74,6373.93,10834.51,101233.74,10834.51
PT007206,T0639,2024-09-15,USD,158162.49,12047.65,42855.19,158162.49,42855.19
PT003511,T0310,2026-08-14,USD,160563.84,8827.18,42357.17,160563.84,42357.17
PT005612,T0497,2024-04-09,USD,219507.59,13328.2,23851.38,219507.59,23851.38
PT000862,T0078,2024-11-08,INR,430842.1026,42062.82,77098.71012,430842.1026,77098.71012
PT001199,T0109,2022-04-23,USD,105427.91,10274.8,7092.21,105427.91,7092.21
PT005208,T0463,2025-07-07,USD,312251.87,18928.08,60551.61,312251.87,60551.61
PT004424,T0393,2023-10-11,USD,25086.23,1336.59,5830.42,25086.23,5830.42
PT003952,T0351,2023-04-15,INR,188542.674,11481.73296,49336.569599999995,188542.674,49336.569599999995
PT001089,T0099,2026-01-30,USD,81331.03,7301.23,6880.77,81331.03,6880.77
PT004220,T0374,2026-08-11,EUR,83985.1308,9245.4156,19767.877200000003,83985.1308,19767.877200000003
PT002516,T0224,2025-09-23,USD,417953.99,48966.05,108261.62,417953.99,108261.62
PT000004,T0001,2024-08-15,USD,239587.15,17252.86,24767.86,239587.15,24767.86
PT003758,T0334,2023-11-28,USD,119582.26,13029.32,20217.47,119582.26,20217.47
PT003725,T0331,2024-10-26,USD,70372.5,4784.72,16632.04,70372.5,16632.04
PT007821,T0693,2021-10-07,USD,42620.19,2540.92,12492.82,42620.19,12492.82
PT004041,T0358,2026-05-30,USD,192784.05,10605.26,46450.02,192784.05,46450.020000000004
PT005587,T0495,2025-08-11,INR,274657.55663999997,20293.545000000002,30613.89408,274657.55663999997,30613.89408
PT002460,T0219,2023-04-08,USD,29945.05,3434.69,4499.22,29945.05,4499.22
PT004711,T0418,2021-05-16,USD,66109.2,5957.54,10340.44,66109.2,10340.44
PT000550,T0049,2023-03-31,USD,182970.01,15432.16,57452.93,182970.01,57452.93
PT004653,T0413,2025-11-23,GBP,150353.2299,9072.7276,12448.971800000001,150353.2299,12448.971800000001
PT005582,T0494,2026-06-04,GBP,81741.6958,7801.1655,19574.5354,81741.6958,19574.5354
PT006730,T0596,2026-01-03,EUR,170332.3728,13556.6784,50448.3876,170332.3728,50448.3876
PT004361,T0387,2023-05-07,USD,35087.28,3137.78,9668.7,35087.28,9668.7
PT005899,T0521,2025-09-03,USD,192812.14,14528.12,42703.02,192812.14,42703.02
PT001472,T0134,2021-04-04,USD,61558.27,5318.94,18182.9,61558.27,18182.9
PT001235,T0112,2022-12-01,USD,73860.72,8579.69,3852.76,73860.72,3852.7600000000007
PT001155,T0104,2021-11-21,USD,29416.17,2892.44,7046.63,29416.17,7046.63
PT001402,T0127,2024-03-05,USD,387593.45,24881.69,43903.99,387593.45,43903.99
PT007275,T0644,2025-08-30,USD,74853.06,4125.74,14760.53,74853.06,14760.530000000002
PT000919,T0083,2022-12-12,INR,219213.34488,20960.49228,68993.45004,219213.34488,68993.45004
PT004521,T0402,2023-12-15,INR,121383.34547999999,9284.16552,14205.6714,121383.34547999999,14205.6714
PT005161,T0458,2021-04-17,USD,84272.84,8772.44,22733.1,84272.84,22733.1
PT002349,T0210,2022-02-13,USD,54762.14,3534.05,5411.03,54762.14,5411.029999999999
PT006865,T0608,2024-05-20,USD,82680.31,6098.48,22186.43,82680.31,22186.43
PT003661,T0326,2023-05-23,USD,47847.46,4589.37,8420.16,47847.46,8420.16
PT006357,T0562,2023-11-07,USD,71602.38,7690.42,19204.19,71602.38,19204.19
PT002602,T0232,2022-05-11,USD,57905.35,5981.94,3276.69,57905.35,3276.69
PT005609,T0496,2026-03-05,USD,121892.83,13916.04,32505.24,121892.83,32505.24
PT006834,T0605,2026-07-07,USD,115273.31,6184.99,33746.92,115273.31,33746.92
PT001822,T0164,2024-09-26,EUR,118000.67040000002,11559.942000000001,18005.4252,118000.67040000002,18005.4252
PT000468,T0041,2023-05-01,USD,152899.67,15470.31,44853.04,152899.67,44853.04
PT004441,T0394,2023-06-01,USD,119799.86,13253.69,6016.89,119799.86,6016.89
PT005098,T0453,2021-07-08,USD,905854.14,101181.38,54066.76,905854.14,54066.76000000001
PT001493,T0136,2023-09-17,USD,89893.73,7367.54,23136.11,89893.73,23136.11
PT004631,T0411,2022-07-21,EUR,142965.8424,11788.934400000002,44750.9124,142965.8424,44750.9124
PT005514,T0488,2026-08-11,USD,499574.73,38234.1,42785.9,499574.73,42785.9
PT006785,T0601,2026-02-23,EUR,413883.60480000003,45710.9244,113400.7452,413883.60480000003,113400.7452
PT004171,T0370,2025-01-03,EUR,159513.6348,10488.2904,12373.2252,159513.6348,12373.2252
PT005545,T0491,2025-02-03,USD,110583.03,5928.64,9812.9,110583.03,9812.9
PT005882,T0520,2024-05-02,EUR,104810.78160000002,10757.091600000002,5494.1868,104810.78160000002,5494.1868
PT006397,T0565,2025-09-27,USD,73299.9,7460.78,21673.63,73299.9,21673.63
PT003755,T0334,2023-08-28,USD,119582.26,13029.32,20217.47,119582.26,20217.47
PT004940,T0437,2022-06-30,USD,104966.16,10922.64,5671.7,104966.16,5671.700000000001
PT001889,T0170,2025-11-22,USD,92450.42,7451.41,10815.59,92450.42,10815.59
PT006306,T0557,2026-05-14,EUR,89634.4596,7219.9836000000005,28441.5624,89634.4596,28441.5624
PT004862,T0431,2021-03-04,USD,192633.15,19224.48,11158.32,192633.15,11158.320000000002
PT003129,T0277,2021-06-10,USD,117094.62,12012.95,10047.56,117094.62,10047.56
PT002488,T0222,2025-01-24,EUR,87822.5436,8147.044800000001,16989.6744,87822.5436,16989.6744
PT006314,T0558,2021-07-14,USD,100485.76,10623.18,28727.27,100485.76,28727.27
PT000022,T0003,2021-06-09,EUR,97996.662,8045.362800000001,28282.7808,97996.662,28282.7808
PT007250,T0642,2022-11-29,EUR,417150.378,47747.73960000001,43739.557199999996,417150.378,43739.557199999996
PT005176,T0459,2025-10-19,USD,58540.51,3583.8,6023.75,58540.51,6023.75
PT005972,T0528,2022-02-08,USD,28430.93,1451.35,4961.04,28430.93,4961.04
PT007839,T0695,2025-02-05,EUR,119687.00400000002,6741.154800000001,30968.071200000002,119687.00400000002,30968.071200000002
PT005626,T0498,2024-07-23,USD,124266.44,12509.4,30737.92,124266.44,30737.92
PT007498,T0664,2021-12-16,USD,213681.59,21285.6,24773.7,213681.59,24773.699999999997
PT003276,T0289,2025-07-04,USD,150696.38,16082.38,25618.89,150696.38,25618.89
PT002404,T0215,2024-11-14,USD,553151.55,39643.29,130562.47,553151.55,130562.47
PT003593,T0318,2026-03-24,EUR,401682.18600000005,22070.6532,35007.789600000004,401682.18600000005,35007.789600000004
PT001315,T0119,2023-12-03,USD,41475.8,3445.76,10107.91,41475.8,10107.91
PT006021,T0532,2024-11-01,EUR,78526.4112,6675.1128,6333.411600000001,78526.4112,6333.411600000001
PT001048,T0095,2026-07-29,USD,99203.62,11090.75,23356.73,99203.62,23356.73
PT003248,T0287,2022-06-02,EUR,160478.9496,18728.7012,37095.0516,160478.9496,37095.0516
PT007374,T0653,2021-12-30,USD,200045.25,11619.93,32003.36,200045.25,32003.36
PT007748,T0686,2025-11-21,USD,93492.9,6441.59,10100.38,93492.9,10100.38
PT004067,T0360,2025-02-28,USD,112545.98,11216.21,18415.27,112545.98,18415.27
PT000811,T0073,2022-01-19,EUR,811357.5276,47117.8404,250576.8588,811357.5276,250576.85880000005
PT003742,T0333,2021-09-19,USD,311979.04,22071.62,55779.26,311979.04,55779.26
PT002480,T0221,2024-12-24,USD,139529.4,11332.89,36862.29,139529.4,36862.29
PT004823,T0427,2026-01-21,USD,351033.15,29580.52,102394.92,351033.15,102394.92
PT004204,T0373,2026-03-20,USD,81218.91,6818.1,25013.61,81218.91,25013.61
PT001369,T0124,2025-10-23,USD,242444.09,21410.19,46045.57,242444.09,46045.57
PT002669,T0238,2023-02-28,USD,34833.41,3472.71,8151.64,34833.41,8151.640000000001
PT006185,T0547,2024-08-17,EUR,41631.246,3783.51,9679.532400000002,41631.246,9679.532400000002
PT001521,T0138,2026-04-12,USD,162801.26,9812.36,8622.64,162801.26,8622.64
PT004032,T0357,2023-09-18,INR,351362.86152000003,26010.802440000003,86410.13448000001,351362.86152000003,86410.13448000001
PT007517,T0665,2024-07-18,USD,99102.04,10349.65,8816.75,99102.04,8816.75
PT005033,T0446,2026-07-24,USD,88269.93,6580.64,6268.7,88269.93,6268.700000000001
PT005299,T0470,2026-08-01,EUR,590406.5916,61040.347200000004,68867.09640000001,590406.5916,68867.09640000001
PT002333,T0208,2025-07-25,USD,177433.96,9587.12,56726.86,177433.96,56726.86
PT006287,T0556,2025-02-07,USD,46277.07,2384.49,4639.52,46277.07,4639.52
PT006100,T0540,2024-06-27,USD,157852.37,10641.33,14161.75,157852.37,14161.75
PT003850,T0342,2022-06-06,EUR,239849.86680000002,24176.772000000004,64602.87840000001,239849.86680000002,64602.8784
PT004227,T0375,2026-07-15,USD,70907.72,4726.26,6975.85,70907.72,6975.85
PT004618,T0410,2022-01-29,USD,285909.27,28239.09,18626.41,285909.27,18626.41
PT000956,T0086,2024-06-16,USD,160730.09,17511.68,29798.1,160730.09,29798.1
PT005010,T0444,2026-01-23,USD,162995.78,16957.19,9661.02,162995.78,9661.02
PT000860,T0078,2024-09-08,INR,430842.1026,42062.82,77098.71012,430842.1026,77098.71012
PT002034,T0182,2026-08-28,USD,97280.01,7935.74,7896.02,97280.01,7896.02
PT001316,T0119,2024-01-03,USD,41475.8,3445.76,10107.91,41475.8,10107.91
PT002400,T0214,2024-12-13,USD,132904.93,12353.82,24281.1,132904.93,24281.1
PT006751,T0598,2024-10-04,USD,101343.27,5236.04,20253.04,101343.27,20253.04
PT004720,T0418,2022-02-16,USD,66109.2,5957.54,10340.44,66109.2,10340.44
PT004785,T0424,2024-03-06,USD,348422.41,24441.94,33784.6,348422.41,33784.6
PT003905,T0347,2024-08-07,EUR,77677.9632,9175.9392,12901.6476,77677.9632,12901.6476
PT007851,T0696,2024-07-21,USD,195069.96,12102.09,13908.54,195069.96,13908.540000000003
PT001367,T0124,2025-08-23,USD,242444.09,21410.19,46045.57,242444.09,46045.57
PT003044,T0270,2025-07-26,GBP,69561.3036,4104.1955,20029.830400000003,69561.3036,20029.830400000003
PT003925,T0348,2024-12-08,USD,53506.37,6190.83,14710.6,53506.37,14710.6
PT006410,T0566,2023-04-08,EUR,166501.25639999998,11438.031600000002,29756.030400000003,166501.25639999998,29756.030400000003
PT004707,T0417,2025-02-06,EUR,489681.64440000005,51774.23880000001,26376.289200000003,489681.64440000005,26376.289200000003
PT002507,T0223,2022-10-23,USD,86406.57,9879.39,7064.0,86406.57,7064.0
PT000463,T0041,2022-12-01,USD,152899.67,15470.31,44853.04,152899.67,44853.04
PT001574,T0142,2024-03-21,EUR,60970.94640000001,5159.484,16900.8444,60970.94640000001,16900.8444
PT004889,T0433,2024-11-07,USD,50396.95,2574.16,15116.39,50396.95,15116.39
PT000309,T0027,2021-09-18,USD,55736.25,6286.48,5720.62,55736.25,5720.619999999999
PT002122,T0190,2023-07-26,USD,60568.52,6162.37,3679.2,60568.52,3679.2
PT000580,T0051,2026-07-01,USD,177057.15,18044.43,21105.61,177057.15,21105.61
PT004202,T0372,2026-01-07,EUR,628503.0408000001,67276.9476,48468.585600000006,628503.0408000001,48468.585600000006
PT001706,T0154,2026-06-27,USD,105191.91,8101.3,26265.04,105191.91,26265.04
PT007011,T0621,2021-11-27,EUR,143741.412,8065.332,41830.938,143741.412,41830.938
PT003787,T0337,2022-09-24,USD,17939.99,1871.29,1982.58,17939.99,1982.58
PT005108,T0453,2022-05-08,USD,905854.14,101181.38,54066.76,905854.14,54066.76000000001
PT006094,T0540,2023-12-27,USD,157852.37,10641.33,14161.75,157852.37,14161.75
PT002995,T0266,2022-06-02,USD,161795.9,11720.64,49999.11,161795.9,49999.11
PT005131,T0455,2024-07-18,USD,111249.39,5920.2,11943.51,111249.39,11943.51
PT005433,T0482,2023-05-18,USD,151505.21,8151.24,26378.52,151505.21,26378.52
PT002038,T0183,2025-05-02,USD,100544.26,7921.3,23011.91,100544.26,23011.91
PT006368,T0563,2025-09-14,USD,165387.26,8835.02,18149.4,165387.26,18149.4
PT006241,T0552,2025-01-13,USD,62952.26,4906.56,4160.65,62952.26,4160.65
PT002096,T0188,2025-08-30,USD,29736.13,2312.24,1707.33,29736.13,1707.33
PT000871,T0079,2025-08-24,USD,21059.12,1885.96,2348.38,21059.12,2348.38
PT007859,T0696,2025-03-21,USD,195069.96,12102.09,13908.54,195069.96,13908.540000000003
PT006196,T0548,2021-08-26,USD,48588.3,3167.63,14186.25,48588.3,14186.25
PT003050,T0270,2026-01-26,GBP,69561.3036,4104.1955,20029.830400000003,69561.3036,20029.830400000003
PT007848,T0695,2025-11-05,EUR,119687.00400000002,6741.154800000001,30968.071200000002,119687.00400000002,30968.071200000002
PT002657,T0237,2024-06-30,USD,198812.87,19628.43,45755.49,198812.87,45755.49
PT006193,T0548,2021-05-26,USD,48588.3,3167.63,14186.25,48588.3,14186.25
PT003503,T0310,2025-12-14,USD,160563.84,8827.18,42357.17,160563.84,42357.17
PT004358,T0387,2023-02-07,USD,35087.28,3137.78,9668.7,35087.28,9668.7
PT000977,T0088,2021-12-26,USD,58920.03,3848.02,9302.07,58920.03,9302.070000000002
PT003353,T0296,2023-06-08,USD,82085.09,6786.2,22829.89,82085.09,22829.89
PT000958,T0086,2024-08-16,USD,160730.09,17511.68,29798.1,160730.09,29798.1
PT005270,T0468,2021-07-11,USD,196119.25,10716.9,52787.65,196119.25,52787.65
PT003700,T0329,2025-07-20,USD,84586.82,7675.4,26351.14,84586.82,26351.14
PT001341,T0122,2024-10-26,USD,169933.52,18604.51,19271.38,169933.52,19271.38
PT001823,T0164,2024-10-26,EUR,118000.67040000002,11559.942000000001,18005.4252,118000.67040000002,18005.4252
PT002330,T0208,2025-04-25,USD,177433.96,9587.12,56726.86,177433.96,56726.86
PT005606,T0496,2025-12-05,USD,121892.83,13916.04,32505.24,121892.83,32505.24
PT001930,T0173,2025-07-15,USD,68172.95,4091.09,5165.89,68172.95,5165.89
PT003881,T0344,2026-08-14,USD,139716.8,8577.56,12618.02,139716.8,12618.02
PT006653,T0589,2025-07-17,EUR,59455.3176,3009.0312,6926.2236,59455.3176,6926.223600000001
PT006661,T0589,2026-03-17,EUR,59455.3176,3009.0312,6926.2236,59455.3176,6926.223600000001
PT000354,T0031,2023-12-31,INR,94728.91752,7498.9944,27454.237559999998,94728.91752,27454.237559999998
PT004828,T0427,2026-06-21,USD,351033.15,29580.52,102394.92,351033.15,102394.92
PT001446,T0131,2026-08-20,EUR,60096.546,3650.8968000000004,5590.8792,60096.546,5590.879200000001
PT004799,T0425,2022-07-25,USD,112754.78,7016.49,32364.73,112754.78,32364.73
PT002727,T0242,2024-12-27,USD,219074.17,21806.13,50070.66,219074.17,50070.66
PT007402,T0655,2022-11-02,EUR,88407.28800000002,7925.2452,6952.338000000001,88407.28800000002,6952.338000000001
PT004257,T0378,2026-04-27,INR,30046.83348,1719.18852,7533.345480000001,30046.83348,7533.345480000001
PT003201,T0283,2022-06-22,EUR,1310050.6812,90330.444,131798.14560000002,1310050.6812,131798.14560000002
PT006033,T0533,2024-12-23,USD,417453.7,28596.79,125312.3,417453.7,125312.3
PT006913,T0612,2023-03-15,USD,251024.5,16010.59,17141.95,251024.5,17141.95
PT001386,T0126,2023-03-24,USD,67627.15,4116.99,6135.2,67627.15,6135.2
PT006904,T0612,2022-06-15,USD,251024.5,16010.59,17141.95,251024.5,17141.95
PT003722,T0331,2024-07-26,USD,70372.5,4784.72,16632.04,70372.5,16632.04
PT000502,T0044,2022-06-13,USD,167426.07,10739.74,38489.99,167426.07,38489.99
PT003525,T0312,2026-05-11,USD,77520.44,4567.27,7424.84,77520.44,7424.840000000001
PT006969,T0617,2023-08-10,INR,38423.0556,4421.86572,11912.99436,38423.0556,11912.99436
PT002105,T0188,2026-05-30,USD,29736.13,2312.24,1707.33,29736.13,1707.33
PT002234,T0199,2025-03-16,INR,54067.566119999996,5075.51844,12301.125,54067.566119999996,12301.125
PT007570,T0670,2026-04-27,USD,142868.22,15815.05,41960.71,142868.22,41960.71
PT001008,T0091,2024-06-04,USD,235117.14,20306.71,55696.27,235117.14,55696.27
PT007566,T0670,2025-12-27,USD,142868.22,15815.05,41960.71,142868.22,41960.71
PT006030,T0533,2024-09-23,USD,417453.7,28596.79,125312.3,417453.7,125312.3
PT002172,T0194,2026-02-21,EUR,81462.59640000001,5624.434800000001,17943.822000000004,81462.59640000001,17943.822000000004
PT005384,T0477,2023-07-15,EUR,74123.4348,6291.7992,17409.481200000002,74123.4348,17409.481200000002
PT004465,T0396,2023-01-11,USD,239845.45,13220.92,53238.95,239845.45,53238.95
PT003217,T0284,2025-04-11,EUR,1260247.6152000001,133147.5732,123493.4964,1260247.6152000001,123493.4964
PT007416,T0656,2023-02-28,USD,104895.23,10394.92,18702.49,104895.23,18702.49
PT007665,T0678,2024-05-07,INR,224001.48768000002,17874.34272,35929.5258,224001.48768000002,35929.5258
PT001319,T0119,2024-04-03,USD,41475.8,3445.76,10107.91,41475.8,10107.91
PT004590,T0407,2026-08-28,GBP,218877.1213,15511.500600000001,11592.56,218877.1213,11592.56
PT003983,T0353,2024-10-27,USD,128986.64,13105.12,39658.69,128986.64,39658.69
PT004430,T0393,2024-04-11,USD,25086.23,1336.59,5830.42,25086.23,5830.42
PT001476,T0134,2021-08-04,USD,61558.27,5318.94,18182.9,61558.27,18182.9
PT000680,T0062,2026-08-03,USD,53697.94,5657.17,16823.03,53697.94,16823.03
PT005318,T0472,2024-06-02,USD,77485.97,4901.1,24461.46,77485.97,24461.46
PT006335,T0560,2024-08-26,INR,124713.66528,8637.84912,6831.617160000001,124713.66528,6831.617160000001
PT003927,T0349,2021-08-19,USD,227434.56,21696.32,56063.1,227434.56,56063.1
PT000381,T0034,2022-10-25,USD,32386.44,3553.96,3545.04,32386.44,3545.04
PT007182,T0637,2025-04-03,USD,18095.48,1199.29,2932.54,18095.48,2932.54
PT006830,T0605,2026-03-07,USD,115273.31,6184.99,33746.92,115273.31,33746.92
PT004164,T0369,2024-10-11,USD,179253.01,13824.9,48744.52,179253.01,48744.52
PT005879,T0520,2024-02-02,EUR,104810.78160000002,10757.091600000002,5494.1868,104810.78160000002,5494.1868
PT006253,T0553,2025-07-21,USD,377837.2,30062.44,115287.92,377837.2,115287.92
PT001883,T0169,2025-03-14,EUR,55069.783200000005,3018.0168000000003,10367.773200000001,55069.783200000005,10367.773200000001
PT000478,T0042,2021-12-27,EUR,84477.5136,6454.090800000001,8621.1,84477.5136,8621.1
PT007261,T0643,2025-11-27,EUR,184836.81600000002,10668.002400000001,17106.66,184836.81600000002,17106.66
PT002383,T0212,2026-01-03,EUR,307665.0648,18765.043200000004,35054.337600000006,307665.0648,35054.3376
PT005269,T0468,2021-06-11,USD,196119.25,10716.9,52787.65,196119.25,52787.65
PT007662,T0678,2024-02-07,INR,224001.48768000002,17874.34272,35929.5258,224001.48768000002,35929.5258
PT002360,T0210,2023-01-13,USD,54762.14,3534.05,5411.03,54762.14,5411.029999999999
PT000426,T0037,2025-08-14,EUR,117868.0788,14087.109600000002,31910.3388,117868.0788,31910.3388
PT006190,T0548,2021-02-26,USD,48588.3,3167.63,14186.25,48588.3,14186.25
PT002256,T0201,2026-01-24,USD,52479.91,3681.29,13028.32,52479.91,13028.32
PT001334,T0121,2024-04-03,USD,276582.4,16816.16,72794.98,276582.4,72794.98
PT000200,T0018,2026-01-16,USD,657952.79,37732.66,48584.13,657952.79,48584.13
PT006921,T0613,2026-03-01,USD,69722.78,6874.33,20542.69,69722.78,20542.69
PT001939,T0174,2026-08-03,USD,548983.18,50839.24,165558.54,548983.18,165558.54
PT000144,T0013,2026-08-27,USD,91469.85,6957.04,22994.54,91469.85,22994.54
PT003821,T0339,2024-09-08,EUR,39754.141200000005,3422.8764,10382.418000000001,39754.141200000005,10382.418000000001
PT004346,T0386,2024-01-25,EUR,195757.722,15492.643200000002,44076.4092,195757.722,44076.4092
PT007021,T0622,2023-04-05,INR,146466.35580000002,11407.440480000001,44509.40844,146466.35580000002,44509.40844
PT000305,T0027,2021-05-18,USD,55736.25,6286.48,5720.62,55736.25,5720.619999999999
PT001455,T0132,2026-02-28,USD,22783.62,1489.38,2308.41,22783.62,2308.41
PT004789,T0424,2024-07-06,USD,348422.41,24441.94,33784.6,348422.41,33784.6
PT004514,T0401,2024-10-26,USD,99938.38,11119.84,25263.23,99938.38,25263.230000000003
PT000912,T0082,2025-12-25,USD,160606.71,8481.1,12265.76,160606.71,12265.76
PT007354,T0651,2025-07-14,USD,31970.25,2906.77,2027.68,31970.25,2027.68
PT002597,T0232,2021-12-11,USD,57905.35,5981.94,3276.69,57905.35,3276.69
PT004682,T0415,2023-12-14,INR,213883.13232,22951.61244,12627.97956,213883.13232,12627.97956
PT005370,T0476,2022-06-15,EUR,67957.92,6304.2083999999995,6820.394400000001,67957.92,6820.394400000001
PT002310,T0206,2022-09-14,INR,71880.93324,6359.81928,19616.58984,71880.93324,19616.589839999997
PT002113,T0189,2025-04-02,USD,50169.19,4165.63,4665.72,50169.19,4665.72
PT007455,T0660,2026-01-17,USD,144045.95,10305.83,16655.64,144045.95,16655.64
PT000594,T0054,2025-01-27,EUR,170129.7972,13861.206000000002,31287.664800000002,170129.7972,31287.664800000006
PT003571,T0317,2022-01-22,USD,151237.27,12948.26,43182.88,151237.27,43182.88
PT003534,T0314,2021-02-05,USD,60214.64,3811.84,18101.91,60214.64,18101.91
PT001289,T0117,2022-11-02,USD,179453.58,17626.49,54848.37,179453.58,54848.37
PT001656,T0149,2023-09-07,USD,74747.37,8122.76,7843.28,74747.37,7843.28
PT005009,T0444,2025-12-23,USD,162995.78,16957.19,9661.02,162995.78,9661.02
PT006254,T0553,2025-08-21,USD,377837.2,30062.44,115287.92,377837.2,115287.92
PT002132,T0191,2022-04-14,USD,125958.71,6581.4,25109.52,125958.71,25109.52
PT000766,T0070,2024-07-15,USD,105633.2,9140.89,8131.21,105633.2,8131.209999999999
PT007849,T0695,2025-12-05,EUR,119687.00400000002,6741.154800000001,30968.071200000002,119687.00400000002,30968.071200000002
PT006827,T0604,2023-06-27,EUR,58713.62760000001,4365.403200000001,17900.211600000002,58713.62760000001,17900.211600000002
PT000147,T0014,2021-12-08,USD,16666.67,1581.04,2759.14,16666.67,2759.14
PT005230,T0464,2023-04-03,USD,497387.85,39696.85,158870.18,497387.85,158870.18
PT000395,T0035,2026-02-28,USD,117807.8,8516.08,23471.14,117807.8,23471.14
PT006176,T0546,2026-01-15,USD,124484.55,9552.24,19203.59,124484.55,19203.59
PT003809,T0338,2025-11-29,USD,196109.37,21559.02,32922.82,196109.37,32922.82
PT000046,T0005,2026-06-11,USD,64093.86,3436.46,15371.02,64093.86,15371.02
PT003495,T0309,2021-08-15,EUR,34205.662800000006,2846.2212,1790.4564,34205.662800000006,1790.4564
PT005892,T0521,2025-02-03,USD,192812.14,14528.12,42703.02,192812.14,42703.02
PT003337,T0295,2023-10-03,USD,164154.4,9085.18,14204.63,164154.4,14204.63
PT004418,T0392,2022-02-25,USD,313220.46,37393.51,79080.4,313220.46,79080.4
PT002160,T0193,2023-02-28,USD,348250.65,26073.42,111122.34,348250.65,111122.34
PT001958,T0176,2022-06-13,USD,82816.94,4701.74,15082.28,82816.94,15082.279999999999
PT004953,T0438,2025-05-21,USD,162177.65,8887.21,16775.18,162177.65,16775.18
PT005713,T0505,2024-05-04,USD,707427.8,61022.31,47587.06,707427.8,47587.06
PT002185,T0195,2024-09-03,INR,179770.57908,11337.47376,42695.114160000005,179770.57908,42695.114160000005
PT006035,T0533,2025-02-23,USD,417453.7,28596.79,125312.3,417453.7,125312.3
PT007795,T0690,2025-02-21,USD,57917.12,5125.0,13770.79,57917.12,13770.79
PT006474,T0571,2024-07-22,USD,36495.53,3294.75,2227.51,36495.53,2227.51
PT003498,T0309,2021-11-15,EUR,34205.662800000006,2846.2212,1790.4564,34205.662800000006,1790.4564
PT002072,T0186,2023-01-22,EUR,805420.0332000001,52069.93200000001,248694.51600000003,805420.0332000001,248694.51600000003
PT001368,T0124,2025-09-23,USD,242444.09,21410.19,46045.57,242444.09,46045.57
PT003096,T0274,2023-08-23,EUR,55059.2316,5843.221200000001,6037.3836,55059.2316,6037.3836
PT002365,T0211,2025-02-13,USD,65590.84,4581.66,14503.36,65590.84,14503.36
PT007788,T0690,2024-07-21,USD,57917.12,5125.0,13770.79,57917.12,13770.79
PT000931,T0084,2023-07-30,USD,167829.37,18999.84,53012.39,167829.37,53012.39000000001
PT003513,T0311,2024-11-26,INR,166053.26364000002,13644.31452,8528.235,166053.26364000002,8528.234999999999
PT002976,T0264,2024-03-03,EUR,200294.28360000002,14614.473600000001,14117.068800000001,200294.28360000002,14117.068800000001
PT006435,T0568,2026-01-23,INR,118548.50460000001,13141.78056,30852.33276,118548.50460000001,30852.33276
PT004575,T0406,2026-01-08,GBP,96798.77769999999,6511.9377,30213.1349,96798.77769999999,30213.1349
PT003142,T0278,2022-09-13,USD,182548.19,15677.0,46128.46,182548.19,46128.46
PT006797,T0602,2025-08-13,USD,153793.21,10283.35,36172.72,153793.21,36172.72
PT002582,T0230,2021-11-25,USD,550925.07,29095.85,65516.53,550925.07,65516.53
PT007060,T0626,2023-01-06,EUR,99233.0244,9072.043200000002,17301.816000000003,99233.0244,17301.816000000003
PT000607,T0056,2024-09-19,USD,62766.84,3225.19,6071.08,62766.84,6071.08
PT000075,T0008,2025-09-11,USD,24607.49,2216.37,7825.25,24607.49,7825.25
PT005861,T0518,2023-10-10,USD,343687.21,28214.64,94743.22,343687.21,94743.22
PT006106,T0541,2021-06-12,USD,196205.65,14162.1,62173.92,196205.65,62173.92
PT001323,T0119,2024-08-03,USD,41475.8,3445.76,10107.91,41475.8,10107.91
PT005673,T0502,2024-03-05,INR,24507.44568,1305.396,4751.335080000001,24507.44568,4751.335080000001
PT006500,T0574,2024-06-13,EUR,74709.0108,5099.3928000000005,22335.3936,74709.0108,22335.3936
PT000114,T0011,2022-06-04,EUR,156784.62600000002,12574.008000000002,16481.2428,156784.62600000002,16481.2428
PT003914,T0347,2025-05-07,EUR,77677.9632,9175.9392,12901.6476,77677.9632,12901.6476
PT000987,T0089,2026-04-10,USD,88582.45,5680.86,21216.6,88582.45,21216.6
PT007333,T0649,2024-03-01,USD,336774.22,25578.56,99427.49,336774.22,99427.49
PT004844,T0429,2026-06-10,USD,84000.18,8032.04,22084.92,84000.18,22084.92
PT000223,T0020,2025-02-16,USD,363245.55,40202.6,42654.03,363245.55,42654.03
PT005445,T0483,2025-02-20,USD,38196.24,2004.43,2501.49,38196.24,2501.49
PT005599,T0496,2025-05-05,USD,121892.83,13916.04,32505.24,121892.83,32505.24
PT005762,T0509,2023-04-06,USD,107584.35,11429.17,32962.22,107584.35,32962.22
PT001993,T0179,2025-03-11,USD,239867.29,16929.17,61772.5,239867.29,61772.49999999999
PT006844,T0607,2025-07-03,EUR,256165.95600000003,25993.9908,15979.4856,256165.95600000003,15979.4856
PT004132,T0367,2023-01-03,USD,153767.97,9037.38,15560.7,153767.97,15560.700000000003
PT004927,T0436,2025-08-06,USD,143833.62,15790.95,42423.4,143833.62,42423.4
PT005663,T0501,2026-04-27,USD,76078.73,3869.15,18723.02,76078.73,18723.02
PT006731,T0596,2026-02-03,EUR,170332.3728,13556.6784,50448.3876,170332.3728,50448.3876
PT001762,T0159,2021-07-27,EUR,61953.93000000001,4505.598000000001,19508.5152,61953.93000000001,19508.5152
PT004444,T0394,2023-09-01,USD,119799.86,13253.69,6016.89,119799.86,6016.89
PT004264,T0379,2026-01-01,USD,36976.93,3564.76,2763.03,36976.93,2763.03
PT004181,T0371,2022-10-05,USD,56644.81,6315.15,17496.38,56644.81,17496.38
PT004213,T0374,2026-01-11,EUR,83985.1308,9245.4156,19767.877200000003,83985.1308,19767.877200000003
PT004044,T0358,2026-08-30,USD,192784.05,10605.26,46450.02,192784.05,46450.020000000004
PT003457,T0305,2025-01-22,USD,194597.27,17781.41,59078.2,194597.27,59078.19999999999
PT000531,T0046,2026-09-26,EUR,45371.383200000004,4954.8132000000005,7496.4096,6049.522800000001,999.5221127254256
PT005491,T0486,2025-02-11,USD,67621.99,7385.43,5034.98,67621.99,5034.98
PT002591,T0231,2021-08-14,USD,222276.24,13343.45,52763.42,222276.24,52763.42
PT005125,T0455,2024-01-18,USD,111249.39,5920.2,11943.51,111249.39,11943.51
PT003955,T0351,2023-07-15,INR,188542.674,11481.73296,49336.569599999995,188542.674,49336.569599999995
PT007875,T0698,2022-12-14,USD,38307.16,2839.08,9651.25,38307.16,9651.25
PT003631,T0323,2023-10-08,USD,87122.53,10056.82,9355.37,87122.53,9355.37
PT002522,T0224,2026-03-23,USD,417953.99,48966.05,108261.62,417953.99,108261.62
PT005064,T0449,2026-07-07,INR,243818.81988,26199.443160000003,74696.33532,243818.81988,74696.33532
PT003052,T0270,2026-03-26,GBP,69561.3036,4104.1955,20029.830400000003,69561.3036,20029.830400000003
PT006330,T0559,2026-04-29,USD,327613.36,28850.88,38905.51,327613.36,38905.51
PT005971,T0527,2026-07-30,EUR,138141.1476,11759.4504,21881.113200000003,138141.1476,21881.113200000003
PT006619,T0586,2024-04-24,EUR,24059.7972,1420.6968000000002,5402.7324,24059.7972,5402.7324
PT005721,T0506,2021-07-19,EUR,43116.008400000006,4733.4456,10521.5328,43116.008400000006,10521.5328
PT007487,T0663,2024-11-25,EUR,363602.9952,29615.652000000002,25383.618,363602.9952,25383.618
PT006765,T0599,2025-08-05,USD,18411.08,1330.09,4802.26,18411.08,4802.26
PT007611,T0674,2021-05-15,EUR,44131.00320000001,2683.8756000000003,3010.6296,44131.00320000001,3010.6296
PT003205,T0283,2022-10-22,EUR,1310050.6812,90330.444,131798.14560000002,1310050.6812,131798.14560000002
PT005629,T0498,2024-10-23,USD,124266.44,12509.4,30737.92,124266.44,30737.92
PT006158,T0545,2021-08-19,EUR,580308.9696000001,35762.75280000001,179877.95280000003,580308.9696000001,179877.95280000003
PT001780,T0161,2021-03-05,EUR,46175.0976,3918.4128,2984.1696,46175.0976,2984.1696
PT001026,T0093,2023-05-19,USD,88465.05,6576.24,8373.71,88465.05,8373.71
PT003779,T0336,2023-01-05,USD,70274.21,5951.93,11520.11,70274.21,11520.11
PT000082,T0008,2026-04-11,USD,24607.49,2216.37,7825.25,24607.49,7825.25
PT006092,T0539,2026-09-23,USD,311367.34,23344.91,27556.83,72652.38,6429.927059001757
PT002031,T0182,2026-05-28,USD,97280.01,7935.74,7896.02,97280.01,7896.02
PT004055,T0359,2025-02-23,USD,54453.25,6494.14,13962.4,54453.25,13962.4
PT001793,T0162,2025-08-28,USD,147633.93,8096.2,13248.99,147633.93,13248.99
PT006305,T0557,2026-04-14,EUR,89634.4596,7219.9836000000005,28441.5624,89634.4596,28441.5624
PT005573,T0493,2023-01-22,USD,249402.1,26317.88,70481.55,249402.1,70481.55
PT002717,T0242,2024-02-27,USD,219074.17,21806.13,50070.66,219074.17,50070.66
PT003820,T0339,2024-08-08,EUR,39754.141200000005,3422.8764,10382.418000000001,39754.141200000005,10382.418000000001
PT002674,T0238,2023-07-29,USD,34833.41,3472.71,8151.64,34833.41,8151.640000000001
PT005574,T0494,2025-10-04,GBP,81741.6958,7801.1655,19574.5354,81741.6958,19574.5354
PT007708,T0682,2023-01-26,USD,82125.15,4329.69,6520.91,82125.15,6520.91
PT004654,T0413,2025-12-23,GBP,150353.2299,9072.7276,12448.971800000001,150353.2299,12448.971800000001
PT003502,T0310,2025-11-14,USD,160563.84,8827.18,42357.17,160563.84,42357.17
PT002564,T0229,2022-05-01,USD,45460.25,4548.06,11420.08,45460.25,11420.08
PT003403,T0301,2025-08-23,USD,21863.27,1654.41,1490.77,21863.27,1490.77
PT007856,T0696,2024-12-21,USD,195069.96,12102.09,13908.54,195069.96,13908.540000000003
PT001957,T0176,2022-05-13,USD,82816.94,4701.74,15082.28,82816.94,15082.279999999999
PT005726,T0506,2021-12-19,EUR,43116.008400000006,4733.4456,10521.5328,43116.008400000006,10521.5328
PT003870,T0344,2025-09-14,USD,139716.8,8577.56,12618.02,139716.8,12618.02
PT006515,T0576,2021-05-03,USD,39886.88,3832.07,4052.85,39886.88,4052.85
PT004137,T0367,2023-06-03,USD,153767.97,9037.38,15560.7,153767.97,15560.700000000003
PT005801,T0513,2024-11-11,USD,206673.62,13315.27,61875.66,206673.62,61875.66
PT007545,T0668,2025-10-19,INR,95437.28808,11111.225279999999,9710.4072,95437.28808,9710.4072
PT007008,T0621,2021-08-27,EUR,143741.412,8065.332,41830.938,143741.412,41830.938
PT003137,T0278,2022-04-13,USD,182548.19,15677.0,46128.46,182548.19,46128.46
PT000312,T0027,2021-12-18,USD,55736.25,6286.48,5720.62,55736.25,5720.619999999999
PT001632,T0147,2022-11-05,USD,63597.51,5023.72,17822.63,63597.51,17822.63
PT004261,T0378,2026-08-27,INR,30046.83348,1719.18852,7533.345480000001,30046.83348,7533.345480000001
PT002068,T0185,2024-12-19,EUR,395075.1996,35550.8136,26068.4568,395075.1996,26068.4568
PT001427,T0129,2024-10-08,USD,47242.56,2502.85,3933.02,47242.56,3933.0200000000004
PT002003,T0180,2025-01-03,EUR,73219.2912,7137.547200000001,3819.8196000000003,73219.2912,3819.8196000000003
PT004454,T0395,2025-09-20,USD,19261.0,1427.54,2150.01,19261.0,2150.01
PT007731,T0684,2026-01-17,USD,126599.55,11035.73,19786.65,126599.55,19786.65
PT003811,T0339,2023-11-08,EUR,39754.141200000005,3422.8764,10382.418000000001,39754.141200000005,10382.418000000001
PT005467,T0484,2024-11-10,EUR,348075.2304,41002.8588,37837.206,348075.2304,37837.206
PT006376,T0563,2026-05-14,USD,165387.26,8835.02,18149.4,165387.26,18149.4
PT002338,T0209,2025-11-14,USD,68828.83,6856.75,7557.92,68828.83,7557.92
PT005924,T0524,2025-04-26,USD,89971.66,7949.52,28585.0,89971.66,28584.999999999996
PT002441,T0218,2024-01-12,EUR,16666.668,1274.3244000000002,1144.7568,16666.668,1144.7568
PT000129,T0012,2025-05-21,USD,126104.76,10667.19,23959.09,126104.76,23959.09
PT001010,T0091,2024-08-04,USD,235117.14,20306.71,55696.27,235117.14,55696.27
PT001814,T0163,2026-01-03,USD,256698.41,22686.78,13846.37,256698.41,13846.37
PT001291,T0117,2023-01-02,USD,179453.58,17626.49,54848.37,179453.58,54848.37
PT004754,T0421,2023-08-12,USD,94269.31,5440.4,7802.29,94269.31,7802.29
PT005343,T0474,2022-01-19,USD,223220.23,21354.72,64495.84,223220.23,64495.84
PT003874,T0344,2026-01-14,USD,139716.8,8577.56,12618.02,139716.8,12618.02
PT005198,T0462,2024-10-12,GBP,359727.6778,21020.2272,18241.6577,359727.6778,18241.6577
PT002772,T0246,2025-09-10,EUR,290496.06720000005,31914.324,82716.1632,290496.06720000005,82716.1632
PT000202,T0018,2026-03-16,USD,657952.79,37732.66,48584.13,657952.79,48584.13
PT007122,T0632,2023-01-15,USD,74592.96,4667.86,8593.77,74592.96,8593.77
PT007812,T0692,2024-09-11,EUR,88247.502,10282.9284,8868.3228,88247.502,8868.3228
PT005518,T0489,2022-11-29,EUR,275215.3092,27767.448,19233.320400000004,275215.3092,19233.320400000008
PT007410,T0656,2022-08-30,USD,104895.23,10394.92,18702.49,104895.23,18702.49
PT000955,T0086,2024-05-16,USD,160730.09,17511.68,29798.1,160730.09,29798.1
PT002419,T0216,2024-01-28,USD,61875.35,3459.68,11119.3,61875.35,11119.300000000001
PT004021,T0356,2026-04-18,USD,244134.22,14746.53,40828.59,244134.22,40828.590000000004
PT000830,T0076,2023-12-12,EUR,123607.28520000001,11880.2376,20576.052000000003,123607.28520000001,20576.052000000003
PT002362,T0211,2024-11-13,USD,65590.84,4581.66,14503.36,65590.84,14503.36
PT007136,T0633,2025-11-01,USD,101645.68,10260.41,6933.47,101645.68,6933.47
PT004690,T0416,2022-06-30,USD,31871.84,3672.14,3261.3,31871.84,3261.3
PT003908,T0347,2024-11-07,EUR,77677.9632,9175.9392,12901.6476,77677.9632,12901.6476
PT000971,T0087,2026-03-20,USD,135638.47,10215.2,11115.34,135638.47,11115.34
PT000203,T0018,2026-04-16,USD,657952.79,37732.66,48584.13,657952.79,48584.13
PT005822,T0514,2021-12-06,USD,94523.62,8172.93,18853.85,94523.62,18853.85
PT000983,T0088,2022-06-26,USD,58920.03,3848.02,9302.07,58920.03,9302.070000000002
PT003697,T0329,2025-04-20,USD,84586.82,7675.4,26351.14,84586.82,26351.14
PT003319,T0293,2021-07-05,EUR,192820.824,13627.213200000002,59421.9672,192820.824,59421.9672
PT006408,T0566,2023-02-08,EUR,166501.25639999998,11438.031600000002,29756.030400000003,166501.25639999998,29756.030400000003
PT004913,T0435,2023-05-26,USD,110380.5,6058.64,28401.07,110380.5,28401.069999999996
PT002381,T0212,2025-11-03,EUR,307665.0648,18765.043200000004,35054.337600000006,307665.0648,35054.3376
PT002487,T0221,2025-07-24,USD,139529.4,11332.89,36862.29,139529.4,36862.29
PT006612,T0585,2025-11-22,EUR,85540.2984,5655.474,21828.1608,85540.2984,21828.1608
PT005959,T0526,2025-10-04,EUR,105851.17800000001,8946.018000000002,6464.026800000001,105851.17800000001,6464.026800000001
PT003098,T0274,2023-10-23,EUR,55059.2316,5843.221200000001,6037.3836,55059.2316,6037.3836
PT007292,T0646,2025-10-02,EUR,167525.4204,10216.972800000001,31253.644800000002,167525.4204,31253.644800000002
PT003090,T0274,2023-02-23,EUR,55059.2316,5843.221200000001,6037.3836,55059.2316,6037.3836
PT001188,T0108,2022-03-14,USD,293289.08,30048.84,29954.78,293289.08,29954.78
PT004448,T0395,2025-03-20,USD,19261.0,1427.54,2150.01,19261.0,2150.01
PT003920,T0348,2024-07-08,USD,53506.37,6190.83,14710.6,53506.37,14710.6
PT005852,T0518,2023-01-10,USD,343687.21,28214.64,94743.22,343687.21,94743.22
PT001596,T0144,2023-02-05,USD,264856.71,13851.13,59316.25,264856.71,59316.25
PT004093,T0363,2023-03-12,EUR,506046.16080000007,51150.009600000005,41690.16,506046.16080000007,41690.16
PT000043,T0005,2026-03-11,USD,64093.86,3436.46,15371.02,64093.86,15371.02
PT003348,T0296,2023-01-08,USD,82085.09,6786.2,22829.89,82085.09,22829.89
PT007285,T0645,2023-11-17,EUR,68156.4672,6114.852,4598.1756,68156.4672,4598.1756
PT005169,T0458,2021-12-17,USD,84272.84,8772.44,22733.1,84272.84,22733.1
PT001274,T0115,2026-08-21,USD,74452.3,4413.38,17273.76,74452.3,17273.76
PT002183,T0195,2024-07-03,INR,179770.57908,11337.47376,42695.114160000005,179770.57908,42695.114160000005
PT000575,T0051,2026-02-01,USD,177057.15,18044.43,21105.61,177057.15,21105.61
PT001921,T0172,2026-06-02,EUR,55883.6604,3661.5888000000004,17172.972,55883.6604,17172.971999999998
PT007448,T0659,2023-06-10,EUR,40187.89080000001,3675.8988000000004,4231.8936,40187.89080000001,4231.893600000001
PT000857,T0078,2024-06-08,INR,430842.1026,42062.82,77098.71012,430842.1026,77098.71012
PT005943,T0525,2023-08-25,USD,488093.4,37210.4,132027.91,488093.4,132027.91
PT001809,T0163,2025-08-03,USD,256698.41,22686.78,13846.37,256698.41,13846.37
PT002621,T0234,2025-10-13,USD,59490.81,3553.41,14719.49,59490.81,14719.49
PT004915,T0435,2023-07-26,USD,110380.5,6058.64,28401.07,110380.5,28401.069999999996
PT005995,T0529,2026-06-23,USD,931509.25,110697.38,57160.07,931509.25,57160.07
PT001847,T0166,2026-06-14,USD,31177.28,1715.7,9235.49,31177.28,9235.49
PT004972,T0440,2024-05-24,USD,108262.16,6801.01,10566.85,108262.16,10566.85
PT004035,T0358,2025-11-30,USD,192784.05,10605.26,46450.02,192784.05,46450.020000000004
PT004200,T0372,2025-11-07,EUR,628503.0408000001,67276.9476,48468.585600000006,628503.0408000001,48468.585600000006
PT007306,T0647,2023-02-28,USD,197134.2,16814.11,18042.62,197134.2,18042.62
PT002459,T0219,2023-03-08,USD,29945.05,3434.69,4499.22,29945.05,4499.22
PT004890,T0433,2024-12-07,USD,50396.95,2574.16,15116.39,50396.95,15116.39
PT004701,T0417,2024-08-06,EUR,489681.64440000005,51774.23880000001,26376.289200000003,489681.64440000005,26376.289200000003
PT000989,T0089,2026-06-10,USD,88582.45,5680.86,21216.6,88582.45,21216.6
PT005330,T0473,2024-09-06,GBP,141269.593,10608.1957,15021.1409,141269.593,15021.1409
PT007131,T0632,2023-10-15,USD,74592.96,4667.86,8593.77,74592.96,8593.77
PT001434,T0130,2023-03-31,USD,79586.62,4046.47,4078.84,79586.62,4078.8400000000006
PT004481,T0398,2025-06-17,EUR,103972.0644,10384.0704,25326.4752,103972.0644,25326.4752
PT004990,T0442,2026-05-25,USD,267250.86,28353.24,19939.36,267250.86,19939.36
PT004153,T0368,2024-06-08,GBP,92688.85450000002,6537.9219,28605.8102,92688.85450000002,28605.8102
PT000712,T0065,2023-11-27,INR,101871.05219999999,8900.35176,5778.8052,101871.05219999999,5778.8052
PT002373,T0212,2025-03-03,EUR,307665.0648,18765.043200000004,35054.337600000006,307665.0648,35054.3376
PT003851,T0342,2022-07-06,EUR,239849.86680000002,24176.772000000004,64602.87840000001,239849.86680000002,64602.8784
PT004452,T0395,2025-07-20,USD,19261.0,1427.54,2150.01,19261.0,2150.01
PT003566,T0316,2022-05-29,USD,90076.31,4710.36,25250.23,90076.31,25250.23
PT005939,T0525,2023-04-25,USD,488093.4,37210.4,132027.91,488093.4,132027.91
PT001019,T0092,2026-07-01,EUR,40410.9648,4796.6688,2665.4184,40410.9648,2665.4184
PT003888,T0345,2023-05-15,EUR,61659.954000000005,5983.5456,17745.1452,61659.954000000005,17745.1452
PT007521,T0666,2024-02-07,GBP,188814.9767,22129.419800000003,13247.827200000002,188814.9767,13247.827200000002
PT003297,T0291,2025-03-11,USD,241151.35,21511.67,17898.27,241151.35,17898.27
PT002964,T0263,2026-05-30,EUR,41629.4532,2296.2744,2829.438,41629.4532,2829.438
PT004404,T0391,2026-01-02,INR,42407.88792,4775.13876,4598.97048,42407.88792,4598.97048
PT003462,T0306,2026-06-17,USD,173914.37,19838.91,17363.62,173914.37,17363.62
PT004910,T0435,2023-02-26,USD,110380.5,6058.64,28401.07,110380.5,28401.069999999996
PT004138,T0367,2023-07-03,USD,153767.97,9037.38,15560.7,153767.97,15560.700000000003
PT006150,T0544,2021-10-01,USD,527092.34,62504.8,117398.4,527092.34,117398.4
PT005502,T0487,2025-11-27,USD,124090.11,7159.15,8210.18,124090.11,8210.18
PT006160,T0545,2021-10-19,EUR,580308.9696000001,35762.75280000001,179877.95280000003,580308.9696000001,179877.95280000003
PT001682,T0152,2026-08-05,GBP,352589.84599999996,25397.129800000002,40574.010800000004,352589.84599999996,40574.0108
PT004979,T0440,2024-12-24,USD,108262.16,6801.01,10566.85,108262.16,10566.85
PT001970,T0177,2022-07-13,USD,42468.93,2572.32,3217.72,42468.93,3217.72
PT004795,T0425,2022-03-25,USD,112754.78,7016.49,32364.73,112754.78,32364.73
PT006386,T0564,2026-01-15,INR,282193.533,26532.87252,25219.656720000003,282193.533,25219.656720000003
PT006064,T0536,2025-12-08,USD,182296.07,13374.97,19208.55,182296.07,19208.55
PT002052,T0184,2025-10-28,EUR,89497.73160000001,7562.4408,10029.582,89497.73160000001,10029.582
PT007183,T0637,2025-05-03,USD,18095.48,1199.29,2932.54,18095.48,2932.54
PT004312,T0383,2022-06-21,USD,235819.9,15513.8,75436.23,235819.9,75436.23
PT002147,T0192,2025-01-25,USD,192417.02,18278.9,51344.66,192417.02,51344.659999999996
PT002323,T0207,2023-02-28,EUR,227969.78040000002,12809.7936,53494.18200000001,227969.78040000002,53494.18200000001
PT002697,T0240,2024-01-21,EUR,173417.2092,14488.243200000003,20400.9408,173417.2092,20400.9408
PT002483,T0221,2025-03-24,USD,139529.4,11332.89,36862.29,139529.4,36862.29
PT001371,T0124,2025-12-23,USD,242444.09,21410.19,46045.57,242444.09,46045.57
PT001567,T0142,2023-08-21,EUR,60970.94640000001,5159.484,16900.8444,60970.94640000001,16900.8444
PT003597,T0320,2026-05-25,USD,61871.23,6125.3,6804.08,61871.23,6804.08
PT003772,T0335,2024-11-08,USD,98458.37,7177.81,22103.33,98458.37,22103.329999999998
PT004355,T0386,2024-10-25,EUR,195757.722,15492.643200000002,44076.4092,195757.722,44076.4092
PT001517,T0138,2025-12-12,USD,162801.26,9812.36,8622.64,162801.26,8622.64
PT003994,T0354,2022-11-13,USD,283479.26,27441.07,31130.81,283479.26,31130.81
PT005863,T0518,2023-12-10,USD,343687.21,28214.64,94743.22,343687.21,94743.22
PT002187,T0195,2024-11-03,INR,179770.57908,11337.47376,42695.114160000005,179770.57908,42695.114160000005
PT003309,T0292,2022-07-17,EUR,88983.306,8492.310000000001,7545.4632,88983.306,7545.463199999999
PT003732,T0332,2021-08-24,EUR,113857.1208,7181.222400000001,7513.4952,113857.1208,7513.495200000001
PT005252,T0466,2023-04-29,USD,152351.64,16896.07,11898.55,152351.64,11898.55
PT001038,T0095,2025-09-29,USD,99203.62,11090.75,23356.73,99203.62,23356.73
PT002438,T0217,2022-03-01,EUR,119116.5372,6719.2632,35283.1896,119116.5372,35283.1896
PT003000,T0266,2022-11-02,USD,161795.9,11720.64,49999.11,161795.9,49999.11
PT001511,T0137,2023-12-01,USD,94166.78,10920.36,7485.28,94166.78,7485.28
PT000412,T0036,2023-04-07,USD,218838.27,22255.99,55726.7,218838.27,55726.7
PT006426,T0567,2025-06-16,INR,85901.69076000001,7489.983480000001,24422.53512,85901.69076000001,24422.53512
PT006220,T0550,2025-10-19,USD,70481.65,5886.74,19550.06,70481.65,19550.06
PT004076,T0361,2021-09-20,USD,55805.28,6687.45,12734.32,55805.28,12734.32
PT001302,T0118,2024-05-19,USD,296970.76,29038.15,17656.57,296970.76,17656.57
PT003260,T0288,2025-04-01,USD,84838.55,5754.94,10102.78,84838.55,10102.78
PT005393,T0478,2023-07-04,USD,95633.43,6439.71,29130.43,95633.43,29130.43
PT001318,T0119,2024-03-03,USD,41475.8,3445.76,10107.91,41475.8,10107.91
PT003317,T0293,2021-05-05,EUR,192820.824,13627.213200000002,59421.9672,192820.824,59421.9672
PT000778,T0071,2025-01-03,EUR,115616.41920000002,13352.299200000001,32907.7944,115616.41920000002,32907.7944
PT006586,T0583,2026-06-06,GBP,62703.9513,6349.8857,6039.8405999999995,62703.9513,6039.8405999999995
PT007267,T0644,2024-12-30,USD,74853.06,4125.74,14760.53,74853.06,14760.530000000002
PT004672,T0414,2025-09-15,USD,62180.47,4664.26,19590.88,62180.47,19590.88
PT004855,T0430,2023-11-15,USD,229479.12,21235.7,21781.06,229479.12,21781.06
PT002368,T0211,2025-05-13,USD,65590.84,4581.66,14503.36,65590.84,14503.36
PT002477,T0221,2024-09-24,USD,139529.4,11332.89,36862.29,139529.4,36862.29
PT004891,T0433,2025-01-07,USD,50396.95,2574.16,15116.39,50396.95,15116.39
PT005414,T0480,2023-07-11,EUR,58485.564000000006,6355.724400000001,3231.6948,58485.564000000006,3231.6948
PT004170,T0370,2024-12-03,EUR,159513.6348,10488.2904,12373.2252,159513.6348,12373.2252
PT000026,T0003,2021-10-09,EUR,97996.662,8045.362800000001,28282.7808,97996.662,28282.7808
PT003393,T0300,2025-04-24,USD,323465.09,23267.74,58876.71,323465.09,58876.71
PT001409,T0127,2024-10-05,USD,387593.45,24881.69,43903.99,387593.45,43903.99
PT005223,T0464,2022-09-03,USD,497387.85,39696.85,158870.18,497387.85,158870.18
PT001140,T0103,2026-02-10,EUR,115390.602,7449.6024,13799.0412,115390.602,13799.0412
PT000506,T0044,2022-10-13,USD,167426.07,10739.74,38489.99,167426.07,38489.99
PT001561,T0141,2025-04-12,USD,354720.62,34491.93,91937.83,354720.62,91937.83
PT006195,T0548,2021-07-26,USD,48588.3,3167.63,14186.25,48588.3,14186.25
PT001121,T0101,2024-11-29,USD,186388.62,11823.47,42085.53,186388.62,42085.53
PT007661,T0678,2024-01-07,INR,224001.48768000002,17874.34272,35929.5258,224001.48768000002,35929.5258
PT004683,T0415,2024-01-14,INR,213883.13232,22951.61244,12627.97956,213883.13232,12627.97956
PT000602,T0055,2026-05-21,USD,77397.09,6627.16,19862.69,77397.09,19862.69
PT004708,T0417,2025-03-06,EUR,489681.64440000005,51774.23880000001,26376.289200000003,489681.64440000005,26376.289200000003
PT003942,T0350,2024-07-08,INR,149296.48992,17062.75764,39918.414000000004,149296.48992,39918.414000000004
PT005186,T0460,2024-08-01,EUR,217483.974,12521.887200000001,25337.404800000004,217483.974,25337.404800000008
PT002738,T0244,2025-10-21,USD,154510.56,14102.76,36427.43,154510.56,36427.43
PT005632,T0498,2025-01-23,USD,124266.44,12509.4,30737.92,124266.44,30737.92
PT003852,T0342,2022-08-06,EUR,239849.86680000002,24176.772000000004,64602.87840000001,239849.86680000002,64602.8784
PT005505,T0488,2025-11-11,USD,499574.73,38234.1,42785.9,499574.73,42785.9
PT000349,T0031,2023-07-31,INR,94728.91752,7498.9944,27454.237559999998,94728.91752,27454.237559999998
PT004982,T0441,2026-04-26,USD,106504.94,7112.19,6390.39,106504.94,6390.39
PT007284,T0645,2023-10-17,EUR,68156.4672,6114.852,4598.1756,68156.4672,4598.1756
PT004879,T0432,2023-11-06,INR,167532.65232,10519.53228,15183.229440000001,167532.65232,15183.229440000001
PT007475,T0661,2026-09-06,EUR,132803.9496,15695.672400000001,15396.382800000001,106243.164,12317.106740831294
PT006508,T0575,2025-09-23,USD,30879.36,2238.49,3206.94,30879.36,3206.94
PT000630,T0057,2026-07-30,EUR,28573.7868,3249.4932000000003,7072.444800000001,28573.7868,7072.444800000001
PT006637,T0587,2024-09-27,EUR,85837.42800000001,9604.753200000001,15158.664,85837.42800000001,15158.664
PT002549,T0227,2026-02-28,USD,77943.55,5951.59,22770.19,77943.55,22770.19
PT006812,T0603,2025-09-01,INR,147474.89952,13389.94416,16776.68472,147474.89952,16776.68472
PT000409,T0036,2023-01-07,USD,218838.27,22255.99,55726.7,218838.27,55726.7
PT003392,T0300,2025-03-24,USD,323465.09,23267.74,58876.71,323465.09,58876.71
PT000165,T0015,2024-12-21,USD,205901.52,16755.69,56745.83,205901.52,56745.83
PT007463,T0660,2026-09-17,USD,144045.95,10305.83,16655.64,62419.91,7217.443807287882
PT002337,T0208,2025-11-25,USD,177433.96,9587.12,56726.86,177433.96,56726.86
PT004050,T0359,2024-09-23,USD,54453.25,6494.14,13962.4,54453.25,13962.4
PT007129,T0632,2023-08-15,USD,74592.96,4667.86,8593.77,74592.96,8593.77
PT006066,T0536,2026-02-08,USD,182296.07,13374.97,19208.55,182296.07,19208.55
PT006069,T0536,2026-05-08,USD,182296.07,13374.97,19208.55,182296.07,19208.55
PT002427,T0216,2024-09-28,USD,61875.35,3459.68,11119.3,61875.35,11119.300000000001
PT001088,T0099,2025-12-30,USD,81331.03,7301.23,6880.77,81331.03,6880.77
PT005819,T0514,2021-09-06,USD,94523.62,8172.93,18853.85,94523.62,18853.85
PT005282,T0469,2024-05-05,USD,25087.82,2721.06,1601.7,25087.82,1601.7
PT003771,T0335,2024-10-08,USD,98458.37,7177.81,22103.33,98458.37,22103.329999999998
PT006418,T0567,2024-10-16,INR,85901.69076000001,7489.983480000001,24422.53512,85901.69076000001,24422.53512
PT005964,T0527,2025-12-30,EUR,138141.1476,11759.4504,21881.113200000003,138141.1476,21881.113200000003
PT005851,T0517,2024-12-14,EUR,33855.3648,1832.0904000000003,10447.682400000002,33855.3648,10447.682400000002
PT004391,T0390,2022-12-21,INR,167386.02156000002,9018.33108,26944.99956,167386.02156000002,26944.99956
PT005062,T0449,2026-05-07,INR,243818.81988,26199.443160000003,74696.33532,243818.81988,74696.33532
PT005919,T0523,2026-05-10,EUR,120468.13560000001,11444.7384,13696.128,120468.13560000001,13696.128
PT007459,T0660,2026-05-17,USD,144045.95,10305.83,16655.64,144045.95,16655.64
PT002915,T0259,2025-07-04,EUR,629069.7384,33598.9728,145226.19600000003,629069.7384,145226.19600000003
PT002861,T0254,2024-04-21,USD,109602.92,8849.87,32804.38,109602.92,32804.38
PT002364,T0211,2025-01-13,USD,65590.84,4581.66,14503.36,65590.84,14503.36
PT004625,T0410,2022-08-29,USD,285909.27,28239.09,18626.41,285909.27,18626.41
PT003882,T0345,2022-11-15,EUR,61659.954000000005,5983.5456,17745.1452,61659.954000000005,17745.1452
PT006065,T0536,2026-01-08,USD,182296.07,13374.97,19208.55,182296.07,19208.55
PT004124,T0366,2024-12-09,USD,244109.16,19467.39,14871.27,244109.16,14871.27
PT006531,T0577,2026-01-05,EUR,556353.9324,66476.30040000001,138128.814,556353.9324,138128.814
PT005770,T0510,2023-01-08,USD,93349.78,5357.56,21604.83,93349.78,21604.83
PT000275,T0024,2026-03-11,USD,146627.78,16084.29,14224.79,146627.78,14224.79
PT001073,T0097,2025-12-26,EUR,42736.9392,4385.8584,3535.3692,42736.9392,3535.3692
PT005171,T0459,2025-05-19,USD,58540.51,3583.8,6023.75,58540.51,6023.75
PT006375,T0563,2026-04-14,USD,165387.26,8835.02,18149.4,165387.26,18149.4
PT000676,T0062,2026-04-03,USD,53697.94,5657.17,16823.03,53697.94,16823.03
PT007127,T0632,2023-06-15,USD,74592.96,4667.86,8593.77,74592.96,8593.77
PT003383,T0299,2024-10-03,INR,117914.23776,12469.744920000001,7491.914040000001,117914.23776,7491.914040000001
PT006905,T0612,2022-07-15,USD,251024.5,16010.59,17141.95,251024.5,17141.95
PT003705,T0330,2024-06-30,USD,30616.55,3130.91,3198.85,30616.55,3198.85
PT000586,T0052,2026-09-15,USD,63690.42,5137.22,17977.95,31845.21,8988.975
PT000838,T0076,2024-08-12,EUR,123607.28520000001,11880.2376,20576.052000000003,123607.28520000001,20576.052000000003
PT004807,T0426,2024-02-06,USD,65750.67,3877.41,14588.43,65750.67,14588.43
PT004400,T0391,2025-09-02,INR,42407.88792,4775.13876,4598.97048,42407.88792,4598.97048
PT002616,T0233,2025-08-05,USD,205917.56,21692.47,11670.32,205917.56,11670.32
PT005347,T0474,2022-05-19,USD,223220.23,21354.72,64495.84,223220.23,64495.84
PT002966,T0263,2026-07-30,EUR,41629.4532,2296.2744,2829.438,41629.4532,2829.438
PT001438,T0130,2023-07-31,USD,79586.62,4046.47,4078.84,79586.62,4078.8400000000006
PT001554,T0141,2024-09-12,USD,354720.62,34491.93,91937.83,354720.62,91937.83
PT000817,T0074,2026-05-17,USD,349428.89,31581.48,25394.94,349428.89,25394.940000000002
PT001244,T0112,2023-09-01,USD,73860.72,8579.69,3852.76,73860.72,3852.7600000000007
PT004313,T0383,2022-07-21,USD,235819.9,15513.8,75436.23,235819.9,75436.23
PT005054,T0448,2025-03-01,EUR,69358.3668,6222.722400000001,5298.2532,69358.3668,5298.2532
PT000303,T0027,2021-03-18,USD,55736.25,6286.48,5720.62,55736.25,5720.619999999999
PT002620,T0234,2025-09-13,USD,59490.81,3553.41,14719.49,59490.81,14719.49
PT007523,T0666,2024-04-07,GBP,188814.9767,22129.419800000003,13247.827200000002,188814.9767,13247.827200000002
PT002679,T0238,2023-12-29,USD,34833.41,3472.71,8151.64,34833.41,8151.640000000001
PT003937,T0349,2022-06-19,USD,227434.56,21696.32,56063.1,227434.56,56063.1
PT003163,T0280,2025-03-29,USD,59622.21,3905.8,18841.97,59622.21,18841.97
PT001064,T0097,2025-03-26,EUR,42736.9392,4385.8584,3535.3692,42736.9392,3535.3692
PT000873,T0079,2025-10-24,USD,21059.12,1885.96,2348.38,21059.12,2348.38
PT002820,T0251,2023-04-10,EUR,184514.814,12427.646400000001,55753.23960000001,184514.814,55753.23960000001
PT006532,T0577,2026-02-05,EUR,556353.9324,66476.30040000001,138128.814,556353.9324,138128.814
PT000953,T0086,2024-03-16,USD,160730.09,17511.68,29798.1,160730.09,29798.1
PT000160,T0015,2024-07-21,USD,205901.52,16755.69,56745.83,205901.52,56745.83
PT007100,T0630,2022-08-06,USD,82243.7,5508.43,6925.59,82243.7,6925.59
PT000924,T0083,2023-05-12,INR,219213.34488,20960.49228,68993.45004,219213.34488,68993.45004
PT002771,T0246,2025-08-10,EUR,290496.06720000005,31914.324,82716.1632,290496.06720000005,82716.1632
PT004156,T0369,2024-02-11,USD,179253.01,13824.9,48744.52,179253.01,48744.52
PT007196,T0638,2024-11-20,USD,92930.78,5137.75,18422.03,92930.78,18422.03
PT007847,T0695,2025-10-05,EUR,119687.00400000002,6741.154800000001,30968.071200000002,119687.00400000002,30968.071200000002
PT004335,T0385,2025-02-23,USD,378653.5,24852.01,94448.41,378653.5,94448.40999999999
PT001976,T0177,2023-01-13,USD,42468.93,2572.32,3217.72,42468.93,3217.72
PT004120,T0366,2024-08-09,USD,244109.16,19467.39,14871.27,244109.16,14871.27
PT007706,T0682,2022-11-26,USD,82125.15,4329.69,6520.91,82125.15,6520.91
PT004780,T0423,2026-06-23,USD,320347.69,24300.72,22697.03,320347.69,22697.03
PT003736,T0332,2021-12-24,EUR,113857.1208,7181.222400000001,7513.4952,113857.1208,7513.495200000001
PT002395,T0214,2024-07-13,USD,132904.93,12353.82,24281.1,132904.93,24281.1
PT006940,T0615,2021-04-10,EUR,261355.62600000002,15806.3292,74724.1092,261355.62600000002,74724.1092
PT003604,T0321,2024-12-11,USD,161742.36,8935.38,39083.25,161742.36,39083.25
PT007741,T0685,2025-08-28,EUR,202084.092,18129.711600000002,57382.516800000005,202084.092,57382.51680000001
PT002057,T0184,2026-03-28,EUR,89497.73160000001,7562.4408,10029.582,89497.73160000001,10029.582
PT004325,T0384,2023-04-23,EUR,184044.4092,13093.574400000001,51581.0376,184044.4092,51581.0376
PT000490,T0043,2024-03-23,EUR,159170.2164,12161.3076,18380.4552,159170.2164,18380.4552
PT007422,T0657,2024-08-11,USD,134067.74,14448.71,21246.07,134067.74,21246.07
PT003714,T0331,2023-11-26,USD,70372.5,4784.72,16632.04,70372.5,16632.04
PT004926,T0436,2025-07-06,USD,143833.62,15790.95,42423.4,143833.62,42423.4
PT005847,T0517,2024-08-14,EUR,33855.3648,1832.0904000000003,10447.682400000002,33855.3648,10447.682400000002
PT000386,T0034,2023-03-25,USD,32386.44,3553.96,3545.04,32386.44,3545.04
PT003489,T0309,2021-02-15,EUR,34205.662800000006,2846.2212,1790.4564,34205.662800000006,1790.4564
PT002284,T0204,2025-09-18,USD,117742.81,9445.05,29681.04,117742.81,29681.04
PT004112,T0365,2025-10-13,EUR,216122.6988,24557.6124,17069.184,216122.6988,17069.184
PT001825,T0164,2024-12-26,EUR,118000.67040000002,11559.942000000001,18005.4252,118000.67040000002,18005.4252
PT004366,T0387,2023-10-07,USD,35087.28,3137.78,9668.7,35087.28,9668.7
PT005485,T0486,2024-08-11,USD,67621.99,7385.43,5034.98,67621.99,5034.98
PT004420,T0392,2022-04-25,USD,313220.46,37393.51,79080.4,313220.46,79080.4
PT001589,T0144,2022-07-05,USD,264856.71,13851.13,59316.25,264856.71,59316.25
PT003349,T0296,2023-02-08,USD,82085.09,6786.2,22829.89,82085.09,22829.89
PT007695,T0681,2026-07-08,USD,137611.6,11597.82,7220.88,137611.6,7220.88
PT001752,T0158,2025-12-23,USD,48036.85,4454.77,5670.51,48036.85,5670.51
PT005247,T0466,2022-11-29,USD,152351.64,16896.07,11898.55,152351.64,11898.55
PT005401,T0479,2025-12-06,GBP,43783.5294,3677.285,2636.4438,43783.5294,2636.4438
PT001232,T0111,2023-04-08,EUR,108136.9548,10391.274,20384.8596,108136.9548,20384.8596
PT004090,T0363,2022-12-12,EUR,506046.16080000007,51150.009600000005,41690.16,506046.16080000007,41690.16
PT005889,T0521,2024-11-03,USD,192812.14,14528.12,42703.02,192812.14,42703.02
PT005366,T0476,2022-02-15,EUR,67957.92,6304.2083999999995,6820.394400000001,67957.92,6820.394400000001
PT003161,T0280,2025-01-29,USD,59622.21,3905.8,18841.97,59622.21,18841.97
PT000964,T0087,2025-08-20,USD,135638.47,10215.2,11115.34,135638.47,11115.34
PT004594,T0408,2025-11-01,USD,162808.34,14928.65,46526.66,162808.34,46526.66
PT000353,T0031,2023-11-30,INR,94728.91752,7498.9944,27454.237559999998,94728.91752,27454.237559999998
PT001839,T0165,2024-07-31,EUR,92710.656,8543.134800000002,7004.599200000001,92710.656,7004.599200000001
PT003946,T0350,2024-11-08,INR,149296.48992,17062.75764,39918.414000000004,149296.48992,39918.414000000004
PT006461,T0570,2024-01-11,INR,240383.36148,16815.70752,64621.10256,240383.36148,64621.10256
PT000002,T0001,2024-06-15,USD,239587.15,17252.86,24767.86,239587.15,24767.86
PT007090,T0629,2024-11-23,USD,41059.38,2503.05,4225.65,41059.38,4225.65
PT004382,T0389,2026-06-29,USD,291540.12,25853.3,20838.81,291540.12,20838.81
PT007729,T0684,2025-11-17,USD,126599.55,11035.73,19786.65,126599.55,19786.65
PT005743,T0508,2025-03-23,USD,44656.27,4798.38,5261.57,44656.27,5261.57
PT000784,T0071,2025-07-03,EUR,115616.41920000002,13352.299200000001,32907.7944,115616.41920000002,32907.7944
PT006513,T0575,2026-02-23,USD,30879.36,2238.49,3206.94,30879.36,3206.94
PT005034,T0446,2026-08-24,USD,88269.93,6580.64,6268.7,88269.93,6268.700000000001
PT002397,T0214,2024-09-13,USD,132904.93,12353.82,24281.1,132904.93,24281.1
PT006490,T0574,2023-08-13,EUR,74709.0108,5099.3928000000005,22335.3936,74709.0108,22335.3936
PT000069,T0007,2026-02-19,USD,57256.0,3081.23,13701.6,57256.0,13701.6
PT000404,T0036,2022-08-07,USD,218838.27,22255.99,55726.7,218838.27,55726.7
PT003435,T0303,2025-09-18,USD,30881.94,2451.29,1935.39,30881.94,1935.39
PT004894,T0433,2025-04-07,USD,50396.95,2574.16,15116.39,50396.95,15116.39
PT007203,T0638,2025-06-20,USD,92930.78,5137.75,18422.03,92930.78,18422.03
PT006120,T0542,2021-04-29,USD,73713.82,5705.23,22902.55,73713.82,22902.55
PT004274,T0380,2021-04-21,EUR,169775.298,17119.468800000002,11280.923999999999,169775.298,11280.923999999999
PT005050,T0448,2024-11-01,EUR,69358.3668,6222.722400000001,5298.2532,69358.3668,5298.2532
PT003429,T0303,2025-03-18,USD,30881.94,2451.29,1935.39,30881.94,1935.39
PT002140,T0191,2022-12-14,USD,125958.71,6581.4,25109.52,125958.71,25109.52
PT001201,T0109,2022-06-23,USD,105427.91,10274.8,7092.21,105427.91,7092.21
PT006073,T0537,2026-06-04,USD,79323.94,8994.41,14174.8,79323.94,14174.799999999997
PT002916,T0259,2025-08-04,EUR,629069.7384,33598.9728,145226.19600000003,629069.7384,145226.19600000003
PT002301,T0205,2024-08-07,USD,189934.44,17759.27,44138.05,189934.44,44138.05
PT001757,T0159,2021-02-27,EUR,61953.93000000001,4505.598000000001,19508.5152,61953.93000000001,19508.5152
PT003487,T0308,2024-04-03,USD,78800.94,6297.77,7973.06,78800.94,7973.06
PT001578,T0143,2025-04-15,USD,122124.19,7498.42,12206.44,122124.19,12206.44
PT002720,T0242,2024-05-27,USD,219074.17,21806.13,50070.66,219074.17,50070.66
PT002242,T0200,2025-09-30,USD,942775.26,59269.05,63291.85,942775.26,63291.85
PT007001,T0620,2026-07-17,USD,91719.89,8938.15,25809.48,91719.89,25809.48
PT002775,T0247,2023-02-14,GBP,132705.2591,8518.017,21808.4146,132705.2591,21808.4146
PT001508,T0137,2023-09-01,USD,94166.78,10920.36,7485.28,94166.78,7485.28
PT005594,T0495,2026-03-11,INR,274657.55663999997,20293.545000000002,30613.89408,274657.55663999997,30613.89408
PT003750,T0334,2023-03-28,USD,119582.26,13029.32,20217.47,119582.26,20217.47
PT002494,T0222,2025-07-24,EUR,87822.5436,8147.044800000001,16989.6744,87822.5436,16989.6744
PT000539,T0047,2022-08-30,USD,89508.76,9237.4,6801.56,89508.76,6801.5599999999995
PT001331,T0121,2024-01-03,USD,276582.4,16816.16,72794.98,276582.4,72794.98
PT002304,T0206,2022-03-14,INR,71880.93324,6359.81928,19616.58984,71880.93324,19616.589839999997
PT002500,T0223,2022-03-23,USD,86406.57,9879.39,7064.0,86406.57,7064.0
PT001613,T0146,2026-02-04,EUR,137711.26440000001,7794.997200000001,14659.0776,137711.26440000001,14659.0776
PT001489,T0135,2026-08-03,EUR,70893.3708,4966.8984,6956.5824,70893.3708,6956.5824
PT002019,T0181,2024-11-27,USD,69970.88,6168.94,22359.58,69970.88,22359.58
PT001745,T0158,2025-05-23,USD,48036.85,4454.77,5670.51,48036.85,5670.51
PT007234,T0641,2022-12-13,USD,59408.06,7018.04,15060.22,59408.06,15060.22
PT006447,T0569,2023-10-16,USD,252654.55,20173.13,74045.68,252654.55,74045.68
PT007309,T0647,2023-05-29,USD,197134.2,16814.11,18042.62,197134.2,18042.62
PT007872,T0698,2022-09-14,USD,38307.16,2839.08,9651.25,38307.16,9651.25
PT005045,T0447,2026-03-24,EUR,429256.476,30428.352000000003,123914.50200000001,429256.476,123914.50200000001
PT004607,T0409,2025-10-01,EUR,55098.7488,3972.5532000000003,16995.204,55098.7488,16995.204
PT001394,T0126,2023-11-24,USD,67627.15,4116.99,6135.2,67627.15,6135.2
PT001509,T0137,2023-10-01,USD,94166.78,10920.36,7485.28,94166.78,7485.28
PT001195,T0108,2022-10-14,USD,293289.08,30048.84,29954.78,293289.08,29954.78
PT006947,T0615,2021-11-10,EUR,261355.62600000002,15806.3292,74724.1092,261355.62600000002,74724.1092
PT005428,T0481,2023-04-01,USD,87754.02,9506.11,10306.4,87754.02,10306.4
PT005406,T0479,2026-05-06,GBP,43783.5294,3677.285,2636.4438,43783.5294,2636.4438
PT007717,T0683,2026-01-20,USD,91024.39,4803.71,4908.81,91024.39,4908.81
PT007184,T0637,2025-06-03,USD,18095.48,1199.29,2932.54,18095.48,2932.54
PT003801,T0338,2025-03-29,USD,196109.37,21559.02,32922.82,196109.37,32922.82
PT006848,T0607,2025-11-03,EUR,256165.95600000003,25993.9908,15979.4856,256165.95600000003,15979.4856
PT004678,T0415,2023-08-14,INR,213883.13232,22951.61244,12627.97956,213883.13232,12627.97956
PT006460,T0570,2023-12-11,INR,240383.36148,16815.70752,64621.10256,240383.36148,64621.10256
PT001932,T0173,2025-09-15,USD,68172.95,4091.09,5165.89,68172.95,5165.89
PT002813,T0250,2023-05-16,EUR,94587.05880000001,6995.5488000000005,26673.8508,94587.05880000001,26673.850800000004
PT003975,T0353,2024-02-27,USD,128986.64,13105.12,39658.69,128986.64,39658.69
PT002540,T0226,2024-12-26,USD,138385.55,12167.09,35028.86,138385.55,35028.86
PT002670,T0238,2023-03-29,USD,34833.41,3472.71,8151.64,34833.41,8151.640000000001
PT006373,T0563,2026-02-14,USD,165387.26,8835.02,18149.4,165387.26,18149.4
PT003720,T0331,2024-05-26,USD,70372.5,4784.72,16632.04,70372.5,16632.04
PT006700,T0593,2023-09-11,USD,284389.73,16967.92,83218.37,284389.73,83218.37
PT003249,T0287,2022-07-02,EUR,160478.9496,18728.7012,37095.0516,160478.9496,37095.0516
PT004760,T0422,2022-07-11,USD,456262.98,32597.36,31810.22,456262.98,31810.22
PT002823,T0251,2023-07-10,EUR,184514.814,12427.646400000001,55753.23960000001,184514.814,55753.23960000001
PT000574,T0051,2026-01-01,USD,177057.15,18044.43,21105.61,177057.15,21105.61
PT000697,T0064,2026-03-28,USD,266916.23,28893.26,60094.03,266916.23,60094.03
PT005508,T0488,2026-02-11,USD,499574.73,38234.1,42785.9,499574.73,42785.9
PT007495,T0663,2025-07-25,EUR,363602.9952,29615.652000000002,25383.618,363602.9952,25383.618
PT007151,T0634,2025-05-17,USD,86475.79,6479.81,5506.45,86475.79,5506.45
PT006565,T0581,2022-07-14,USD,185251.07,16023.59,13846.27,185251.07,13846.27
PT007361,T0652,2025-02-28,INR,207270.46008,17772.62796,20111.18928,207270.46008,20111.18928
PT006796,T0602,2025-07-13,USD,153793.21,10283.35,36172.72,153793.21,36172.72
PT002188,T0195,2024-12-03,INR,179770.57908,11337.47376,42695.114160000005,179770.57908,42695.114160000005
PT004023,T0357,2022-12-18,INR,351362.86152000003,26010.802440000003,86410.13448000001,351362.86152000003,86410.13448000001
PT006580,T0582,2024-02-21,EUR,94728.36600000001,4866.0588,6683.2128,94728.36600000001,6683.212799999999
PT002046,T0183,2026-01-02,USD,100544.26,7921.3,23011.91,100544.26,23011.91
PT000283,T0025,2024-02-16,USD,89604.85,10744.7,21394.0,89604.85,21394.0
PT000259,T0023,2024-05-13,INR,48431.91624,2587.5942,4928.44164,48431.91624,4928.44164
PT002665,T0237,2025-02-28,USD,198812.87,19628.43,45755.49,198812.87,45755.49
PT005908,T0522,2022-04-06,USD,26140.4,2972.12,1337.81,26140.4,1337.8100000000002
PT005894,T0521,2025-04-03,USD,192812.14,14528.12,42703.02,192812.14,42703.02
PT006696,T0593,2023-05-11,USD,284389.73,16967.92,83218.37,284389.73,83218.37
PT003234,T0286,2022-06-19,EUR,256655.5092,29886.948,24976.1016,256655.5092,24976.1016
PT000726,T0066,2021-12-01,USD,95475.14,8375.64,28863.35,95475.14,28863.35
PT001637,T0148,2023-04-20,INR,93596.50056,7416.77676,6827.5408800000005,93596.50056,6827.5408800000005
PT004774,T0423,2025-12-23,USD,320347.69,24300.72,22697.03,320347.69,22697.03
PT006547,T0579,2026-06-07,USD,81622.23,5876.12,23199.14,81622.23,23199.14
PT005249,T0466,2023-01-29,USD,152351.64,16896.07,11898.55,152351.64,11898.55
PT005443,T0482,2024-03-18,USD,151505.21,8151.24,26378.52,151505.21,26378.52
PT000056,T0006,2022-07-02,USD,16666.67,1068.75,4953.51,16666.67,4953.51
PT006548,T0579,2026-07-07,USD,81622.23,5876.12,23199.14,81622.23,23199.14
PT006903,T0611,2024-03-03,USD,23524.14,1352.52,1291.25,23524.14,1291.25
PT001412,T0128,2024-04-24,EUR,47205.9036,4711.0896,3101.8572000000004,47205.9036,3101.8572000000004
PT006881,T0610,2022-07-15,USD,537001.73,30237.64,161334.18,537001.73,161334.18
PT002215,T0197,2022-08-03,USD,45335.18,4803.98,13035.43,45335.18,13035.43
PT007857,T0696,2025-01-21,USD,195069.96,12102.09,13908.54,195069.96,13908.540000000003
PT005458,T0484,2024-02-10,EUR,348075.2304,41002.8588,37837.206,348075.2304,37837.206
PT002936,T0261,2024-12-18,EUR,674270.406,71430.5304,185640.03360000002,674270.406,185640.03360000002
PT000889,T0081,2024-03-29,EUR,16666.668,1810.674,971.4708,16666.668,971.4708
PT002955,T0262,2025-02-04,EUR,306919.0764,25720.912800000002,32795.323200000006,306919.0764,32795.3232
PT001688,T0153,2023-08-23,USD,155105.71,8776.11,35164.88,155105.71,35164.88
PT001820,T0164,2024-07-26,EUR,118000.67040000002,11559.942000000001,18005.4252,118000.67040000002,18005.4252
PT003704,T0330,2024-05-31,USD,30616.55,3130.91,3198.85,30616.55,3198.85
PT001973,T0177,2022-10-13,USD,42468.93,2572.32,3217.72,42468.93,3217.72
PT000715,T0065,2024-02-27,INR,101871.05219999999,8900.35176,5778.8052,101871.05219999999,5778.8052
PT004702,T0417,2024-09-06,EUR,489681.64440000005,51774.23880000001,26376.289200000003,489681.64440000005,26376.289200000003
PT005153,T0457,2023-03-05,USD,72334.97,5795.18,5924.37,72334.97,5924.37
PT002287,T0204,2025-12-18,USD,117742.81,9445.05,29681.04,117742.81,29681.04
PT007531,T0666,2024-12-07,GBP,188814.9767,22129.419800000003,13247.827200000002,188814.9767,13247.827200000002
PT006304,T0557,2026-03-14,EUR,89634.4596,7219.9836000000005,28441.5624,89634.4596,28441.5624
PT007171,T0636,2022-07-19,EUR,82084.3524,7050.844800000001,22848.717600000004,82084.3524,22848.717600000004
PT002849,T0253,2024-10-08,USD,33238.01,3761.25,3482.01,33238.01,3482.01
PT004714,T0418,2021-08-16,USD,66109.2,5957.54,10340.44,66109.2,10340.44
PT000124,T0012,2024-12-21,USD,126104.76,10667.19,23959.09,126104.76,23959.09
PT007301,T0647,2022-09-29,USD,197134.2,16814.11,18042.62,197134.2,18042.62
PT004431,T0393,2024-05-11,USD,25086.23,1336.59,5830.42,25086.23,5830.42
PT007423,T0657,2024-09-11,USD,134067.74,14448.71,21246.07,134067.74,21246.07
PT006955,T0616,2024-06-07,EUR,72260.4456,6743.109600000001,20403.6732,72260.4456,20403.6732
PT004401,T0391,2025-10-02,INR,42407.88792,4775.13876,4598.97048,42407.88792,4598.97048
PT000981,T0088,2022-04-26,USD,58920.03,3848.02,9302.07,58920.03,9302.070000000002
PT007569,T0670,2026-03-27,USD,142868.22,15815.05,41960.71,142868.22,41960.71
PT000176,T0016,2025-07-16,USD,441126.28,40165.06,137062.51,441126.28,137062.51
PT000582,T0051,2026-09-01,USD,177057.15,18044.43,21105.61,171155.24,20402.089070655435
PT006459,T0570,2023-11-11,INR,240383.36148,16815.70752,64621.10256,240383.36148,64621.10256
PT001617,T0146,2026-06-04,EUR,137711.26440000001,7794.997200000001,14659.0776,137711.26440000001,14659.0776
PT007077,T0627,2025-08-16,USD,96234.84,7577.87,25907.27,96234.84,25907.27
PT005291,T0469,2025-02-05,USD,25087.82,2721.06,1601.7,25087.82,1601.7
PT002877,T0256,2025-11-14,USD,85424.88,5043.45,4286.06,85424.88,4286.06
PT006776,T0600,2025-08-15,USD,133469.55,10158.65,8364.09,133469.55,8364.09
PT003244,T0286,2023-04-19,EUR,256655.5092,29886.948,24976.1016,256655.5092,24976.1016
PT005921,T0523,2026-07-10,EUR,120468.13560000001,11444.7384,13696.128,120468.13560000001,13696.128
PT005976,T0528,2022-06-08,USD,28430.93,1451.35,4961.04,28430.93,4961.04
PT006078,T0538,2022-10-15,USD,524519.39,52489.55,54640.59,524519.39,54640.59
PT001862,T0167,2024-06-24,USD,232594.41,24529.16,36330.38,232594.41,36330.38
PT005447,T0483,2025-04-20,USD,38196.24,2004.43,2501.49,38196.24,2501.49
PT003576,T0317,2022-06-22,USD,151237.27,12948.26,43182.88,151237.27,43182.88
PT003607,T0321,2025-03-11,USD,161742.36,8935.38,39083.25,161742.36,39083.25
PT007607,T0673,2024-11-09,EUR,136476.5976,10902.2976,13130.521200000001,136476.5976,13130.521200000001
PT002975,T0264,2024-02-03,EUR,200294.28360000002,14614.473600000001,14117.068800000001,200294.28360000002,14117.068800000001
PT004506,T0400,2026-05-26,USD,374847.6,29937.0,110644.75,374847.6,110644.75
PT004772,T0423,2025-10-23,USD,320347.69,24300.72,22697.03,320347.69,22697.03
PT000298,T0026,2023-06-21,USD,196819.9,14874.96,33384.29,196819.9,33384.29
PT000926,T0084,2023-02-28,USD,167829.37,18999.84,53012.39,167829.37,53012.39000000001
PT004119,T0365,2026-05-13,EUR,216122.6988,24557.6124,17069.184,216122.6988,17069.184
PT002116,T0189,2025-07-02,USD,50169.19,4165.63,4665.72,50169.19,4665.72
PT004825,T0427,2026-03-21,USD,351033.15,29580.52,102394.92,351033.15,102394.92
PT001308,T0118,2024-11-19,USD,296970.76,29038.15,17656.57,296970.76,17656.57
PT004768,T0422,2023-03-11,USD,456262.98,32597.36,31810.22,456262.98,31810.22
PT001673,T0151,2022-12-06,USD,217258.83,17594.91,51837.4,217258.83,51837.40000000001
PT001200,T0109,2022-05-23,USD,105427.91,10274.8,7092.21,105427.91,7092.21
PT002230,T0199,2024-11-16,INR,54067.566119999996,5075.51844,12301.125,54067.566119999996,12301.125
PT000294,T0026,2023-02-21,USD,196819.9,14874.96,33384.29,196819.9,33384.29
PT002691,T0239,2025-04-30,USD,298312.51,28039.4,66631.38,298312.51,66631.38
PT004223,T0375,2026-03-15,USD,70907.72,4726.26,6975.85,70907.72,6975.85
PT002580,T0230,2021-09-25,USD,550925.07,29095.85,65516.53,550925.07,65516.53
PT006344,T0561,2022-09-18,USD,81274.19,5787.51,18098.87,81274.19,18098.87
PT006662,T0590,2021-05-11,USD,161416.74,9717.35,38102.17,161416.74,38102.17
PT006518,T0576,2021-08-03,USD,39886.88,3832.07,4052.85,39886.88,4052.85
PT000693,T0063,2025-05-13,EUR,31413.549600000002,3768.3576,8645.594400000002,31413.549600000002,8645.594400000002
PT000687,T0063,2024-11-13,EUR,31413.549600000002,3768.3576,8645.594400000002,31413.549600000002,8645.594400000002
PT000818,T0074,2026-06-17,USD,349428.89,31581.48,25394.94,349428.89,25394.940000000002
PT003326,T0293,2022-02-05,EUR,192820.824,13627.213200000002,59421.9672,192820.824,59421.9672
PT004249,T0377,2024-02-29,USD,62327.17,5145.55,5656.3,62327.17,5656.3
PT007893,T0700,2025-09-06,EUR,37178.6544,4364.6472,3004.8192,37178.6544,3004.8192
PT006089,T0539,2026-06-23,USD,311367.34,23344.91,27556.83,311367.34,27556.83
PT003890,T0345,2023-07-15,EUR,61659.954000000005,5983.5456,17745.1452,61659.954000000005,17745.1452
PT007384,T0654,2022-09-03,USD,71594.91,4166.35,4179.29,71594.91,4179.29
PT007680,T0680,2022-12-21,USD,164633.16,18206.15,15241.0,164633.16,15241.0
PT006105,T0541,2021-05-12,USD,196205.65,14162.1,62173.92,196205.65,62173.92
PT000479,T0042,2022-01-27,EUR,84477.5136,6454.090800000001,8621.1,84477.5136,8621.1
PT005379,T0477,2023-02-15,EUR,74123.4348,6291.7992,17409.481200000002,74123.4348,17409.481200000002
PT005701,T0504,2022-09-25,USD,291083.73,34774.85,51127.72,291083.73,51127.72
PT006585,T0583,2026-05-06,GBP,62703.9513,6349.8857,6039.8405999999995,62703.9513,6039.8405999999995
PT005763,T0510,2022-06-08,USD,93349.78,5357.56,21604.83,93349.78,21604.83
PT007134,T0633,2025-09-01,USD,101645.68,10260.41,6933.47,101645.68,6933.47
PT003199,T0283,2022-04-22,EUR,1310050.6812,90330.444,131798.14560000002,1310050.6812,131798.14560000002
PT000813,T0074,2026-01-17,USD,349428.89,31581.48,25394.94,349428.89,25394.940000000002
PT004347,T0386,2024-02-25,EUR,195757.722,15492.643200000002,44076.4092,195757.722,44076.4092
PT000844,T0077,2023-09-18,USD,112906.87,7679.88,29232.68,112906.87,29232.68
PT006222,T0550,2025-12-19,USD,70481.65,5886.74,19550.06,70481.65,19550.06
PT003057,T0271,2024-03-04,EUR,138663.036,14095.101600000002,42684.85080000001,138663.036,42684.85080000001
PT004070,T0361,2021-03-20,USD,55805.28,6687.45,12734.32,55805.28,12734.32
PT002033,T0182,2026-07-28,USD,97280.01,7935.74,7896.02,97280.01,7896.02
PT000968,T0087,2025-12-20,USD,135638.47,10215.2,11115.34,135638.47,11115.34
PT007252,T0643,2025-02-27,EUR,184836.81600000002,10668.002400000001,17106.66,184836.81600000002,17106.66
PT007478,T0662,2026-04-07,USD,98240.33,8375.71,9439.69,98240.33,9439.69
PT000973,T0088,2021-08-26,USD,58920.03,3848.02,9302.07,58920.03,9302.070000000002
PT001897,T0170,2026-07-22,USD,92450.42,7451.41,10815.59,92450.42,10815.59
PT006332,T0560,2024-05-26,INR,124713.66528,8637.84912,6831.617160000001,124713.66528,6831.617160000001
PT004343,T0385,2025-10-23,USD,378653.5,24852.01,94448.41,378653.5,94448.40999999999
PT002705,T0241,2023-07-30,USD,110607.31,12757.14,16933.35,110607.31,16933.35
PT006300,T0557,2025-11-14,EUR,89634.4596,7219.9836000000005,28441.5624,89634.4596,28441.5624
PT007881,T0699,2024-01-13,USD,324235.24,22202.35,30298.2,324235.24,30298.200000000004
PT003375,T0298,2026-04-30,EUR,77861.6928,8960.619600000002,18316.702800000003,77861.6928,18316.702800000003
PT006611,T0585,2025-10-22,EUR,85540.2984,5655.474,21828.1608,85540.2984,21828.1608
PT006428,T0568,2025-06-23,INR,118548.50460000001,13141.78056,30852.33276,118548.50460000001,30852.33276
PT005019,T0445,2026-05-07,USD,93188.91,9260.04,7978.21,93188.91,7978.21
PT006672,T0590,2022-03-11,USD,161416.74,9717.35,38102.17,161416.74,38102.17
PT005602,T0496,2025-08-05,USD,121892.83,13916.04,32505.24,121892.83,32505.24
PT002952,T0262,2024-11-04,EUR,306919.0764,25720.912800000002,32795.323200000006,306919.0764,32795.3232
PT001346,T0122,2025-03-26,USD,169933.52,18604.51,19271.38,169933.52,19271.38
PT007159,T0635,2025-03-20,EUR,73667.21040000001,3911.2416000000003,12001.8888,73667.21040000001,12001.8888
PT000976,T0088,2021-11-26,USD,58920.03,3848.02,9302.07,58920.03,9302.070000000002
PT006799,T0602,2025-10-13,USD,153793.21,10283.35,36172.72,153793.21,36172.72
PT005742,T0508,2025-02-23,USD,44656.27,4798.38,5261.57,44656.27,5261.57
PT005776,T0511,2021-05-21,USD,334493.39,22458.58,77322.03,334493.39,77322.03
PT000510,T0044,2023-02-13,USD,167426.07,10739.74,38489.99,167426.07,38489.99
PT000123,T0012,2024-11-21,USD,126104.76,10667.19,23959.09,126104.76,23959.09
PT007164,T0635,2025-08-20,EUR,73667.21040000001,3911.2416000000003,12001.8888,73667.21040000001,12001.8888
PT005631,T0498,2024-12-23,USD,124266.44,12509.4,30737.92,124266.44,30737.92
PT007230,T0641,2022-08-13,USD,59408.06,7018.04,15060.22,59408.06,15060.22
PT001711,T0155,2024-07-30,USD,58436.4,6643.39,6874.12,58436.4,6874.12
PT002101,T0188,2026-01-30,USD,29736.13,2312.24,1707.33,29736.13,1707.33
PT000870,T0079,2025-07-24,USD,21059.12,1885.96,2348.38,21059.12,2348.38
PT007242,T0642,2022-03-29,EUR,417150.378,47747.73960000001,43739.557199999996,417150.378,43739.557199999996
PT001031,T0093,2023-10-19,USD,88465.05,6576.24,8373.71,88465.05,8373.71
PT003464,T0306,2026-08-17,USD,173914.37,19838.91,17363.62,173914.37,17363.62
PT004853,T0430,2023-09-15,USD,229479.12,21235.7,21781.06,229479.12,21781.06
PT001999,T0179,2025-09-11,USD,239867.29,16929.17,61772.5,239867.29,61772.49999999999
PT003591,T0318,2026-01-24,EUR,401682.18600000005,22070.6532,35007.789600000004,401682.18600000005,35007.789600000004
PT001157,T0104,2022-01-21,USD,29416.17,2892.44,7046.63,29416.17,7046.63
PT006212,T0549,2026-07-31,USD,48465.38,3129.5,15295.14,48465.38,15295.14
PT006956,T0616,2024-07-07,EUR,72260.4456,6743.109600000001,20403.6732,72260.4456,20403.6732
PT004429,T0393,2024-03-11,USD,25086.23,1336.59,5830.42,25086.23,5830.42
PT005689,T0503,2026-08-10,USD,95548.2,6810.41,25506.07,95548.2,25506.07
PT006481,T0572,2025-09-08,EUR,99248.9544,5597.931600000001,10682.766000000001,99248.9544,10682.766000000001
PT001576,T0143,2025-02-15,USD,122124.19,7498.42,12206.44,122124.19,12206.44
PT007499,T0664,2022-01-16,USD,213681.59,21285.6,24773.7,213681.59,24773.699999999997
PT000062,T0007,2025-07-19,USD,57256.0,3081.23,13701.6,57256.0,13701.6
PT000473,T0041,2023-10-01,USD,152899.67,15470.31,44853.04,152899.67,44853.04
PT004998,T0443,2024-07-27,USD,174851.14,14433.96,20927.38,174851.14,20927.38
PT003455,T0305,2024-11-22,USD,194597.27,17781.41,59078.2,194597.27,59078.19999999999
PT000866,T0079,2025-03-24,USD,21059.12,1885.96,2348.38,21059.12,2348.38
PT007606,T0673,2024-10-09,EUR,136476.5976,10902.2976,13130.521200000001,136476.5976,13130.521200000001
PT005426,T0481,2023-02-01,USD,87754.02,9506.11,10306.4,87754.02,10306.4
PT003615,T0322,2023-02-24,USD,28957.8,1472.65,2894.92,28957.8,2894.92
PT005439,T0482,2023-11-18,USD,151505.21,8151.24,26378.52,151505.21,26378.52
PT004838,T0428,2025-11-18,USD,187489.03,16352.03,58407.73,187489.03,58407.73
PT007736,T0685,2025-03-28,EUR,202084.092,18129.711600000002,57382.516800000005,202084.092,57382.51680000001
PT003389,T0300,2024-12-24,USD,323465.09,23267.74,58876.71,323465.09,58876.71
PT007526,T0666,2024-07-07,GBP,188814.9767,22129.419800000003,13247.827200000002,188814.9767,13247.827200000002
PT002181,T0195,2024-05-03,INR,179770.57908,11337.47376,42695.114160000005,179770.57908,42695.114160000005
PT004744,T0420,2024-03-17,EUR,117195.72480000001,6784.4736,19073.0268,117195.72480000001,19073.0268
PT003282,T0290,2023-03-22,USD,81373.4,6269.51,6981.14,81373.4,6981.14
PT006640,T0588,2022-03-03,EUR,202350.744,11821.712400000002,38995.41960000001,202350.744,38995.41960000001
PT001629,T0147,2022-08-05,USD,63597.51,5023.72,17822.63,63597.51,17822.63
PT005489,T0486,2024-12-11,USD,67621.99,7385.43,5034.98,67621.99,5034.98
PT002439,T0217,2022-04-01,EUR,119116.5372,6719.2632,35283.1896,119116.5372,35283.1896
PT001150,T0104,2021-06-21,USD,29416.17,2892.44,7046.63,29416.17,7046.63
PT001161,T0105,2023-11-22,USD,142898.06,11784.51,32834.94,142898.06,32834.94
PT007732,T0684,2026-02-17,USD,126599.55,11035.73,19786.65,126599.55,19786.65
PT000257,T0023,2024-03-13,INR,48431.91624,2587.5942,4928.44164,48431.91624,4928.44164
PT002599,T0232,2022-02-11,USD,57905.35,5981.94,3276.69,57905.35,3276.69
PT004730,T0419,2021-12-24,USD,22504.6,1617.69,1774.43,22504.6,1774.43
PT006434,T0568,2025-12-23,INR,118548.50460000001,13141.78056,30852.33276,118548.50460000001,30852.33276
PT007191,T0637,2026-01-03,USD,18095.48,1199.29,2932.54,18095.48,2932.54
PT004874,T0432,2023-06-06,INR,167532.65232,10519.53228,15183.229440000001,167532.65232,15183.229440000001
PT001106,T0100,2022-05-17,USD,220557.92,15166.88,15881.13,220557.92,15881.13
PT006198,T0548,2021-10-26,USD,48588.3,3167.63,14186.25,48588.3,14186.25
PT006682,T0591,2023-09-14,USD,92498.11,7243.65,6562.69,92498.11,6562.6900000000005
PT003408,T0301,2026-01-23,USD,21863.27,1654.41,1490.77,21863.27,1490.77
PT000558,T0049,2023-11-30,USD,182970.01,15432.16,57452.93,182970.01,57452.93
PT001851,T0167,2023-07-24,USD,232594.41,24529.16,36330.38,232594.41,36330.38
PT006082,T0538,2023-02-15,USD,524519.39,52489.55,54640.59,524519.39,54640.59
PT002089,T0187,2025-11-19,INR,108354.13452,11837.04024,10950.131519999999,108354.13452,10950.131519999999
PT002900,T0258,2022-08-26,USD,575297.25,50646.06,59184.28,575297.25,59184.28
PT003221,T0285,2024-07-06,USD,98525.36,7455.61,7850.62,98525.36,7850.62
PT000262,T0023,2024-08-13,INR,48431.91624,2587.5942,4928.44164,48431.91624,4928.44164
PT006752,T0598,2024-11-04,USD,101343.27,5236.04,20253.04,101343.27,20253.04
PT006228,T0551,2021-07-06,EUR,283802.0112,20894.5224,70113.8484,283802.0112,70113.8484
PT007193,T0638,2024-08-20,USD,92930.78,5137.75,18422.03,92930.78,18422.03
PT000628,T0057,2026-05-30,EUR,28573.7868,3249.4932000000003,7072.444800000001,28573.7868,7072.444800000001
PT001890,T0170,2025-12-22,USD,92450.42,7451.41,10815.59,92450.42,10815.59
PT004306,T0382,2025-05-19,EUR,75435.3,4775.5656,20554.5708,75435.3,20554.5708
PT002079,T0186,2023-08-22,EUR,805420.0332000001,52069.93200000001,248694.51600000003,805420.0332000001,248694.51600000003
PT003586,T0318,2025-08-24,EUR,401682.18600000005,22070.6532,35007.789600000004,401682.18600000005,35007.789600000004
PT005454,T0483,2025-11-20,USD,38196.24,2004.43,2501.49,38196.24,2501.49
PT006329,T0559,2026-03-29,USD,327613.36,28850.88,38905.51,327613.36,38905.51
PT004305,T0382,2025-04-19,EUR,75435.3,4775.5656,20554.5708,75435.3,20554.5708
PT005245,T0466,2022-09-29,USD,152351.64,16896.07,11898.55,152351.64,11898.55
PT006010,T0531,2024-03-01,EUR,26995.2912,1963.4508,6519.42,26995.2912,6519.419999999999
PT001607,T0145,2024-02-02,USD,18666.19,1592.14,4153.61,18666.19,4153.61
PT001021,T0092,2026-09-01,EUR,40410.9648,4796.6688,2665.4184,39063.9348,2576.5712624688513
PT000609,T0056,2024-11-19,USD,62766.84,3225.19,6071.08,62766.84,6071.08
PT001404,T0127,2024-05-05,USD,387593.45,24881.69,43903.99,387593.45,43903.99
PT006633,T0587,2024-05-27,EUR,85837.42800000001,9604.753200000001,15158.664,85837.42800000001,15158.664
PT003255,T0287,2023-01-02,EUR,160478.9496,18728.7012,37095.0516,160478.9496,37095.0516
PT002097,T0188,2025-09-30,USD,29736.13,2312.24,1707.33,29736.13,1707.33
PT000210,T0019,2024-11-12,USD,60862.42,3074.28,19034.48,60862.42,19034.48
PT003799,T0338,2025-01-29,USD,196109.37,21559.02,32922.82,196109.37,32922.82
PT003540,T0314,2021-08-05,USD,60214.64,3811.84,18101.91,60214.64,18101.91
PT000154,T0014,2022-07-08,USD,16666.67,1581.04,2759.14,16666.67,2759.14
PT005870,T0519,2024-08-14,EUR,31021.056000000004,3157.7148,7790.590800000001,31021.056000000004,7790.590800000001
PT001591,T0144,2022-09-05,USD,264856.71,13851.13,59316.25,264856.71,59316.25
PT002443,T0218,2024-03-12,EUR,16666.668,1274.3244000000002,1144.7568,16666.668,1144.7568
PT001148,T0104,2021-04-21,USD,29416.17,2892.44,7046.63,29416.17,7046.63
PT003428,T0303,2025-02-18,USD,30881.94,2451.29,1935.39,30881.94,1935.39
PT001968,T0177,2022-05-13,USD,42468.93,2572.32,3217.72,42468.93,3217.72
PT003207,T0283,2022-12-22,EUR,1310050.6812,90330.444,131798.14560000002,1310050.6812,131798.14560000002
PT006413,T0566,2023-07-08,EUR,166501.25639999998,11438.031600000002,29756.030400000003,166501.25639999998,29756.030400000003
PT002434,T0217,2021-11-01,EUR,119116.5372,6719.2632,35283.1896,119116.5372,35283.1896
PT001634,T0148,2023-01-20,INR,93596.50056,7416.77676,6827.5408800000005,93596.50056,6827.5408800000005
PT003293,T0291,2024-11-11,USD,241151.35,21511.67,17898.27,241151.35,17898.27
PT006186,T0547,2024-09-17,EUR,41631.246,3783.51,9679.532400000002,41631.246,9679.532400000002
PT000598,T0054,2025-05-27,EUR,170129.7972,13861.206000000002,31287.664800000002,170129.7972,31287.664800000006
PT003138,T0278,2022-05-13,USD,182548.19,15677.0,46128.46,182548.19,46128.46
PT006028,T0533,2024-07-23,USD,417453.7,28596.79,125312.3,417453.7,125312.3
PT001657,T0150,2022-03-24,USD,340211.84,36441.14,78765.37,340211.84,78765.37
PT004777,T0423,2026-03-23,USD,320347.69,24300.72,22697.03,320347.69,22697.03
PT006883,T0610,2022-09-15,USD,537001.73,30237.64,161334.18,537001.73,161334.18
PT003298,T0291,2025-04-11,USD,241151.35,21511.67,17898.27,241151.35,17898.27
PT001566,T0142,2023-07-21,EUR,60970.94640000001,5159.484,16900.8444,60970.94640000001,16900.8444
PT006247,T0552,2025-07-13,USD,62952.26,4906.56,4160.65,62952.26,4160.65
PT005425,T0481,2023-01-01,USD,87754.02,9506.11,10306.4,87754.02,10306.4
PT006184,T0547,2024-07-17,EUR,41631.246,3783.51,9679.532400000002,41631.246,9679.532400000002
PT006877,T0609,2023-08-10,USD,57524.85,5486.44,14486.98,57524.85,14486.98
PT001519,T0138,2026-02-12,USD,162801.26,9812.36,8622.64,162801.26,8622.64
PT006384,T0564,2025-11-15,INR,282193.533,26532.87252,25219.656720000003,282193.533,25219.656720000003
PT007043,T0624,2024-03-05,USD,36199.0,3589.73,9988.47,36199.0,9988.47
PT004318,T0383,2022-12-21,USD,235819.9,15513.8,75436.23,235819.9,75436.23
PT000226,T0020,2025-05-16,USD,363245.55,40202.6,42654.03,363245.55,42654.03
PT005304,T0471,2025-09-18,EUR,83393.7336,7291.630800000001,21196.220400000002,83393.7336,21196.220400000002
PT007123,T0632,2023-02-15,USD,74592.96,4667.86,8593.77,74592.96,8593.77
PT002518,T0224,2025-11-23,USD,417953.99,48966.05,108261.62,417953.99,108261.62
PT006743,T0597,2026-09-14,USD,136054.4,15710.8,11676.07,72562.35,6227.237619397095
PT002394,T0214,2024-06-13,USD,132904.93,12353.82,24281.1,132904.93,24281.1
PT001761,T0159,2021-06-27,EUR,61953.93000000001,4505.598000000001,19508.5152,61953.93000000001,19508.5152
PT001361,T0123,2023-09-03,USD,115963.04,13371.16,36995.43,115963.04,36995.43
PT003305,T0292,2022-03-17,EUR,88983.306,8492.310000000001,7545.4632,88983.306,7545.463199999999
PT002325,T0207,2023-04-30,EUR,227969.78040000002,12809.7936,53494.18200000001,227969.78040000002,53494.18200000001
PT006941,T0615,2021-05-10,EUR,261355.62600000002,15806.3292,74724.1092,261355.62600000002,74724.1092
PT005589,T0495,2025-10-11,INR,274657.55663999997,20293.545000000002,30613.89408,274657.55663999997,30613.89408
PT003559,T0316,2021-10-29,USD,90076.31,4710.36,25250.23,90076.31,25250.23
PT006866,T0608,2024-06-20,USD,82680.31,6098.48,22186.43,82680.31,22186.43
PT001834,T0165,2024-02-29,EUR,92710.656,8543.134800000002,7004.599200000001,92710.656,7004.599200000001
PT003662,T0326,2023-06-23,USD,47847.46,4589.37,8420.16,47847.46,8420.16
PT002010,T0180,2025-08-03,EUR,73219.2912,7137.547200000001,3819.8196000000003,73219.2912,3819.8196000000003
PT003658,T0326,2023-02-23,USD,47847.46,4589.37,8420.16,47847.46,8420.16
PT004302,T0382,2025-01-19,EUR,75435.3,4775.5656,20554.5708,75435.3,20554.5708
PT005124,T0455,2023-12-18,USD,111249.39,5920.2,11943.51,111249.39,11943.51
PT004188,T0371,2023-05-05,USD,56644.81,6315.15,17496.38,56644.81,17496.38
PT006687,T0592,2026-02-09,USD,61549.16,6387.86,4467.53,61549.16,4467.53
PT005143,T0456,2024-08-16,USD,805192.2,48586.1,87380.93,805192.2,87380.93
PT003858,T0343,2024-04-01,USD,118599.13,14150.09,11941.45,118599.13,11941.45
PT000694,T0064,2025-12-28,USD,266916.23,28893.26,60094.03,266916.23,60094.03
PT007128,T0632,2023-07-15,USD,74592.96,4667.86,8593.77,74592.96,8593.77
PT007278,T0645,2023-04-17,EUR,68156.4672,6114.852,4598.1756,68156.4672,4598.1756
PT007074,T0627,2025-05-16,USD,96234.84,7577.87,25907.27,96234.84,25907.27
PT002613,T0233,2025-05-05,USD,205917.56,21692.47,11670.32,205917.56,11670.32
PT001187,T0108,2022-02-14,USD,293289.08,30048.84,29954.78,293289.08,29954.78
PT001370,T0124,2025-11-23,USD,242444.09,21410.19,46045.57,242444.09,46045.57
PT001908,T0171,2023-05-30,USD,28457.63,2732.31,2228.21,28457.63,2228.21
PT004089,T0363,2022-11-12,EUR,506046.16080000007,51150.009600000005,41690.16,506046.16080000007,41690.16
PT002478,T0221,2024-10-24,USD,139529.4,11332.89,36862.29,139529.4,36862.29
PT000017,T0002,2026-07-30,GBP,47444.72350000001,5648.9727,14879.3327,47444.72350000001,14879.3327
PT002515,T0224,2025-08-23,USD,417953.99,48966.05,108261.62,417953.99,108261.62
PT007400,T0655,2022-09-02,EUR,88407.28800000002,7925.2452,6952.338000000001,88407.28800000002,6952.338000000001
PT002206,T0197,2021-11-03,USD,45335.18,4803.98,13035.43,45335.18,13035.43
PT003596,T0320,2026-04-25,USD,61871.23,6125.3,6804.08,61871.23,6804.08
PT001487,T0135,2026-06-03,EUR,70893.3708,4966.8984,6956.5824,70893.3708,6956.5824
PT001677,T0151,2023-04-06,USD,217258.83,17594.91,51837.4,217258.83,51837.40000000001
PT005281,T0469,2024-04-05,USD,25087.82,2721.06,1601.7,25087.82,1601.7
PT002354,T0210,2022-07-13,USD,54762.14,3534.05,5411.03,54762.14,5411.029999999999
PT000657,T0060,2026-05-01,USD,40602.46,2762.86,2712.89,40602.46,2712.89
PT001572,T0142,2024-01-21,EUR,60970.94640000001,5159.484,16900.8444,60970.94640000001,16900.8444
PT001738,T0157,2024-12-11,USD,59405.32,4717.71,6547.9,59405.32,6547.899999999999
PT005516,T0489,2022-09-29,EUR,275215.3092,27767.448,19233.320400000004,275215.3092,19233.320400000008
PT004496,T0399,2022-04-28,USD,191901.87,16437.79,13105.15,191901.87,13105.15
PT002847,T0253,2024-08-08,USD,33238.01,3761.25,3482.01,33238.01,3482.01
PT002981,T0265,2021-06-23,USD,157995.05,7944.03,10333.41,157995.05,10333.41
PT000619,T0057,2025-08-30,EUR,28573.7868,3249.4932000000003,7072.444800000001,28573.7868,7072.444800000001
PT004605,T0409,2025-08-01,EUR,55098.7488,3972.5532000000003,16995.204,55098.7488,16995.204
PT006224,T0550,2026-02-19,USD,70481.65,5886.74,19550.06,70481.65,19550.06
PT002848,T0253,2024-09-08,USD,33238.01,3761.25,3482.01,33238.01,3482.01
PT007687,T0681,2025-11-08,USD,137611.6,11597.82,7220.88,137611.6,7220.88
PT007052,T0625,2026-05-10,EUR,16666.668,1661.5152000000003,2801.1852000000003,16666.668,2801.1852000000003
PT000868,T0079,2025-05-24,USD,21059.12,1885.96,2348.38,21059.12,2348.38
PT002508,T0223,2022-11-23,USD,86406.57,9879.39,7064.0,86406.57,7064.0
PT004983,T0441,2026-05-26,USD,106504.94,7112.19,6390.39,106504.94,6390.39
PT002111,T0189,2025-02-02,USD,50169.19,4165.63,4665.72,50169.19,4665.72
PT004696,T0416,2022-12-30,USD,31871.84,3672.14,3261.3,31871.84,3261.3
PT006763,T0599,2025-06-05,USD,18411.08,1330.09,4802.26,18411.08,4802.26
PT000458,T0040,2025-07-09,USD,71386.65,4315.76,5543.21,71386.65,5543.21
PT006717,T0595,2024-07-26,EUR,88378.8084,6800.7492,16324.6104,88378.8084,16324.6104
PT005214,T0463,2026-01-07,USD,312251.87,18928.08,60551.61,312251.87,60551.61
PT004967,T0439,2026-09-08,USD,258217.08,15728.8,50176.75,189359.19,36796.28294469328
PT000791,T0072,2024-09-22,USD,41079.98,4527.82,3269.61,41079.98,3269.61
PT006837,T0606,2026-03-16,GBP,51042.9764,3348.8884000000003,12258.2559,51042.9764,12258.2559
PT003608,T0321,2025-04-11,USD,161742.36,8935.38,39083.25,161742.36,39083.25
PT003823,T0340,2021-09-03,USD,104005.14,11392.65,5817.45,104005.14,5817.45
PT002261,T0201,2026-06-24,USD,52479.91,3681.29,13028.32,52479.91,13028.32
PT007348,T0651,2025-01-14,USD,31970.25,2906.77,2027.68,31970.25,2027.68
PT002809,T0250,2023-01-16,EUR,94587.05880000001,6995.5488000000005,26673.8508,94587.05880000001,26673.850800000004
PT005051,T0448,2024-12-01,EUR,69358.3668,6222.722400000001,5298.2532,69358.3668,5298.2532
PT003519,T0311,2025-05-26,INR,166053.26364000002,13644.31452,8528.235,166053.26364000002,8528.234999999999
PT004747,T0421,2023-01-12,USD,94269.31,5440.4,7802.29,94269.31,7802.29
PT000734,T0067,2024-04-27,INR,348799.92528,22527.78516,102905.25564,348799.92528,102905.25564
PT007799,T0691,2026-07-10,USD,110922.14,11699.3,12913.46,110922.14,12913.459999999997
PT004476,T0398,2025-01-17,EUR,103972.0644,10384.0704,25326.4752,103972.0644,25326.4752
PT006709,T0594,2026-03-26,EUR,81352.28520000001,4082.3028,23608.130400000002,81352.28520000001,23608.130400000002
PT003959,T0351,2023-11-15,INR,188542.674,11481.73296,49336.569599999995,188542.674,49336.569599999995
PT002134,T0191,2022-06-14,USD,125958.71,6581.4,25109.52,125958.71,25109.52
PT005053,T0448,2025-02-01,EUR,69358.3668,6222.722400000001,5298.2532,69358.3668,5298.2532
PT004268,T0379,2026-05-01,USD,36976.93,3564.76,2763.03,36976.93,2763.03
PT001945,T0175,2021-06-10,USD,104485.16,10219.8,11217.69,104485.16,11217.69
PT002280,T0204,2025-05-18,USD,117742.81,9445.05,29681.04,117742.81,29681.04
PT000660,T0060,2026-08-01,USD,40602.46,2762.86,2712.89,40602.46,2712.89
PT002431,T0217,2021-08-01,EUR,119116.5372,6719.2632,35283.1896,119116.5372,35283.1896
PT003752,T0334,2023-05-28,USD,119582.26,13029.32,20217.47,119582.26,20217.47
PT002529,T0225,2024-08-12,EUR,41027.3748,3347.46,2784.2400000000002,41027.3748,2784.2400000000002
PT006217,T0550,2025-07-19,USD,70481.65,5886.74,19550.06,70481.65,19550.06
PT005191,T0460,2025-01-01,EUR,217483.974,12521.887200000001,25337.404800000004,217483.974,25337.404800000008
PT007259,T0643,2025-09-27,EUR,184836.81600000002,10668.002400000001,17106.66,184836.81600000002,17106.66
PT007000,T0620,2026-06-17,USD,91719.89,8938.15,25809.48,91719.89,25809.48
PT006316,T0558,2021-09-14,USD,100485.76,10623.18,28727.27,100485.76,28727.27
PT000643,T0059,2023-01-09,USD,231399.98,26353.46,21810.41,231399.98,21810.41
PT000169,T0015,2025-04-21,USD,205901.52,16755.69,56745.83,205901.52,56745.83
PT001518,T0138,2026-01-12,USD,162801.26,9812.36,8622.64,162801.26,8622.64
PT001801,T0162,2026-04-28,USD,147633.93,8096.2,13248.99,147633.93,13248.99
PT006219,T0550,2025-09-19,USD,70481.65,5886.74,19550.06,70481.65,19550.06
PT001918,T0172,2026-03-02,EUR,55883.6604,3661.5888000000004,17172.972,55883.6604,17172.971999999998
PT000273,T0024,2026-01-11,USD,146627.78,16084.29,14224.79,146627.78,14224.79
PT005312,T0471,2026-05-18,EUR,83393.7336,7291.630800000001,21196.220400000002,83393.7336,21196.220400000002
PT002469,T0220,2025-10-19,EUR,37204.768800000005,3899.0052000000005,4169.1348,37204.768800000005,4169.1348
PT005215,T0463,2026-02-07,USD,312251.87,18928.08,60551.61,312251.87,60551.61
PT007723,T0684,2025-05-17,USD,126599.55,11035.73,19786.65,126599.55,19786.65
PT007591,T0672,2022-11-26,USD,378300.57,22626.57,103441.96,378300.57,103441.96
PT006201,T0549,2025-08-31,USD,48465.38,3129.5,15295.14,48465.38,15295.14
PT000495,T0043,2024-08-23,EUR,159170.2164,12161.3076,18380.4552,159170.2164,18380.4552
PT004912,T0435,2023-04-26,USD,110380.5,6058.64,28401.07,110380.5,28401.069999999996
PT001913,T0172,2025-10-02,EUR,55883.6604,3661.5888000000004,17172.972,55883.6604,17172.971999999998
PT003647,T0324,2024-05-14,USD,463519.43,50432.76,41052.76,463519.43,41052.76
PT000039,T0005,2025-11-11,USD,64093.86,3436.46,15371.02,64093.86,15371.02
PT000307,T0027,2021-07-18,USD,55736.25,6286.48,5720.62,55736.25,5720.619999999999
PT003741,T0333,2021-08-19,USD,311979.04,22071.62,55779.26,311979.04,55779.26
PT004103,T0364,2023-12-28,EUR,146180.31120000003,12431.5344,7471.8828,146180.31120000003,7471.8828
PT003153,T0279,2025-02-14,EUR,79700.39280000002,8214.0372,15112.893600000001,79700.39280000002,15112.893600000001
PT006553,T0580,2026-04-28,EUR,172519.77240000002,19569.794400000002,14448.142800000001,172519.77240000002,14448.142800000001
PT002830,T0252,2023-09-11,USD,111248.59,8184.22,8399.86,111248.59,8399.86
PT000782,T0071,2025-05-03,EUR,115616.41920000002,13352.299200000001,32907.7944,115616.41920000002,32907.7944
PT005287,T0469,2024-10-05,USD,25087.82,2721.06,1601.7,25087.82,1601.7
PT000535,T0047,2022-04-30,USD,89508.76,9237.4,6801.56,89508.76,6801.5599999999995
PT000584,T0052,2026-07-15,USD,63690.42,5137.22,17977.95,63690.42,17977.95
PT007155,T0634,2025-09-17,USD,86475.79,6479.81,5506.45,86475.79,5506.45
PT004144,T0368,2023-09-08,GBP,92688.85450000002,6537.9219,28605.8102,92688.85450000002,28605.8102
PT004419,T0392,2022-03-25,USD,313220.46,37393.51,79080.4,313220.46,79080.4
PT003797,T0337,2023-07-24,USD,17939.99,1871.29,1982.58,17939.99,1982.58
PT007690,T0681,2026-02-08,USD,137611.6,11597.82,7220.88,137611.6,7220.88
PT007878,T0699,2023-10-13,USD,324235.24,22202.35,30298.2,324235.24,30298.200000000004
PT002862,T0254,2024-05-21,USD,109602.92,8849.87,32804.38,109602.92,32804.38
PT000317,T0028,2026-06-11,USD,74814.37,8319.51,5004.79,74814.37,5004.79
PT002198,T0196,2022-09-17,EUR,23012.154000000002,1996.4556,2551.5432,23012.154000000002,2551.5432
PT006511,T0575,2025-12-23,USD,30879.36,2238.49,3206.94,30879.36,3206.94
PT002565,T0229,2022-06-01,USD,45460.25,4548.06,11420.08,45460.25,11420.08
PT007247,T0642,2022-08-29,EUR,417150.378,47747.73960000001,43739.557199999996,417150.378,43739.557199999996
PT001795,T0162,2025-10-28,USD,147633.93,8096.2,13248.99,147633.93,13248.99
PT006678,T0591,2023-05-14,USD,92498.11,7243.65,6562.69,92498.11,6562.6900000000005
PT007469,T0661,2026-03-06,EUR,132803.9496,15695.672400000001,15396.382800000001,132803.9496,15396.382800000001
PT006824,T0604,2023-03-27,EUR,58713.62760000001,4365.403200000001,17900.211600000002,58713.62760000001,17900.211600000002
PT000272,T0024,2025-12-11,USD,146627.78,16084.29,14224.79,146627.78,14224.79
PT000549,T0048,2026-09-10,EUR,96322.716,9605.023200000001,29344.507200000004,64215.147600000004,19563.00589673222
PT001693,T0153,2024-01-23,USD,155105.71,8776.11,35164.88,155105.71,35164.88
PT005816,T0514,2021-06-06,USD,94523.62,8172.93,18853.85,94523.62,18853.85
PT003526,T0312,2026-06-11,USD,77520.44,4567.27,7424.84,77520.44,7424.840000000001
PT003013,T0267,2022-10-28,USD,242972.79,13958.11,23585.56,242972.79,23585.56
PT007701,T0682,2022-06-26,USD,82125.15,4329.69,6520.91,82125.15,6520.91
PT007720,T0683,2026-04-20,USD,91024.39,4803.71,4908.81,91024.39,4908.81
PT002391,T0213,2026-09-23,USD,66395.1,5986.79,10812.94,15492.19,2523.019333333333
PT003877,T0344,2026-04-14,USD,139716.8,8577.56,12618.02,139716.8,12618.02
PT004695,T0416,2022-11-30,USD,31871.84,3672.14,3261.3,31871.84,3261.3
PT005786,T0511,2022-03-21,USD,334493.39,22458.58,77322.03,334493.39,77322.03
PT000895,T0081,2024-09-29,EUR,16666.668,1810.674,971.4708,16666.668,971.4708
PT005664,T0501,2026-05-27,USD,76078.73,3869.15,18723.02,76078.73,18723.02
PT005872,T0519,2024-10-14,EUR,31021.056000000004,3157.7148,7790.590800000001,31021.056000000004,7790.590800000001
PT004667,T0414,2025-04-15,USD,62180.47,4664.26,19590.88,62180.47,19590.88
PT002000,T0180,2024-10-03,EUR,73219.2912,7137.547200000001,3819.8196000000003,73219.2912,3819.8196000000003
PT002123,T0190,2023-08-26,USD,60568.52,6162.37,3679.2,60568.52,3679.2
PT004158,T0369,2024-04-11,USD,179253.01,13824.9,48744.52,179253.01,48744.52
PT001248,T0113,2022-08-11,INR,74234.2026,7401.237720000001,22116.37284,74234.2026,22116.37284
PT004488,T0399,2021-08-28,USD,191901.87,16437.79,13105.15,191901.87,13105.15
PT001260,T0114,2025-01-14,USD,588038.38,35206.98,62815.83,588038.38,62815.83000000001
PT000810,T0073,2021-12-19,EUR,811357.5276,47117.8404,250576.8588,811357.5276,250576.85880000005
PT006389,T0564,2026-04-15,INR,282193.533,26532.87252,25219.656720000003,282193.533,25219.656720000003
PT001050,T0096,2022-10-01,EUR,36316.3608,3038.9040000000005,9109.3572,36316.3608,9109.3572
PT001879,T0169,2024-11-14,EUR,55069.783200000005,3018.0168000000003,10367.773200000001,55069.783200000005,10367.773200000001
PT002880,T0256,2026-02-14,USD,85424.88,5043.45,4286.06,85424.88,4286.06
PT000108,T0010,2024-06-12,USD,154845.94,8133.16,14119.08,154845.94,14119.08
PT006250,T0553,2025-04-21,USD,377837.2,30062.44,115287.92,377837.2,115287.92
PT000674,T0062,2026-02-03,USD,53697.94,5657.17,16823.03,53697.94,16823.03
PT006787,T0601,2026-04-23,EUR,413883.60480000003,45710.9244,113400.7452,413883.60480000003,113400.7452
PT004762,T0422,2022-09-11,USD,456262.98,32597.36,31810.22,456262.98,31810.22
PT004606,T0409,2025-09-01,EUR,55098.7488,3972.5532000000003,16995.204,55098.7488,16995.204
PT006276,T0555,2026-02-07,USD,43206.08,5047.19,4606.21,43206.08,4606.21
PT006902,T0611,2024-02-03,USD,23524.14,1352.52,1291.25,23524.14,1291.25
PT005737,T0507,2023-03-19,USD,94073.51,8763.93,24818.27,94073.51,24818.27
PT006589,T0583,2026-09-06,GBP,62703.9513,6349.8857,6039.8405999999995,50163.158500000005,4831.87223533926
PT005456,T0483,2026-01-20,USD,38196.24,2004.43,2501.49,38196.24,2501.49
PT001533,T0139,2022-01-19,EUR,45378.090000000004,5271.9876,3777.3324000000007,45378.090000000004,3777.3324
PT004963,T0439,2026-05-08,USD,258217.08,15728.8,50176.75,258217.08,50176.75
PT001856,T0167,2023-12-24,USD,232594.41,24529.16,36330.38,232594.41,36330.38
PT005833,T0516,2024-03-21,USD,222239.07,18226.64,17889.86,222239.07,17889.86
PT000212,T0019,2025-01-12,USD,60862.42,3074.28,19034.48,60862.42,19034.48
PT003148,T0278,2023-03-13,USD,182548.19,15677.0,46128.46,182548.19,46128.46
PT005157,T0457,2023-07-05,USD,72334.97,5795.18,5924.37,72334.97,5924.37
PT002257,T0201,2026-02-24,USD,52479.91,3681.29,13028.32,52479.91,13028.32
PT002106,T0188,2026-06-30,USD,29736.13,2312.24,1707.33,29736.13,1707.33
PT003269,T0289,2024-12-04,USD,150696.38,16082.38,25618.89,150696.38,25618.89
PT007666,T0678,2024-06-07,INR,224001.48768000002,17874.34272,35929.5258,224001.48768000002,35929.5258
PT001974,T0177,2022-11-13,USD,42468.93,2572.32,3217.72,42468.93,3217.72
PT004686,T0415,2024-04-14,INR,213883.13232,22951.61244,12627.97956,213883.13232,12627.97956
PT007845,T0695,2025-08-05,EUR,119687.00400000002,6741.154800000001,30968.071200000002,119687.00400000002,30968.071200000002
PT001502,T0136,2024-06-17,USD,89893.73,7367.54,23136.11,89893.73,23136.11
PT004183,T0371,2022-12-05,USD,56644.81,6315.15,17496.38,56644.81,17496.38
PT000647,T0059,2023-05-09,USD,231399.98,26353.46,21810.41,231399.98,21810.41
PT003634,T0323,2024-01-08,USD,87122.53,10056.82,9355.37,87122.53,9355.37
PT000772,T0070,2025-01-15,USD,105633.2,9140.89,8131.21,105633.2,8131.209999999999
PT000704,T0065,2023-03-27,INR,101871.05219999999,8900.35176,5778.8052,101871.05219999999,5778.8052
PT003588,T0318,2025-10-24,EUR,401682.18600000005,22070.6532,35007.789600000004,401682.18600000005,35007.789600000004
PT001250,T0113,2022-10-11,INR,74234.2026,7401.237720000001,22116.37284,74234.2026,22116.37284
PT004805,T0425,2023-01-25,USD,112754.78,7016.49,32364.73,112754.78,32364.73
PT002473,T0220,2026-02-19,EUR,37204.768800000005,3899.0052000000005,4169.1348,37204.768800000005,4169.1348
PT007163,T0635,2025-07-20,EUR,73667.21040000001,3911.2416000000003,12001.8888,73667.21040000001,12001.8888
PT007553,T0669,2022-06-10,USD,107508.6,10354.64,29073.6,107508.6,29073.6
PT006683,T0591,2023-10-14,USD,92498.11,7243.65,6562.69,92498.11,6562.6900000000005
PT001861,T0167,2024-05-24,USD,232594.41,24529.16,36330.38,232594.41,36330.38
PT007638,T0676,2022-04-07,USD,84894.67,4885.43,4275.73,84894.67,4275.73
PT006225,T0551,2021-04-06,EUR,283802.0112,20894.5224,70113.8484,283802.0112,70113.8484
PT000710,T0065,2023-09-27,INR,101871.05219999999,8900.35176,5778.8052,101871.05219999999,5778.8052
PT002673,T0238,2023-06-29,USD,34833.41,3472.71,8151.64,34833.41,8151.640000000001
PT004515,T0401,2024-11-26,USD,99938.38,11119.84,25263.23,99938.38,25263.230000000003
PT001462,T0133,2025-05-05,INR,37030.3044,3647.66496,3455.1585600000003,37030.3044,3455.1585600000003
PT001485,T0135,2026-04-03,EUR,70893.3708,4966.8984,6956.5824,70893.3708,6956.5824
PT000231,T0021,2023-09-25,USD,142515.67,8361.52,26605.92,142515.67,26605.92
PT001357,T0123,2023-05-03,USD,115963.04,13371.16,36995.43,115963.04,36995.43
PT003012,T0267,2022-09-28,USD,242972.79,13958.11,23585.56,242972.79,23585.56
PT000852,T0077,2024-05-18,USD,112906.87,7679.88,29232.68,112906.87,29232.68
PT001005,T0091,2024-03-04,USD,235117.14,20306.71,55696.27,235117.14,55696.27
PT001997,T0179,2025-07-11,USD,239867.29,16929.17,61772.5,239867.29,61772.49999999999
PT001835,T0165,2024-03-31,EUR,92710.656,8543.134800000002,7004.599200000001,92710.656,7004.599200000001
PT003974,T0352,2024-06-29,USD,463761.29,33137.43,51590.11,463761.29,51590.11
PT007672,T0679,2026-08-18,USD,72084.95,5368.3,20824.0,72084.95,20824.0
PT004533,T0403,2025-12-25,USD,54050.68,4910.21,14314.55,54050.68,14314.55
PT001317,T0119,2024-02-03,USD,41475.8,3445.76,10107.91,41475.8,10107.91
PT003328,T0293,2022-04-05,EUR,192820.824,13627.213200000002,59421.9672,192820.824,59421.9672
PT001624,T0147,2022-03-05,USD,63597.51,5023.72,17822.63,63597.51,17822.63
PT001481,T0134,2022-01-04,USD,61558.27,5318.94,18182.9,61558.27,18182.9
PT003834,T0341,2025-10-09,USD,64585.74,3636.43,16257.01,64585.74,16257.01
PT005745,T0508,2025-05-23,USD,44656.27,4798.38,5261.57,44656.27,5261.57
PT005100,T0453,2021-09-08,USD,905854.14,101181.38,54066.76,905854.14,54066.76000000001
PT001279,T0116,2025-04-14,INR,107994.5298,6682.70016,8015.83644,107994.5298,8015.83644
PT003081,T0273,2023-08-14,EUR,71292.906,4328.694,21982.0608,71292.906,21982.0608
PT001824,T0164,2024-11-26,EUR,118000.67040000002,11559.942000000001,18005.4252,118000.67040000002,18005.4252
PT001054,T0096,2023-02-01,EUR,36316.3608,3038.9040000000005,9109.3572,36316.3608,9109.3572
PT004146,T0368,2023-11-08,GBP,92688.85450000002,6537.9219,28605.8102,92688.85450000002,28605.8102
PT005933,T0524,2026-01-26,USD,89971.66,7949.52,28585.0,89971.66,28584.999999999996
PT000476,T0042,2021-10-27,EUR,84477.5136,6454.090800000001,8621.1,84477.5136,8621.1
PT006449,T0569,2023-12-16,USD,252654.55,20173.13,74045.68,252654.55,74045.68
PT002283,T0204,2025-08-18,USD,117742.81,9445.05,29681.04,117742.81,29681.04
PT003712,T0330,2025-01-31,USD,30616.55,3130.91,3198.85,30616.55,3198.85
PT003147,T0278,2023-02-13,USD,182548.19,15677.0,46128.46,182548.19,46128.46
PT005643,T0499,2022-11-28,EUR,63398.8404,4951.854,19370.3184,63398.8404,19370.3184
PT000336,T0030,2025-01-13,USD,81309.53,4438.45,4651.73,81309.53,4651.73
PT002618,T0233,2025-10-05,USD,205917.56,21692.47,11670.32,205917.56,11670.32
PT003663,T0326,2023-07-23,USD,47847.46,4589.37,8420.16,47847.46,8420.16
PT000089,T0009,2023-09-02,USD,289009.6,16862.33,22624.37,289009.6,22624.37
PT000875,T0079,2025-12-24,USD,21059.12,1885.96,2348.38,21059.12,2348.38
PT007519,T0665,2024-09-18,USD,99102.04,10349.65,8816.75,99102.04,8816.75
PT000544,T0048,2026-04-10,EUR,96322.716,9605.023200000001,29344.507200000004,96322.716,29344.507199999996
PT005338,T0474,2021-08-19,USD,223220.23,21354.72,64495.84,223220.23,64495.84
PT003001,T0266,2022-12-02,USD,161795.9,11720.64,49999.11,161795.9,49999.11
PT002761,T0245,2022-09-17,EUR,22874.6052,2211.6888,5847.4764000000005,22874.6052,5847.4764000000005
PT900124,T0584,2025-06-01,USD,16666.67,1648.01,2986.37,16666.67,2986.37
PT001881,T0169,2025-01-14,EUR,55069.783200000005,3018.0168000000003,10367.773200000001,55069.783200000005,10367.773200000001
PT007888,T0699,2024-08-13,USD,324235.24,22202.35,30298.2,324235.24,30298.200000000004
PT000927,T0084,2023-03-30,USD,167829.37,18999.84,53012.39,167829.37,53012.39000000001
PT006366,T0562,2024-08-07,USD,71602.38,7690.42,19204.19,71602.38,19204.19
PT000320,T0028,2026-09-11,USD,74814.37,8319.51,5004.79,47382.43,3169.7000434502093
PT004616,T0410,2021-11-29,USD,285909.27,28239.09,18626.41,285909.27,18626.41
PT006031,T0533,2024-10-23,USD,417453.7,28596.79,125312.3,417453.7,125312.3
PT000879,T0080,2025-04-24,EUR,145229.5008,11068.3044,23146.743599999998,145229.5008,23146.743599999998
PT006774,T0600,2025-06-15,USD,133469.55,10158.65,8364.09,133469.55,8364.09
PT003995,T0354,2022-12-13,USD,283479.26,27441.07,31130.81,283479.26,31130.81
PT004922,T0436,2025-03-06,USD,143833.62,15790.95,42423.4,143833.62,42423.4
PT003247,T0287,2022-05-02,EUR,160478.9496,18728.7012,37095.0516,160478.9496,37095.0516
PT005387,T0478,2023-01-04,USD,95633.43,6439.71,29130.43,95633.43,29130.43
PT003079,T0273,2023-06-14,EUR,71292.906,4328.694,21982.0608,71292.906,21982.0608
PT003762,T0335,2024-01-08,USD,98458.37,7177.81,22103.33,98458.37,22103.329999999998
PT004731,T0419,2022-01-24,USD,22504.6,1617.69,1774.43,22504.6,1774.43
PT007403,T0655,2022-12-02,EUR,88407.28800000002,7925.2452,6952.338000000001,88407.28800000002,6952.338000000001
PT004235,T0376,2023-02-28,USD,62508.05,4156.54,14744.08,62508.05,14744.08
PT004260,T0378,2026-07-27,INR,30046.83348,1719.18852,7533.345480000001,30046.83348,7533.345480000001
PT001619,T0146,2026-08-04,EUR,137711.26440000001,7794.997200000001,14659.0776,137711.26440000001,14659.0776
PT003727,T0332,2021-03-24,EUR,113857.1208,7181.222400000001,7513.4952,113857.1208,7513.495200000001
PT007807,T0692,2024-04-11,EUR,88247.502,10282.9284,8868.3228,88247.502,8868.3228
PT005888,T0521,2024-10-03,USD,192812.14,14528.12,42703.02,192812.14,42703.02
PT001046,T0095,2026-05-29,USD,99203.62,11090.75,23356.73,99203.62,23356.73
PT005057,T0448,2025-06-01,EUR,69358.3668,6222.722400000001,5298.2532,69358.3668,5298.2532
PT001751,T0158,2025-11-23,USD,48036.85,4454.77,5670.51,48036.85,5670.51
PT005152,T0457,2023-02-05,USD,72334.97,5795.18,5924.37,72334.97,5924.37
PT003879,T0344,2026-06-14,USD,139716.8,8577.56,12618.02,139716.8,12618.02
PT005865,T0519,2024-03-14,EUR,31021.056000000004,3157.7148,7790.590800000001,31021.056000000004,7790.590800000001
PT005601,T0496,2025-07-05,USD,121892.83,13916.04,32505.24,121892.83,32505.24
PT003918,T0348,2024-05-08,USD,53506.37,6190.83,14710.6,53506.37,14710.6
PT005190,T0460,2024-12-01,EUR,217483.974,12521.887200000001,25337.404800000004,217483.974,25337.404800000008
PT001044,T0095,2026-03-29,USD,99203.62,11090.75,23356.73,99203.62,23356.73
PT003011,T0267,2022-08-28,USD,242972.79,13958.11,23585.56,242972.79,23585.56
PT005156,T0457,2023-06-05,USD,72334.97,5795.18,5924.37,72334.97,5924.37
PT006778,T0600,2025-10-15,USD,133469.55,10158.65,8364.09,133469.55,8364.09
PT003291,T0290,2023-12-22,USD,81373.4,6269.51,6981.14,81373.4,6981.14
PT007656,T0677,2023-12-05,USD,100715.03,6782.36,22735.4,100715.03,22735.4
PT004752,T0421,2023-06-12,USD,94269.31,5440.4,7802.29,94269.31,7802.29
PT002065,T0185,2024-09-19,EUR,395075.1996,35550.8136,26068.4568,395075.1996,26068.4568
PT002965,T0263,2026-06-30,EUR,41629.4532,2296.2744,2829.438,41629.4532,2829.438
PT000642,T0058,2026-09-07,USD,18286.12,1426.4,4609.0,14019.36,3533.567002732127
PT000138,T0013,2026-02-27,USD,91469.85,6957.04,22994.54,91469.85,22994.54
PT001977,T0178,2025-11-29,USD,120341.02,9195.22,14087.9,120341.02,14087.9
PT001582,T0143,2025-08-15,USD,122124.19,7498.42,12206.44,122124.19,12206.44
PT004794,T0424,2024-12-06,USD,348422.41,24441.94,33784.6,348422.41,33784.6
PT001098,T0100,2021-09-17,USD,220557.92,15166.88,15881.13,220557.92,15881.13
PT006980,T0618,2024-03-08,EUR,51158.72520000001,3618.1404,2574.9468,51158.72520000001,2574.9468
PT007500,T0664,2022-02-16,USD,213681.59,21285.6,24773.7,213681.59,24773.699999999997
PT006550,T0579,2026-09-07,USD,81622.23,5876.12,23199.14,62577.04,17786.006480656066
PT006593,T0584,2024-10-01,USD,16666.67,1648.01,2986.37,16666.67,2986.37
PT001393,T0126,2023-10-24,USD,67627.15,4116.99,6135.2,67627.15,6135.2
PT001267,T0114,2025-08-14,USD,588038.38,35206.98,62815.83,588038.38,62815.83000000001
PT006472,T0571,2024-05-22,USD,36495.53,3294.75,2227.51,36495.53,2227.51
PT006462,T0570,2024-02-11,INR,240383.36148,16815.70752,64621.10256,240383.36148,64621.10256
PT004232,T0376,2022-11-28,USD,62508.05,4156.54,14744.08,62508.05,14744.08
PT005266,T0467,2023-06-03,EUR,249818.40720000002,13691.916000000001,59531.446800000005,249818.40720000002,59531.4468
PT002575,T0230,2021-04-25,USD,550925.07,29095.85,65516.53,550925.07,65516.53
PT002136,T0191,2022-08-14,USD,125958.71,6581.4,25109.52,125958.71,25109.52
PT001504,T0137,2023-05-01,USD,94166.78,10920.36,7485.28,94166.78,7485.28
PT005459,T0484,2024-03-10,EUR,348075.2304,41002.8588,37837.206,348075.2304,37837.206
PT007179,T0636,2023-03-19,EUR,82084.3524,7050.844800000001,22848.717600000004,82084.3524,22848.717600000004
PT003368,T0298,2025-09-30,EUR,77861.6928,8960.619600000002,18316.702800000003,77861.6928,18316.702800000003
PT003730,T0332,2021-06-24,EUR,113857.1208,7181.222400000001,7513.4952,113857.1208,7513.495200000001
PT000149,T0014,2022-02-08,USD,16666.67,1581.04,2759.14,16666.67,2759.14
PT000304,T0027,2021-04-18,USD,55736.25,6286.48,5720.62,55736.25,5720.619999999999
PT005114,T0454,2023-10-19,USD,111399.74,11630.42,18228.16,111399.74,18228.16
PT001925,T0173,2025-02-15,USD,68172.95,4091.09,5165.89,68172.95,5165.89
PT005149,T0457,2022-11-05,USD,72334.97,5795.18,5924.37,72334.97,5924.37
PT007670,T0679,2026-06-18,USD,72084.95,5368.3,20824.0,72084.95,20824.0
PT006510,T0575,2025-11-23,USD,30879.36,2238.49,3206.94,30879.36,3206.94
PT002638,T0235,2022-10-18,USD,69568.86,8124.78,4278.33,69568.86,4278.33
PT007593,T0672,2023-01-26,USD,378300.57,22626.57,103441.96,378300.57,103441.96
PT001905,T0171,2023-02-28,USD,28457.63,2732.31,2228.21,28457.63,2228.21
PT007483,T0662,2026-09-07,USD,98240.33,8375.71,9439.69,75317.59,7237.096018988332
PT004295,T0381,2025-01-15,USD,196717.43,18224.67,21941.46,196717.43,21941.46
PT003843,T0341,2026-07-09,USD,64585.74,3636.43,16257.01,64585.74,16257.01
PT007117,T0631,2023-06-10,USD,36017.19,2058.13,2236.99,36017.19,2236.99
PT001769,T0160,2024-07-07,USD,186346.27,19284.1,29635.64,186346.27,29635.64
PT002876,T0256,2025-10-14,USD,85424.88,5043.45,4286.06,85424.88,4286.06
PT002241,T0200,2025-08-30,USD,942775.26,59269.05,63291.85,942775.26,63291.85
PT004501,T0400,2025-12-26,USD,374847.6,29937.0,110644.75,374847.6,110644.75
PT000484,T0042,2022-06-27,EUR,84477.5136,6454.090800000001,8621.1,84477.5136,8621.1
PT005279,T0468,2022-04-11,USD,196119.25,10716.9,52787.65,196119.25,52787.65
PT005436,T0482,2023-08-18,USD,151505.21,8151.24,26378.52,151505.21,26378.52
PT005128,T0455,2024-04-18,USD,111249.39,5920.2,11943.51,111249.39,11943.51
PT003681,T0328,2024-09-08,USD,59138.66,3765.18,16038.65,59138.66,16038.65
PT000792,T0072,2024-10-22,USD,41079.98,4527.82,3269.61,41079.98,3269.61
PT004896,T0434,2022-12-28,EUR,112436.4132,9943.862400000002,12460.143600000001,112436.4132,12460.1436
PT006529,T0577,2025-11-05,EUR,556353.9324,66476.30040000001,138128.814,556353.9324,138128.814
PT006895,T0611,2023-07-03,USD,23524.14,1352.52,1291.25,23524.14,1291.25
PT001202,T0109,2022-07-23,USD,105427.91,10274.8,7092.21,105427.91,7092.21
PT004519,T0401,2025-03-26,USD,99938.38,11119.84,25263.23,99938.38,25263.230000000003
PT003913,T0347,2025-04-07,EUR,77677.9632,9175.9392,12901.6476,77677.9632,12901.6476
PT002363,T0211,2024-12-13,USD,65590.84,4581.66,14503.36,65590.84,14503.36
PT003070,T0272,2024-06-20,USD,382220.9,21579.44,107600.37,382220.9,107600.37
PT003430,T0303,2025-04-18,USD,30881.94,2451.29,1935.39,30881.94,1935.39
PT005980,T0528,2022-10-08,USD,28430.93,1451.35,4961.04,28430.93,4961.04
PT007779,T0689,2022-10-24,GBP,483832.96680000005,35395.2302,54177.666600000004,483832.96680000005,54177.666600000004
PT005576,T0494,2025-12-04,GBP,81741.6958,7801.1655,19574.5354,81741.6958,19574.5354
PT002592,T0231,2021-09-14,USD,222276.24,13343.45,52763.42,222276.24,52763.42
PT006025,T0533,2024-04-23,USD,417453.7,28596.79,125312.3,417453.7,125312.3
PT002711,T0241,2024-01-30,USD,110607.31,12757.14,16933.35,110607.31,16933.35
PT005717,T0506,2021-03-19,EUR,43116.008400000006,4733.4456,10521.5328,43116.008400000006,10521.5328
PT001530,T0139,2021-10-19,EUR,45378.090000000004,5271.9876,3777.3324000000007,45378.090000000004,3777.3324
PT004999,T0443,2024-08-27,USD,174851.14,14433.96,20927.38,174851.14,20927.38
PT002810,T0250,2023-02-16,EUR,94587.05880000001,6995.5488000000005,26673.8508,94587.05880000001,26673.850800000004
PT000686,T0063,2024-10-13,EUR,31413.549600000002,3768.3576,8645.594400000002,31413.549600000002,8645.594400000002
PT001552,T0141,2024-07-12,USD,354720.62,34491.93,91937.83,354720.62,91937.83
PT007688,T0681,2025-12-08,USD,137611.6,11597.82,7220.88,137611.6,7220.88
PT004256,T0378,2026-03-27,INR,30046.83348,1719.18852,7533.345480000001,30046.83348,7533.345480000001
PT005096,T0452,2026-08-28,USD,62409.29,6822.24,18989.66,62409.29,18989.66
PT003872,T0344,2025-11-14,USD,139716.8,8577.56,12618.02,139716.8,12618.02
PT005123,T0455,2023-11-18,USD,111249.39,5920.2,11943.51,111249.39,11943.51
PT000561,T0049,2024-02-29,USD,182970.01,15432.16,57452.93,182970.01,57452.93
PT002251,T0200,2026-06-30,USD,942775.26,59269.05,63291.85,942775.26,63291.85
PT007514,T0665,2024-04-18,USD,99102.04,10349.65,8816.75,99102.04,8816.75
PT003501,T0310,2025-10-14,USD,160563.84,8827.18,42357.17,160563.84,42357.17
PT002690,T0239,2025-03-31,USD,298312.51,28039.4,66631.38,298312.51,66631.38
PT004209,T0373,2026-08-20,USD,81218.91,6818.1,25013.61,81218.91,25013.61
PT007837,T0694,2025-12-07,USD,246554.18,22639.45,14915.53,246554.18,14915.53
PT003380,T0299,2024-07-03,INR,117914.23776,12469.744920000001,7491.914040000001,117914.23776,7491.914040000001
PT003194,T0282,2023-03-14,USD,121339.65,9726.82,19035.5,121339.65,19035.5
PT001447,T0131,2026-09-20,EUR,60096.546,3650.8968000000004,5590.8792,20032.1856,1863.6267349138423
PT001953,T0176,2022-01-13,USD,82816.94,4701.74,15082.28,82816.94,15082.279999999999
PT000923,T0083,2023-04-12,INR,219213.34488,20960.49228,68993.45004,219213.34488,68993.45004
PT001625,T0147,2022-04-05,USD,63597.51,5023.72,17822.63,63597.51,17822.63
PT000311,T0027,2021-11-18,USD,55736.25,6286.48,5720.62,55736.25,5720.619999999999
PT006950,T0615,2022-02-10,EUR,261355.62600000002,15806.3292,74724.1092,261355.62600000002,74724.1092
PT007700,T0682,2022-05-26,USD,82125.15,4329.69,6520.91,82125.15,6520.91
PT001320,T0119,2024-05-03,USD,41475.8,3445.76,10107.91,41475.8,10107.91
PT003532,T0313,2026-08-26,USD,221576.51,24043.7,59675.98,221576.51,59675.98
PT001664,T0150,2022-10-24,USD,340211.84,36441.14,78765.37,340211.84,78765.37
PT000816,T0074,2026-04-17,USD,349428.89,31581.48,25394.94,349428.89,25394.940000000002
PT007296,T0646,2026-02-02,EUR,167525.4204,10216.972800000001,31253.644800000002,167525.4204,31253.644800000002
PT002267,T0203,2025-01-12,INR,81116.88636,7393.60428,24229.13652,81116.88636,24229.136519999996
PT001474,T0134,2021-06-04,USD,61558.27,5318.94,18182.9,61558.27,18182.9
PT001774,T0160,2024-12-07,USD,186346.27,19284.1,29635.64,186346.27,29635.64
PT004776,T0423,2026-02-23,USD,320347.69,24300.72,22697.03,320347.69,22697.03
PT007420,T0657,2024-06-11,USD,134067.74,14448.71,21246.07,134067.74,21246.07
PT001094,T0099,2026-06-30,USD,81331.03,7301.23,6880.77,81331.03,6880.77
PT004177,T0370,2025-07-03,EUR,159513.6348,10488.2904,12373.2252,159513.6348,12373.2252
PT001951,T0175,2021-12-10,USD,104485.16,10219.8,11217.69,104485.16,11217.69
PT006757,T0599,2024-12-05,USD,18411.08,1330.09,4802.26,18411.08,4802.26
PT003885,T0345,2023-02-15,EUR,61659.954000000005,5983.5456,17745.1452,61659.954000000005,17745.1452
PT007268,T0644,2025-01-30,USD,74853.06,4125.74,14760.53,74853.06,14760.530000000002
PT007513,T0665,2024-03-18,USD,99102.04,10349.65,8816.75,99102.04,8816.75
PT002801,T0249,2025-09-05,USD,252877.99,21600.4,21776.06,252877.99,21776.06
PT001240,T0112,2023-05-01,USD,73860.72,8579.69,3852.76,73860.72,3852.7600000000007
PT000330,T0029,2025-11-26,USD,101233.74,6373.93,10834.51,101233.74,10834.51
PT003103,T0275,2024-11-22,USD,100845.39,10385.5,11832.39,100845.39,11832.389999999998
PT000243,T0022,2024-12-14,INR,143270.09544,16437.25152,22098.1176,143270.09544,22098.117599999998
PT007528,T0666,2024-09-07,GBP,188814.9767,22129.419800000003,13247.827200000002,188814.9767,13247.827200000002
PT004738,T0420,2023-09-17,EUR,117195.72480000001,6784.4736,19073.0268,117195.72480000001,19073.0268
PT004793,T0424,2024-11-06,USD,348422.41,24441.94,33784.6,348422.41,33784.6
PT002258,T0201,2026-03-24,USD,52479.91,3681.29,13028.32,52479.91,13028.32
PT006647,T0588,2022-10-03,EUR,202350.744,11821.712400000002,38995.41960000001,202350.744,38995.41960000001
PT002819,T0251,2023-03-10,EUR,184514.814,12427.646400000001,55753.23960000001,184514.814,55753.23960000001
PT003825,T0340,2021-11-03,USD,104005.14,11392.65,5817.45,104005.14,5817.45
PT000754,T0069,2025-08-15,USD,42534.31,4242.26,3766.99,42534.31,3766.9899999999993
PT004532,T0402,2024-11-15,INR,121383.34547999999,9284.16552,14205.6714,121383.34547999999,14205.6714
PT001564,T0142,2023-05-21,EUR,60970.94640000001,5159.484,16900.8444,60970.94640000001,16900.8444
PT001935,T0174,2026-04-03,USD,548983.18,50839.24,165558.54,548983.18,165558.54
PT007709,T0682,2023-02-26,USD,82125.15,4329.69,6520.91,82125.15,6520.91
PT003494,T0309,2021-07-15,EUR,34205.662800000006,2846.2212,1790.4564,34205.662800000006,1790.4564
PT003023,T0268,2023-09-11,USD,62056.41,6646.76,18645.13,62056.41,18645.13
PT005809,T0513,2025-07-11,USD,206673.62,13315.27,61875.66,206673.62,61875.66
PT004648,T0412,2024-01-20,EUR,68916.88440000001,5156.7624,16548.354,68916.88440000001,16548.354
PT002649,T0236,2024-01-28,USD,55405.03,6180.97,9851.62,55405.03,9851.619999999999
PT001857,T0167,2024-01-24,USD,232594.41,24529.16,36330.38,232594.41,36330.38
PT004698,T0416,2023-02-28,USD,31871.84,3672.14,3261.3,31871.84,3261.3
PT003564,T0316,2022-03-29,USD,90076.31,4710.36,25250.23,90076.31,25250.23
PT001965,T0177,2022-02-13,USD,42468.93,2572.32,3217.72,42468.93,3217.72
PT001014,T0091,2024-12-04,USD,235117.14,20306.71,55696.27,235117.14,55696.27
PT005835,T0516,2024-05-21,USD,222239.07,18226.64,17889.86,222239.07,17889.86
PT001428,T0129,2024-11-08,USD,47242.56,2502.85,3933.02,47242.56,3933.0200000000004
PT006109,T0541,2021-09-12,USD,196205.65,14162.1,62173.92,196205.65,62173.92
PT003323,T0293,2021-11-05,EUR,192820.824,13627.213200000002,59421.9672,192820.824,59421.9672
PT005483,T0486,2024-06-11,USD,67621.99,7385.43,5034.98,67621.99,5034.98
PT001296,T0117,2023-06-02,USD,179453.58,17626.49,54848.37,179453.58,54848.37
PT000467,T0041,2023-04-01,USD,152899.67,15470.31,44853.04,152899.67,44853.04
PT004029,T0357,2023-06-18,INR,351362.86152000003,26010.802440000003,86410.13448000001,351362.86152000003,86410.13448000001
PT005596,T0495,2026-05-11,INR,274657.55663999997,20293.545000000002,30613.89408,274657.55663999997,30613.89408
PT004881,T0432,2024-01-06,INR,167532.65232,10519.53228,15183.229440000001,167532.65232,15183.229440000001
PT000278,T0025,2023-09-16,USD,89604.85,10744.7,21394.0,89604.85,21394.0
PT001070,T0097,2025-09-26,EUR,42736.9392,4385.8584,3535.3692,42736.9392,3535.3692
PT001549,T0140,2021-11-19,EUR,191309.73120000004,13308.289200000001,31172.3532,191309.73120000004,31172.3532
PT001025,T0093,2023-04-19,USD,88465.05,6576.24,8373.71,88465.05,8373.71
PT005562,T0493,2022-02-22,USD,249402.1,26317.88,70481.55,249402.1,70481.55
PT006867,T0608,2024-07-20,USD,82680.31,6098.48,22186.43,82680.31,22186.43
PT005037,T0447,2025-07-24,EUR,429256.476,30428.352000000003,123914.50200000001,429256.476,123914.50200000001
PT002835,T0252,2024-02-11,USD,111248.59,8184.22,8399.86,111248.59,8399.86
PT006804,T0603,2025-01-01,INR,147474.89952,13389.94416,16776.68472,147474.89952,16776.68472
PT001467,T0133,2025-10-05,INR,37030.3044,3647.66496,3455.1585600000003,37030.3044,3455.1585600000003
PT005420,T0480,2024-01-11,EUR,58485.564000000006,6355.724400000001,3231.6948,58485.564000000006,3231.6948
PT006772,T0600,2025-04-15,USD,133469.55,10158.65,8364.09,133469.55,8364.09
PT005496,T0487,2025-05-27,USD,124090.11,7159.15,8210.18,124090.11,8210.18
PT007539,T0668,2025-04-19,INR,95437.28808,11111.225279999999,9710.4072,95437.28808,9710.4072
PT005546,T0491,2025-03-03,USD,110583.03,5928.64,9812.9,110583.03,9812.9
PT005003,T0443,2024-12-27,USD,174851.14,14433.96,20927.38,174851.14,20927.38
PT001714,T0155,2024-10-30,USD,58436.4,6643.39,6874.12,58436.4,6874.12
PT003425,T0303,2024-11-18,USD,30881.94,2451.29,1935.39,30881.94,1935.39
PT002612,T0233,2025-04-05,USD,205917.56,21692.47,11670.32,205917.56,11670.32
PT005992,T0529,2026-03-23,USD,931509.25,110697.38,57160.07,931509.25,57160.07
PT000389,T0034,2023-06-25,USD,32386.44,3553.96,3545.04,32386.44,3545.04
PT002071,T0185,2025-03-19,EUR,395075.1996,35550.8136,26068.4568,395075.1996,26068.4568
PT003971,T0352,2024-03-29,USD,463761.29,33137.43,51590.11,463761.29,51590.11
PT007109,T0631,2022-10-10,USD,36017.19,2058.13,2236.99,36017.19,2236.99
PT006269,T0554,2022-10-17,EUR,16666.668,1677.9636000000003,1726.38,16666.668,1726.38
PT003496,T0309,2021-09-15,EUR,34205.662800000006,2846.2212,1790.4564,34205.662800000006,1790.4564
PT007026,T0622,2023-09-05,INR,146466.35580000002,11407.440480000001,44509.40844,146466.35580000002,44509.40844
PT002822,T0251,2023-06-10,EUR,184514.814,12427.646400000001,55753.23960000001,184514.814,55753.23960000001
PT004977,T0440,2024-10-24,USD,108262.16,6801.01,10566.85,108262.16,10566.85
PT001425,T0129,2024-08-08,USD,47242.56,2502.85,3933.02,47242.56,3933.0200000000004
PT003543,T0314,2021-11-05,USD,60214.64,3811.84,18101.91,60214.64,18101.91
PT900005,T0024,2025-06-11,USD,146627.78,16084.29,14224.79,146627.78,14224.79
PT003575,T0317,2022-05-22,USD,151237.27,12948.26,43182.88,151237.27,43182.88
PT000051,T0006,2022-02-02,USD,16666.67,1068.75,4953.51,16666.67,4953.51
PT001888,T0170,2025-10-22,USD,92450.42,7451.41,10815.59,92450.42,10815.59
PT005799,T0513,2024-09-11,USD,206673.62,13315.27,61875.66,206673.62,61875.66
PT006588,T0583,2026-08-06,GBP,62703.9513,6349.8857,6039.8405999999995,62703.9513,6039.8405999999995
PT003696,T0329,2025-03-20,USD,84586.82,7675.4,26351.14,84586.82,26351.14
PT004230,T0376,2022-09-28,USD,62508.05,4156.54,14744.08,62508.05,14744.08
PT005202,T0462,2025-02-12,GBP,359727.6778,21020.2272,18241.6577,359727.6778,18241.6577
PT004800,T0425,2022-08-25,USD,112754.78,7016.49,32364.73,112754.78,32364.73
PT000483,T0042,2022-05-27,EUR,84477.5136,6454.090800000001,8621.1,84477.5136,8621.1
PT003394,T0300,2025-05-24,USD,323465.09,23267.74,58876.71,323465.09,58876.71
PT005242,T0465,2026-01-22,INR,101647.05168,6685.017720000001,27466.38312,101647.05168,27466.38312
PT006135,T0543,2026-03-25,USD,83089.93,7227.2,8874.83,83089.93,8874.83
PT002252,T0201,2025-09-24,USD,52479.91,3681.29,13028.32,52479.91,13028.32
PT004163,T0369,2024-09-11,USD,179253.01,13824.9,48744.52,179253.01,48744.52
PT007737,T0685,2025-04-28,EUR,202084.092,18129.711600000002,57382.516800000005,202084.092,57382.51680000001
PT006878,T0609,2023-09-10,USD,57524.85,5486.44,14486.98,57524.85,14486.98
PT002314,T0207,2022-05-30,EUR,227969.78040000002,12809.7936,53494.18200000001,227969.78040000002,53494.18200000001
PT002850,T0253,2024-11-08,USD,33238.01,3761.25,3482.01,33238.01,3482.01
PT007534,T0667,2026-07-02,USD,69632.32,7546.75,8198.13,69632.32,8198.13
PT003104,T0275,2024-12-22,USD,100845.39,10385.5,11832.39,100845.39,11832.389999999998
PT005004,T0443,2025-01-27,USD,174851.14,14433.96,20927.38,174851.14,20927.38
PT004128,T0366,2025-04-09,USD,244109.16,19467.39,14871.27,244109.16,14871.27
PT003868,T0343,2025-02-01,USD,118599.13,14150.09,11941.45,118599.13,11941.45
PT002466,T0220,2025-07-19,EUR,37204.768800000005,3899.0052000000005,4169.1348,37204.768800000005,4169.1348
PT002930,T0260,2023-03-17,USD,215371.07,14164.38,50707.93,215371.07,50707.93
PT006777,T0600,2025-09-15,USD,133469.55,10158.65,8364.09,133469.55,8364.09
PT007820,T0693,2021-09-07,USD,42620.19,2540.92,12492.82,42620.19,12492.82
PT004107,T0364,2024-04-28,EUR,146180.31120000003,12431.5344,7471.8828,146180.31120000003,7471.8828
PT000065,T0007,2025-10-19,USD,57256.0,3081.23,13701.6,57256.0,13701.6
PT007624,T0675,2021-11-14,USD,108287.57,6901.07,12510.11,108287.57,12510.110000000002
PT000777,T0071,2024-12-03,EUR,115616.41920000002,13352.299200000001,32907.7944,115616.41920000002,32907.7944
PT004174,T0370,2025-04-03,EUR,159513.6348,10488.2904,12373.2252,159513.6348,12373.2252
PT004588,T0407,2026-06-28,GBP,218877.1213,15511.500600000001,11592.56,218877.1213,11592.56
PT002735,T0243,2026-07-06,USD,309912.87,23450.53,16064.06,309912.87,16064.06
PT007505,T0664,2022-07-16,USD,213681.59,21285.6,24773.7,213681.59,24773.699999999997
PT002581,T0230,2021-10-25,USD,550925.07,29095.85,65516.53,550925.07,65516.53
PT006210,T0549,2026-05-31,USD,48465.38,3129.5,15295.14,48465.38,15295.14
PT004617,T0410,2021-12-29,USD,285909.27,28239.09,18626.41,285909.27,18626.41
PT003484,T0308,2024-01-03,USD,78800.94,6297.77,7973.06,78800.94,7973.06
PT002345,T0209,2026-06-14,USD,68828.83,6856.75,7557.92,68828.83,7557.92
PT004688,T0416,2022-04-30,USD,31871.84,3672.14,3261.3,31871.84,3261.3
PT002816,T0251,2022-12-10,EUR,184514.814,12427.646400000001,55753.23960000001,184514.814,55753.23960000001
PT007560,T0669,2023-01-10,USD,107508.6,10354.64,29073.6,107508.6,29073.6
PT005382,T0477,2023-05-15,EUR,74123.4348,6291.7992,17409.481200000002,74123.4348,17409.481200000002
PT005940,T0525,2023-05-25,USD,488093.4,37210.4,132027.91,488093.4,132027.91
PT004027,T0357,2023-04-18,INR,351362.86152000003,26010.802440000003,86410.13448000001,351362.86152000003,86410.13448000001
PT000725,T0066,2021-11-01,USD,95475.14,8375.64,28863.35,95475.14,28863.35
PT007379,T0653,2022-05-30,USD,200045.25,11619.93,32003.36,200045.25,32003.36
PT006771,T0600,2025-03-15,USD,133469.55,10158.65,8364.09,133469.55,8364.09
PT007352,T0651,2025-05-14,USD,31970.25,2906.77,2027.68,31970.25,2027.68
PT005309,T0471,2026-02-18,EUR,83393.7336,7291.630800000001,21196.220400000002,83393.7336,21196.220400000002
PT006396,T0565,2025-08-27,USD,73299.9,7460.78,21673.63,73299.9,21673.63
PT005734,T0507,2022-12-19,USD,94073.51,8763.93,24818.27,94073.51,24818.27
PT007854,T0696,2024-10-21,USD,195069.96,12102.09,13908.54,195069.96,13908.540000000003
PT001736,T0157,2024-10-11,USD,59405.32,4717.71,6547.9,59405.32,6547.899999999999
PT003125,T0277,2021-02-10,USD,117094.62,12012.95,10047.56,117094.62,10047.56
PT004941,T0437,2022-07-31,USD,104966.16,10922.64,5671.7,104966.16,5671.700000000001
PT005079,T0451,2022-09-18,USD,24037.28,1726.09,6748.19,24037.28,6748.19
PT007797,T0690,2025-04-21,USD,57917.12,5125.0,13770.79,57917.12,13770.79
PT004803,T0425,2022-11-25,USD,112754.78,7016.49,32364.73,112754.78,32364.73
PT006632,T0587,2024-04-27,EUR,85837.42800000001,9604.753200000001,15158.664,85837.42800000001,15158.664
PT005784,T0511,2022-01-21,USD,334493.39,22458.58,77322.03,334493.39,77322.03
PT005963,T0527,2025-11-30,EUR,138141.1476,11759.4504,21881.113200000003,138141.1476,21881.113200000003
PT000274,T0024,2026-02-11,USD,146627.78,16084.29,14224.79,146627.78,14224.79
PT005806,T0513,2025-04-11,USD,206673.62,13315.27,61875.66,206673.62,61875.66
PT002945,T0261,2025-09-18,EUR,674270.406,71430.5304,185640.03360000002,674270.406,185640.03360000002
PT007677,T0680,2022-09-21,USD,164633.16,18206.15,15241.0,164633.16,15241.0
PT005060,T0449,2026-03-07,INR,243818.81988,26199.443160000003,74696.33532,243818.81988,74696.33532
PT007022,T0622,2023-05-05,INR,146466.35580000002,11407.440480000001,44509.40844,146466.35580000002,44509.40844
PT007345,T0650,2024-01-28,USD,57512.38,5066.35,17936.64,57512.38,17936.64
PT007844,T0695,2025-07-05,EUR,119687.00400000002,6741.154800000001,30968.071200000002,119687.00400000002,30968.071200000002
PT006556,T0580,2026-07-28,EUR,172519.77240000002,19569.794400000002,14448.142800000001,172519.77240000002,14448.142800000001
PT005579,T0494,2026-03-04,GBP,81741.6958,7801.1655,19574.5354,81741.6958,19574.5354
PT001453,T0132,2025-12-28,USD,22783.62,1489.38,2308.41,22783.62,2308.41
PT002716,T0242,2024-01-27,USD,219074.17,21806.13,50070.66,219074.17,50070.66
PT004246,T0377,2023-11-30,USD,62327.17,5145.55,5656.3,62327.17,5656.3
PT002693,T0240,2023-09-21,EUR,173417.2092,14488.243200000003,20400.9408,173417.2092,20400.9408
PT002768,T0246,2025-05-10,EUR,290496.06720000005,31914.324,82716.1632,290496.06720000005,82716.1632
PT005854,T0518,2023-03-10,USD,343687.21,28214.64,94743.22,343687.21,94743.22
PT000219,T0020,2024-10-16,USD,363245.55,40202.6,42654.03,363245.55,42654.03
PT000240,T0021,2024-06-25,USD,142515.67,8361.52,26605.92,142515.67,26605.92
PT001132,T0102,2023-07-06,USD,83603.64,6696.4,20359.63,83603.64,20359.63
PT007635,T0676,2022-01-07,USD,84894.67,4885.43,4275.73,84894.67,4275.73
PT003265,T0288,2025-09-01,USD,84838.55,5754.94,10102.78,84838.55,10102.78
PT006937,T0614,2023-05-03,USD,23917.34,1245.1,2820.72,23917.34,2820.72
PT002240,T0200,2025-07-30,USD,942775.26,59269.05,63291.85,942775.26,63291.85
PT005350,T0475,2023-12-21,USD,196540.51,14768.63,33688.16,196540.51,33688.16
PT005150,T0457,2022-12-05,USD,72334.97,5795.18,5924.37,72334.97,5924.37
PT007107,T0630,2023-03-06,USD,82243.7,5508.43,6925.59,82243.7,6925.59
PT005765,T0510,2022-08-08,USD,93349.78,5357.56,21604.83,93349.78,21604.83
PT001384,T0125,2025-03-30,USD,409877.35,42280.44,95387.72,409877.35,95387.72
PT003075,T0272,2024-11-20,USD,382220.9,21579.44,107600.37,382220.9,107600.37
PT004861,T0431,2021-02-04,USD,192633.15,19224.48,11158.32,192633.15,11158.320000000002
PT007185,T0637,2025-07-03,USD,18095.48,1199.29,2932.54,18095.48,2932.54
PT001358,T0123,2023-06-03,USD,115963.04,13371.16,36995.43,115963.04,36995.43
PT004872,T0432,2023-04-06,INR,167532.65232,10519.53228,15183.229440000001,167532.65232,15183.229440000001
PT002631,T0234,2026-08-13,USD,59490.81,3553.41,14719.49,59490.81,14719.49
PT002833,T0252,2023-12-11,USD,111248.59,8184.22,8399.86,111248.59,8399.86
PT000625,T0057,2026-02-28,EUR,28573.7868,3249.4932000000003,7072.444800000001,28573.7868,7072.444800000001
PT000840,T0076,2024-10-12,EUR,123607.28520000001,11880.2376,20576.052000000003,123607.28520000001,20576.052000000003
PT004724,T0419,2021-06-24,USD,22504.6,1617.69,1774.43,22504.6,1774.43
PT000324,T0029,2025-05-26,USD,101233.74,6373.93,10834.51,101233.74,10834.51
PT007648,T0677,2023-04-05,USD,100715.03,6782.36,22735.4,100715.03,22735.4
PT001868,T0168,2025-08-16,USD,132540.71,11146.42,41511.01,132540.71,41511.01
PT005257,T0467,2022-09-03,EUR,249818.40720000002,13691.916000000001,59531.446800000005,249818.40720000002,59531.4468
PT002827,T0252,2023-06-11,USD,111248.59,8184.22,8399.86,111248.59,8399.86
PT005173,T0459,2025-07-19,USD,58540.51,3583.8,6023.75,58540.51,6023.75
PT007084,T0629,2024-05-23,USD,41059.38,2503.05,4225.65,41059.38,4225.65
PT007339,T0650,2023-07-28,USD,57512.38,5066.35,17936.64,57512.38,17936.64
PT000438,T0038,2026-01-03,USD,98184.07,10656.62,6935.02,98184.07,6935.02
PT000120,T0011,2022-12-04,EUR,156784.62600000002,12574.008000000002,16481.2428,156784.62600000002,16481.2428
PT007289,T0646,2025-07-02,EUR,167525.4204,10216.972800000001,31253.644800000002,167525.4204,31253.644800000002
PT007551,T0669,2022-04-10,USD,107508.6,10354.64,29073.6,107508.6,29073.6
PT005911,T0522,2022-07-06,USD,26140.4,2972.12,1337.81,26140.4,1337.8100000000002
PT001840,T0166,2025-11-14,USD,31177.28,1715.7,9235.49,31177.28,9235.49
PT001027,T0093,2023-06-19,USD,88465.05,6576.24,8373.71,88465.05,8373.71
PT003302,T0291,2025-08-11,USD,241151.35,21511.67,17898.27,241151.35,17898.27
PT007169,T0636,2022-05-19,EUR,82084.3524,7050.844800000001,22848.717600000004,82084.3524,22848.717600000004
PT004173,T0370,2025-03-03,EUR,159513.6348,10488.2904,12373.2252,159513.6348,12373.2252
PT003102,T0275,2024-10-22,USD,100845.39,10385.5,11832.39,100845.39,11832.389999999998
PT000901,T0082,2025-01-25,USD,160606.71,8481.1,12265.76,160606.71,12265.76
PT004468,T0396,2023-04-11,USD,239845.45,13220.92,53238.95,239845.45,53238.95
PT001205,T0109,2022-10-23,USD,105427.91,10274.8,7092.21,105427.91,7092.21
PT007406,T0655,2023-03-02,EUR,88407.28800000002,7925.2452,6952.338000000001,88407.28800000002,6952.338000000001
PT005038,T0447,2025-08-24,EUR,429256.476,30428.352000000003,123914.50200000001,429256.476,123914.50200000001
PT006722,T0595,2024-12-26,EUR,88378.8084,6800.7492,16324.6104,88378.8084,16324.6104
PT004051,T0359,2024-10-23,USD,54453.25,6494.14,13962.4,54453.25,13962.4
PT006964,T0617,2023-03-10,INR,38423.0556,4421.86572,11912.99436,38423.0556,11912.99436
PT000553,T0049,2023-06-30,USD,182970.01,15432.16,57452.93,182970.01,57452.93
PT000407,T0036,2022-11-07,USD,218838.27,22255.99,55726.7,218838.27,55726.7
PT006214,T0550,2025-04-19,USD,70481.65,5886.74,19550.06,70481.65,19550.06
PT007313,T0648,2023-06-22,EUR,327692.04480000003,31836.9852,103194.486,327692.04480000003,103194.486
PT001614,T0146,2026-03-04,EUR,137711.26440000001,7794.997200000001,14659.0776,137711.26440000001,14659.0776
PT002935,T0261,2024-11-18,EUR,674270.406,71430.5304,185640.03360000002,674270.406,185640.03360000002
PT005065,T0449,2026-08-07,INR,243818.81988,26199.443160000003,74696.33532,243818.81988,74696.33532
PT003299,T0291,2025-05-11,USD,241151.35,21511.67,17898.27,241151.35,17898.27
PT002834,T0252,2024-01-11,USD,111248.59,8184.22,8399.86,111248.59,8399.86
PT006994,T0619,2022-10-04,USD,96206.91,8269.65,23232.23,96206.91,23232.23
PT002350,T0210,2022-03-13,USD,54762.14,3534.05,5411.03,54762.14,5411.029999999999
PT005843,T0517,2024-04-14,EUR,33855.3648,1832.0904000000003,10447.682400000002,33855.3648,10447.682400000002
PT004786,T0424,2024-04-06,USD,348422.41,24441.94,33784.6,348422.41,33784.6
PT006957,T0616,2024-08-07,EUR,72260.4456,6743.109600000001,20403.6732,72260.4456,20403.6732
PT001739,T0157,2025-01-11,USD,59405.32,4717.71,6547.9,59405.32,6547.899999999999
PT000237,T0021,2024-03-25,USD,142515.67,8361.52,26605.92,142515.67,26605.92
PT007867,T0698,2022-04-14,USD,38307.16,2839.08,9651.25,38307.16,9651.25
PT006083,T0538,2023-03-15,USD,524519.39,52489.55,54640.59,524519.39,54640.59
PT006080,T0538,2022-12-15,USD,524519.39,52489.55,54640.59,524519.39,54640.59
PT003164,T0280,2025-04-29,USD,59622.21,3905.8,18841.97,59622.21,18841.97
PT006939,T0614,2023-07-03,USD,23917.34,1245.1,2820.72,23917.34,2820.72
PT000500,T0044,2022-04-13,USD,167426.07,10739.74,38489.99,167426.07,38489.99
PT004919,T0435,2023-11-26,USD,110380.5,6058.64,28401.07,110380.5,28401.069999999996
PT003626,T0323,2023-05-08,USD,87122.53,10056.82,9355.37,87122.53,9355.37
PT003128,T0277,2021-05-10,USD,117094.62,12012.95,10047.56,117094.62,10047.56
PT000795,T0072,2025-01-22,USD,41079.98,4527.82,3269.61,41079.98,3269.61
PT003359,T0297,2026-05-23,USD,153271.36,9598.58,33936.22,153271.36,33936.22
PT007809,T0692,2024-06-11,EUR,88247.502,10282.9284,8868.3228,88247.502,8868.3228
PT003292,T0290,2024-01-22,USD,81373.4,6269.51,6981.14,81373.4,6981.14
PT003973,T0352,2024-05-29,USD,463761.29,33137.43,51590.11,463761.29,51590.11
PT000991,T0089,2026-08-10,USD,88582.45,5680.86,21216.6,88582.45,21216.6
PT004664,T0414,2025-01-15,USD,62180.47,4664.26,19590.88,62180.47,19590.88
PT007079,T0627,2025-10-16,USD,96234.84,7577.87,25907.27,96234.84,25907.27
PT002436,T0217,2022-01-01,EUR,119116.5372,6719.2632,35283.1896,119116.5372,35283.1896
PT003377,T0299,2024-04-03,INR,117914.23776,12469.744920000001,7491.914040000001,117914.23776,7491.914040000001
PT000391,T0034,2023-08-25,USD,32386.44,3553.96,3545.04,32386.44,3545.04
PT004840,T0428,2026-01-18,USD,187489.03,16352.03,58407.73,187489.03,58407.73
PT002401,T0214,2025-01-13,USD,132904.93,12353.82,24281.1,132904.93,24281.1
PT001218,T0110,2026-01-15,USD,221040.92,12503.52,40209.81,221040.92,40209.81
PT000236,T0021,2024-02-25,USD,142515.67,8361.52,26605.92,142515.67,26605.92
PT000332,T0029,2026-01-26,USD,101233.74,6373.93,10834.51,101233.74,10834.51
PT004577,T0406,2026-03-08,GBP,96798.77769999999,6511.9377,30213.1349,96798.77769999999,30213.1349
PT006139,T0543,2026-07-25,USD,83089.93,7227.2,8874.83,83089.93,8874.83
PT006712,T0594,2026-06-26,EUR,81352.28520000001,4082.3028,23608.130400000002,81352.28520000001,23608.130400000002
PT003189,T0282,2022-10-14,USD,121339.65,9726.82,19035.5,121339.65,19035.5
PT005774,T0510,2023-05-08,USD,93349.78,5357.56,21604.83,93349.78,21604.83
PT000045,T0005,2026-05-11,USD,64093.86,3436.46,15371.02,64093.86,15371.02
PT006245,T0552,2025-05-13,USD,62952.26,4906.56,4160.65,62952.26,4160.65
PT005565,T0493,2022-05-22,USD,249402.1,26317.88,70481.55,249402.1,70481.55
PT007555,T0669,2022-08-10,USD,107508.6,10354.64,29073.6,107508.6,29073.6
PT004217,T0374,2026-05-11,EUR,83985.1308,9245.4156,19767.877200000003,83985.1308,19767.877200000003
PT003437,T0304,2023-09-24,USD,86092.33,7559.76,5957.09,86092.33,5957.09
PT007745,T0685,2025-12-28,EUR,202084.092,18129.711600000002,57382.516800000005,202084.092,57382.51680000001
PT003073,T0272,2024-09-20,USD,382220.9,21579.44,107600.37,382220.9,107600.37
PT003135,T0277,2021-12-10,USD,117094.62,12012.95,10047.56,117094.62,10047.56
PT005369,T0476,2022-05-15,EUR,67957.92,6304.2083999999995,6820.394400000001,67957.92,6820.394400000001
PT004046,T0359,2024-05-23,USD,54453.25,6494.14,13962.4,54453.25,13962.4
PT005023,T0445,2026-09-07,USD,93188.91,9260.04,7978.21,71444.83,6116.627581053367
PT006660,T0589,2026-02-17,EUR,59455.3176,3009.0312,6926.2236,59455.3176,6926.223600000001
PT001595,T0144,2023-01-05,USD,264856.71,13851.13,59316.25,264856.71,59316.25
PT000224,T0020,2025-03-16,USD,363245.55,40202.6,42654.03,363245.55,42654.03
PT004863,T0431,2021-04-04,USD,192633.15,19224.48,11158.32,192633.15,11158.320000000002
PT004710,T0417,2025-05-06,EUR,489681.64440000005,51774.23880000001,26376.289200000003,489681.64440000005,26376.289200000003
PT002892,T0257,2026-01-11,USD,128661.19,10905.21,12240.97,128661.19,12240.97
PT001246,T0112,2023-11-01,USD,73860.72,8579.69,3852.76,73860.72,3852.7600000000007
PT001541,T0140,2021-03-19,EUR,191309.73120000004,13308.289200000001,31172.3532,191309.73120000004,31172.3532
PT003538,T0314,2021-06-05,USD,60214.64,3811.84,18101.91,60214.64,18101.91
PT004149,T0368,2024-02-08,GBP,92688.85450000002,6537.9219,28605.8102,92688.85450000002,28605.8102
PT004626,T0410,2022-09-29,USD,285909.27,28239.09,18626.41,285909.27,18626.41
PT002534,T0225,2025-01-12,EUR,41027.3748,3347.46,2784.2400000000002,41027.3748,2784.2400000000002
PT005996,T0530,2026-06-04,USD,28789.83,3445.91,6971.98,28789.83,6971.98
PT900056,T0259,2025-06-04,EUR,629069.7384,33598.9728,145226.19600000003,629069.7384,145226.19600000003
PT000819,T0074,2026-07-17,USD,349428.89,31581.48,25394.94,349428.89,25394.940000000002
PT003459,T0305,2025-03-22,USD,194597.27,17781.41,59078.2,194597.27,59078.19999999999
PT000156,T0014,2022-09-08,USD,16666.67,1581.04,2759.14,16666.67,2759.14
PT006745,T0598,2024-04-04,USD,101343.27,5236.04,20253.04,101343.27,20253.04
PT007889,T0699,2024-09-13,USD,324235.24,22202.35,30298.2,324235.24,30298.200000000004
PT004858,T0430,2024-02-15,USD,229479.12,21235.7,21781.06,229479.12,21781.06
PT005991,T0529,2026-02-23,USD,931509.25,110697.38,57160.07,931509.25,57160.07
PT003928,T0349,2021-09-19,USD,227434.56,21696.32,56063.1,227434.56,56063.1
PT006126,T0542,2021-10-29,USD,73713.82,5705.23,22902.55,73713.82,22902.55
PT004015,T0356,2025-10-18,USD,244134.22,14746.53,40828.59,244134.22,40828.590000000004
PT002637,T0235,2022-09-18,USD,69568.86,8124.78,4278.33,69568.86,4278.33
PT005227,T0464,2023-01-03,USD,497387.85,39696.85,158870.18,497387.85,158870.18
PT004639,T0412,2023-04-20,EUR,68916.88440000001,5156.7624,16548.354,68916.88440000001,16548.354
PT000794,T0072,2024-12-22,USD,41079.98,4527.82,3269.61,41079.98,3269.61
PT001726,T0156,2024-06-27,USD,268263.15,26998.06,27525.51,268263.15,27525.51
PT003190,T0282,2022-11-14,USD,121339.65,9726.82,19035.5,121339.65,19035.5
PT002650,T0236,2024-02-28,USD,55405.03,6180.97,9851.62,55405.03,9851.619999999999
PT000629,T0057,2026-06-30,EUR,28573.7868,3249.4932000000003,7072.444800000001,28573.7868,7072.444800000001
PT006295,T0556,2025-10-07,USD,46277.07,2384.49,4639.52,46277.07,4639.52
PT007647,T0677,2023-03-05,USD,100715.03,6782.36,22735.4,100715.03,22735.4
PT002340,T0209,2026-01-14,USD,68828.83,6856.75,7557.92,68828.83,7557.92
PT006526,T0577,2025-08-05,EUR,556353.9324,66476.30040000001,138128.814,556353.9324,138128.814
PT007852,T0696,2024-08-21,USD,195069.96,12102.09,13908.54,195069.96,13908.540000000003
PT006831,T0605,2026-04-07,USD,115273.31,6184.99,33746.92,115273.31,33746.92
PT005464,T0484,2024-08-10,EUR,348075.2304,41002.8588,37837.206,348075.2304,37837.206
PT001621,T0147,2021-12-05,USD,63597.51,5023.72,17822.63,63597.51,17822.63
PT007042,T0624,2024-02-05,USD,36199.0,3589.73,9988.47,36199.0,9988.47
PT001452,T0132,2025-11-28,USD,22783.62,1489.38,2308.41,22783.62,2308.41
PT002903,T0258,2022-11-26,USD,575297.25,50646.06,59184.28,575297.25,59184.28
PT005168,T0458,2021-11-17,USD,84272.84,8772.44,22733.1,84272.84,22733.1
PT004651,T0413,2025-09-23,GBP,150353.2299,9072.7276,12448.971800000001,150353.2299,12448.971800000001
PT001829,T0165,2023-09-30,EUR,92710.656,8543.134800000002,7004.599200000001,92710.656,7004.599200000001
PT000827,T0075,2026-08-21,USD,125568.39,11458.52,29232.98,125568.39,29232.98
PT001640,T0148,2023-07-20,INR,93596.50056,7416.77676,6827.5408800000005,93596.50056,6827.5408800000005
PT003865,T0343,2024-11-01,USD,118599.13,14150.09,11941.45,118599.13,11941.45
PT006081,T0538,2023-01-15,USD,524519.39,52489.55,54640.59,524519.39,54640.59
PT005934,T0524,2026-02-26,USD,89971.66,7949.52,28585.0,89971.66,28584.999999999996
PT003792,T0337,2023-02-24,USD,17939.99,1871.29,1982.58,17939.99,1982.58
PT002940,T0261,2025-04-18,EUR,674270.406,71430.5304,185640.03360000002,674270.406,185640.03360000002
PT003421,T0302,2025-01-06,EUR,68355.17640000001,8043.861600000001,7979.742,68355.17640000001,7979.742
PT003997,T0354,2023-02-13,USD,283479.26,27441.07,31130.81,283479.26,31130.81
PT003768,T0335,2024-07-08,USD,98458.37,7177.81,22103.33,98458.37,22103.329999999998
PT000536,T0047,2022-05-30,USD,89508.76,9237.4,6801.56,89508.76,6801.5599999999995
PT005907,T0522,2022-03-06,USD,26140.4,2972.12,1337.81,26140.4,1337.8100000000002
PT002664,T0237,2025-01-30,USD,198812.87,19628.43,45755.49,198812.87,45755.49
PT000155,T0014,2022-08-08,USD,16666.67,1581.04,2759.14,16666.67,2759.14
PT003242,T0286,2023-02-19,EUR,256655.5092,29886.948,24976.1016,256655.5092,24976.1016
PT005597,T0495,2026-06-11,INR,274657.55663999997,20293.545000000002,30613.89408,274657.55663999997,30613.89408
PT003150,T0279,2024-11-14,EUR,79700.39280000002,8214.0372,15112.893600000001,79700.39280000002,15112.893600000001
PT002953,T0262,2024-12-04,EUR,306919.0764,25720.912800000002,32795.323200000006,306919.0764,32795.3232
PT001312,T0119,2023-09-03,USD,41475.8,3445.76,10107.91,41475.8,10107.91
PT000323,T0029,2025-04-26,USD,101233.74,6373.93,10834.51,101233.74,10834.51
PT005807,T0513,2025-05-11,USD,206673.62,13315.27,61875.66,206673.62,61875.66
PT004111,T0365,2025-09-13,EUR,216122.6988,24557.6124,17069.184,216122.6988,17069.184
PT003331,T0294,2026-09-02,EUR,471370.7844,27849.042000000005,36633.8592,439946.0676,34191.60208787026
PT003986,T0353,2025-01-27,USD,128986.64,13105.12,39658.69,128986.64,39658.69
PT001799,T0162,2026-02-28,USD,147633.93,8096.2,13248.99,147633.93,13248.99
PT006090,T0539,2026-07-23,USD,311367.34,23344.91,27556.83,311367.34,27556.83
PT000083,T0008,2026-05-11,USD,24607.49,2216.37,7825.25,24607.49,7825.25
PT002561,T0229,2022-02-01,USD,45460.25,4548.06,11420.08,45460.25,11420.08
PT001944,T0175,2021-05-10,USD,104485.16,10219.8,11217.69,104485.16,11217.69
PT001989,T0179,2024-11-11,USD,239867.29,16929.17,61772.5,239867.29,61772.49999999999
PT003537,T0314,2021-05-05,USD,60214.64,3811.84,18101.91,60214.64,18101.91
PT006769,T0600,2025-01-15,USD,133469.55,10158.65,8364.09,133469.55,8364.09
PT005480,T0485,2026-06-03,EUR,484347.60000000003,56940.08400000001,91929.56760000001,484347.60000000003,91929.56760000001
PT001575,T0143,2025-01-15,USD,122124.19,7498.42,12206.44,122124.19,12206.44
PT002978,T0264,2024-05-03,EUR,200294.28360000002,14614.473600000001,14117.068800000001,200294.28360000002,14117.068800000001
PT002724,T0242,2024-09-27,USD,219074.17,21806.13,50070.66,219074.17,50070.66
PT003406,T0301,2025-11-23,USD,21863.27,1654.41,1490.77,21863.27,1490.77
PT002059,T0184,2026-05-28,EUR,89497.73160000001,7562.4408,10029.582,89497.73160000001,10029.582
PT001763,T0159,2021-08-27,EUR,61953.93000000001,4505.598000000001,19508.5152,61953.93000000001,19508.5152
PT001495,T0136,2023-11-17,USD,89893.73,7367.54,23136.11,89893.73,23136.11
PT004928,T0436,2025-09-06,USD,143833.62,15790.95,42423.4,143833.62,42423.4
PT002081,T0186,2023-10-22,EUR,805420.0332000001,52069.93200000001,248694.51600000003,805420.0332000001,248694.51600000003
PT001175,T0107,2024-11-04,USD,222938.83,15919.17,67960.24,222938.83,67960.24
PT004510,T0401,2024-06-26,USD,99938.38,11119.84,25263.23,99938.38,25263.230000000003
PT002629,T0234,2026-06-13,USD,59490.81,3553.41,14719.49,59490.81,14719.49
PT005914,T0523,2025-12-10,EUR,120468.13560000001,11444.7384,13696.128,120468.13560000001,13696.128
PT004262,T0378,2026-09-27,INR,30046.83348,1719.18852,7533.345480000001,3004.68336,753.3345510086413
PT007461,T0660,2026-07-17,USD,144045.95,10305.83,16655.64,144045.95,16655.64
PT000615,T0056,2025-05-19,USD,62766.84,3225.19,6071.08,62766.84,6071.08
PT003094,T0274,2023-06-23,EUR,55059.2316,5843.221200000001,6037.3836,55059.2316,6037.3836
PT003451,T0305,2024-07-22,USD,194597.27,17781.41,59078.2,194597.27,59078.19999999999
PT001015,T0091,2025-01-04,USD,235117.14,20306.71,55696.27,235117.14,55696.27
PT006234,T0551,2022-01-06,EUR,283802.0112,20894.5224,70113.8484,283802.0112,70113.8484
PT003058,T0271,2024-04-04,EUR,138663.036,14095.101600000002,42684.85080000001,138663.036,42684.85080000001
PT007702,T0682,2022-07-26,USD,82125.15,4329.69,6520.91,82125.15,6520.91
PT006746,T0598,2024-05-04,USD,101343.27,5236.04,20253.04,101343.27,20253.04
PT005334,T0473,2025-01-06,GBP,141269.593,10608.1957,15021.1409,141269.593,15021.1409
PT003906,T0347,2024-09-07,EUR,77677.9632,9175.9392,12901.6476,77677.9632,12901.6476
PT002182,T0195,2024-06-03,INR,179770.57908,11337.47376,42695.114160000005,179770.57908,42695.114160000005
PT003419,T0302,2024-11-06,EUR,68355.17640000001,8043.861600000001,7979.742,68355.17640000001,7979.742
PT004652,T0413,2025-10-23,GBP,150353.2299,9072.7276,12448.971800000001,150353.2299,12448.971800000001
PT007176,T0636,2022-12-19,EUR,82084.3524,7050.844800000001,22848.717600000004,82084.3524,22848.717600000004
PT003101,T0275,2024-09-22,USD,100845.39,10385.5,11832.39,100845.39,11832.389999999998
PT006465,T0571,2023-10-22,USD,36495.53,3294.75,2227.51,36495.53,2227.51
PT007796,T0690,2025-03-21,USD,57917.12,5125.0,13770.79,57917.12,13770.79
PT001212,T0110,2025-07-15,USD,221040.92,12503.52,40209.81,221040.92,40209.81
PT007759,T0687,2022-04-28,USD,369973.65,33132.9,96139.32,369973.65,96139.32
PT000635,T0058,2026-02-07,USD,18286.12,1426.4,4609.0,18286.12,4609.0
PT006697,T0593,2023-06-11,USD,284389.73,16967.92,83218.37,284389.73,83218.37
PT001056,T0096,2023-04-01,EUR,36316.3608,3038.9040000000005,9109.3572,36316.3608,9109.3572
PT002341,T0209,2026-02-14,USD,68828.83,6856.75,7557.92,68828.83,7557.92
PT005805,T0513,2025-03-11,USD,206673.62,13315.27,61875.66,206673.62,61875.66
PT000797,T0072,2025-03-22,USD,41079.98,4527.82,3269.61,41079.98,3269.61
PT007087,T0629,2024-08-23,USD,41059.38,2503.05,4225.65,41059.38,4225.65
PT007409,T0656,2022-07-30,USD,104895.23,10394.92,18702.49,104895.23,18702.49
PT005188,T0460,2024-10-01,EUR,217483.974,12521.887200000001,25337.404800000004,217483.974,25337.404800000008
PT004271,T0379,2026-08-01,USD,36976.93,3564.76,2763.03,36976.93,2763.03
PT002815,T0251,2022-11-10,EUR,184514.814,12427.646400000001,55753.23960000001,184514.814,55753.23960000001
PT004342,T0385,2025-09-23,USD,378653.5,24852.01,94448.41,378653.5,94448.40999999999
PT001081,T0098,2022-10-29,EUR,185903.92080000002,20579.9508,55086.2208,185903.92080000002,55086.2208
PT001655,T0149,2023-08-07,USD,74747.37,8122.76,7843.28,74747.37,7843.28
PT001608,T0145,2024-03-02,USD,18666.19,1592.14,4153.61,18666.19,4153.61
PT000145,T0013,2026-09-27,USD,91469.85,6957.04,22994.54,9146.99,2299.4552569464145
PT004242,T0377,2023-07-31,USD,62327.17,5145.55,5656.3,62327.17,5656.3
PT000091,T0009,2023-11-02,USD,289009.6,16862.33,22624.37,289009.6,22624.37
PT000683,T0063,2024-07-13,EUR,31413.549600000002,3768.3576,8645.594400000002,31413.549600000002,8645.594400000002
PT004407,T0391,2026-04-02,INR,42407.88792,4775.13876,4598.97048,42407.88792,4598.97048
PT000094,T0009,2024-02-02,USD,289009.6,16862.33,22624.37,289009.6,22624.37
PT000835,T0076,2024-05-12,EUR,123607.28520000001,11880.2376,20576.052000000003,123607.28520000001,20576.052000000003
PT006053,T0535,2024-05-11,USD,193583.04,18712.19,14697.39,193583.04,14697.390000000001
PT005021,T0445,2026-07-07,USD,93188.91,9260.04,7978.21,93188.91,7978.21
PT007698,T0682,2022-03-26,USD,82125.15,4329.69,6520.91,82125.15,6520.91
PT006006,T0531,2023-11-01,EUR,26995.2912,1963.4508,6519.42,26995.2912,6519.419999999999
PT005132,T0455,2024-08-18,USD,111249.39,5920.2,11943.51,111249.39,11943.51
PT001401,T0127,2024-02-05,USD,387593.45,24881.69,43903.99,387593.45,43903.99
PT003980,T0353,2024-07-27,USD,128986.64,13105.12,39658.69,128986.64,39658.69
PT002292,T0205,2023-11-07,USD,189934.44,17759.27,44138.05,189934.44,44138.05
PT001501,T0136,2024-05-17,USD,89893.73,7367.54,23136.11,89893.73,23136.11
PT002263,T0201,2026-08-24,USD,52479.91,3681.29,13028.32,52479.91,13028.32
PT001469,T0133,2025-12-05,INR,37030.3044,3647.66496,3455.1585600000003,37030.3044,3455.1585600000003
PT003929,T0349,2021-10-19,USD,227434.56,21696.32,56063.1,227434.56,56063.1
PT003246,T0287,2022-04-02,EUR,160478.9496,18728.7012,37095.0516,160478.9496,37095.0516
PT000999,T0090,2026-02-16,USD,340739.27,29928.28,89881.62,340739.27,89881.62
PT000854,T0078,2024-03-08,INR,430842.1026,42062.82,77098.71012,430842.1026,77098.71012
PT003876,T0344,2026-03-14,USD,139716.8,8577.56,12618.02,139716.8,12618.02
PT006570,T0581,2022-12-14,USD,185251.07,16023.59,13846.27,185251.07,13846.27
PT006301,T0557,2025-12-14,EUR,89634.4596,7219.9836000000005,28441.5624,89634.4596,28441.5624
PT001143,T0103,2026-05-10,EUR,115390.602,7449.6024,13799.0412,115390.602,13799.0412
PT005240,T0465,2025-11-22,INR,101647.05168,6685.017720000001,27466.38312,101647.05168,27466.38312
PT002275,T0203,2025-09-12,INR,81116.88636,7393.60428,24229.13652,81116.88636,24229.136519999996
PT007041,T0624,2024-01-05,USD,36199.0,3589.73,9988.47,36199.0,9988.47
PT006145,T0544,2021-05-01,USD,527092.34,62504.8,117398.4,527092.34,117398.4
PT004498,T0400,2025-09-26,USD,374847.6,29937.0,110644.75,374847.6,110644.75
PT001104,T0100,2022-03-17,USD,220557.92,15166.88,15881.13,220557.92,15881.13
PT000085,T0008,2026-07-11,USD,24607.49,2216.37,7825.25,24607.49,7825.25
PT002211,T0197,2022-04-03,USD,45335.18,4803.98,13035.43,45335.18,13035.43
PT007897,T0700,2026-01-06,EUR,37178.6544,4364.6472,3004.8192,37178.6544,3004.8192
PT004211,T0374,2025-11-11,EUR,83985.1308,9245.4156,19767.877200000003,83985.1308,19767.877200000003
PT006815,T0603,2025-12-01,INR,147474.89952,13389.94416,16776.68472,147474.89952,16776.68472
PT007319,T0648,2023-12-22,EUR,327692.04480000003,31836.9852,103194.486,327692.04480000003,103194.486
PT007508,T0665,2023-10-18,USD,99102.04,10349.65,8816.75,99102.04,8816.75
PT005682,T0503,2026-01-10,USD,95548.2,6810.41,25506.07,95548.2,25506.07
PT003441,T0304,2024-01-24,USD,86092.33,7559.76,5957.09,86092.33,5957.09
PT001568,T0142,2023-09-21,EUR,60970.94640000001,5159.484,16900.8444,60970.94640000001,16900.8444
PT007034,T0624,2023-06-05,USD,36199.0,3589.73,9988.47,36199.0,9988.47
PT005598,T0496,2025-04-05,USD,121892.83,13916.04,32505.24,121892.83,32505.24
PT001661,T0150,2022-07-24,USD,340211.84,36441.14,78765.37,340211.84,78765.37
PT001557,T0141,2024-12-12,USD,354720.62,34491.93,91937.83,354720.62,91937.83
PT006104,T0540,2024-10-27,USD,157852.37,10641.33,14161.75,157852.37,14161.75
PT004722,T0418,2022-04-16,USD,66109.2,5957.54,10340.44,66109.2,10340.44
PT003765,T0335,2024-04-08,USD,98458.37,7177.81,22103.33,98458.37,22103.329999999998
PT003585,T0318,2025-07-24,EUR,401682.18600000005,22070.6532,35007.789600000004,401682.18600000005,35007.789600000004
PT003145,T0278,2022-12-13,USD,182548.19,15677.0,46128.46,182548.19,46128.46
PT001867,T0168,2025-07-16,USD,132540.71,11146.42,41511.01,132540.71,41511.01
PT005049,T0448,2024-10-01,EUR,69358.3668,6222.722400000001,5298.2532,69358.3668,5298.2532
PT006952,T0616,2024-03-07,EUR,72260.4456,6743.109600000001,20403.6732,72260.4456,20403.6732
PT006403,T0565,2026-03-27,USD,73299.9,7460.78,21673.63,73299.9,21673.63
PT004721,T0418,2022-03-16,USD,66109.2,5957.54,10340.44,66109.2,10340.44
PT002875,T0256,2025-09-14,USD,85424.88,5043.45,4286.06,85424.88,4286.06
PT004331,T0384,2023-10-23,EUR,184044.4092,13093.574400000001,51581.0376,184044.4092,51581.0376
PT006280,T0555,2026-06-07,USD,43206.08,5047.19,4606.21,43206.08,4606.21
PT006761,T0599,2025-04-05,USD,18411.08,1330.09,4802.26,18411.08,4802.26
PT003589,T0318,2025-11-24,EUR,401682.18600000005,22070.6532,35007.789600000004,401682.18600000005,35007.789600000004
PT003268,T0288,2025-12-01,USD,84838.55,5754.94,10102.78,84838.55,10102.78
PT002885,T0256,2026-07-14,USD,85424.88,5043.45,4286.06,85424.88,4286.06
PT002891,T0257,2025-12-11,USD,128661.19,10905.21,12240.97,128661.19,12240.97
PT006131,T0543,2025-11-25,USD,83089.93,7227.2,8874.83,83089.93,8874.83
PT003008,T0267,2022-05-28,USD,242972.79,13958.11,23585.56,242972.79,23585.56
PT001827,T0164,2025-02-26,EUR,118000.67040000002,11559.942000000001,18005.4252,118000.67040000002,18005.4252
PT003924,T0348,2024-11-08,USD,53506.37,6190.83,14710.6,53506.37,14710.6
PT007842,T0695,2025-05-05,EUR,119687.00400000002,6741.154800000001,30968.071200000002,119687.00400000002,30968.071200000002
PT002641,T0235,2023-01-18,USD,69568.86,8124.78,4278.33,69568.86,4278.33
PT005411,T0480,2023-04-11,EUR,58485.564000000006,6355.724400000001,3231.6948,58485.564000000006,3231.6948
PT001526,T0138,2026-09-12,USD,162801.26,9812.36,8622.64,97680.76,5173.584211856836
PT001563,T0142,2023-04-21,EUR,60970.94640000001,5159.484,16900.8444,60970.94640000001,16900.8444
PT007436,T0658,2026-04-06,USD,53544.93,5888.74,3010.12,53544.93,3010.12
PT005849,T0517,2024-10-14,EUR,33855.3648,1832.0904000000003,10447.682400000002,33855.3648,10447.682400000002
PT005702,T0504,2022-10-25,USD,291083.73,34774.85,51127.72,291083.73,51127.72
PT000344,T0030,2025-09-13,USD,81309.53,4438.45,4651.73,81309.53,4651.73
PT002543,T0226,2025-03-26,USD,138385.55,12167.09,35028.86,138385.55,35028.86
PT003386,T0299,2025-01-03,INR,117914.23776,12469.744920000001,7491.914040000001,117914.23776,7491.914040000001
PT006438,T0568,2026-04-23,INR,118548.50460000001,13141.78056,30852.33276,118548.50460000001,30852.33276
PT002413,T0215,2025-08-14,USD,553151.55,39643.29,130562.47,553151.55,130562.47
PT006323,T0559,2025-09-29,USD,327613.36,28850.88,38905.51,327613.36,38905.51
PT002708,T0241,2023-10-30,USD,110607.31,12757.14,16933.35,110607.31,16933.35
PT005093,T0452,2026-05-28,USD,62409.29,6822.24,18989.66,62409.29,18989.66
PT006159,T0545,2021-09-19,EUR,580308.9696000001,35762.75280000001,179877.95280000003,580308.9696000001,179877.95280000003
PT001111,T0101,2024-01-29,USD,186388.62,11823.47,42085.53,186388.62,42085.53
PT003443,T0304,2024-03-24,USD,86092.33,7559.76,5957.09,86092.33,5957.09
PT002214,T0197,2022-07-03,USD,45335.18,4803.98,13035.43,45335.18,13035.43
PT007300,T0647,2022-08-29,USD,197134.2,16814.11,18042.62,197134.2,18042.62
PT001360,T0123,2023-08-03,USD,115963.04,13371.16,36995.43,115963.04,36995.43
PT002108,T0189,2024-11-02,USD,50169.19,4165.63,4665.72,50169.19,4665.72
PT004806,T0425,2023-02-25,USD,112754.78,7016.49,32364.73,112754.78,32364.73
PT005975,T0528,2022-05-08,USD,28430.93,1451.35,4961.04,28430.93,4961.04
PT006821,T0604,2022-12-27,EUR,58713.62760000001,4365.403200000001,17900.211600000002,58713.62760000001,17900.211600000002
PT001379,T0125,2024-10-30,USD,409877.35,42280.44,95387.72,409877.35,95387.72
PT002829,T0252,2023-08-11,USD,111248.59,8184.22,8399.86,111248.59,8399.86
PT000425,T0037,2025-07-14,EUR,117868.0788,14087.109600000002,31910.3388,117868.0788,31910.3388
PT000293,T0026,2023-01-21,USD,196819.9,14874.96,33384.29,196819.9,33384.29
PT001066,T0097,2025-05-26,EUR,42736.9392,4385.8584,3535.3692,42736.9392,3535.3692
PT007018,T0622,2023-01-05,INR,146466.35580000002,11407.440480000001,44509.40844,146466.35580000002,44509.40844
PT002378,T0212,2025-08-03,EUR,307665.0648,18765.043200000004,35054.337600000006,307665.0648,35054.3376
PT005735,T0507,2023-01-19,USD,94073.51,8763.93,24818.27,94073.51,24818.27
PT006574,T0582,2023-08-21,EUR,94728.36600000001,4866.0588,6683.2128,94728.36600000001,6683.212799999999
PT005109,T0453,2022-06-08,USD,905854.14,101181.38,54066.76,905854.14,54066.76000000001
PT002128,T0190,2024-01-26,USD,60568.52,6162.37,3679.2,60568.52,3679.2
PT001718,T0155,2025-02-28,USD,58436.4,6643.39,6874.12,58436.4,6874.12
PT007197,T0638,2024-12-20,USD,92930.78,5137.75,18422.03,92930.78,18422.03
PT000938,T0085,2025-12-28,INR,215488.21932,17487.11112,19333.8978,215488.21932,19333.8978
PT003780,T0336,2023-02-05,USD,70274.21,5951.93,11520.11,70274.21,11520.11
PT003965,T0352,2023-09-29,USD,463761.29,33137.43,51590.11,463761.29,51590.11
PT003991,T0354,2022-08-13,USD,283479.26,27441.07,31130.81,283479.26,31130.81
PT004931,T0436,2025-12-06,USD,143833.62,15790.95,42423.4,143833.62,42423.4
PT006894,T0611,2023-06-03,USD,23524.14,1352.52,1291.25,23524.14,1291.25
PT007035,T0624,2023-07-05,USD,36199.0,3589.73,9988.47,36199.0,9988.47
PT000255,T0023,2024-01-13,INR,48431.91624,2587.5942,4928.44164,48431.91624,4928.44164
PT007754,T0686,2026-05-21,USD,93492.9,6441.59,10100.38,93492.9,10100.38
PT001483,T0134,2022-03-04,USD,61558.27,5318.94,18182.9,61558.27,18182.9
PT000945,T0085,2026-07-28,INR,215488.21932,17487.11112,19333.8978,215488.21932,19333.8978
PT005504,T0487,2026-01-27,USD,124090.11,7159.15,8210.18,124090.11,8210.18
PT007482,T0662,2026-08-07,USD,98240.33,8375.71,9439.69,98240.33,9439.69
PT007253,T0643,2025-03-27,EUR,184836.81600000002,10668.002400000001,17106.66,184836.81600000002,17106.66
PT900027,T0133,2025-06-05,INR,37030.3044,3647.66496,3455.1585600000003,37030.3044,3455.1585600000003
PT006281,T0555,2026-07-07,USD,43206.08,5047.19,4606.21,43206.08,4606.21
PT003184,T0281,2023-01-06,EUR,103398.1632,7430.9292000000005,5282.6796,103398.1632,5282.6796
PT003267,T0288,2025-11-01,USD,84838.55,5754.94,10102.78,84838.55,10102.78
PT006997,T0619,2023-01-04,USD,96206.91,8269.65,23232.23,96206.91,23232.23
PT007347,T0650,2024-03-28,USD,57512.38,5066.35,17936.64,57512.38,17936.64
PT004820,T0427,2025-10-21,USD,351033.15,29580.52,102394.92,351033.15,102394.92
PT002908,T0258,2023-04-26,USD,575297.25,50646.06,59184.28,575297.25,59184.28
PT000970,T0087,2026-02-20,USD,135638.47,10215.2,11115.34,135638.47,11115.34
PT000497,T0043,2024-10-23,EUR,159170.2164,12161.3076,18380.4552,159170.2164,18380.4552
PT005047,T0447,2026-05-24,EUR,429256.476,30428.352000000003,123914.50200000001,429256.476,123914.50200000001
PT004902,T0434,2023-06-28,EUR,112436.4132,9943.862400000002,12460.143600000001,112436.4132,12460.1436
PT001830,T0165,2023-10-31,EUR,92710.656,8543.134800000002,7004.599200000001,92710.656,7004.599200000001
PT002178,T0194,2026-08-21,EUR,81462.59640000001,5624.434800000001,17943.822000000004,81462.59640000001,17943.822000000004
PT005836,T0516,2024-06-21,USD,222239.07,18226.64,17889.86,222239.07,17889.86
PT000338,T0030,2025-03-13,USD,81309.53,4438.45,4651.73,81309.53,4651.73
PT004827,T0427,2026-05-21,USD,351033.15,29580.52,102394.92,351033.15,102394.92
PT004705,T0417,2024-12-06,EUR,489681.64440000005,51774.23880000001,26376.289200000003,489681.64440000005,26376.289200000003
PT001149,T0104,2021-05-21,USD,29416.17,2892.44,7046.63,29416.17,7046.63
PT002244,T0200,2025-11-30,USD,942775.26,59269.05,63291.85,942775.26,63291.85
PT007395,T0654,2023-08-03,USD,71594.91,4166.35,4179.29,71594.91,4179.29
PT005810,T0513,2025-08-11,USD,206673.62,13315.27,61875.66,206673.62,61875.66
PT007437,T0658,2026-05-06,USD,53544.93,5888.74,3010.12,53544.93,3010.12
PT005006,T0443,2025-03-27,USD,174851.14,14433.96,20927.38,174851.14,20927.38
PT006729,T0596,2025-12-03,EUR,170332.3728,13556.6784,50448.3876,170332.3728,50448.3876
PT003969,T0352,2024-01-29,USD,463761.29,33137.43,51590.11,463761.29,51590.11
PT002011,T0180,2025-09-03,EUR,73219.2912,7137.547200000001,3819.8196000000003,73219.2912,3819.8196000000003
PT002492,T0222,2025-05-24,EUR,87822.5436,8147.044800000001,16989.6744,87822.5436,16989.6744
PT001811,T0163,2025-10-03,USD,256698.41,22686.78,13846.37,256698.41,13846.37
PT001995,T0179,2025-05-11,USD,239867.29,16929.17,61772.5,239867.29,61772.49999999999
PT004816,T0426,2024-11-06,USD,65750.67,3877.41,14588.43,65750.67,14588.43
PT002933,T0260,2023-06-17,USD,215371.07,14164.38,50707.93,215371.07,50707.93
PT002825,T0251,2023-09-10,EUR,184514.814,12427.646400000001,55753.23960000001,184514.814,55753.23960000001
PT005666,T0501,2026-07-27,USD,76078.73,3869.15,18723.02,76078.73,18723.02
PT002898,T0257,2026-07-11,USD,128661.19,10905.21,12240.97,128661.19,12240.97
PT007039,T0624,2023-11-05,USD,36199.0,3589.73,9988.47,36199.0,9988.47
PT002276,T0203,2025-10-12,INR,81116.88636,7393.60428,24229.13652,81116.88636,24229.136519999996
PT000435,T0038,2025-10-03,USD,98184.07,10656.62,6935.02,98184.07,6935.02
PT007470,T0661,2026-04-06,EUR,132803.9496,15695.672400000001,15396.382800000001,132803.9496,15396.382800000001
PT005396,T0478,2023-10-04,USD,95633.43,6439.71,29130.43,95633.43,29130.43
PT006271,T0554,2022-12-17,EUR,16666.668,1677.9636000000003,1726.38,16666.668,1726.38
PT004502,T0400,2026-01-26,USD,374847.6,29937.0,110644.75,374847.6,110644.75
PT002824,T0251,2023-08-10,EUR,184514.814,12427.646400000001,55753.23960000001,184514.814,55753.23960000001
PT004918,T0435,2023-10-26,USD,110380.5,6058.64,28401.07,110380.5,28401.069999999996
PT006856,T0608,2023-08-20,USD,82680.31,6098.48,22186.43,82680.31,22186.43
PT005886,T0520,2024-09-02,EUR,104810.78160000002,10757.091600000002,5494.1868,104810.78160000002,5494.1868
PT003756,T0334,2023-09-28,USD,119582.26,13029.32,20217.47,119582.26,20217.47
PT002505,T0223,2022-08-23,USD,86406.57,9879.39,7064.0,86406.57,7064.0
PT007205,T0639,2024-08-15,USD,158162.49,12047.65,42855.19,158162.49,42855.19
PT003212,T0284,2024-11-11,EUR,1260247.6152000001,133147.5732,123493.4964,1260247.6152000001,123493.4964
PT006448,T0569,2023-11-16,USD,252654.55,20173.13,74045.68,252654.55,74045.68
PT006412,T0566,2023-06-08,EUR,166501.25639999998,11438.031600000002,29756.030400000003,166501.25639999998,29756.030400000003
PT005654,T0500,2025-07-11,USD,329498.64,36506.79,80622.15,329498.64,80622.15
PT004642,T0412,2023-07-20,EUR,68916.88440000001,5156.7624,16548.354,68916.88440000001,16548.354
PT004309,T0383,2022-03-21,USD,235819.9,15513.8,75436.23,235819.9,75436.23
PT004993,T0442,2026-08-25,USD,267250.86,28353.24,19939.36,267250.86,19939.36
PT003541,T0314,2021-09-05,USD,60214.64,3811.84,18101.91,60214.64,18101.91
PT003271,T0289,2025-02-04,USD,150696.38,16082.38,25618.89,150696.38,25618.89
PT001942,T0175,2021-03-10,USD,104485.16,10219.8,11217.69,104485.16,11217.69
PT001892,T0170,2026-02-22,USD,92450.42,7451.41,10815.59,92450.42,10815.59
PT005013,T0444,2026-04-23,USD,162995.78,16957.19,9661.02,162995.78,9661.02
PT003600,T0320,2026-08-25,USD,61871.23,6125.3,6804.08,61871.23,6804.08
PT006820,T0604,2022-11-27,EUR,58713.62760000001,4365.403200000001,17900.211600000002,58713.62760000001,17900.211600000002
PT005386,T0478,2022-12-04,USD,95633.43,6439.71,29130.43,95633.43,29130.43
PT004911,T0435,2023-03-26,USD,110380.5,6058.64,28401.07,110380.5,28401.069999999996
PT001266,T0114,2025-07-14,USD,588038.38,35206.98,62815.83,588038.38,62815.83000000001
PT004439,T0394,2023-04-01,USD,119799.86,13253.69,6016.89,119799.86,6016.89
PT002598,T0232,2022-01-11,USD,57905.35,5981.94,3276.69,57905.35,3276.69
PT001411,T0128,2024-03-24,EUR,47205.9036,4711.0896,3101.8572000000004,47205.9036,3101.8572000000004
PT001215,T0110,2025-10-15,USD,221040.92,12503.52,40209.81,221040.92,40209.81
PT000967,T0087,2025-11-20,USD,135638.47,10215.2,11115.34,135638.47,11115.34
PT001231,T0111,2023-03-08,EUR,108136.9548,10391.274,20384.8596,108136.9548,20384.8596
PT006440,T0569,2023-03-16,USD,252654.55,20173.13,74045.68,252654.55,74045.68
PT004792,T0424,2024-10-06,USD,348422.41,24441.94,33784.6,348422.41,33784.6
PT007597,T0673,2024-01-09,EUR,136476.5976,10902.2976,13130.521200000001,136476.5976,13130.521200000001
PT006218,T0550,2025-08-19,USD,70481.65,5886.74,19550.06,70481.65,19550.06
PT000606,T0055,2026-09-21,USD,77397.09,6627.16,19862.69,23219.13,5958.807769900652
PT000105,T0010,2024-03-12,USD,154845.94,8133.16,14119.08,154845.94,14119.08
PT000646,T0059,2023-04-09,USD,231399.98,26353.46,21810.41,231399.98,21810.41
PT005501,T0487,2025-10-27,USD,124090.11,7159.15,8210.18,124090.11,8210.18
PT004591,T0408,2025-08-01,USD,162808.34,14928.65,46526.66,162808.34,46526.66
PT003089,T0274,2023-01-23,EUR,55059.2316,5843.221200000001,6037.3836,55059.2316,6037.3836
PT006584,T0583,2026-04-06,GBP,62703.9513,6349.8857,6039.8405999999995,62703.9513,6039.8405999999995
PT001020,T0092,2026-08-01,EUR,40410.9648,4796.6688,2665.4184,40410.9648,2665.4184
PT000092,T0009,2023-12-02,USD,289009.6,16862.33,22624.37,289009.6,22624.37
PT005209,T0463,2025-08-07,USD,312251.87,18928.08,60551.61,312251.87,60551.61
PT002871,T0255,2024-08-18,INR,54110.241239999996,5880.84444,4842.906360000001,54110.241239999996,4842.906360000001
PT000909,T0082,2025-09-25,USD,160606.71,8481.1,12265.76,160606.71,12265.76
PT005571,T0493,2022-11-22,USD,249402.1,26317.88,70481.55,249402.1,70481.55
PT005838,T0516,2024-08-21,USD,222239.07,18226.64,17889.86,222239.07,17889.86
PT002151,T0192,2025-05-25,USD,192417.02,18278.9,51344.66,192417.02,51344.659999999996
PT000239,T0021,2024-05-25,USD,142515.67,8361.52,26605.92,142515.67,26605.92
PT003141,T0278,2022-08-13,USD,182548.19,15677.0,46128.46,182548.19,46128.46
PT001271,T0115,2026-05-21,USD,74452.3,4413.38,17273.76,74452.3,17273.76
PT000939,T0085,2026-01-28,INR,215488.21932,17487.11112,19333.8978,215488.21932,19333.8978
PT005521,T0489,2023-02-28,EUR,275215.3092,27767.448,19233.320400000004,275215.3092,19233.320400000008
PT003230,T0285,2025-04-06,USD,98525.36,7455.61,7850.62,98525.36,7850.62
PT003552,T0315,2023-04-01,USD,58673.31,6941.79,16238.13,58673.31,16238.13
PT001863,T0168,2025-03-16,USD,132540.71,11146.42,41511.01,132540.71,41511.01
PT001670,T0151,2022-09-06,USD,217258.83,17594.91,51837.4,217258.83,51837.40000000001
PT000006,T0001,2024-10-15,USD,239587.15,17252.86,24767.86,239587.15,24767.86
PT004344,T0385,2025-11-23,USD,378653.5,24852.01,94448.41,378653.5,94448.40999999999
PT003944,T0350,2024-09-08,INR,149296.48992,17062.75764,39918.414000000004,149296.48992,39918.414000000004
PT003014,T0267,2022-11-28,USD,242972.79,13958.11,23585.56,242972.79,23585.56
PT000019,T0002,2026-09-30,GBP,47444.72350000001,5648.9727,14879.3327,0.0,0.0
PT007575,T0671,2023-05-30,USD,90526.2,10551.45,10506.35,90526.2,10506.35
PT006266,T0554,2022-07-17,EUR,16666.668,1677.9636000000003,1726.38,16666.668,1726.38
PT001971,T0177,2022-08-13,USD,42468.93,2572.32,3217.72,42468.93,3217.72
PT002710,T0241,2023-12-30,USD,110607.31,12757.14,16933.35,110607.31,16933.35
PT002233,T0199,2025-02-16,INR,54067.566119999996,5075.51844,12301.125,54067.566119999996,12301.125
PT006419,T0567,2024-11-16,INR,85901.69076000001,7489.983480000001,24422.53512,85901.69076000001,24422.53512
PT006578,T0582,2023-12-21,EUR,94728.36600000001,4866.0588,6683.2128,94728.36600000001,6683.212799999999
PT000812,T0074,2025-12-17,USD,349428.89,31581.48,25394.94,349428.89,25394.940000000002
PT001301,T0118,2024-04-19,USD,296970.76,29038.15,17656.57,296970.76,17656.57
PT005432,T0481,2023-08-01,USD,87754.02,9506.11,10306.4,87754.02,10306.4
PT000261,T0023,2024-07-13,INR,48431.91624,2587.5942,4928.44164,48431.91624,4928.44164
PT001805,T0163,2025-04-03,USD,256698.41,22686.78,13846.37,256698.41,13846.37
PT001571,T0142,2023-12-21,EUR,60970.94640000001,5159.484,16900.8444,60970.94640000001,16900.8444
PT006326,T0559,2025-12-29,USD,327613.36,28850.88,38905.51,327613.36,38905.51
PT004281,T0380,2021-11-21,EUR,169775.298,17119.468800000002,11280.923999999999,169775.298,11280.923999999999
PT002455,T0219,2022-11-08,USD,29945.05,3434.69,4499.22,29945.05,4499.22
PT001744,T0158,2025-04-23,USD,48036.85,4454.77,5670.51,48036.85,5670.51
PT007010,T0621,2021-10-27,EUR,143741.412,8065.332,41830.938,143741.412,41830.938
PT001631,T0147,2022-10-05,USD,63597.51,5023.72,17822.63,63597.51,17822.63
PT001717,T0155,2025-01-30,USD,58436.4,6643.39,6874.12,58436.4,6874.12
PT000521,T0045,2024-04-15,USD,147873.25,10444.91,8539.45,147873.25,8539.45
PT003938,T0349,2022-07-19,USD,227434.56,21696.32,56063.1,227434.56,56063.1
PT007148,T0634,2025-02-17,USD,86475.79,6479.81,5506.45,86475.79,5506.45
PT006525,T0576,2022-03-03,USD,39886.88,3832.07,4052.85,39886.88,4052.85
PT006113,T0541,2022-01-12,USD,196205.65,14162.1,62173.92,196205.65,62173.92
PT003483,T0308,2023-12-03,USD,78800.94,6297.77,7973.06,78800.94,7973.06
PT001659,T0150,2022-05-24,USD,340211.84,36441.14,78765.37,340211.84,78765.37
PT007538,T0668,2025-03-19,INR,95437.28808,11111.225279999999,9710.4072,95437.28808,9710.4072
PT003473,T0307,2026-06-21,USD,117182.12,13660.29,8467.45,117182.12,8467.45
PT005709,T0505,2024-01-04,USD,707427.8,61022.31,47587.06,707427.8,47587.06
PT002476,T0221,2024-08-24,USD,139529.4,11332.89,36862.29,139529.4,36862.29
PT003949,T0350,2025-02-08,INR,149296.48992,17062.75764,39918.414000000004,149296.48992,39918.414000000004
PT006223,T0550,2026-01-19,USD,70481.65,5886.74,19550.06,70481.65,19550.06
PT003935,T0349,2022-04-19,USD,227434.56,21696.32,56063.1,227434.56,56063.1
PT003646,T0324,2024-04-14,USD,463519.43,50432.76,41052.76,463519.43,41052.76
PT007154,T0634,2025-08-17,USD,86475.79,6479.81,5506.45,86475.79,5506.45
PT000764,T0070,2024-05-15,USD,105633.2,9140.89,8131.21,105633.2,8131.209999999999
PT004704,T0417,2024-11-06,EUR,489681.64440000005,51774.23880000001,26376.289200000003,489681.64440000005,26376.289200000003
PT004327,T0384,2023-06-23,EUR,184044.4092,13093.574400000001,51581.0376,184044.4092,51581.0376
PT007237,T0641,2023-03-13,USD,59408.06,7018.04,15060.22,59408.06,15060.22
PT004428,T0393,2024-02-11,USD,25086.23,1336.59,5830.42,25086.23,5830.42
PT007202,T0638,2025-05-20,USD,92930.78,5137.75,18422.03,92930.78,18422.03
PT005537,T0490,2026-09-14,EUR,79198.2792,6576.9408,5779.296,42239.0808,3082.291094919608
PT007659,T0678,2023-11-07,INR,224001.48768000002,17874.34272,35929.5258,224001.48768000002,35929.5258
PT006024,T0533,2024-03-23,USD,417453.7,28596.79,125312.3,417453.7,125312.3
PT001092,T0099,2026-04-30,USD,81331.03,7301.23,6880.77,81331.03,6880.77
PT003609,T0321,2025-05-11,USD,161742.36,8935.38,39083.25,161742.36,39083.25
PT001102,T0100,2022-01-17,USD,220557.92,15166.88,15881.13,220557.92,15881.13
PT005226,T0464,2022-12-03,USD,497387.85,39696.85,158870.18,497387.85,158870.18
PT007380,T0653,2022-06-30,USD,200045.25,11619.93,32003.36,200045.25,32003.36
PT004558,T0405,2024-03-29,USD,221221.42,16142.54,25275.87,221221.42,25275.87
PT000959,T0086,2024-09-16,USD,160730.09,17511.68,29798.1,160730.09,29798.1
PT005759,T0509,2023-01-06,USD,107584.35,11429.17,32962.22,107584.35,32962.22
PT000560,T0049,2024-01-31,USD,182970.01,15432.16,57452.93,182970.01,57452.93
PT006991,T0619,2022-07-04,USD,96206.91,8269.65,23232.23,96206.91,23232.23
PT006835,T0605,2026-08-07,USD,115273.31,6184.99,33746.92,115273.31,33746.92
PT007792,T0690,2024-11-21,USD,57917.12,5125.0,13770.79,57917.12,13770.79
PT001520,T0138,2026-03-12,USD,162801.26,9812.36,8622.64,162801.26,8622.64
PT006237,T0552,2024-09-13,USD,62952.26,4906.56,4160.65,62952.26,4160.65
PT006129,T0543,2025-09-25,USD,83089.93,7227.2,8874.83,83089.93,8874.83
PT002485,T0221,2025-05-24,USD,139529.4,11332.89,36862.29,139529.4,36862.29
PT006635,T0587,2024-07-27,EUR,85837.42800000001,9604.753200000001,15158.664,85837.42800000001,15158.664
PT000367,T0032,2026-01-01,USD,97537.25,7078.7,10620.27,97537.25,10620.27
PT003902,T0346,2026-09-18,EUR,122676.42240000001,7695.1296,35941.968,49070.5668,14376.786567159153
PT006194,T0548,2021-06-26,USD,48588.3,3167.63,14186.25,48588.3,14186.25
PT007532,T0667,2026-05-02,USD,69632.32,7546.75,8198.13,69632.32,8198.13
PT001949,T0175,2021-10-10,USD,104485.16,10219.8,11217.69,104485.16,11217.69
PT004166,T0369,2024-12-11,USD,179253.01,13824.9,48744.52,179253.01,48744.52
PT001573,T0142,2024-02-21,EUR,60970.94640000001,5159.484,16900.8444,60970.94640000001,16900.8444
PT000809,T0073,2021-11-19,EUR,811357.5276,47117.8404,250576.8588,811357.5276,250576.85880000005
PT003233,T0286,2022-05-19,EUR,256655.5092,29886.948,24976.1016,256655.5092,24976.1016
PT003947,T0350,2024-12-08,INR,149296.48992,17062.75764,39918.414000000004,149296.48992,39918.414000000004
PT000012,T0001,2025-04-15,USD,239587.15,17252.86,24767.86,239587.15,24767.86
PT002026,T0182,2025-12-28,USD,97280.01,7935.74,7896.02,97280.01,7896.02
PT006289,T0556,2025-04-07,USD,46277.07,2384.49,4639.52,46277.07,4639.52
PT005014,T0444,2026-05-23,USD,162995.78,16957.19,9661.02,162995.78,9661.02
PT007686,T0681,2025-10-08,USD,137611.6,11597.82,7220.88,137611.6,7220.88
PT005548,T0491,2025-05-03,USD,110583.03,5928.64,9812.9,110583.03,9812.9
PT006784,T0601,2026-01-23,EUR,413883.60480000003,45710.9244,113400.7452,413883.60480000003,113400.7452
PT000177,T0016,2025-08-16,USD,441126.28,40165.06,137062.51,441126.28,137062.51
PT005091,T0452,2026-03-28,USD,62409.29,6822.24,18989.66,62409.29,18989.66
PT002489,T0222,2025-02-24,EUR,87822.5436,8147.044800000001,16989.6744,87822.5436,16989.6744
PT003887,T0345,2023-04-15,EUR,61659.954000000005,5983.5456,17745.1452,61659.954000000005,17745.1452
PT002570,T0229,2022-11-01,USD,45460.25,4548.06,11420.08,45460.25,11420.08
PT007213,T0639,2025-04-15,USD,158162.49,12047.65,42855.19,158162.49,42855.19
PT003521,T0311,2025-07-26,INR,166053.26364000002,13644.31452,8528.235,166053.26364000002,8528.234999999999
PT003761,T0334,2024-02-28,USD,119582.26,13029.32,20217.47,119582.26,20217.47
PT007149,T0634,2025-03-17,USD,86475.79,6479.81,5506.45,86475.79,5506.45
PT005352,T0475,2024-02-21,USD,196540.51,14768.63,33688.16,196540.51,33688.16
PT003283,T0290,2023-04-22,USD,81373.4,6269.51,6981.14,81373.4,6981.14
PT001665,T0150,2022-11-24,USD,340211.84,36441.14,78765.37,340211.84,78765.37
PT002192,T0196,2022-03-17,EUR,23012.154000000002,1996.4556,2551.5432,23012.154000000002,2551.5432
PT006898,T0611,2023-10-03,USD,23524.14,1352.52,1291.25,23524.14,1291.25
PT006664,T0590,2021-07-11,USD,161416.74,9717.35,38102.17,161416.74,38102.17
PT003371,T0298,2025-12-31,EUR,77861.6928,8960.619600000002,18316.702800000003,77861.6928,18316.702800000003
PT006967,T0617,2023-06-10,INR,38423.0556,4421.86572,11912.99436,38423.0556,11912.99436
PT005887,T0520,2024-10-02,EUR,104810.78160000002,10757.091600000002,5494.1868,104810.78160000002,5494.1868
PT006573,T0582,2023-07-21,EUR,94728.36600000001,4866.0588,6683.2128,94728.36600000001,6683.212799999999
PT002661,T0237,2024-10-30,USD,198812.87,19628.43,45755.49,198812.87,45755.49
PT007650,T0677,2023-06-05,USD,100715.03,6782.36,22735.4,100715.03,22735.4
PT007177,T0636,2023-01-19,EUR,82084.3524,7050.844800000001,22848.717600000004,82084.3524,22848.717600000004
PT004253,T0377,2024-06-30,USD,62327.17,5145.55,5656.3,62327.17,5656.3
PT006684,T0591,2023-11-14,USD,92498.11,7243.65,6562.69,92498.11,6562.6900000000005
PT003579,T0317,2022-09-22,USD,151237.27,12948.26,43182.88,151237.27,43182.88
PT005557,T0492,2023-06-17,USD,222805.42,22886.05,59329.1,222805.42,59329.1
PT002047,T0183,2026-02-02,USD,100544.26,7921.3,23011.91,100544.26,23011.91
PT007435,T0658,2026-03-06,USD,53544.93,5888.74,3010.12,53544.93,3010.12
PT005947,T0525,2023-12-25,USD,488093.4,37210.4,132027.91,488093.4,132027.91
PT006606,T0585,2025-05-22,EUR,85540.2984,5655.474,21828.1608,85540.2984,21828.1608
PT002625,T0234,2026-02-13,USD,59490.81,3553.41,14719.49,59490.81,14719.49
PT003411,T0301,2026-04-23,USD,21863.27,1654.41,1490.77,21863.27,1490.77
PT006400,T0565,2025-12-27,USD,73299.9,7460.78,21673.63,73299.9,21673.63
PT007124,T0632,2023-03-15,USD,74592.96,4667.86,8593.77,74592.96,8593.77
PT006102,T0540,2024-08-27,USD,157852.37,10641.33,14161.75,157852.37,14161.75
PT001186,T0107,2025-10-04,USD,222938.83,15919.17,67960.24,222938.83,67960.24
PT001007,T0091,2024-05-04,USD,235117.14,20306.71,55696.27,235117.14,55696.27
PT003570,T0317,2021-12-22,USD,151237.27,12948.26,43182.88,151237.27,43182.88
PT003738,T0333,2021-05-19,USD,311979.04,22071.62,55779.26,311979.04,55779.26
PT004657,T0413,2026-03-23,GBP,150353.2299,9072.7276,12448.971800000001,150353.2299,12448.971800000001
PT006353,T0561,2023-06-18,USD,81274.19,5787.51,18098.87,81274.19,18098.87
PT005007,T0444,2025-10-23,USD,162995.78,16957.19,9661.02,162995.78,9661.02
PT005408,T0479,2026-07-06,GBP,43783.5294,3677.285,2636.4438,43783.5294,2636.4438
PT002050,T0184,2025-08-28,EUR,89497.73160000001,7562.4408,10029.582,89497.73160000001,10029.582
PT004012,T0356,2025-07-18,USD,244134.22,14746.53,40828.59,244134.22,40828.590000000004
PT007510,T0665,2023-12-18,USD,99102.04,10349.65,8816.75,99102.04,8816.75
PT000270,T0024,2025-10-11,USD,146627.78,16084.29,14224.79,146627.78,14224.79
PT001994,T0179,2025-04-11,USD,239867.29,16929.17,61772.5,239867.29,61772.49999999999
PT000915,T0083,2022-08-12,INR,219213.34488,20960.49228,68993.45004,219213.34488,68993.45004
PT002279,T0204,2025-04-18,USD,117742.81,9445.05,29681.04,117742.81,29681.04
PT002232,T0199,2025-01-16,INR,54067.566119999996,5075.51844,12301.125,54067.566119999996,12301.125
PT007264,T0644,2024-09-30,USD,74853.06,4125.74,14760.53,74853.06,14760.530000000002
PT000291,T0026,2022-11-21,USD,196819.9,14874.96,33384.29,196819.9,33384.29
PT002913,T0259,2025-05-04,EUR,629069.7384,33598.9728,145226.19600000003,629069.7384,145226.19600000003
PT007211,T0639,2025-02-15,USD,158162.49,12047.65,42855.19,158162.49,42855.19
PT004970,T0440,2024-03-24,USD,108262.16,6801.01,10566.85,108262.16,10566.85
PT002094,T0187,2026-04-19,INR,108354.13452,11837.04024,10950.131519999999,108354.13452,10950.131519999999
PT006543,T0579,2026-02-07,USD,81622.23,5876.12,23199.14,81622.23,23199.14
PT004572,T0406,2025-10-08,GBP,96798.77769999999,6511.9377,30213.1349,96798.77769999999,30213.1349
PT001653,T0149,2023-06-07,USD,74747.37,8122.76,7843.28,74747.37,7843.28
PT006057,T0535,2024-09-11,USD,193583.04,18712.19,14697.39,193583.04,14697.390000000001
PT004142,T0367,2023-11-03,USD,153767.97,9037.38,15560.7,153767.97,15560.700000000003
PT004258,T0378,2026-05-27,INR,30046.83348,1719.18852,7533.345480000001,30046.83348,7533.345480000001
PT003040,T0269,2026-03-12,USD,100980.51,5635.27,25218.16,100980.51,25218.16
PT006872,T0609,2023-03-10,USD,57524.85,5486.44,14486.98,57524.85,14486.98
PT002678,T0238,2023-11-29,USD,34833.41,3472.71,8151.64,34833.41,8151.640000000001
PT000289,T0025,2024-08-16,USD,89604.85,10744.7,21394.0,89604.85,21394.0
PT007758,T0687,2022-03-28,USD,369973.65,33132.9,96139.32,369973.65,96139.32
PT003108,T0275,2025-04-22,USD,100845.39,10385.5,11832.39,100845.39,11832.389999999998
PT006045,T0534,2025-03-21,USD,70945.67,5335.38,16487.07,70945.67,16487.07
PT000576,T0051,2026-03-01,USD,177057.15,18044.43,21105.61,177057.15,21105.61
PT000851,T0077,2024-04-18,USD,112906.87,7679.88,29232.68,112906.87,29232.68
PT007484,T0663,2024-08-25,EUR,363602.9952,29615.652000000002,25383.618,363602.9952,25383.618
PT003884,T0345,2023-01-15,EUR,61659.954000000005,5983.5456,17745.1452,61659.954000000005,17745.1452
PT005008,T0444,2025-11-23,USD,162995.78,16957.19,9661.02,162995.78,9661.02
PT005351,T0475,2024-01-21,USD,196540.51,14768.63,33688.16,196540.51,33688.16
PT005930,T0524,2025-10-26,USD,89971.66,7949.52,28585.0,89971.66,28584.999999999996
PT001723,T0156,2024-03-27,USD,268263.15,26998.06,27525.51,268263.15,27525.51
PT006230,T0551,2021-09-06,EUR,283802.0112,20894.5224,70113.8484,283802.0112,70113.8484
PT005832,T0516,2024-02-21,USD,222239.07,18226.64,17889.86,222239.07,17889.86
PT005029,T0446,2026-03-24,USD,88269.93,6580.64,6268.7,88269.93,6268.700000000001
PT003950,T0350,2025-03-08,INR,149296.48992,17062.75764,39918.414000000004,149296.48992,39918.414000000004
PT001101,T0100,2021-12-17,USD,220557.92,15166.88,15881.13,220557.92,15881.13
PT007802,T0692,2023-11-11,EUR,88247.502,10282.9284,8868.3228,88247.502,8868.3228
PT001208,T0109,2023-01-23,USD,105427.91,10274.8,7092.21,105427.91,7092.21
PT006392,T0565,2025-04-27,USD,73299.9,7460.78,21673.63,73299.9,21673.63
PT001844,T0166,2026-03-14,USD,31177.28,1715.7,9235.49,31177.28,9235.49
PT001849,T0166,2026-08-14,USD,31177.28,1715.7,9235.49,31177.28,9235.49
PT002525,T0225,2024-04-12,EUR,41027.3748,3347.46,2784.2400000000002,41027.3748,2784.2400000000002
PT003948,T0350,2025-01-08,INR,149296.48992,17062.75764,39918.414000000004,149296.48992,39918.414000000004
PT001695,T0153,2024-03-23,USD,155105.71,8776.11,35164.88,155105.71,35164.88
PT004182,T0371,2022-11-05,USD,56644.81,6315.15,17496.38,56644.81,17496.38
PT004566,T0405,2024-11-29,USD,221221.42,16142.54,25275.87,221221.42,25275.87
PT006370,T0563,2025-11-14,USD,165387.26,8835.02,18149.4,165387.26,18149.4
PT003961,T0351,2024-01-15,INR,188542.674,11481.73296,49336.569599999995,188542.674,49336.569599999995
PT006919,T0613,2026-01-01,USD,69722.78,6874.33,20542.69,69722.78,20542.69
PT006476,T0572,2025-04-08,EUR,99248.9544,5597.931600000001,10682.766000000001,99248.9544,10682.766000000001
PT000234,T0021,2023-12-25,USD,142515.67,8361.52,26605.92,142515.67,26605.92
PT006733,T0596,2026-04-03,EUR,170332.3728,13556.6784,50448.3876,170332.3728,50448.3876
PT006620,T0586,2024-05-24,EUR,24059.7972,1420.6968000000002,5402.7324,24059.7972,5402.7324
PT003333,T0295,2023-06-03,USD,164154.4,9085.18,14204.63,164154.4,14204.63
PT005782,T0511,2021-11-21,USD,334493.39,22458.58,77322.03,334493.39,77322.03
PT002648,T0236,2023-12-28,USD,55405.03,6180.97,9851.62,55405.03,9851.619999999999
PT004042,T0358,2026-06-30,USD,192784.05,10605.26,46450.02,192784.05,46450.020000000004
PT006566,T0581,2022-08-14,USD,185251.07,16023.59,13846.27,185251.07,13846.27
PT001712,T0155,2024-08-30,USD,58436.4,6643.39,6874.12,58436.4,6874.12
PT000183,T0017,2022-07-28,EUR,57802.14000000001,4259.5524000000005,3125.2176,57802.14000000001,3125.2176
PT005085,T0451,2023-03-18,USD,24037.28,1726.09,6748.19,24037.28,6748.19
PT005097,T0452,2026-09-28,USD,62409.29,6822.24,18989.66,4160.62,1265.9775361841162
PT005738,T0507,2023-04-19,USD,94073.51,8763.93,24818.27,94073.51,24818.27
PT005453,T0483,2025-10-20,USD,38196.24,2004.43,2501.49,38196.24,2501.49
PT000050,T0006,2022-01-02,USD,16666.67,1068.75,4953.51,16666.67,4953.51
PT007174,T0636,2022-10-19,EUR,82084.3524,7050.844800000001,22848.717600000004,82084.3524,22848.717600000004
PT006674,T0591,2023-01-14,USD,92498.11,7243.65,6562.69,92498.11,6562.6900000000005
PT005355,T0475,2024-05-21,USD,196540.51,14768.63,33688.16,196540.51,33688.16
PT004583,T0407,2026-01-28,GBP,218877.1213,15511.500600000001,11592.56,218877.1213,11592.56
PT006642,T0588,2022-05-03,EUR,202350.744,11821.712400000002,38995.41960000001,202350.744,38995.41960000001
PT006005,T0531,2023-10-01,EUR,26995.2912,1963.4508,6519.42,26995.2912,6519.419999999999
PT007791,T0690,2024-10-21,USD,57917.12,5125.0,13770.79,57917.12,13770.79
PT000107,T0010,2024-05-12,USD,154845.94,8133.16,14119.08,154845.94,14119.08
PT000444,T0039,2023-04-05,USD,120590.09,12431.58,12155.95,120590.09,12155.95
PT001955,T0176,2022-03-13,USD,82816.94,4701.74,15082.28,82816.94,15082.279999999999
PT007657,T0678,2023-09-07,INR,224001.48768000002,17874.34272,35929.5258,224001.48768000002,35929.5258
PT004743,T0420,2024-02-17,EUR,117195.72480000001,6784.4736,19073.0268,117195.72480000001,19073.0268
PT007181,T0637,2025-03-03,USD,18095.48,1199.29,2932.54,18095.48,2932.54
PT005859,T0518,2023-08-10,USD,343687.21,28214.64,94743.22,343687.21,94743.22
PT000727,T0066,2022-01-01,USD,95475.14,8375.64,28863.35,95475.14,28863.35
PT002239,T0199,2025-08-16,INR,54067.566119999996,5075.51844,12301.125,54067.566119999996,12301.125
PT005953,T0526,2025-04-04,EUR,105851.17800000001,8946.018000000002,6464.026800000001,105851.17800000001,6464.026800000001
PT002331,T0208,2025-05-25,USD,177433.96,9587.12,56726.86,177433.96,56726.86
PT004126,T0366,2025-02-09,USD,244109.16,19467.39,14871.27,244109.16,14871.27
PT000170,T0016,2025-01-16,USD,441126.28,40165.06,137062.51,441126.28,137062.51
PT001002,T0090,2026-05-16,USD,340739.27,29928.28,89881.62,340739.27,89881.62
PT003253,T0287,2022-11-02,EUR,160478.9496,18728.7012,37095.0516,160478.9496,37095.0516
PT002149,T0192,2025-03-25,USD,192417.02,18278.9,51344.66,192417.02,51344.659999999996
PT000198,T0018,2025-11-16,USD,657952.79,37732.66,48584.13,657952.79,48584.13
PT004592,T0408,2025-09-01,USD,162808.34,14928.65,46526.66,162808.34,46526.66
PT006123,T0542,2021-07-29,USD,73713.82,5705.23,22902.55,73713.82,22902.55
PT003794,T0337,2023-04-24,USD,17939.99,1871.29,1982.58,17939.99,1982.58
PT000648,T0059,2023-06-09,USD,231399.98,26353.46,21810.41,231399.98,21810.41
PT003036,T0269,2025-11-12,USD,100980.51,5635.27,25218.16,100980.51,25218.16
PT004141,T0367,2023-10-03,USD,153767.97,9037.38,15560.7,153767.97,15560.700000000003
PT003734,T0332,2021-10-24,EUR,113857.1208,7181.222400000001,7513.4952,113857.1208,7513.495200000001
PT002759,T0245,2022-07-17,EUR,22874.6052,2211.6888,5847.4764000000005,22874.6052,5847.4764000000005
PT000374,T0033,2024-10-01,USD,148341.91,8852.21,27528.98,148341.91,27528.98
PT004775,T0423,2026-01-23,USD,320347.69,24300.72,22697.03,320347.69,22697.03
PT000567,T0050,2023-10-12,EUR,117264.8448,7941.520800000001,18548.816400000003,117264.8448,18548.816400000003
PT003721,T0331,2024-06-26,USD,70372.5,4784.72,16632.04,70372.5,16632.04
PT002896,T0257,2026-05-11,USD,128661.19,10905.21,12240.97,128661.19,12240.97
PT004557,T0405,2024-02-29,USD,221221.42,16142.54,25275.87,221221.42,25275.87
PT006029,T0533,2024-08-23,USD,417453.7,28596.79,125312.3,417453.7,125312.3
PT003486,T0308,2024-03-03,USD,78800.94,6297.77,7973.06,78800.94,7973.06
PT001156,T0104,2021-12-21,USD,29416.17,2892.44,7046.63,29416.17,7046.63
PT004136,T0367,2023-05-03,USD,153767.97,9037.38,15560.7,153767.97,15560.700000000003
PT006579,T0582,2024-01-21,EUR,94728.36600000001,4866.0588,6683.2128,94728.36600000001,6683.212799999999
PT000974,T0088,2021-09-26,USD,58920.03,3848.02,9302.07,58920.03,9302.070000000002
PT003288,T0290,2023-09-22,USD,81373.4,6269.51,6981.14,81373.4,6981.14
PT003628,T0323,2023-07-08,USD,87122.53,10056.82,9355.37,87122.53,9355.37
PT003639,T0324,2023-09-14,USD,463519.43,50432.76,41052.76,463519.43,41052.76
PT005883,T0520,2024-06-02,EUR,104810.78160000002,10757.091600000002,5494.1868,104810.78160000002,5494.1868
PT005595,T0495,2026-04-11,INR,274657.55663999997,20293.545000000002,30613.89408,274657.55663999997,30613.89408
PT001836,T0165,2024-04-30,EUR,92710.656,8543.134800000002,7004.599200000001,92710.656,7004.599200000001
PT002309,T0206,2022-08-14,INR,71880.93324,6359.81928,19616.58984,71880.93324,19616.589839999997
PT001841,T0166,2025-12-14,USD,31177.28,1715.7,9235.49,31177.28,9235.49
PT006180,T0547,2024-03-17,EUR,41631.246,3783.51,9679.532400000002,41631.246,9679.532400000002
PT004924,T0436,2025-05-06,USD,143833.62,15790.95,42423.4,143833.62,42423.4
PT006032,T0533,2024-11-23,USD,417453.7,28596.79,125312.3,417453.7,125312.3
PT002045,T0183,2025-12-02,USD,100544.26,7921.3,23011.91,100544.26,23011.91
PT004406,T0391,2026-03-02,INR,42407.88792,4775.13876,4598.97048,42407.88792,4598.97048
PT004373,T0388,2025-03-09,USD,586856.36,60291.16,63713.64,586856.36,63713.64
PT004733,T0419,2022-03-24,USD,22504.6,1617.69,1774.43,22504.6,1774.43
PT004751,T0421,2023-05-12,USD,94269.31,5440.4,7802.29,94269.31,7802.29
PT004719,T0418,2022-01-16,USD,66109.2,5957.54,10340.44,66109.2,10340.44
PT005956,T0526,2025-07-04,EUR,105851.17800000001,8946.018000000002,6464.026800000001,105851.17800000001,6464.026800000001
PT000845,T0077,2023-10-18,USD,112906.87,7679.88,29232.68,112906.87,29232.68
PT004490,T0399,2021-10-28,USD,191901.87,16437.79,13105.15,191901.87,13105.15
PT002156,T0193,2022-10-29,USD,348250.65,26073.42,111122.34,348250.65,111122.34
PT000350,T0031,2023-08-31,INR,94728.91752,7498.9944,27454.237559999998,94728.91752,27454.237559999998
PT006669,T0590,2021-12-11,USD,161416.74,9717.35,38102.17,161416.74,38102.17
PT000785,T0071,2025-08-03,EUR,115616.41920000002,13352.299200000001,32907.7944,115616.41920000002,32907.7944
PT000048,T0005,2026-08-11,USD,64093.86,3436.46,15371.02,64093.86,15371.02
PT006075,T0537,2026-08-04,USD,79323.94,8994.41,14174.8,79323.94,14174.799999999997
PT006348,T0561,2023-01-18,USD,81274.19,5787.51,18098.87,81274.19,18098.87
PT003652,T0325,2026-08-30,USD,51545.97,3037.08,2667.32,51545.97,2667.3200000000006
PT005752,T0509,2022-06-06,USD,107584.35,11429.17,32962.22,107584.35,32962.22
PT006166,T0546,2025-03-15,USD,124484.55,9552.24,19203.59,124484.55,19203.59
PT004499,T0400,2025-10-26,USD,374847.6,29937.0,110644.75,374847.6,110644.75
PT004019,T0356,2026-02-18,USD,244134.22,14746.53,40828.59,244134.22,40828.590000000004
PT005204,T0462,2025-04-12,GBP,359727.6778,21020.2272,18241.6577,359727.6778,18241.6577
PT005251,T0466,2023-03-29,USD,152351.64,16896.07,11898.55,152351.64,11898.55
PT001440,T0130,2023-09-30,USD,79586.62,4046.47,4078.84,79586.62,4078.8400000000006
PT006098,T0540,2024-04-27,USD,157852.37,10641.33,14161.75,157852.37,14161.75
PT005086,T0451,2023-04-18,USD,24037.28,1726.09,6748.19,24037.28,6748.19
PT006886,T0610,2022-12-15,USD,537001.73,30237.64,161334.18,537001.73,161334.18
PT007866,T0698,2022-03-14,USD,38307.16,2839.08,9651.25,38307.16,9651.25
PT005407,T0479,2026-06-06,GBP,43783.5294,3677.285,2636.4438,43783.5294,2636.4438
PT003196,T0282,2023-05-14,USD,121339.65,9726.82,19035.5,121339.65,19035.5
PT000034,T0004,2026-05-13,INR,147548.05488,14252.83692,36649.5858,147548.05488,36649.5858
PT000788,T0072,2024-06-22,USD,41079.98,4527.82,3269.61,41079.98,3269.61
PT007685,T0680,2023-05-21,USD,164633.16,18206.15,15241.0,164633.16,15241.0
PT007068,T0626,2023-09-06,EUR,99233.0244,9072.043200000002,17301.816000000003,99233.0244,17301.816000000003
PT005140,T0456,2024-05-16,USD,805192.2,48586.1,87380.93,805192.2,87380.93
PT004578,T0406,2026-04-08,GBP,96798.77769999999,6511.9377,30213.1349,96798.77769999999,30213.1349
PT005340,T0474,2021-10-19,USD,223220.23,21354.72,64495.84,223220.23,64495.84
PT002628,T0234,2026-05-13,USD,59490.81,3553.41,14719.49,59490.81,14719.49
PT006626,T0587,2023-10-27,EUR,85837.42800000001,9604.753200000001,15158.664,85837.42800000001,15158.664
PT000932,T0084,2023-08-30,USD,167829.37,18999.84,53012.39,167829.37,53012.39000000001
PT002405,T0215,2024-12-14,USD,553151.55,39643.29,130562.47,553151.55,130562.47
PT001686,T0153,2023-06-23,USD,155105.71,8776.11,35164.88,155105.71,35164.88
PT001249,T0113,2022-09-11,INR,74234.2026,7401.237720000001,22116.37284,74234.2026,22116.37284
PT004856,T0430,2023-12-15,USD,229479.12,21235.7,21781.06,229479.12,21781.06
PT000093,T0009,2024-01-02,USD,289009.6,16862.33,22624.37,289009.6,22624.37
PT005272,T0468,2021-09-11,USD,196119.25,10716.9,52787.65,196119.25,52787.65
PT005512,T0488,2026-06-11,USD,499574.73,38234.1,42785.9,499574.73,42785.9
PT005438,T0482,2023-10-18,USD,151505.21,8151.24,26378.52,151505.21,26378.52
PT005569,T0493,2022-09-22,USD,249402.1,26317.88,70481.55,249402.1,70481.55
PT002852,T0254,2023-07-21,USD,109602.92,8849.87,32804.38,109602.92,32804.38
PT002794,T0249,2025-02-05,USD,252877.99,21600.4,21776.06,252877.99,21776.06
PT007691,T0681,2026-03-08,USD,137611.6,11597.82,7220.88,137611.6,7220.88
PT006424,T0567,2025-04-16,INR,85901.69076000001,7489.983480000001,24422.53512,85901.69076000001,24422.53512
PT005704,T0505,2023-08-04,USD,707427.8,61022.31,47587.06,707427.8,47587.06
PT000765,T0070,2024-06-15,USD,105633.2,9140.89,8131.21,105633.2,8131.209999999999
PT006749,T0598,2024-08-04,USD,101343.27,5236.04,20253.04,101343.27,20253.04
PT002989,T0265,2022-02-23,USD,157995.05,7944.03,10333.41,157995.05,10333.41
PT005470,T0485,2025-08-03,EUR,484347.60000000003,56940.08400000001,91929.56760000001,484347.60000000003,91929.56760000001
PT006048,T0535,2023-12-11,USD,193583.04,18712.19,14697.39,193583.04,14697.390000000001
PT007543,T0668,2025-08-19,INR,95437.28808,11111.225279999999,9710.4072,95437.28808,9710.4072
PT002449,T0218,2024-09-12,EUR,16666.668,1274.3244000000002,1144.7568,16666.668,1144.7568
PT001729,T0156,2024-09-27,USD,268263.15,26998.06,27525.51,268263.15,27525.51
PT000258,T0023,2024-04-13,INR,48431.91624,2587.5942,4928.44164,48431.91624,4928.44164
PT005041,T0447,2025-11-24,EUR,429256.476,30428.352000000003,123914.50200000001,429256.476,123914.50200000001
PT007241,T0642,2022-02-28,EUR,417150.378,47747.73960000001,43739.557199999996,417150.378,43739.557199999996
PT001220,T0110,2026-03-15,USD,221040.92,12503.52,40209.81,221040.92,40209.81
PT007652,T0677,2023-08-05,USD,100715.03,6782.36,22735.4,100715.03,22735.4
PT001162,T0105,2023-12-22,USD,142898.06,11784.51,32834.94,142898.06,32834.94
PT006639,T0588,2022-02-03,EUR,202350.744,11821.712400000002,38995.41960000001,202350.744,38995.41960000001
PT000773,T0070,2025-02-15,USD,105633.2,9140.89,8131.21,105633.2,8131.209999999999
PT006695,T0593,2023-04-11,USD,284389.73,16967.92,83218.37,284389.73,83218.37
PT005583,T0494,2026-07-04,GBP,81741.6958,7801.1655,19574.5354,81741.6958,19574.5354
PT006346,T0561,2022-11-18,USD,81274.19,5787.51,18098.87,81274.19,18098.87
PT000313,T0027,2022-01-18,USD,55736.25,6286.48,5720.62,55736.25,5720.619999999999
PT004387,T0390,2022-08-21,INR,167386.02156000002,9018.33108,26944.99956,167386.02156000002,26944.99956
PT004033,T0357,2023-10-18,INR,351362.86152000003,26010.802440000003,86410.13448000001,351362.86152000003,86410.13448000001
PT007358,T0651,2025-11-14,USD,31970.25,2906.77,2027.68,31970.25,2027.68
PT004860,T0431,2021-01-04,USD,192633.15,19224.48,11158.32,192633.15,11158.320000000002
PT007281,T0645,2023-07-17,EUR,68156.4672,6114.852,4598.1756,68156.4672,4598.1756
PT002998,T0266,2022-09-02,USD,161795.9,11720.64,49999.11,161795.9,49999.11
PT004280,T0380,2021-10-21,EUR,169775.298,17119.468800000002,11280.923999999999,169775.298,11280.923999999999
PT001177,T0107,2025-01-04,USD,222938.83,15919.17,67960.24,222938.83,67960.24
PT003897,T0346,2026-04-18,EUR,122676.42240000001,7695.1296,35941.968,122676.42240000001,35941.968
PT001350,T0123,2022-10-03,USD,115963.04,13371.16,36995.43,115963.04,36995.43
PT003776,T0336,2022-10-05,USD,70274.21,5951.93,11520.11,70274.21,11520.11
PT003117,T0276,2025-01-15,USD,391095.49,24727.88,114385.11,391095.49,114385.11
PT003517,T0311,2025-03-26,INR,166053.26364000002,13644.31452,8528.235,166053.26364000002,8528.234999999999
PT007175,T0636,2022-11-19,EUR,82084.3524,7050.844800000001,22848.717600000004,82084.3524,22848.717600000004
PT002299,T0205,2024-06-07,USD,189934.44,17759.27,44138.05,189934.44,44138.05
PT002872,T0255,2024-09-18,INR,54110.241239999996,5880.84444,4842.906360000001,54110.241239999996,4842.906360000001
PT005196,T0462,2024-08-12,GBP,359727.6778,21020.2272,18241.6577,359727.6778,18241.6577
PT007681,T0680,2023-01-21,USD,164633.16,18206.15,15241.0,164633.16,15241.0
PT007085,T0629,2024-06-23,USD,41059.38,2503.05,4225.65,41059.38,4225.65
PT000392,T0034,2023-09-25,USD,32386.44,3553.96,3545.04,32386.44,3545.04
PT006016,T0532,2024-06-01,EUR,78526.4112,6675.1128,6333.411600000001,78526.4112,6333.411600000001
PT001457,T0132,2026-04-28,USD,22783.62,1489.38,2308.41,22783.62,2308.41
PT001093,T0099,2026-05-30,USD,81331.03,7301.23,6880.77,81331.03,6880.77
PT006119,T0542,2021-03-29,USD,73713.82,5705.23,22902.55,73713.82,22902.55
PT003240,T0286,2022-12-19,EUR,256655.5092,29886.948,24976.1016,256655.5092,24976.1016
PT005001,T0443,2024-10-27,USD,174851.14,14433.96,20927.38,174851.14,20927.38
PT002779,T0247,2023-06-14,GBP,132705.2591,8518.017,21808.4146,132705.2591,21808.4146
PT006699,T0593,2023-08-11,USD,284389.73,16967.92,83218.37,284389.73,83218.37
PT004463,T0396,2022-11-11,USD,239845.45,13220.92,53238.95,239845.45,53238.95
PT004442,T0394,2023-07-01,USD,119799.86,13253.69,6016.89,119799.86,6016.89
PT003657,T0326,2023-01-23,USD,47847.46,4589.37,8420.16,47847.46,8420.16
PT002584,T0231,2021-01-14,USD,222276.24,13343.45,52763.42,222276.24,52763.42
PT007567,T0670,2026-01-27,USD,142868.22,15815.05,41960.71,142868.22,41960.71
PT003258,T0288,2025-02-01,USD,84838.55,5754.94,10102.78,84838.55,10102.78
PT001373,T0124,2026-02-23,USD,242444.09,21410.19,46045.57,242444.09,46045.57
PT005736,T0507,2023-02-19,USD,94073.51,8763.93,24818.27,94073.51,24818.27
PT000920,T0083,2023-01-12,INR,219213.34488,20960.49228,68993.45004,219213.34488,68993.45004
PT004308,T0382,2025-07-19,EUR,75435.3,4775.5656,20554.5708,75435.3,20554.5708
PT005700,T0504,2022-08-25,USD,291083.73,34774.85,51127.72,291083.73,51127.72
PT002551,T0227,2026-04-30,USD,77943.55,5951.59,22770.19,77943.55,22770.19
PT000538,T0047,2022-07-30,USD,89508.76,9237.4,6801.56,89508.76,6801.5599999999995
PT001221,T0110,2026-04-15,USD,221040.92,12503.52,40209.81,221040.92,40209.81
PT004272,T0379,2026-09-01,USD,36976.93,3564.76,2763.03,35744.37,2670.9293238000023
