claim_id,treaty_id,loss_date,report_date,claim_type,paid_amount,case_reserve,incurred_amount,status,exceeds_limit,dq_flag
CL003403,T0157,2024-12-06,2024-12-12,Political Risk,92326.99,0.0,92326.99,Settled,0,
CL001971,T0193,2023-09-05,2023-09-10,Natural Catastrophe,25813.28,0.0,25813.28,Settled,0,
CL000594,T0047,2022-05-21,2022-05-25,Energy,6923.65,0.0,6923.65,Settled,0,
CL001137,T0622,2022-12-16,2022-12-19,Aviation,49310.25204,0.0,49310.25204,Settled,0,
CL005419,T0494,2026-05-23,2026-05-24,Political Risk,1664.0556,16498.9129,18162.968500000003,Open,0,
CL000466,T0293,2022-01-21,2022-03-15,Fire & Explosion,70534.30320000001,0.0,70534.30320000001,Settled,0,
CL000801,T0014,2022-08-27,2022-08-29,Political Risk,40801.53,0.0,40801.53,Settled,0,
CL005071,T0234,2026-02-02,2026-02-27,Business Interruption,11491.63,0.0,11491.63,Settled,0,
CL003820,T0694,2025-03-12,2025-04-06,Aviation,29964.51,327702.48,357666.99,Open,0,
CL003375,T0491,2024-10-23,2024-12-02,Political Risk,31793.97,0.0,31793.97,Settled,0,
CL003092,T0125,2024-08-08,2024-09-16,Workers Compensation,114214.61,0.0,114214.61,Settled,0,
CL002275,T0678,2023-12-13,2023-12-25,Energy,225031.3284,0.0,225031.3284,Settled,0,
CL004915,T0298,2026-01-10,2026-01-24,Auto Liability,12909.0348,19038.9096,31947.944400000004,Open,0,
CL000694,T0507,2022-07-22,2022-07-22,Cyber,19972.71,0.0,19972.71,Settled,0,
CL000381,T0506,2022-01-10,2022-01-22,Professional Indemnity,8898.0552,0.0,8898.0552,Settled,0,
CL003090,T0690,2024-08-31,2024-09-15,Aviation,20559.07,0.0,20559.07,Settled,0,
CL005255,T0035,2026-03-31,2026-04-17,Fire & Explosion,70490.56,0.0,70490.56,Settled,0,
CL003072,T0169,2024-08-02,2024-09-08,Business Interruption,19615.7916,0.0,19615.7916,Settled,0,
CL003370,T0225,2024-11-13,2024-12-01,Political Risk,10426.3956,27384.0696,37810.465200000006,Open,0,
CL001854,T0384,2023-07-25,2023-07-27,Energy,98675.57160000001,42289.5276,140965.09920000003,Reopened,0,
CL000288,T0293,2021-10-23,2021-11-19,Business Interruption,1284.4116000000001,11123.892,12408.303600000001,Open,0,
CL004339,T0553,2025-08-11,2025-09-01,Credit & Surety,7821.34,24002.55,31823.89,Open,0,
CL000030,T0514,2021-04-08,2021-04-13,Political Risk,87991.78,0.0,87991.78,Settled,0,
CL002476,T0649,2024-01-27,2024-02-25,Business Interruption,243841.54,0.0,243841.54,Settled,0,
CL005386,T0138,2026-04-27,2026-05-17,Marine Hull,24982.52,69471.46,94453.98000000001,Open,0,
CL003656,T0107,2025-02-13,2025-02-20,Natural Catastrophe,81790.42,0.0,81790.42,Settled,0,
CL004491,T0224,2025-09-24,2025-10-13,Directors & Officers,217004.84,0.0,217004.84,Settled,0,
CL003005,T0127,2024-07-25,2024-08-18,General Liability,267235.11,0.0,267235.11,Settled,0,
CL001298,T0260,2022-12-17,2023-02-03,Workers Compensation,625954.85,0.0,625954.85,Settled,0,
CL000270,T0476,2021-11-04,2021-11-04,General Liability,3638.6820000000002,14082.854400000002,17721.536400000005,Open,0,
CL004849,T0613,2026-01-01,2026-01-08,Medical Malpractice,10415.69,36685.25,47100.94,Open,0,
CL003016,T0517,2024-07-17,2024-08-22,Directors & Officers,8328.636,0.0,8328.636,Settled,0,
CL002700,T0648,2024-04-23,2024-05-03,Natural Catastrophe,355852.5048,0.0,355852.5048,Settled,0,
CL001140,T0292,2022-12-16,2022-12-21,Professional Indemnity,7105.1688,9080.726400000001,16185.895199999999,Open,0,
CL000012,T0542,2021-02-12,2021-03-02,Marine Hull,18240.27,0.0,18240.27,Settled,0,
CL001160,T0376,2022-11-19,2022-12-26,Natural Catastrophe,61184.26,0.0,61184.26,Settled,0,
CL005144,T0184,2026-01-05,2026-03-17,Workers Compensation,61863.4152,0.0,61863.4152,Settled,0,
CL005149,T0301,2026-03-10,2026-03-18,General Liability,1416.51,5410.37,6826.88,Open,0,
CL001043,T0219,2022-11-18,2022-11-22,Natural Catastrophe,71659.81,0.0,71659.81,Settled,0,
CL000635,T0675,2022-06-11,2022-06-14,Aviation,73414.31,0.0,73414.31,Settled,0,
CL000605,T0292,2022-05-12,2022-05-29,Medical Malpractice,86099.9112,0.0,86099.9112,Settled,0,
CL005322,T0549,2026-03-16,2026-04-29,Workers Compensation,225670.4,0.0,225670.4,Settled,0,
CL002336,T0137,2023-12-22,2024-01-14,Medical Malpractice,18177.54,0.0,18177.54,Settled,0,
CL001423,T0477,2023-02-06,2023-03-09,Business Interruption,73805.56920000001,0.0,73805.56920000001,Settled,0,
CL002309,T0009,2023-12-03,2024-01-07,Directors & Officers,373240.26,0.0,373240.26,Settled,0,
CL001031,T0631,2022-11-09,2022-11-18,Credit & Surety,23972.75,0.0,23972.75,Settled,0,
CL000683,T0504,2022-06-28,2022-07-12,Workers Compensation,6800.04,85950.33,92750.37,Open,0,
CL004456,T0683,2025-07-10,2025-10-01,Auto Liability,11394.13,0.0,11394.13,Settled,0,
CL004470,T0465,2025-08-27,2025-10-06,Fire & Explosion,10960.4292,405265.46904000005,416225.89824000007,Open,0,
CL000157,T0541,2021-08-09,2021-08-12,Political Risk,71860.74,0.0,71860.74,Settled,0,
CL004840,T0640,2025-11-30,2026-01-04,Energy,6009160.824,0.0,6009160.824,Settled,0,
CL005138,T0423,2026-03-12,2026-03-15,Credit & Surety,9426.28,640797.57,650223.85,Open,0,
CL003911,T0556,2025-04-22,2025-04-28,Natural Catastrophe,120398.02,166321.96,286719.98,Open,0,
CL002214,T0376,2023-09-21,2023-12-03,Natural Catastrophe,83804.49,177329.78,261134.27000000002,Open,0,
CL002074,T0324,2023-09-23,2023-10-12,Credit & Surety,34778.75,0.0,34778.75,Settled,0,
CL004291,T0187,2025-07-14,2025-08-19,Business Interruption,36752.97492,0.0,36752.97492,Settled,0,
CL002444,T0167,2024-01-31,2024-02-17,Professional Indemnity,153438.57,0.0,153438.57,Settled,0,
CL002359,T0659,2023-11-02,2024-01-20,Business Interruption,11483.2728,0.0,11483.2728,Settled,0,
CL001316,T0336,2022-12-25,2023-02-08,Business Interruption,2807.47,41007.11,43814.58,Open,0,
CL004522,T0162,2025-09-07,2025-10-20,Workers Compensation,184992.6,0.0,184992.6,Settled,0,
CL005924,T0312,2026-09-11,2026-09-30,Medical Malpractice,5689.5,48528.13,54217.63,Open,0,
CL004313,T0329,2025-07-02,2025-08-26,Business Interruption,17877.94,0.0,17877.94,Settled,0,
CL000512,T0047,2022-03-26,2022-04-08,Aviation,26380.98,0.0,26380.98,Settled,0,
CL003560,T0001,2024-12-26,2025-01-25,Natural Catastrophe,1271354.26,0.0,1271354.26,Settled,0,
CL000932,T0371,2022-10-07,2022-10-14,Workers Compensation,31814.27,0.0,31814.27,Settled,0,
CL005642,T0244,2026-07-06,2026-07-22,General Liability,5027.7,42890.51,47918.21,Open,0,
CL001753,T0268,2023-06-20,2023-06-27,Aviation,69348.38,0.0,69348.38,Settled,0,
CL000248,T0551,2021-10-06,2021-10-23,Fire & Explosion,30860.568,0.0,30860.568,Settled,0,
CL003826,T0081,2025-03-22,2025-04-08,Professional Indemnity,3661.0812,0.0,3661.0812,Settled,0,
CL000623,T0590,2022-04-01,2022-06-07,Directors & Officers,85546.96,0.0,85546.96,Settled,0,
CL004198,T0301,2025-06-04,2025-07-23,Workers Compensation,873.3,3950.56,4823.86,Open,0,
CL003863,T0635,2025-03-21,2025-04-18,Marine Hull,179392.59000000003,0.0,179392.59000000003,Settled,0,
CL002285,T0253,2023-12-29,2023-12-29,Professional Indemnity,3451.03,0.0,3451.03,Settled,0,
CL005887,T0248,2026-09-25,2026-09-29,Aviation,4183.2,9970.46,14153.66,Open,0,
CL005592,T0085,2026-06-30,2026-07-08,Cyber,3971.89032,16966.105320000002,20937.995640000005,Open,0,
CL003110,T0086,2024-09-08,2024-09-21,Directors & Officers,72063.27,0.0,72063.27,Settled,0,
CL002024,T0649,2023-09-15,2023-09-27,Natural Catastrophe,93628.33,0.0,93628.33,Settled,0,
CL004364,T0029,2025-08-30,2025-09-08,Marine Hull,25817.62,0.0,25817.62,Settled,0,
CL004913,T0203,2025-09-21,2026-01-23,Energy,91975.91328000001,0.0,91975.91328000001,Settled,0,
CL005652,T0294,2026-07-23,2026-07-25,Directors & Officers,33424.6716,33566.3352,66991.0068,Open,0,
CL002076,T0041,2023-09-29,2023-10-13,Fire & Explosion,529528.01,0.0,529528.01,Settled,0,
CL004273,T0284,2025-05-19,2025-08-13,Cyber,190627.6788,0.0,190627.6788,Settled,0,
CL002460,T0084,2023-12-25,2024-02-23,Energy,29685.25,41555.74,71240.98999999999,Open,0,
CL003414,T0618,2024-10-27,2024-12-14,Marine Hull,15396.7176,0.0,15396.7176,Settled,0,
CL005716,T0397,2026-07-18,2026-08-09,Business Interruption,899.06532,9838.158,10737.22332,Open,0,
CL004289,T0603,2025-07-31,2025-08-17,Auto Liability,81431.25144000001,0.0,81431.25144000001,Settled,0,
CL003088,T0473,2024-07-27,2024-09-15,Business Interruption,197561.6826,0.0,197561.6826,Settled,0,
CL003804,T0285,2025-02-24,2025-04-02,Energy,86.86,16025.68,16112.54,Open,0,
CL005822,T0120,2026-08-29,2026-09-12,Energy,8091.7488,14683.8528,22775.6016,Open,0,
CL004225,T0030,2025-07-19,2025-07-31,Natural Catastrophe,68824.31,0.0,68824.31,Settled,0,
CL004337,T0220,2025-08-30,2025-09-01,General Liability,2350.9116000000004,5632.491600000001,7983.403200000002,Open,0,
CL001843,T0569,2023-04-17,2023-07-23,Workers Compensation,136303.8,58415.92,194719.71999999997,Reopened,0,
CL004253,T0487,2025-06-25,2025-08-07,Fire & Explosion,203778.77,220011.09,423789.86,Open,0,
CL000997,T0109,2022-11-02,2022-11-05,Natural Catastrophe,42640.27,0.0,42640.27,Settled,0,
CL005076,T0270,2026-01-24,2026-02-28,Workers Compensation,14466.315999999999,18494.2353,32960.5513,Open,0,
CL002447,T0010,2023-11-02,2024-02-18,Fire & Explosion,3966.68,1700.0,5666.68,Reopened,0,
CL002046,T0387,2023-07-20,2023-10-04,Natural Catastrophe,22898.37,0.0,22898.37,Settled,0,
CL001096,T0229,2022-12-01,2022-12-10,Business Interruption,21516.07,0.0,21516.07,Settled,0,
CL000342,T0615,2021-11-09,2021-12-25,Medical Malpractice,249050.84040000002,0.0,249050.84040000002,Settled,0,
CL000482,T0197,2022-03-09,2022-03-24,Credit & Surety,39838.11,0.0,39838.11,Settled,0,
CL003546,T0547,2024-11-09,2025-01-20,Auto Liability,48627.8748,0.0,48627.8748,Settled,0,
CL001914,T0626,2023-08-16,2023-08-19,Aviation,73447.25760000001,0.0,73447.25760000001,Settled,0,
CL001052,T0342,2022-11-05,2022-11-26,Directors & Officers,422650.06200000003,0.0,422650.06200000003,Settled,0,
CL002917,T0156,2024-07-16,2024-07-19,Business Interruption,201431.54,0.0,201431.54,Settled,0,
CL005701,T0686,2026-08-02,2026-08-05,Energy,16746.12,317123.37,333869.49,Open,0,
CL001870,T0254,2023-07-06,2023-08-03,Professional Indemnity,11919.43,0.0,11919.43,Settled,0,
CL000460,T0653,2022-01-18,2022-03-10,Business Interruption,27930.64,0.0,27930.64,Settled,0,
CL001536,T0112,2023-03-21,2023-04-14,Business Interruption,37848.04,0.0,37848.04,Settled,0,
CL002920,T0239,2024-06-23,2024-07-20,Professional Indemnity,396624.93,0.0,396624.93,Settled,0,
CL001183,T0336,2022-11-12,2022-12-31,Natural Catastrophe,92485.41,0.0,92485.41,Settled,0,
CL001017,T0504,2022-10-19,2022-11-13,General Liability,173079.32,0.0,173079.32,Settled,0,
CL001697,T0570,2023-05-21,2023-06-07,Directors & Officers,7907.11332,22774.228320000002,30681.341640000002,Open,0,
CL005111,T0378,2026-03-07,2026-03-09,Professional Indemnity,60915.312119999995,0.0,60915.312119999995,Settled,0,
CL000720,T0354,2022-07-22,2022-07-29,General Liability,126554.62,0.0,126554.62,Settled,0,
CL005687,T0539,2026-08-01,2026-08-03,Marine Hull,20678.75,339276.9,359955.65,Open,0,
CL004783,T0365,2025-12-16,2025-12-21,Marine Hull,19285.884000000002,88837.50600000001,108123.39000000001,Open,0,
CL005654,T0400,2026-07-19,2026-07-26,Business Interruption,140796.34,458045.59,598841.93,Open,0,
CL000805,T0383,2022-08-09,2022-08-29,Medical Malpractice,306785.09,0.0,306785.09,Settled,0,
CL000609,T0177,2022-05-31,2022-06-01,Medical Malpractice,6596.98,0.0,6596.98,Settled,0,
CL005514,T0503,2026-05-13,2026-06-17,Marine Hull,28276.58,0.0,28276.58,Settled,0,
CL000097,T0134,2021-04-20,2021-06-22,Fire & Explosion,35780.18,0.0,35780.18,Settled,0,
CL005030,T0471,2026-01-30,2026-02-18,Fire & Explosion,7934.641200000001,0.0,7934.641200000001,Settled,0,
CL000084,T0558,2021-06-02,2021-06-11,Workers Compensation,151883.07,0.0,151883.07,Settled,0,
CL005319,T0263,2026-04-14,2026-04-28,Natural Catastrophe,704.916,2042.7768,2747.6928,Open,0,
CL005609,T0341,2026-06-12,2026-07-14,Marine Hull,654.49,1340.05,1994.54,Open,0,
CL001350,T0196,2023-01-21,2023-02-18,Natural Catastrophe,4912.0668000000005,0.0,4912.0668000000005,Settled,0,
CL000081,T0511,2021-05-28,2021-06-10,Natural Catastrophe,228032.21,0.0,228032.21,Settled,0,
CL005619,T0243,2026-07-03,2026-07-16,Energy,23384.74,60701.51,84086.25,Open,0,
CL005856,T0055,2026-09-16,2026-09-21,Professional Indemnity,3079.2,5693.75,8772.95,Open,0,
CL000944,T0451,2022-10-05,2022-10-19,Energy,11910.47,0.0,11910.47,Settled,0,
CL004122,T0372,2025-06-19,2025-07-01,Aviation,288534.77640000003,975306.2472,1263841.0236,Open,0,
CL005493,T0494,2026-05-27,2026-06-11,Energy,22849.0399,30785.041299999997,53634.0812,Open,0,
CL000686,T0554,2022-05-30,2022-07-16,Energy,6074.1144,0.0,6074.1144,Settled,0,
CL002701,T0426,2024-03-26,2024-05-04,Fire & Explosion,272026.31,0.0,272026.31,Settled,0,
CL004682,T0479,2025-11-23,2025-11-25,Auto Liability,2120.5571,0.0,2120.5571,Settled,0,
CL003442,T0639,2024-12-06,2024-12-22,Marine Hull,113282.41,0.0,113282.41,Settled,0,
CL004473,T0627,2025-10-07,2025-10-07,General Liability,23785.24,28855.53,52640.770000000004,Open,0,
CL003301,T0587,2024-10-05,2024-11-12,Directors & Officers,17959.374,0.0,17959.374,Settled,0,
CL005816,T0243,2026-09-07,2026-09-11,Political Risk,303934.43,472406.65,776341.0800000001,Open,0,
CL004736,T0166,2025-12-04,2025-12-09,Aviation,3527.4,9753.77,13281.17,Open,0,
CL005930,T0358,2026-09-05,2026-09-30,Cyber,1242.96,44709.3,45952.26,Open,0,
CL000176,T0522,2021-08-18,2021-09-03,Business Interruption,6150.03,0.0,6150.03,Settled,0,
CL002369,T0304,2024-01-03,2024-01-24,Business Interruption,69471.47,0.0,69471.47,Settled,0,
CL002927,T0125,2024-07-22,2024-07-22,Workers Compensation,83755.35,0.0,83755.35,Settled,0,
CL003584,T0436,2025-01-17,2025-02-02,Professional Indemnity,120666.29,0.0,120666.29,Settled,0,
CL001771,T0672,2023-05-18,2023-07-04,Fire & Explosion,15773.39,0.0,15773.39,Settled,0,
CL003428,T0118,2024-12-05,2024-12-18,Business Interruption,424269.12,0.0,424269.12,Settled,0,
CL002165,T0296,2023-09-01,2023-11-12,Business Interruption,17241.93,53493.79,70735.72,Open,0,
CL000569,T0676,2022-04-02,2022-05-05,Auto Liability,19913.95,0.0,19913.95,Settled,0,
CL003613,T0491,2025-01-21,2025-02-08,Energy,215899.16,0.0,215899.16,Settled,0,
CL003790,T0328,2025-03-05,2025-03-28,Workers Compensation,22338.27,0.0,22338.27,Settled,0,
CL000930,T0151,2022-10-04,2022-10-14,Workers Compensation,100172.29,0.0,100172.29,Settled,0,
CL005529,T0244,2026-05-29,2026-06-24,General Liability,126712.26,0.0,126712.26,Settled,0,
CL001656,T0622,2023-04-25,2023-05-22,Political Risk,81310.03368,0.0,81310.03368,Settled,0,
CL005092,T0670,2026-02-09,2026-03-03,Marine Hull,22395.24,0.0,22395.24,Settled,0,
CL003519,T0078,2025-01-10,2025-01-13,Cyber,116358.9186,0.0,116358.9186,Settled,0,
CL004234,T0270,2025-06-23,2025-08-02,Workers Compensation,169186.3266,0.0,169186.3266,Settled,0,
CL004112,T0491,2025-06-11,2025-06-26,Energy,18754.01,0.0,18754.01,Settled,0,
CL004292,T0495,2025-08-19,2025-08-19,Business Interruption,98502.67872,99424.58688,197927.2656,Open,0,
CL001233,T0150,2022-12-23,2023-01-14,Workers Compensation,13012.7,0.0,13012.7,Settled,0,
CL004384,T0204,2025-08-03,2025-09-13,Natural Catastrophe,23413.93,172506.21,195920.13999999998,Open,0,
CL003566,T0448,2024-12-20,2025-01-27,Marine Hull,14042.257200000002,0.0,14042.257200000002,Settled,0,
CL004453,T0069,2025-09-02,2025-10-01,Directors & Officers,31361.37,0.0,31361.37,Settled,0,
CL005329,T0501,2026-03-19,2026-05-01,Directors & Officers,2110.09,9514.33,11624.42,Open,0,
CL005707,T0530,2026-07-30,2026-08-07,Professional Indemnity,1176.43,7115.7,8292.13,Open,0,
CL001750,T0322,2023-04-27,2023-06-26,Medical Malpractice,59376.3,0.0,59376.3,Settled,0,
CL001114,T0147,2022-11-22,2022-12-15,Professional Indemnity,128188.84,54938.07,183126.91,Reopened,0,
CL004212,T0022,2025-07-18,2025-07-28,Professional Indemnity,1494.7465200000001,66317.96148,67812.708,Open,0,
CL000206,T0468,2021-09-15,2021-09-27,Fire & Explosion,20516.29,0.0,20516.29,Settled,0,
CL005264,T0375,2026-04-07,2026-04-18,Aviation,21225.3,51508.51,72733.81,Open,0,
CL005571,T0667,2026-06-19,2026-07-03,Aviation,9071.7,9944.61,19016.31,Open,0,
CL003792,T0299,2025-02-14,2025-03-29,Aviation,247459.00368000002,0.0,247459.00368000002,Settled,0,
CL005725,T0623,2026-08-05,2026-08-10,Cyber,15793.0,0.0,15793.0,Settled,0,
CL005330,T0085,2026-04-03,2026-05-02,Directors & Officers,376363.68036,0.0,376363.68036,Settled,0,
CL005081,T0607,2026-02-02,2026-03-01,Cyber,103522.266,0.0,103522.266,Settled,0,
CL005167,T0613,2026-03-11,2026-03-24,Medical Malpractice,33220.18,91565.51,124785.69,Open,0,
CL002223,T0420,2023-10-10,2023-12-06,Fire & Explosion,179152.6356,0.0,179152.6356,Settled,0,
CL000502,T0316,2022-03-23,2022-04-01,Natural Catastrophe,113652.75,435638.25,549291.0,Open,0,
CL002859,T0067,2024-06-30,2024-06-30,Natural Catastrophe,373262.25876,0.0,373262.25876,Settled,0,
CL002300,T0148,2023-11-19,2024-01-03,Workers Compensation,235526.14572,0.0,235526.14572,Settled,0,
CL004269,T0575,2025-06-13,2025-08-12,Natural Catastrophe,4095.78,1755.33,5851.110000000001,Reopened,0,
CL000893,T0036,2022-09-23,2022-10-03,Political Risk,795.29,18699.59,19494.88,Open,0,
CL004407,T0391,2025-08-25,2025-09-18,Natural Catastrophe,19572.03696,8388.01584,27960.052799999998,Reopened,0,
CL004152,T0483,2025-06-25,2025-07-10,Workers Compensation,76657.11,0.0,76657.11,Settled,0,
CL003782,T0275,2025-02-14,2025-03-26,General Liability,82810.18,0.0,82810.18,Settled,0,
CL003932,T0079,2025-04-09,2025-05-02,Fire & Explosion,1360.78,0.0,1360.78,Settled,0,
CL005655,T0662,2026-07-04,2026-07-26,Fire & Explosion,3170.43,5115.16,8285.59,Open,0,
CL000101,T0506,2021-06-16,2021-06-23,Medical Malpractice,12510.622800000001,0.0,12510.622800000001,Settled,0,
CL001738,T0031,2023-05-05,2023-06-21,Workers Compensation,18769.902720000002,0.0,18769.902720000002,Settled,0,
CL000106,T0514,2021-06-26,2021-06-30,Marine Hull,11956.78,47617.22,59574.0,Open,0,
CL002554,T0587,2024-03-03,2024-03-21,Directors & Officers,12850.6068,0.0,12850.6068,Settled,0,
CL000716,T0144,2022-07-25,2022-07-29,Auto Liability,199019.49,0.0,199019.49,Settled,0,
CL001930,T0045,2023-08-23,2023-08-25,Workers Compensation,150522.04,0.0,150522.04,Settled,0,
CL000762,T0653,2022-07-25,2022-08-13,Fire & Explosion,590165.01,0.0,590165.01,Settled,0,
CL004804,T0166,2025-11-30,2025-12-27,Aviation,323.07,664.81,987.8799999999999,Open,0,
CL003702,T0629,2025-02-23,2025-03-01,Marine Hull,10575.36,0.0,10575.36,Settled,0,
CL001929,T0531,2023-07-27,2023-08-24,Medical Malpractice,22004.7408,0.0,22004.7408,Settled,0,
CL004558,T0372,2025-10-26,2025-10-27,Aviation,1660295.0808,0.0,1660295.0808,Settled,0,
CL002030,T0295,2023-09-26,2023-09-30,Business Interruption,132640.34,0.0,132640.34,Settled,0,
CL003499,T0567,2024-10-16,2025-01-06,Fire & Explosion,112377.81072000001,0.0,112377.81072000001,Settled,0,
CL004215,T0016,2025-07-15,2025-07-29,Natural Catastrophe,212011.08,0.0,212011.08,Settled,0,
CL001762,T0435,2023-06-22,2023-07-01,Cyber,12941.5,0.0,12941.5,Settled,0,
CL005194,T0643,2026-01-08,2026-03-31,Fire & Explosion,123336.75600000001,0.0,123336.75600000001,Settled,0,
CL004017,T0690,2025-05-09,2025-05-29,Political Risk,7918.36,0.0,7918.36,Settled,0,
CL000712,T0641,2022-07-13,2022-07-27,Credit & Surety,77654.28,0.0,77654.28,Settled,0,
CL005624,T0686,2026-07-09,2026-07-16,Marine Hull,46030.8,0.0,46030.8,Settled,0,
CL002646,T0145,2024-04-14,2024-04-15,Natural Catastrophe,21878.75,0.0,21878.75,Settled,0,
CL003904,T0634,2025-03-03,2025-04-27,Credit & Surety,121001.4,368627.61,489629.01,Open,0,
CL003906,T0639,2025-02-15,2025-04-27,Aviation,29209.59,77180.82,106390.41,Open,0,
CL000112,T0693,2021-06-27,2021-07-03,Political Risk,4082.81,0.0,4082.81,Settled,0,
CL000162,T0161,2021-08-05,2021-08-18,Credit & Surety,25750.526400000002,11035.9368,36786.463200000006,Reopened,0,
CL003220,T0369,2024-10-19,2024-10-21,Workers Compensation,203231.96,0.0,203231.96,Settled,0,
CL005771,T0597,2026-08-15,2026-08-25,Marine Hull,21978.94,104592.94,126571.88,Open,0,
CL003960,T0285,2025-04-23,2025-05-12,Aviation,13192.91,46424.67,59617.58,Open,0,
CL000624,T0245,2022-03-04,2022-06-09,Auto Liability,11437.956000000002,0.0,11437.956000000002,Settled,0,
CL001448,T0492,2023-03-14,2023-03-18,Professional Indemnity,435719.16,0.0,435719.16,Settled,0,
CL003479,T0272,2024-12-13,2025-01-02,Workers Compensation,716021.92,0.0,716021.92,Settled,0,
CL000378,T0590,2022-01-09,2022-01-18,Directors & Officers,491381.49,0.0,491381.49,Settled,0,
CL001053,T0383,2022-11-25,2022-11-26,Professional Indemnity,345274.24,0.0,345274.24,Settled,0,
CL005689,T0024,2026-06-03,2026-08-04,Marine Hull,13837.66,26179.68,40017.34,Open,0,
CL003482,T0616,2024-12-17,2025-01-02,Aviation,5049.8424,0.0,5049.8424,Settled,0,
CL005641,T0188,2026-06-27,2026-07-21,Workers Compensation,1873.1,2639.89,4512.99,Open,0,
CL004733,T0483,2025-11-19,2025-12-08,Workers Compensation,7969.19,0.0,7969.19,Settled,0,
CL004057,T0284,2025-05-23,2025-06-11,Credit & Surety,1077109.5096,3507149.8800000004,4584259.3896,Open,0,
CL004087,T0635,2025-06-08,2025-06-17,Energy,116489.232,0.0,116489.232,Settled,0,
CL002047,T0434,2023-09-26,2023-10-04,Natural Catastrophe,3716.8848000000003,0.0,3716.8848000000003,Settled,0,
CL005610,T0485,2026-05-23,2026-07-14,Cyber,66749.02200000001,89641.57680000001,156390.59880000004,Open,0,
CL003294,T0272,2024-11-03,2024-11-09,Auto Liability,131320.91,0.0,131320.91,Settled,0,
CL004000,T0438,2025-04-26,2025-05-24,Credit & Surety,28211.73,49479.09,77690.81999999999,Open,0,
CL003763,T0284,2025-02-22,2025-03-22,Cyber,108092.61,46325.4012,154418.01120000004,Reopened,0,
CL002121,T0273,2023-10-13,2023-10-27,Medical Malpractice,31032.244800000004,13299.5412,44331.786,Reopened,0,
CL000259,T0522,2021-09-18,2021-10-30,Business Interruption,11162.8,4784.05,15946.849999999999,Reopened,0,
CL001806,T0334,2023-07-02,2023-07-12,Natural Catastrophe,3498.76,9000.62,12499.380000000001,Open,0,
CL002844,T0420,2024-04-13,2024-06-25,Fire & Explosion,59769.370800000004,0.0,59769.370800000004,Settled,0,
CL002805,T0455,2024-04-26,2024-06-12,Fire & Explosion,35297.03,0.0,35297.03,Settled,0,
CL001662,T0026,2023-05-21,2023-05-26,Auto Liability,21184.97,0.0,21184.97,Settled,0,
CL003697,T0015,2025-01-26,2025-03-01,Fire & Explosion,38467.73,0.0,38467.73,Settled,0,
CL003645,T0395,2025-02-14,2025-02-17,Auto Liability,5345.63,0.0,5345.63,Settled,0,
CL001964,T0451,2023-05-23,2023-09-08,Political Risk,5071.53,0.0,5071.53,Settled,0,
CL002356,T0482,2024-01-01,2024-01-20,Workers Compensation,96556.44,0.0,96556.44,Settled,0,
CL005547,T0170,2026-05-10,2026-06-28,Energy,9491.4,46557.09,56048.49,Open,0,
CL003671,T0395,2025-02-06,2025-02-23,Auto Liability,1028.4,0.0,1028.4,Settled,0,
CL000564,T0098,2022-04-11,2022-04-30,Business Interruption,281054.3508,0.0,281054.3508,Settled,0,
CL005629,T0057,2026-07-02,2026-07-18,Business Interruption,11415.816,12601.710000000001,24017.526,Open,0,
CL001832,T0482,2023-06-29,2023-07-19,Workers Compensation,185856.58,0.0,185856.58,Settled,0,
CL002003,T0492,2023-08-23,2023-09-22,Medical Malpractice,84972.97,0.0,84972.97,Settled,0,
CL000450,T0361,2022-02-26,2022-03-05,General Liability,20675.74,0.0,20675.74,Settled,0,
CL004977,T0110,2026-02-04,2026-02-07,Natural Catastrophe,561054.37,0.0,561054.37,Settled,0,
CL001605,T0207,2023-05-06,2023-05-07,Aviation,319586.3748,0.0,319586.3748,Settled,0,
CL003802,T0183,2025-03-19,2025-04-01,Professional Indemnity,976078.5,0.0,976078.5,Settled,0,
CL004320,T0495,2025-08-21,2025-08-27,Business Interruption,12997.804080000002,15122.50884,28120.312920000004,Open,0,
CL000842,T0042,2022-08-29,2022-09-12,Political Risk,3825.2952000000005,0.0,3825.2952000000005,Settled,0,
CL003657,T0237,2025-01-12,2025-02-20,Credit & Surety,49681.75,0.0,49681.75,Settled,0,
CL005631,T0529,2026-06-23,2026-07-18,Marine Hull,536395.84,668710.01,1205105.85,Open,0,
CL002923,T0517,2024-07-20,2024-07-20,Directors & Officers,6432.814800000001,0.0,6432.814800000001,Settled,0,
CL004116,T0637,2025-06-27,2025-06-28,Aviation,22664.91,0.0,22664.91,Settled,0,
CL005070,T0170,2026-02-27,2026-02-27,Energy,19109.37,61143.9,80253.27,Open,0,
CL002432,T0430,2024-02-01,2024-02-12,Natural Catastrophe,68685.23,0.0,68685.23,Settled,0,
CL003723,T0071,2024-12-11,2025-03-10,Marine Hull,27796.3812,0.0,27796.3812,Settled,0,
CL001071,T0083,2022-11-01,2022-12-02,Auto Liability,167217.66827999998,0.0,167217.66827999998,Settled,0,
CL000409,T0349,2022-01-19,2022-02-07,Directors & Officers,31066.48,13314.21,44380.69,Reopened,0,
CL005356,T0301,2026-04-19,2026-05-09,Auto Liability,677.45,2050.25,2727.7,Open,0,
CL001234,T0588,2022-12-12,2023-01-14,Business Interruption,32589.2268,13966.8192,46556.046,Reopened,0,
CL004044,T0192,2025-05-19,2025-06-07,Cyber,561.34,13358.9,13920.24,Open,0,
CL001941,T0622,2023-08-10,2023-08-31,Energy,25294.67352,0.0,25294.67352,Settled,0,
CL000526,T0042,2022-04-09,2022-04-14,Aviation,77202.4284,0.0,77202.4284,Settled,0,
CL004360,T0199,2025-08-31,2025-09-06,Marine Hull,8833.839240000001,0.0,8833.839240000001,Settled,0,
CL000641,T0528,2022-05-23,2022-06-19,Marine Hull,31856.8,0.0,31856.8,Settled,0,
CL002669,T0535,2024-04-13,2024-04-24,Political Risk,35321.65,0.0,35321.65,Settled,0,
CL001507,T0466,2023-04-04,2023-04-05,Business Interruption,106239.24,0.0,106239.24,Settled,0,
CL004681,T0495,2025-11-21,2025-11-24,Natural Catastrophe,22156.051320000002,0.0,22156.051320000002,Settled,0,
CL001492,T0251,2023-02-23,2023-03-31,Workers Compensation,34951.3596,0.0,34951.3596,Settled,0,
CL003104,T0169,2024-07-27,2024-09-19,Natural Catastrophe,11450.9268,0.0,11450.9268,Settled,0,
CL001239,T0151,2022-11-23,2023-01-16,Auto Liability,574386.25,0.0,574386.25,Settled,0,
CL004065,T0638,2025-06-04,2025-06-13,Auto Liability,209056.91,0.0,209056.91,Settled,0,
CL004556,T0224,2025-09-28,2025-10-27,Credit & Surety,48871.79,0.0,48871.79,Settled,0,
CL001793,T0308,2023-06-20,2023-07-09,Cyber,9954.14,0.0,9954.14,Settled,0,
CL001237,T0425,2022-12-02,2023-01-15,General Liability,284624.63,0.0,284624.63,Settled,0,
CL003929,T0261,2025-04-28,2025-05-01,Workers Compensation,45856.72440000001,75176.6508,121033.37520000001,Open,0,
CL004457,T0269,2025-09-05,2025-10-02,Business Interruption,114159.17,0.0,114159.17,Settled,0,
CL000577,T0416,2022-04-04,2022-05-09,Cyber,37611.69,0.0,37611.69,Settled,0,
CL002803,T0156,2024-04-24,2024-06-12,Fire & Explosion,75246.4,0.0,75246.4,Settled,0,
CL001421,T0258,2023-02-16,2023-03-09,Marine Hull,23237.39,0.0,23237.39,Settled,0,
CL000280,T0361,2021-11-09,2021-11-14,Auto Liability,16213.77,0.0,16213.77,Settled,0,
CL002250,T0393,2023-11-11,2023-12-19,Business Interruption,6685.25,0.0,6685.25,Settled,0,
CL003567,T0072,2025-01-02,2025-01-28,Natural Catastrophe,4002.26,0.0,4002.26,Settled,0,
CL003682,T0443,2025-01-18,2025-02-25,Natural Catastrophe,69178.88,0.0,69178.88,Settled,0,
CL002485,T0241,2024-01-28,2024-02-29,Cyber,65126.58,0.0,65126.58,Settled,0,
CL003572,T0329,2025-01-22,2025-01-29,Natural Catastrophe,79066.84,0.0,79066.84,Settled,0,
CL002790,T0086,2024-05-13,2024-06-09,Credit & Surety,96484.96,0.0,96484.96,Settled,0,
CL001232,T0039,2022-12-08,2023-01-14,Marine Hull,7189.17,0.0,7189.17,Settled,0,
CL000597,T0006,2022-05-20,2022-05-26,Medical Malpractice,4995.54,2140.94,7136.48,Reopened,0,
CL004846,T0436,2025-12-02,2026-01-08,Medical Malpractice,4625.21,24128.29,28753.5,Open,0,
CL004946,T0198,2026-01-12,2026-01-28,Natural Catastrophe,178813.44,0.0,178813.44,Settled,0,
CL000389,T0548,2022-01-09,2022-01-29,Business Interruption,381059.63,0.0,381059.63,Settled,0,
CL005636,T0058,2026-04-06,2026-07-20,Marine Hull,1931.4,5791.01,7722.41,Open,0,
CL005977,T0681,2026-08-13,2026-09-30,Fire & Explosion,16977.0,123857.58,140834.58000000002,Open,0,
CL000892,T0631,2022-09-14,2022-10-02,Credit & Surety,33080.73,0.0,33080.73,Settled,0,
CL004527,T0261,2025-08-29,2025-10-21,Auto Liability,21286.746000000003,253406.02680000002,274692.77280000004,Open,0,
CL000864,T0151,2022-09-12,2022-09-20,Workers Compensation,59624.3,0.0,59624.3,Settled,0,
CL000856,T0581,2022-08-23,2022-09-15,Natural Catastrophe,52744.59,0.0,52744.59,Settled,0,
CL000135,T0558,2021-07-22,2021-07-23,General Liability,71057.95,0.0,71057.95,Settled,0,
CL005534,T0075,2026-06-26,2026-06-26,Natural Catastrophe,231336.58,263073.6,494410.17999999993,Open,0,
CL003673,T0173,2025-01-24,2025-02-24,Medical Malpractice,300251.52,0.0,300251.52,Settled,0,
CL004762,T0391,2025-11-29,2025-12-15,Business Interruption,1487.15148,25261.9782,26749.129680000002,Open,0,
CL002132,T0123,2023-09-26,2023-10-31,Business Interruption,321713.03,0.0,321713.03,Settled,0,
CL000740,T0655,2022-07-28,2022-08-04,Aviation,93021.1884,0.0,93021.1884,Settled,0,
CL003882,T0600,2025-02-14,2025-04-22,Natural Catastrophe,91541.77,0.0,91541.77,Settled,0,
CL000543,T0098,2022-03-30,2022-04-20,Fire & Explosion,40498.28280000001,0.0,40498.28280000001,Settled,0,
CL004059,T0370,2025-05-28,2025-06-11,Business Interruption,28074.859200000003,0.0,28074.859200000003,Settled,0,
CL000489,T0011,2022-03-27,2022-03-28,Workers Compensation,128003.7384,0.0,128003.7384,Settled,0,
CL002456,T0242,2024-02-04,2024-02-21,Marine Hull,88337.72,0.0,88337.72,Settled,0,
CL004376,T0168,2025-08-29,2025-09-12,Directors & Officers,2260.19,13350.45,15610.640000000001,Open,0,
CL003381,T0063,2024-11-13,2024-12-05,Credit & Surety,12934.2528,0.0,12934.2528,Settled,0,
CL001859,T0604,2023-07-23,2023-07-29,Aviation,32027.0652,0.0,32027.0652,Settled,0,
CL000110,T0314,2021-06-17,2021-07-02,Auto Liability,34505.71,0.0,34505.71,Settled,0,
CL004462,T0082,2025-09-25,2025-10-04,Business Interruption,26448.58,78971.47,105420.05,Open,0,
CL002147,T0153,2023-10-03,2023-11-04,Auto Liability,35339.38,0.0,35339.38,Settled,0,
CL005130,T0662,2026-03-12,2026-03-13,Fire & Explosion,10010.35,0.0,10010.35,Settled,0,
CL001687,T0525,2023-02-19,2023-06-05,Medical Malpractice,347112.21,0.0,347112.21,Settled,0,
CL000335,T0675,2021-12-11,2021-12-22,Aviation,22401.74,0.0,22401.74,Settled,0,
CL004564,T0385,2025-10-23,2025-10-28,Directors & Officers,49317.8,0.0,49317.8,Settled,0,
CL001939,T0654,2023-05-26,2023-08-30,Natural Catastrophe,53000.21,0.0,53000.21,Settled,0,
CL000542,T0044,2022-04-02,2022-04-20,Fire & Explosion,47239.94,0.0,47239.94,Settled,0,
CL004415,T0198,2025-08-25,2025-09-20,Fire & Explosion,430721.02,0.0,430721.02,Settled,0,
CL003516,T0246,2024-12-27,2025-01-12,General Liability,353875.0896,0.0,353875.0896,Settled,0,
CL003967,T0695,2025-05-01,2025-05-13,Business Interruption,72451.95120000001,0.0,72451.95120000001,Settled,0,
CL005408,T0356,2026-04-13,2026-05-20,Workers Compensation,4215.28,7608.33,11823.61,Open,0,
CL005018,T0495,2026-01-31,2026-02-16,Business Interruption,9553.46496,214393.54104000004,223947.006,Open,0,
CL000615,T0144,2022-05-25,2022-06-04,Workers Compensation,92967.84,0.0,92967.84,Settled,0,
CL002146,T0148,2023-11-03,2023-11-04,Workers Compensation,77457.83748,204819.63371999998,282277.47119999997,Open,0,
CL004982,T0095,2026-01-24,2026-02-08,Energy,15739.27,0.0,15739.27,Settled,0,
CL004179,T0071,2025-06-23,2025-07-19,Aviation,24047.2908,0.0,24047.2908,Settled,0,
CL005936,T0439,2026-09-03,2026-09-30,Medical Malpractice,7816.92,26656.96,34473.88,Open,0,
CL001255,T0267,2023-01-03,2023-01-21,Aviation,354645.32,0.0,354645.32,Settled,0,
CL004206,T0657,2025-05-28,2025-07-25,Energy,18872.73,0.0,18872.73,Settled,0,
CL003642,T0584,2025-01-24,2025-02-16,General Liability,11219.36,0.0,11219.36,Settled,0,
CL003313,T0275,2024-11-07,2024-11-15,General Liability,388809.33,0.0,388809.33,Settled,0,
CL003188,T0328,2024-09-19,2024-10-10,General Liability,17106.97,0.0,17106.97,Settled,0,
CL002892,T0519,2024-06-07,2024-07-10,Business Interruption,8817.7896,0.0,8817.7896,Settled,0,
CL004609,T0298,2025-10-25,2025-11-07,General Liability,14595.1524,0.0,14595.1524,Settled,0,
CL002287,T0334,2023-11-06,2023-12-29,Business Interruption,93050.11,0.0,93050.11,Settled,0,
CL005957,T0579,2026-09-24,2026-09-30,Credit & Surety,4637.25,0.0,4637.25,Settled,0,
CL000494,T0217,2022-03-25,2022-03-29,Marine Hull,255313.5768,0.0,255313.5768,Settled,0,
CL001642,T0680,2023-05-12,2023-05-18,Business Interruption,51355.86,0.0,51355.86,Settled,0,
CL002668,T0432,2024-04-03,2024-04-24,Energy,26954.63508,0.0,26954.63508,Settled,0,
CL005724,T0536,2026-07-14,2026-08-10,Professional Indemnity,17428.09,31667.0,49095.09,Open,0,
CL003280,T0015,2024-08-07,2024-11-05,Natural Catastrophe,1020135.23,0.0,1020135.23,Settled,0,
CL000926,T0538,2022-09-30,2022-10-13,Fire & Explosion,204479.01,0.0,204479.01,Settled,0,
CL005806,T0563,2026-08-18,2026-09-07,Cyber,2577.54,13974.39,16551.93,Open,0,
CL005583,T0297,2026-05-17,2026-07-06,Directors & Officers,3611.07,11740.01,15351.08,Open,0,
CL002630,T0571,2024-03-03,2024-04-11,Business Interruption,9713.21,0.0,9713.21,Settled,0,
CL002888,T0067,2024-06-07,2024-07-08,Natural Catastrophe,51165.09396,650865.23904,702030.333,Open,0,
CL001220,T0390,2022-12-29,2023-01-11,Auto Liability,66906.39072,0.0,66906.39072,Settled,0,
CL001848,T0384,2023-05-09,2023-07-25,Energy,9615.1968,0.0,9615.1968,Settled,0,
CL003495,T0329,2024-12-17,2025-01-05,Fire & Explosion,27434.73,0.0,27434.73,Settled,0,
CL004209,T0249,2025-07-22,2025-07-27,Marine Hull,54450.21,0.0,54450.21,Settled,0,
CL001443,T0404,2023-02-12,2023-03-16,Business Interruption,39938.28,636086.39,676024.67,Open,0,
CL002514,T0156,2024-02-13,2024-03-09,Fire & Explosion,139655.19,0.0,139655.19,Settled,0,
CL000305,T0361,2021-11-21,2021-12-07,General Liability,313559.91,0.0,313559.91,Settled,0,
CL001087,T0292,2022-12-02,2022-12-07,Medical Malpractice,92606.84640000001,0.0,92606.84640000001,Settled,0,
CL002200,T0093,2023-10-02,2023-11-27,Cyber,16169.36,0.0,16169.36,Settled,0,
CL005284,T0471,2026-03-17,2026-04-22,Fire & Explosion,8113.381200000001,0.0,8113.381200000001,Settled,0,
CL005750,T0397,2026-08-09,2026-08-20,Fire & Explosion,7042.24704,20435.697480000003,27477.94452,Open,0,
CL002113,T0186,2023-06-10,2023-10-25,Aviation,314032.2696,0.0,314032.2696,Settled,0,
CL003972,T0284,2025-04-22,2025-05-15,Directors & Officers,138974.72400000002,0.0,138974.72400000002,Settled,0,
CL002243,T0119,2023-12-14,2023-12-15,Workers Compensation,35642.74,0.0,35642.74,Settled,0,
CL003924,T0056,2025-04-28,2025-04-30,Workers Compensation,221820.36,0.0,221820.36,Settled,0,
CL005833,T0060,2026-09-07,2026-09-14,Professional Indemnity,2.55,416.91,419.46000000000004,Open,0,
CL003320,T0335,2024-10-03,2024-11-18,Political Risk,238948.99,0.0,238948.99,Settled,0,
CL003839,T0284,2025-03-18,2025-04-11,Credit & Surety,365382.198,0.0,365382.198,Settled,0,
CL005300,T0174,2026-04-09,2026-04-25,General Liability,97216.06,130447.63,227663.69,Open,0,
CL000579,T0499,2022-05-08,2022-05-10,Professional Indemnity,2393.5391999999997,0.0,2393.5391999999997,Settled,0,
CL000179,T0066,2021-07-21,2021-09-05,Natural Catastrophe,17432.92,0.0,17432.92,Settled,0,
CL004864,T0188,2026-01-12,2026-01-13,General Liability,9611.71,22184.24,31795.95,Open,0,
CL001225,T0619,2023-01-01,2023-01-12,Business Interruption,2119.35,0.0,2119.35,Settled,0,
CL005839,T0172,2026-05-21,2026-09-16,Political Risk,85536.50760000001,0.0,85536.50760000001,Settled,0,
CL003251,T0532,2024-10-11,2024-10-27,Auto Liability,54139.698000000004,0.0,54139.698000000004,Settled,0,
CL005009,T0447,2026-02-01,2026-02-14,Aviation,111350.60280000001,277244.7264,388595.32920000004,Open,0,
CL005589,T0605,2026-06-29,2026-07-07,Auto Liability,21676.9,0.0,21676.9,Settled,0,
CL004322,T0685,2025-07-24,2025-08-27,General Liability,382239.06480000005,0.0,382239.06480000005,Settled,0,
CL000586,T0316,2022-05-09,2022-05-17,Business Interruption,58138.48,0.0,58138.48,Settled,0,
CL005052,T0607,2025-11-18,2026-02-23,Directors & Officers,535389.9444,0.0,535389.9444,Settled,0,
CL005466,T0378,2026-06-05,2026-06-05,Medical Malpractice,1448.6929200000002,1579.2504000000001,3027.9433200000003,Open,0,
CL005024,T0379,2026-02-10,2026-02-17,Credit & Surety,797.07,2626.19,3423.26,Open,0,
CL003975,T0603,2025-05-04,2025-05-16,General Liability,656832.9608400001,0.0,656832.9608400001,Settled,0,
CL004275,T0355,2025-07-21,2025-08-13,Workers Compensation,119757.44,0.0,119757.44,Settled,0,
CL005933,T0397,2026-09-06,2026-09-30,Business Interruption,38622.19848,52043.19564,90665.39412,Open,0,
CL002860,T0304,2024-06-27,2024-06-30,Business Interruption,52497.95,0.0,52497.95,Settled,0,
CL002627,T0264,2024-04-10,2024-04-11,Professional Indemnity,544908.2436,0.0,544908.2436,Settled,0,
CL003582,T0417,2025-01-18,2025-02-02,Natural Catastrophe,359242.776,2191405.9140000003,2550648.69,Open,0,
CL001788,T0677,2023-06-22,2023-07-08,Fire & Explosion,18916.23,0.0,18916.23,Settled,0,
CL004033,T0603,2025-05-19,2025-06-04,Auto Liability,275395.03668,0.0,275395.03668,Settled,0,
CL005713,T0559,2026-05-16,2026-08-08,Business Interruption,216286.37,0.0,216286.37,Settled,0,
CL001093,T0336,2022-11-02,2022-12-09,Business Interruption,21830.41,0.0,21830.41,Settled,0,
CL000910,T0561,2022-09-19,2022-10-07,Fire & Explosion,150492.64,0.0,150492.64,Settled,0,
CL003665,T0696,2025-02-14,2025-02-21,General Liability,34138.85,0.0,34138.85,Settled,0,
CL005824,T0194,2026-08-27,2026-09-12,Fire & Explosion,78939.97560000002,262208.232,341148.20759999997,Open,0,
CL005709,T0194,2026-08-05,2026-08-08,Fire & Explosion,17609.0544,67845.0816,85454.136,Open,0,
CL002120,T0137,2023-10-05,2023-10-27,Professional Indemnity,11233.53,0.0,11233.53,Settled,0,
CL004028,T0208,2025-06-02,2025-06-03,Business Interruption,1730441.41,0.0,1730441.41,Settled,0,
CL004483,T0589,2025-09-24,2025-10-11,Fire & Explosion,27321.6456,0.0,27321.6456,Settled,0,
CL004839,T0555,2025-11-20,2026-01-04,Professional Indemnity,234354.57,0.0,234354.57,Settled,0,
CL000940,T0258,2022-10-16,2022-10-17,Marine Hull,65048.14,0.0,65048.14,Settled,0,
CL001390,T0363,2023-02-01,2023-03-01,Business Interruption,11499.2568,0.0,11499.2568,Settled,0,
CL002295,T0678,2023-11-11,2023-12-31,Aviation,151475.42076,0.0,151475.42076,Settled,0,
CL005945,T0501,2026-09-27,2026-09-30,Cyber,1610.05,6821.79,8431.84,Open,0,
CL000726,T0210,2022-07-13,2022-07-31,Fire & Explosion,7157.68,0.0,7157.68,Settled,0,
CL002212,T0059,2023-11-24,2023-12-03,Energy,69821.54,0.0,69821.54,Settled,0,
CL000089,T0590,2021-06-07,2021-06-17,Cyber,24217.46,0.0,24217.46,Settled,0,
CL001111,T0317,2022-10-09,2022-12-14,Professional Indemnity,313321.69,0.0,313321.69,Settled,0,
CL004535,T0508,2025-09-29,2025-10-22,Political Risk,13789.07,23082.4,36871.47,Open,0,
CL002254,T0322,2023-12-14,2023-12-20,Professional Indemnity,929.05,4024.2,4953.25,Open,0,
CL001123,T0144,2022-11-07,2022-12-17,Auto Liability,56684.61,0.0,56684.61,Settled,0,
CL004623,T0057,2025-10-24,2025-11-11,Business Interruption,30370.993200000004,0.0,30370.993200000004,Settled,0,
CL005566,T0579,2026-06-28,2026-07-01,Credit & Surety,53690.58,0.0,53690.58,Settled,0,
CL004124,T0284,2025-04-02,2025-07-02,Credit & Surety,218365.8264,0.0,218365.8264,Settled,0,
CL002930,T0125,2024-07-14,2024-07-23,Auto Liability,158502.36,0.0,158502.36,Settled,0,
CL001876,T0394,2023-08-03,2023-08-04,Fire & Explosion,52166.71,0.0,52166.71,Settled,0,
CL001444,T0626,2023-02-28,2023-03-17,Political Risk,7037.1612000000005,0.0,7037.1612000000005,Settled,0,
CL000198,T0068,2021-08-06,2021-09-21,Fire & Explosion,165040.37,0.0,165040.37,Settled,0,
CL000171,T0068,2021-08-16,2021-08-29,Business Interruption,28029.89,0.0,28029.89,Settled,0,
CL001909,T0393,2023-08-13,2023-08-18,Business Interruption,97782.01,0.0,97782.01,Settled,0,
CL004862,T0652,2025-12-25,2026-01-12,Aviation,25013.487960000002,75559.09367999999,100572.58164,Open,0,
CL003383,T0091,2024-10-14,2024-12-05,General Liability,130441.65,0.0,130441.65,Settled,0,
CL001814,T0394,2023-06-24,2023-07-14,Fire & Explosion,2469.29,27867.71,30337.0,Open,0,
CL002736,T0271,2024-05-10,2024-05-18,Political Risk,288.94320000000005,9878.3604,10167.303600000001,Open,0,
CL002374,T0238,2024-01-19,2024-01-25,Workers Compensation,5637.77,2416.19,8053.960000000001,Reopened,0,
CL005214,T0605,2026-02-28,2026-04-04,Workers Compensation,76201.32,82293.32,158494.64,Open,0,
CL002658,T0482,2024-03-01,2024-04-21,General Liability,58952.91,0.0,58952.91,Settled,0,
CL001308,T0538,2023-01-28,2023-02-06,Natural Catastrophe,160153.87,0.0,160153.87,Settled,0,
CL002392,T0241,2023-12-02,2024-01-30,Directors & Officers,31688.28,0.0,31688.28,Settled,0,
CL000959,T0113,2022-10-15,2022-10-26,Medical Malpractice,24816.90276,0.0,24816.90276,Settled,0,
CL004616,T0071,2025-09-29,2025-11-09,Aviation,72301.21560000001,0.0,72301.21560000001,Settled,0,
CL001592,T0610,2023-03-26,2023-05-02,Fire & Explosion,203143.42,0.0,203143.42,Settled,0,
CL001303,T0612,2023-01-27,2023-02-04,Workers Compensation,160253.75,0.0,160253.75,Settled,0,
CL003748,T0289,2025-01-30,2025-03-16,Political Risk,53400.55,0.0,53400.55,Settled,0,
CL001962,T0145,2023-08-18,2023-09-08,Business Interruption,6544.56,0.0,6544.56,Settled,0,
CL003048,T0237,2024-08-29,2024-09-02,Directors & Officers,63141.15,27060.5,90201.65,Reopened,0,
CL002575,T0084,2024-01-27,2024-03-29,Political Risk,88417.56,0.0,88417.56,Settled,0,
CL001121,T0619,2022-11-23,2022-12-16,Fire & Explosion,55764.19,0.0,55764.19,Settled,0,
CL003437,T0019,2024-11-05,2024-12-21,Directors & Officers,13393.8,0.0,13393.8,Settled,0,
CL000688,T0349,2022-07-03,2022-07-17,Cyber,33971.31,0.0,33971.31,Settled,0,
CL005106,T0479,2026-03-01,2026-03-07,Workers Compensation,5797.9564,23878.451100000002,29676.4075,Open,0,
CL004687,T0633,2025-11-25,2025-11-26,Professional Indemnity,1294.5,7590.64,8885.14,Open,0,
CL000834,T0150,2022-08-23,2022-09-09,Workers Compensation,92450.67,0.0,92450.67,Settled,0,
CL004387,T0409,2025-08-22,2025-09-13,Auto Liability,153074.1024,0.0,153074.1024,Settled,0,
CL001706,T0093,2023-03-21,2023-06-11,Cyber,10601.29,0.0,10601.29,Settled,0,
CL003923,T0599,2025-04-10,2025-04-29,Auto Liability,8915.07,0.0,8915.07,Settled,0,
CL002376,T0415,2023-12-28,2024-01-25,Aviation,23092.69716,144075.23964,167167.9368,Open,0,
CL003434,T0532,2024-11-28,2024-12-19,Workers Compensation,10046.1276,0.0,10046.1276,Settled,0,
CL004515,T0643,2025-10-03,2025-10-16,Fire & Explosion,64513.0224,0.0,64513.0224,Settled,0,
CL005719,T0683,2026-04-23,2026-08-09,Workers Compensation,17598.53,25773.16,43371.69,Open,0,
CL002865,T0368,2024-05-27,2024-07-02,Cyber,80266.9845,0.0,80266.9845,Settled,0,
CL001055,T0176,2022-11-13,2022-11-27,Professional Indemnity,27373.76,0.0,27373.76,Settled,0,
CL005292,T0575,2025-11-19,2026-04-23,Fire & Explosion,24930.92,26782.4,51713.32,Open,0,
CL003717,T0398,2025-02-11,2025-03-08,Natural Catastrophe,182435.23080000002,0.0,182435.23080000002,Settled,0,
CL004175,T0284,2025-05-19,2025-07-17,Cyber,259163.6688,0.0,259163.6688,Settled,0,
CL003174,T0157,2024-10-07,2024-10-07,Political Risk,24556.05,0.0,24556.05,Settled,0,
CL003244,T0469,2024-07-22,2024-10-26,Energy,21376.75,0.0,21376.75,Settled,0,
CL000416,T0468,2021-08-18,2022-02-10,Business Interruption,16163.1,0.0,16163.1,Settled,0,
CL002851,T0498,2024-06-26,2024-06-27,General Liability,3400.03,0.0,3400.03,Settled,0,
CL000749,T0150,2022-07-17,2022-08-09,General Liability,75889.27,0.0,75889.27,Settled,0,
CL005199,T0441,2026-03-23,2026-04-02,Credit & Surety,6104.23,164413.73,170517.96000000002,Open,0,
CL001785,T0148,2023-07-03,2023-07-08,Auto Liability,44974.6668,0.0,44974.6668,Settled,0,
CL004459,T0030,2025-10-01,2025-10-03,Fire & Explosion,7487.96,0.0,7487.96,Settled,0,
CL001660,T0322,2023-05-13,2023-05-25,Medical Malpractice,21417.01,0.0,21417.01,Settled,0,
CL003690,T0114,2025-02-24,2025-02-27,Professional Indemnity,173703.96,0.0,173703.96,Settled,0,
CL002542,T0271,2024-03-14,2024-03-18,Political Risk,13168.3212,0.0,13168.3212,Settled,0,
CL003926,T0450,2025-03-20,2025-04-30,General Liability,282355.3,0.0,282355.3,Settled,0,
CL002353,T0136,2023-12-23,2024-01-19,Auto Liability,167040.74,0.0,167040.74,Settled,0,
CL004409,T0637,2025-07-26,2025-09-18,Energy,13586.59,0.0,13586.59,Settled,0,
CL004029,T0261,2025-05-29,2025-06-03,Workers Compensation,295769.37240000005,0.0,295769.37240000005,Settled,0,
CL004920,T0488,2026-01-11,2026-01-24,Fire & Explosion,84698.67,686519.03,771217.7000000001,Open,0,
CL002103,T0186,2023-10-15,2023-10-21,Political Risk,313262.1648,0.0,313262.1648,Settled,0,
CL004750,T0683,2025-11-21,2025-12-11,General Liability,27320.06,0.0,27320.06,Settled,0,
CL000330,T0453,2021-11-21,2021-12-18,Professional Indemnity,328910.75,0.0,328910.75,Settled,0,
CL005444,T0135,2026-05-03,2026-05-31,General Liability,108477.98640000001,0.0,108477.98640000001,Settled,0,
CL000782,T0206,2022-06-11,2022-08-22,Business Interruption,80725.83744,0.0,80725.83744,Settled,0,
CL004685,T0249,2025-10-18,2025-11-26,Aviation,185216.96,0.0,185216.96,Settled,0,
CL005346,T0046,2026-03-11,2026-05-07,Credit & Surety,3258.3384,15969.042000000001,19227.380400000002,Open,0,
CL000256,T0544,2021-10-17,2021-10-29,Cyber,488348.94,0.0,488348.94,Settled,0,
CL001835,T0622,2023-07-14,2023-07-20,Aviation,7252.073399999999,0.0,7252.073399999999,Settled,0,
CL003712,T0436,2025-01-09,2025-03-05,Professional Indemnity,58276.06,108025.19,166301.25,Open,0,
CL005717,T0503,2026-06-08,2026-08-09,Energy,53992.21,0.0,53992.21,Settled,0,
CL000976,T0363,2022-10-13,2022-11-01,Business Interruption,11208.618,0.0,11208.618,Settled,0,
CL002381,T0569,2024-01-16,2024-01-26,Auto Liability,191516.18,0.0,191516.18,Settled,0,
CL001280,T0610,2023-01-12,2023-01-28,Business Interruption,353538.4,0.0,353538.4,Unmapped,0,unmapped_status
CL001646,T0250,2023-05-20,2023-05-20,Marine Hull,125294.0508,0.0,125294.0508,Settled,0,
CL002142,T0377,2023-10-18,2023-11-03,Workers Compensation,56778.47,0.0,56778.47,Settled,0,
CL004931,T0013,2025-11-05,2026-01-26,Business Interruption,58329.92,0.0,58329.92,Settled,0,
CL001716,T0434,2023-05-16,2023-06-12,Business Interruption,353951.66160000005,0.0,353951.66160000005,Settled,0,
CL000841,T0581,2022-08-30,2022-09-11,Natural Catastrophe,11255.36,0.0,11255.36,Settled,0,
CL000764,T0554,2022-08-14,2022-08-14,Political Risk,22172.886000000002,0.0,22172.886000000002,Settled,0,
CL005256,T0057,2026-04-15,2026-04-17,Fire & Explosion,134.38440000000003,3682.9188000000004,3817.3032000000003,Open,0,
CL002071,T0574,2023-09-23,2023-10-11,Workers Compensation,35862.92280000001,0.0,35862.92280000001,Settled,0,
CL005835,T0379,2026-09-14,2026-09-15,Directors & Officers,16212.8,32095.73,48308.53,Open,0,
CL001009,T0144,2022-10-07,2022-11-10,Auto Liability,74037.72,0.0,74037.72,Settled,0,
CL000025,T0431,2021-03-27,2021-03-29,Professional Indemnity,1159411.41,0.0,1159411.41,Settled,0,
CL005225,T0064,2026-03-27,2026-04-08,Fire & Explosion,215055.48,265564.15,480619.63,Open,0,
CL004921,T0575,2026-01-11,2026-01-24,Natural Catastrophe,1358.6,2285.94,3644.54,Open,0,
CL000765,T0630,2022-08-12,2022-08-14,Auto Liability,15716.04,0.0,15716.04,Settled,0,
CL002159,T0516,2023-10-29,2023-11-09,Professional Indemnity,59884.59,0.0,59884.59,Settled,0,
CL001278,T0396,2023-01-19,2023-01-28,Aviation,124183.19,0.0,124183.19,Settled,0,
CL003912,T0599,2025-02-27,2025-04-28,Workers Compensation,2741.19,0.0,2741.19,Settled,0,
CL002123,T0394,2023-10-15,2023-10-27,Natural Catastrophe,23124.73,0.0,23124.73,Settled,0,
CL002706,T0136,2024-04-27,2024-05-06,General Liability,96446.05,0.0,96446.05,Settled,0,
CL000193,T0231,2021-06-11,2021-09-19,Workers Compensation,182933.32,0.0,182933.32,Settled,0,
CL005623,T0495,2026-07-05,2026-07-16,Fire & Explosion,38384.651880000005,49842.141240000004,88226.79312,Open,0,
CL002453,T0137,2024-02-17,2024-02-19,Professional Indemnity,139279.48,0.0,139279.48,Settled,0,
CL005283,T0087,2026-03-26,2026-04-22,Natural Catastrophe,491628.24,582136.46,1073764.7,Open,0,
CL004698,T0291,2025-11-07,2025-11-30,Fire & Explosion,187549.86,0.0,187549.86,Settled,0,
CL001851,T0315,2023-07-03,2023-07-26,Auto Liability,9790.37,0.0,9790.37,Settled,0,
CL003598,T0033,2025-02-02,2025-02-06,Workers Compensation,36166.15,0.0,36166.15,Settled,0,
CL005561,T0035,2026-06-24,2026-07-01,Business Interruption,58704.26,148890.21,207594.47,Open,0,
CL004185,T0651,2025-06-28,2025-07-19,Directors & Officers,3605.01,0.0,3605.01,Settled,0,
CL001172,T0113,2022-12-24,2022-12-29,Professional Indemnity,15700.012799999999,0.0,15700.012799999999,Settled,0,
CL004925,T0166,2026-01-18,2026-01-25,Energy,5212.89,11152.39,16365.279999999999,Open,0,
CL002649,T0264,2024-03-01,2024-04-16,Medical Malpractice,194932.2672,83542.4064,278474.6736,Reopened,0,
CL001432,T0507,2023-02-24,2023-03-12,Directors & Officers,36973.5,0.0,36973.5,Settled,0,
CL004501,T0523,2025-10-10,2025-10-14,Natural Catastrophe,20854.6596,0.0,20854.6596,Settled,0,
CL002163,T0699,2023-11-11,2023-11-11,Business Interruption,66267.32,0.0,66267.32,Settled,0,
CL000632,T0410,2022-06-13,2022-06-13,Credit & Surety,147689.48,0.0,147689.48,Settled,0,
CL000786,T0206,2022-07-07,2022-08-24,Fire & Explosion,905.7801599999999,0.0,905.7801599999999,Settled,0,
CL000200,T0175,2021-08-13,2021-09-24,Workers Compensation,280297.54,0.0,280297.54,Settled,0,
CL002521,T0454,2024-03-07,2024-03-11,Energy,15665.83,6713.93,22379.760000000002,Reopened,0,
CL005490,T0297,2026-06-08,2026-06-11,Cyber,24696.35,44812.15,69508.5,Open,0,
CL001679,T0384,2023-05-25,2023-06-02,Political Risk,10382.4828,109111.806,119494.28880000001,Open,0,
CL001095,T0636,2022-12-01,2022-12-09,General Liability,2538.5508000000004,3787.7328,6326.283600000001,Open,0,
CL001583,T0059,2023-04-28,2023-04-30,Energy,121831.18,0.0,121831.18,Settled,0,
CL001302,T0538,2022-11-24,2023-02-04,Natural Catastrophe,284105.12,0.0,284105.12,Settled,0,
CL001276,T0193,2023-01-15,2023-01-28,Business Interruption,26541.27,0.0,26541.27,Settled,0,
CL000645,T0349,2022-06-13,2022-06-21,Cyber,71260.34,0.0,71260.34,Settled,0,
CL003892,T0226,2025-04-12,2025-04-25,Business Interruption,231043.46,0.0,231043.46,Settled,0,
CL001401,T0655,2023-02-15,2023-03-03,Marine Hull,157736.5164,0.0,157736.5164,Settled,0,
CL002014,T0126,2023-08-20,2023-09-25,Natural Catastrophe,44288.01,0.0,44288.01,Settled,0,
CL005597,T0310,2026-06-09,2026-07-09,Natural Catastrophe,5818.89,7602.06,13420.95,Open,0,
CL002853,T0086,2024-06-05,2024-06-28,Credit & Surety,472201.0,0.0,472201.0,Settled,0,
CL005891,T0013,2026-08-09,2026-09-30,Fire & Explosion,6943.77,13678.6,20622.370000000003,Open,0,
CL005136,T0344,2026-01-14,2026-03-15,Business Interruption,6827.95,7397.62,14225.57,Open,0,
CL002061,T0525,2023-10-02,2023-10-09,Professional Indemnity,297044.19,0.0,297044.19,Settled,0,
CL003161,T0438,2024-09-15,2024-10-03,Credit & Surety,66085.36,0.0,66085.36,Settled,0,
CL003795,T0696,2025-03-23,2025-03-29,Workers Compensation,502185.98,0.0,502185.98,Settled,0,
CL001333,T0251,2023-01-08,2023-02-12,General Liability,20128.003200000003,0.0,20128.003200000003,Settled,0,
CL001089,T0036,2022-11-24,2022-12-08,Aviation,22435.98,0.0,22435.98,Settled,0,
CL002776,T0454,2024-05-06,2024-06-03,Aviation,8887.43,0.0,8887.43,Settled,0,
CL005303,T0564,2026-02-10,2026-04-25,Directors & Officers,66267.34848,108090.78684,174358.13532,Open,0,
CL005618,T0527,2026-06-05,2026-07-15,Cyber,21800.1672,334317.52080000006,356117.6880000001,Open,0,
CL000070,T0511,2021-05-28,2021-05-30,Fire & Explosion,358368.54,0.0,358368.54,Settled,0,
CL004493,T0526,2025-10-10,2025-10-13,Medical Malpractice,135101.9304,0.0,135101.9304,Settled,0,
CL000520,T0003,2022-04-05,2022-04-10,Directors & Officers,39867.8004,0.0,39867.8004,Settled,0,
CL000729,T0340,2022-07-23,2022-08-01,Natural Catastrophe,585632.08,0.0,585632.08,Settled,0,
CL004317,T0568,2025-08-24,2025-08-26,Business Interruption,189226.40424,0.0,189226.40424,Settled,0,
CL002172,T0645,2023-11-09,2023-11-17,Fire & Explosion,32050.674000000003,0.0,32050.674000000003,Settled,0,
CL000296,T0419,2021-11-25,2021-11-26,Fire & Explosion,10313.86,0.0,10313.86,Settled,0,
CL004396,T0450,2025-09-05,2025-09-14,Auto Liability,123747.59,346579.29,470326.88,Open,0,
CL004767,T0564,2025-12-16,2025-12-17,Cyber,801486.7458,0.0,801486.7458,Settled,0,
CL000611,T0499,2022-05-31,2022-06-02,Professional Indemnity,37895.3748,0.0,37895.3748,Settled,0,
CL000995,T0287,2022-10-28,2022-11-04,Political Risk,191343.5244,0.0,191343.5244,Settled,0,
CL001869,T0049,2023-06-07,2023-08-03,Cyber,67013.79,0.0,67013.79,Settled,0,
CL001538,T0457,2023-03-25,2023-04-14,Business Interruption,107868.21,0.0,107868.21,Settled,0,
CL000314,T0514,2021-11-06,2021-12-11,Marine Hull,140230.88,0.0,140230.88,Settled,0,
CL003662,T0040,2025-02-14,2025-02-21,General Liability,26246.43,0.0,26246.43,Settled,0,
CL004749,T0575,2025-10-02,2025-12-11,Fire & Explosion,5372.5,5690.12,11062.619999999999,Open,0,
CL000559,T0669,2022-04-25,2022-04-27,Business Interruption,35484.13,84659.94,120144.07,Open,0,
CL004808,T0097,2025-08-12,2025-12-28,Medical Malpractice,5445.9324,24962.364,30408.2964,Open,0,
CL002428,T0608,2024-01-09,2024-02-10,Cyber,12854.37,42271.82,55126.19,Open,0,
CL002201,T0167,2023-11-13,2023-11-27,Medical Malpractice,127772.0,0.0,127772.0,Settled,0,
CL002619,T0570,2024-04-04,2024-04-08,Credit & Surety,370378.32816,0.0,370378.32816,Settled,0,
CL002464,T0505,2024-02-21,2024-02-23,Fire & Explosion,746111.33,0.0,746111.33,Settled,0,
CL000003,T0140,2021-01-27,2021-02-01,General Liability,329096.55240000004,1036481.238,1365577.7904,Open,0,
CL000464,T0088,2022-02-06,2022-03-13,Business Interruption,825.22,3265.02,4090.24,Open,0,
CL003073,T0472,2024-08-14,2024-09-09,Fire & Explosion,19692.69,0.0,19692.69,Settled,0,
CL003767,T0500,2025-01-19,2025-03-22,Directors & Officers,251288.87,0.0,251288.87,Settled,0,
CL002785,T0271,2024-04-25,2024-06-07,Energy,3662.1612,0.0,3662.1612,Settled,0,
CL001847,T0290,2023-05-14,2023-07-25,General Liability,84788.51,0.0,84788.51,Settled,0,
CL000155,T0139,2021-07-28,2021-08-09,Credit & Surety,709.7760000000001,1543.0716,2252.8476000000005,Open,0,
CL003769,T0038,2025-03-01,2025-03-23,Business Interruption,116849.78,0.0,116849.78,Settled,0,
CL005074,T0427,2026-02-27,2026-02-27,Political Risk,8802.18,23408.4,32210.58,Open,0,
CL003022,T0272,2024-08-23,2024-08-24,Auto Liability,444586.24,0.0,444586.24,Settled,0,
CL002199,T0050,2023-11-14,2023-11-27,Workers Compensation,88298.964,0.0,88298.964,Settled,0,
CL002109,T0570,2023-08-26,2023-10-24,Credit & Surety,295917.82752,0.0,295917.82752,Settled,0,
CL000704,T0144,2022-07-21,2022-07-26,Workers Compensation,60713.31,0.0,60713.31,Settled,0,
CL003750,T0546,2025-02-23,2025-03-16,Fire & Explosion,151138.79,0.0,151138.79,Settled,0,
CL004184,T0459,2025-05-31,2025-07-19,Aviation,11423.21,0.0,11423.21,Settled,0,
CL001557,T0031,2023-04-06,2023-04-20,Workers Compensation,109130.79252000002,0.0,109130.79252000002,Settled,0,
CL001563,T0238,2023-04-19,2023-04-22,General Liability,4512.29,0.0,4512.29,Settled,0,
CL004079,T0284,2025-06-02,2025-06-16,Credit & Surety,415530.2484,0.0,415530.2484,Settled,0,
CL000935,T0466,2022-09-27,2022-10-15,Fire & Explosion,52229.2,0.0,52229.2,Settled,0,
CL005007,T0668,2026-01-29,2026-02-13,Aviation,74512.90764,133867.57668,208380.48432,Open,0,
CL002921,T0377,2024-07-15,2024-07-20,General Liability,49660.5,0.0,49660.5,Settled,0,
CL000396,T0175,2021-12-29,2022-02-02,General Liability,34015.57,0.0,34015.57,Settled,0,
CL005852,T0583,2026-09-10,2026-09-19,Natural Catastrophe,32881.1636,0.0,32881.1636,Settled,0,
CL000663,T0229,2022-05-17,2022-06-30,Business Interruption,1414.51,2255.42,3669.9300000000003,Open,0,
CL002463,T0502,2024-02-11,2024-02-23,Workers Compensation,366.90540000000004,0.0,366.90540000000004,Settled,0,
CL003268,T0299,2024-10-21,2024-10-30,Marine Hull,199302.29652,0.0,199302.29652,Settled,0,
CL005605,T0670,2026-04-30,2026-07-12,Aviation,38885.43,0.0,38885.43,Settled,0,
CL000059,T0380,2021-05-11,2021-05-15,Natural Catastrophe,20786.7924,0.0,20786.7924,Settled,0,
CL005332,T0543,2026-04-06,2026-05-02,Professional Indemnity,5795.67,9409.97,15205.64,Open,0,
CL002962,T0469,2024-07-01,2024-07-31,Political Risk,712453.1,2849812.38,3562265.48,Open,1,
CL002131,T0084,2023-10-13,2023-10-31,Aviation,588816.45,0.0,588816.45,Settled,0,
CL000558,T0410,2022-04-25,2022-04-27,Cyber,58666.15,0.0,58666.15,Settled,0,
CL001148,T0390,2022-12-15,2022-12-24,Auto Liability,35074.07424,0.0,35074.07424,Settled,0,
CL000692,T0687,2022-07-14,2022-07-20,Auto Liability,74214.39,0.0,74214.39,Settled,0,
CL003710,T0652,2025-02-17,2025-03-04,Political Risk,174707.13396,74874.486,249581.61995999998,Reopened,0,
CL001612,T0130,2023-04-17,2023-05-09,Auto Liability,80043.87,0.0,80043.87,Settled,0,
CL004434,T0220,2025-08-26,2025-09-25,General Liability,805.1076,5545.8756,6350.983200000001,Open,0,
CL000299,T0104,2021-11-29,2021-11-29,Professional Indemnity,68257.99,0.0,68257.99,Settled,0,
CL001181,T0036,2022-12-17,2022-12-31,Energy,236091.54,0.0,236091.54,Settled,0,
CL003853,T0261,2025-03-22,2025-04-15,Auto Liability,1156844.592,0.0,1156844.592,Settled,0,
CL001936,T0336,2023-06-11,2023-08-30,Natural Catastrophe,190282.35,0.0,190282.35,Settled,0,
CL002754,T0666,2024-03-24,2024-05-25,Aviation,173533.4731,0.0,173533.4731,Settled,0,
CL001901,T0451,2023-07-29,2023-08-14,Energy,39608.12,0.0,39608.12,Settled,0,
CL001339,T0363,2023-01-30,2023-02-13,Business Interruption,40075.603200000005,0.0,40075.603200000005,Settled,0,
CL003117,T0347,2024-09-02,2024-09-23,Auto Liability,51299.78400000001,325748.88720000006,377048.67120000004,Open,0,
CL005169,T0184,2026-03-19,2026-03-25,Auto Liability,3613.1076,0.0,3613.1076,Settled,0,
CL002050,T0009,2023-09-11,2023-10-07,Directors & Officers,214710.41,0.0,214710.41,Settled,0,
CL005648,T0523,2026-06-08,2026-07-23,Business Interruption,2065.9212,8743.3452,10809.2664,Open,0,
CL001406,T0626,2023-02-24,2023-03-04,Marine Hull,198947.92320000002,0.0,198947.92320000002,Settled,0,
CL001894,T0415,2023-07-07,2023-08-12,Energy,41848.46784,0.0,41848.46784,Settled,0,
CL003724,T0443,2025-02-13,2025-03-10,Fire & Explosion,593398.37,0.0,593398.37,Settled,0,
CL003114,T0239,2024-09-10,2024-09-22,Professional Indemnity,100316.05,0.0,100316.05,Settled,0,
CL005307,T0557,2026-02-22,2026-04-26,Aviation,24933.614400000002,75588.066,100521.68040000001,Open,0,
CL004418,T0436,2025-09-14,2025-09-20,Professional Indemnity,33801.89,0.0,33801.89,Settled,0,
CL004820,T0601,2025-11-05,2025-12-29,Auto Liability,80902.4976,0.0,80902.4976,Settled,0,
CL002846,T0165,2024-06-02,2024-06-26,General Liability,36627.6492,0.0,36627.6492,Settled,0,
CL005125,T0089,2026-02-14,2026-03-12,Credit & Surety,27695.84,0.0,27695.84,Settled,0,
CL001601,T0286,2023-04-27,2023-05-06,Political Risk,530658.702,0.0,530658.702,Settled,0,
CL000088,T0542,2021-05-27,2021-06-14,Political Risk,29194.31,0.0,29194.31,Settled,0,
CL001566,T0617,2023-03-29,2023-04-23,Workers Compensation,11688.8784,0.0,11688.8784,Settled,0,
CL004471,T0568,2025-09-23,2025-10-06,Business Interruption,101241.45888,261465.28776,362706.74663999997,Open,0,
CL004626,T0695,2025-11-11,2025-11-11,Fire & Explosion,211404.26520000002,0.0,211404.26520000002,Settled,0,
CL001054,T0680,2022-11-11,2022-11-26,Natural Catastrophe,13771.83,0.0,13771.83,Settled,0,
CL004073,T0063,2025-05-08,2025-06-15,Cyber,2076.7968,3997.6956000000005,6074.492400000001,Open,0,
CL000098,T0175,2021-06-16,2021-06-22,Workers Compensation,18582.79,0.0,18582.79,Settled,0,
CL000214,T0073,2021-08-25,2021-10-02,General Liability,104015.09160000001,0.0,104015.09160000001,Settled,0,
CL002549,T0430,2024-03-11,2024-03-20,Fire & Explosion,3005.14,54846.96,57852.1,Open,0,
CL004009,T0663,2025-05-07,2025-05-25,General Liability,138615.0732,0.0,138615.0732,Settled,0,
CL002072,T0593,2023-09-25,2023-10-11,Marine Hull,250723.81,0.0,250723.81,Settled,0,
CL003593,T0417,2025-01-09,2025-02-04,Natural Catastrophe,406212.58080000005,0.0,406212.58080000005,Settled,0,
CL004330,T0284,2025-08-03,2025-08-29,Directors & Officers,30621.866400000003,53345.6172,83967.4836,Open,0,
CL004550,T0212,2025-10-04,2025-10-26,Workers Compensation,1658449.1232000003,0.0,1658449.1232000003,Settled,0,
CL003941,T0696,2025-04-25,2025-05-05,Workers Compensation,34679.34,80960.22,115639.56,Open,0,
CL004832,T0203,2025-12-06,2026-01-02,Political Risk,151279.70208,0.0,151279.70208,Settled,0,
CL003283,T0443,2024-10-24,2024-11-05,Natural Catastrophe,24811.66,0.0,24811.66,Settled,0,
CL004518,T0087,2025-09-22,2025-10-19,Natural Catastrophe,23988.66,26308.9,50297.56,Open,0,
CL004394,T0303,2025-08-26,2025-09-14,Business Interruption,3234.08,84040.41,87274.49,Open,0,
CL004897,T0408,2026-01-06,2026-01-19,Professional Indemnity,57758.03,294402.54,352160.56999999995,Open,0,
CL000222,T0693,2021-08-31,2021-10-08,Political Risk,1145.4,0.0,1145.4,Settled,0,
CL000122,T0309,2021-05-18,2021-07-12,General Liability,6170.1372,0.0,6170.1372,Settled,0,
CL002415,T0043,2024-01-24,2024-02-06,Credit & Surety,4605.2172,0.0,4605.2172,Settled,0,
CL005479,T0439,2026-05-14,2026-06-08,Medical Malpractice,16046.29,19087.91,35134.2,Open,0,
CL001795,T0322,2023-05-20,2023-07-09,Professional Indemnity,2313.3,0.0,2313.3,Settled,0,
CL004433,T0183,2025-08-29,2025-09-25,Professional Indemnity,47567.3,0.0,47567.3,Settled,0,
CL002378,T0153,2024-01-14,2024-01-26,General Liability,143783.35,0.0,143783.35,Settled,0,
CL002150,T0021,2023-10-18,2023-11-06,Professional Indemnity,131526.31,0.0,131526.31,Settled,0,
CL001077,T0363,2022-11-24,2022-12-03,Business Interruption,195384.90600000002,0.0,195384.90600000002,Settled,0,
CL003687,T0469,2025-02-18,2025-02-26,Political Risk,29119.65,0.0,29119.65,Settled,0,
CL000031,T0542,2021-03-18,2021-04-13,Energy,18874.47,0.0,18874.47,Settled,0,
CL005700,T0583,2026-07-29,2026-08-05,Natural Catastrophe,290997.5765,0.0,290997.5765,Settled,0,
CL002536,T0699,2024-02-21,2024-03-16,Fire & Explosion,918634.44,0.0,918634.44,Settled,0,
CL000814,T0250,2022-08-31,2022-09-03,Energy,22108.8852,0.0,22108.8852,Settled,0,
CL002867,T0426,2024-05-11,2024-07-02,Business Interruption,35621.26,0.0,35621.26,Settled,0,
CL003601,T0302,2025-02-03,2025-02-06,Directors & Officers,22978.220400000002,0.0,22978.220400000002,Settled,0,
CL005072,T0346,2026-01-21,2026-02-27,General Liability,31565.224800000004,52339.1652,83904.39,Open,0,
CL000695,T0672,2022-06-19,2022-07-22,Business Interruption,82750.14,0.0,82750.14,Settled,0,
CL003755,T0195,2025-03-13,2025-03-20,Natural Catastrophe,135761.60328,0.0,135761.60328,Settled,0,
CL002644,T0666,2024-04-08,2024-04-14,Energy,139295.4415,0.0,139295.4415,Settled,0,
CL005222,T0400,2026-03-22,2026-04-06,Business Interruption,1468739.19,0.0,1468739.19,Settled,0,
CL004588,T0158,2025-10-22,2025-11-03,Auto Liability,9724.31,22732.97,32457.28,Open,0,
CL002971,T0424,2024-07-01,2024-08-04,Cyber,475216.45,0.0,475216.45,Settled,0,
CL003477,T0484,2024-12-06,2025-01-01,Fire & Explosion,122817.36240000001,0.0,122817.36240000001,Settled,0,
CL002053,T0112,2023-09-17,2023-10-08,Fire & Explosion,585.83,4227.29,4813.12,Open,0,
CL002051,T0480,2023-08-14,2023-10-07,Auto Liability,178960.48200000002,0.0,178960.48200000002,Settled,0,
CL004898,T0500,2025-10-28,2026-01-19,Directors & Officers,156892.52,0.0,156892.52,Settled,0,
CL000812,T0493,2022-07-19,2022-09-01,Credit & Surety,185747.57,0.0,185747.57,Settled,0,
CL000224,T0197,2021-10-05,2021-10-10,Cyber,56160.77,0.0,56160.77,Settled,0,
CL004883,T0198,2025-12-03,2026-01-17,Business Interruption,129909.87,0.0,129909.87,Settled,0,
CL005293,T0187,2026-03-23,2026-04-24,Business Interruption,168187.28304,264914.14068,433101.42372,Open,0,
CL000006,T0175,2021-02-11,2021-02-13,General Liability,39482.42,0.0,39482.42,Settled,0,
CL004401,T0524,2025-08-30,2025-09-16,General Liability,86094.9,0.0,86094.9,Settled,0,
CL004987,T0524,2026-01-06,2026-02-09,Auto Liability,573.46,134122.81,134696.27,Open,0,
CL005635,T0213,2026-07-10,2026-07-19,Fire & Explosion,284.61,6161.99,6446.599999999999,Open,0,
CL005350,T0263,2026-02-01,2026-05-07,Business Interruption,4285.8504,22585.122000000003,26870.972400000006,Open,0,
CL004878,T0495,2025-12-24,2026-01-16,Business Interruption,44225.19108,0.0,44225.19108,Settled,0,
CL005218,T0553,2026-02-16,2026-04-05,Directors & Officers,19841.89,28845.79,48687.68,Open,0,
CL000173,T0418,2021-08-31,2021-08-31,Workers Compensation,117051.58,0.0,117051.58,Settled,0,
CL004329,T0124,2025-08-11,2025-08-29,General Liability,29135.36,0.0,29135.36,Settled,0,
CL003276,T0019,2024-10-16,2024-11-04,Cyber,29141.94,0.0,29141.94,Settled,0,
CL005240,T0681,2026-03-23,2026-04-12,Natural Catastrophe,13420.83,0.0,13420.83,Settled,0,
CL002320,T0618,2023-12-30,2024-01-09,Marine Hull,122676.29280000001,0.0,122676.29280000001,Settled,0,
CL003040,T0043,2024-08-16,2024-09-01,Credit & Surety,7157.894400000001,0.0,7157.894400000001,Settled,0,
CL000399,T0217,2021-12-13,2022-02-03,Aviation,37606.2048,0.0,37606.2048,Settled,0,
CL003296,T0072,2024-10-27,2024-11-10,Business Interruption,5543.05,0.0,5543.05,Settled,0,
CL001974,T0050,2023-08-01,2023-09-13,General Liability,86658.066,0.0,86658.066,Settled,0,
CL000647,T0581,2022-05-11,2022-06-21,Natural Catastrophe,9812.14,12840.34,22652.48,Open,0,
CL001659,T0489,2023-05-17,2023-05-24,Auto Liability,104743.3248,0.0,104743.3248,Settled,0,
CL004357,T0500,2025-08-22,2025-09-05,Directors & Officers,53977.09,103521.06,157498.15,Open,0,
CL005600,T0024,2026-04-11,2026-07-10,Energy,665609.2,0.0,665609.2,Settled,0,
CL001996,T0566,2023-09-19,2023-09-21,Natural Catastrophe,55483.7148,0.0,55483.7148,Settled,0,
CL005118,T0263,2026-02-12,2026-03-10,Natural Catastrophe,3985.1676,22262.8824,26248.050000000003,Open,0,
CL004747,T0496,2025-12-11,2025-12-11,Energy,9019.89,27026.68,36046.57,Open,0,
CL005572,T0007,2026-06-19,2026-07-04,Workers Compensation,164.97,7166.28,7331.25,Open,0,
CL001169,T0630,2022-10-23,2022-12-28,General Liability,27894.3,0.0,27894.3,Settled,0,
CL005893,T0013,2026-09-04,2026-09-30,Natural Catastrophe,977.01,16905.98,17882.989999999998,Open,0,
CL000473,T0590,2022-02-28,2022-03-19,Credit & Surety,2045.67,0.0,2045.67,Settled,0,
CL001945,T0415,2023-08-15,2023-09-02,Aviation,22761.14976,0.0,22761.14976,Settled,0,
CL004585,T0436,2025-10-19,2025-11-02,Professional Indemnity,74317.54,0.0,74317.54,Settled,0,
CL002434,T0505,2024-02-05,2024-02-13,Fire & Explosion,913919.57,0.0,913919.57,Settled,0,
CL002981,T0665,2024-07-28,2024-08-08,Credit & Surety,118623.43,0.0,118623.43,Settled,0,
CL002354,T0678,2023-10-05,2024-01-19,Political Risk,32288.069880000003,0.0,32288.069880000003,Settled,0,
CL001016,T0422,2022-11-01,2022-11-12,Business Interruption,1320432.96,0.0,1320432.96,Settled,0,
CL005166,T0577,2026-01-27,2026-03-24,Natural Catastrophe,49699.90440000001,228173.13360000003,277873.038,Open,0,
CL005399,T0024,2026-04-30,2026-05-19,Aviation,273683.76,325141.57,598825.3300000001,Open,0,
CL002505,T0252,2024-01-01,2024-03-06,Energy,81142.96,0.0,81142.96,Settled,0,
CL003540,T0491,2025-01-14,2025-01-18,Marine Hull,82464.08,0.0,82464.08,Settled,0,
CL005819,T0592,2026-08-31,2026-09-11,Cyber,11732.01,37481.36,49213.37,Open,0,
CL005519,T0594,2026-06-20,2026-06-20,Business Interruption,39492.608400000005,55564.466400000005,95057.0748,Open,0,
CL002598,T0671,2024-03-26,2024-04-03,General Liability,103007.45,0.0,103007.45,Settled,0,
CL004996,T0064,2026-02-05,2026-02-12,Natural Catastrophe,26439.46,44572.27,71011.73,Open,0,
CL004693,T0643,2025-11-19,2025-11-28,Natural Catastrophe,12543.768000000002,0.0,12543.768000000002,Settled,0,
CL002089,T0435,2023-10-03,2023-10-16,Credit & Surety,49219.65,0.0,49219.65,Settled,0,
CL000170,T0511,2021-08-16,2021-08-28,Natural Catastrophe,85421.24,0.0,85421.24,Settled,0,
CL004653,T0080,2025-11-01,2025-11-18,Natural Catastrophe,180353.7144,0.0,180353.7144,Settled,0,
CL002279,T0308,2023-12-26,2023-12-27,Directors & Officers,33009.88,0.0,33009.88,Settled,0,
CL002592,T0136,2024-03-29,2024-04-02,General Liability,63539.8,0.0,63539.8,Settled,0,
CL005435,T0188,2026-05-28,2026-05-29,Workers Compensation,3476.89,4793.9,8270.789999999999,Open,0,
CL000223,T0514,2021-09-08,2021-10-09,Aviation,97470.07,0.0,97470.07,Settled,0,
CL002006,T0238,2023-08-29,2023-09-23,Workers Compensation,1347.49,0.0,1347.49,Settled,0,
CL005909,T0120,2026-08-27,2026-09-30,Political Risk,380.052,27799.6104,28179.662400000005,Open,0,
CL001518,T0282,2023-03-21,2023-04-08,Fire & Explosion,240804.57,0.0,240804.57,Settled,0,
CL001328,T0326,2023-01-18,2023-02-11,Energy,7737.93,0.0,7737.93,Settled,0,
CL003916,T0133,2025-04-28,2025-04-29,Cyber,2826.40008,3413.67564,6240.07572,Open,0,
CL002712,T0440,2024-04-04,2024-05-10,Political Risk,8073.64,16427.08,24500.72,Open,0,
CL001994,T0148,2023-09-20,2023-09-21,General Liability,90947.68032,0.0,90947.68032,Settled,0,
CL001590,T0322,2023-02-10,2023-05-02,Professional Indemnity,15000.92,0.0,15000.92,Settled,0,
CL000530,T0468,2022-04-05,2022-04-15,Fire & Explosion,7762.78,0.0,7762.78,Settled,0,
CL000603,T0474,2022-05-14,2022-05-28,General Liability,24614.48,0.0,24614.48,Settled,0,
CL001363,T0609,2023-01-29,2023-02-21,Natural Catastrophe,64549.43,0.0,64549.43,Settled,0,
CL004143,T0163,2025-07-05,2025-07-09,Fire & Explosion,189923.84,0.0,189923.84,Settled,0,
CL003577,T0638,2025-01-26,2025-01-30,General Liability,44697.16,0.0,44697.16,Settled,0,
CL000086,T0175,2021-05-31,2021-06-13,Workers Compensation,349799.8,0.0,349799.8,Settled,0,
CL004667,T0613,2025-11-17,2025-11-21,Professional Indemnity,29969.84,0.0,29969.84,Settled,0,
CL005821,T0120,2026-08-22,2026-09-12,Marine Hull,6512.13,8227.3536,14739.483600000001,Open,0,
CL002563,T0242,2024-03-07,2024-03-24,Aviation,162331.83,0.0,162331.83,Settled,0,
CL005135,T0188,2026-03-02,2026-03-15,Auto Liability,219.13,15439.26,15658.39,Open,0,
CL003971,T0141,2025-05-15,2025-05-15,Auto Liability,57671.77,0.0,57671.77,Settled,0,
CL000345,T0410,2021-12-07,2021-12-28,Directors & Officers,143348.92,0.0,143348.92,Settled,0,
CL004368,T0116,2025-06-18,2025-09-09,Political Risk,8419.99596,54496.77648,62916.77244,Open,0,
CL004076,T0589,2025-05-19,2025-06-15,Business Interruption,46919.1204,0.0,46919.1204,Settled,0,
CL003928,T0513,2025-03-09,2025-04-30,Cyber,43042.14,0.0,43042.14,Settled,0,
CL000033,T0277,2021-04-10,2021-04-17,Workers Compensation,70565.41,0.0,70565.41,Settled,0,
CL003298,T0498,2024-10-01,2024-11-10,Auto Liability,55955.02,0.0,55955.02,Settled,0,
CL004871,T0018,2025-10-23,2026-01-15,Workers Compensation,3995.7,4852.71,8848.41,Open,0,
CL004534,T0487,2025-09-29,2025-10-22,Business Interruption,292382.52,0.0,292382.52,Settled,0,
CL004287,T0398,2025-07-09,2025-08-17,Fire & Explosion,94246.23240000001,0.0,94246.23240000001,Settled,0,
CL002946,T0678,2024-07-24,2024-07-27,Aviation,69748.97448,0.0,69748.97448,Settled,0,
CL003489,T0328,2024-12-31,2025-01-04,Workers Compensation,3253.26,0.0,3253.26,Settled,0,
CL001714,T0111,2023-05-24,2023-06-12,Directors & Officers,17052.217200000003,30288.459600000002,47340.6768,Open,0,
CL003938,T0189,2025-04-26,2025-05-05,Fire & Explosion,23443.35,0.0,23443.35,Settled,0,
CL000613,T0581,2022-06-02,2022-06-03,Fire & Explosion,73620.71,0.0,73620.71,Settled,0,
CL005085,T0408,2026-02-19,2026-03-03,Professional Indemnity,53287.71,0.0,53287.71,Settled,0,
CL002746,T0393,2024-05-11,2024-05-22,Fire & Explosion,25365.51,0.0,25365.51,Settled,0,
CL002848,T0205,2024-06-02,2024-06-27,General Liability,5892.0,0.0,5892.0,Settled,0,
CL001620,T0144,2023-01-22,2023-05-12,Workers Compensation,18278.61,0.0,18278.61,Settled,0,
CL004441,T0103,2025-09-22,2025-09-27,Fire & Explosion,7789.392,34706.0268,42495.41880000001,Open,0,
CL005587,T0320,2026-06-18,2026-07-07,Professional Indemnity,19202.5,52064.17,71266.67,Open,0,
CL002044,T0238,2023-08-13,2023-10-04,Auto Liability,10164.64,0.0,10164.64,Settled,0,
CL000019,T0027,2021-03-20,2021-03-21,Business Interruption,97090.48,0.0,97090.48,Settled,0,
CL005811,T0667,2026-09-01,2026-09-09,Aviation,792.2,3820.31,4612.51,Open,0,
CL004744,T0391,2025-11-07,2025-12-11,Fire & Explosion,383.00148,11367.38124,11750.382720000001,Open,0,
CL001658,T0363,2023-05-23,2023-05-24,Fire & Explosion,481950.25920000003,0.0,481950.25920000003,Settled,0,
CL000043,T0544,2021-03-08,2021-04-30,Cyber,342976.62,0.0,342976.62,Settled,0,
CL000269,T0458,2021-09-02,2021-11-04,Aviation,45368.46,85480.49,130848.95000000001,Open,0,
CL005950,T0523,2026-08-02,2026-09-30,Business Interruption,3047.1444,6591.2292,9638.3736,Open,0,
CL002307,T0571,2023-12-27,2024-01-05,Natural Catastrophe,1283.52,1544.84,2828.3599999999997,Open,0,
CL002723,T0335,2024-05-13,2024-05-14,Aviation,603616.42,0.0,603616.42,Settled,0,
CL002092,T0352,2023-10-10,2023-10-17,Cyber,182772.66,0.0,182772.66,Settled,0,
CL005702,T0697,2026-07-21,2026-08-05,Medical Malpractice,58097.368800000004,166949.5968,225046.96560000003,Open,0,
CL005599,T0013,2026-06-19,2026-07-10,Fire & Explosion,5715.44,14222.91,19938.35,Open,0,
CL003018,T0657,2024-08-19,2024-08-22,Marine Hull,7278.49,0.0,7278.49,Settled,0,
CL001307,T0292,2023-01-10,2023-02-06,Professional Indemnity,15979.3776,0.0,15979.3776,Settled,0,
CL004724,T0107,2025-10-19,2025-12-06,Fire & Explosion,518326.3,0.0,518326.3,Settled,0,
CL004050,T0192,2025-05-04,2025-06-09,Cyber,67067.6,0.0,67067.6,Settled,0,
CL000928,T0100,2022-07-27,2022-10-14,Medical Malpractice,373525.77,0.0,373525.77,Settled,0,
CL001638,T0478,2023-05-07,2023-05-18,Natural Catastrophe,80217.42,34378.9,114596.32,Reopened,0,
CL003162,T0498,2024-09-27,2024-10-04,General Liability,38234.06,0.0,38234.06,Settled,0,
CL004601,T0222,2025-10-28,2025-11-06,Business Interruption,52459.758,0.0,52459.758,Settled,0,
CL005117,T0132,2026-03-09,2026-03-10,Natural Catastrophe,4811.59,0.0,4811.59,Settled,0,
CL002999,T0128,2024-07-24,2024-08-15,Professional Indemnity,5670.6588,0.0,5670.6588,Settled,0,
CL001314,T0376,2022-12-21,2023-02-07,Business Interruption,9708.13,0.0,9708.13,Settled,0,
CL002421,T0591,2024-01-02,2024-02-08,Political Risk,57393.16,0.0,57393.16,Settled,0,
CL000061,T0551,2021-05-04,2021-05-19,Business Interruption,142858.59840000002,0.0,142858.59840000002,Settled,0,
CL005866,T0152,2026-09-22,2026-09-24,Fire & Explosion,58781.568999999996,582113.6567,640895.2257000001,Open,0,
CL003731,T0330,2025-02-05,2025-03-11,Professional Indemnity,62610.32,0.0,62610.32,Settled,0,
CL000360,T0380,2021-11-17,2022-01-07,Fire & Explosion,63489.571200000006,0.0,63489.571200000006,Settled,0,
CL002491,T0377,2024-02-14,2024-03-02,Workers Compensation,18362.36,0.0,18362.36,Settled,0,
CL002587,T0665,2024-03-27,2024-03-31,Credit & Surety,39638.18,0.0,39638.18,Settled,0,
CL000554,T0206,2022-04-07,2022-04-26,Natural Catastrophe,51845.92284000001,0.0,51845.92284000001,Settled,0,
CL004902,T0356,2025-12-29,2026-01-20,Workers Compensation,496927.05,0.0,496927.05,Settled,0,
CL001197,T0337,2023-01-03,2023-01-05,Workers Compensation,6772.95,0.0,6772.95,Settled,0,
CL004664,T0436,2025-11-03,2025-11-21,Professional Indemnity,122897.84,0.0,122897.84,Settled,0,
CL000717,T0283,2022-07-03,2022-07-29,Workers Compensation,115950.5172,0.0,115950.5172,Settled,0,
CL001728,T0624,2023-05-25,2023-06-15,Business Interruption,32284.46,0.0,32284.46,Settled,0,
CL000337,T0621,2021-12-22,2021-12-23,Business Interruption,108193.28760000001,0.0,108193.28760000001,Settled,0,
CL003707,T0513,2025-03-03,2025-03-03,Directors & Officers,76603.92,0.0,76603.92,Settled,0,
CL005883,T0688,2026-09-04,2026-09-28,Fire & Explosion,15114.092200000001,17028.1219,32142.2141,Open,0,
CL005766,T0555,2026-08-15,2026-08-24,Medical Malpractice,1406.71,7326.7,8733.41,Open,0,
CL003661,T0560,2025-02-16,2025-02-20,Fire & Explosion,114842.53956000002,0.0,114842.53956000002,Settled,0,
CL001827,T0525,2023-07-15,2023-07-17,Medical Malpractice,42350.98,0.0,42350.98,Settled,0,
CL004537,T0124,2025-09-17,2025-10-23,Workers Compensation,9315.38,29346.23,38661.61,Open,0,
CL002778,T0078,2024-03-18,2024-06-04,Cyber,30982.975680000003,0.0,30982.975680000003,Settled,0,
CL003784,T0462,2025-03-21,2025-03-26,Natural Catastrophe,962383.0511,0.0,962383.0511,Settled,0,
CL001564,T0435,2023-03-22,2023-04-23,Directors & Officers,25808.5,415138.86,440947.36,Open,0,
CL003374,T0402,2024-10-01,2024-12-02,Cyber,29022.91944,0.0,29022.91944,Settled,0,
CL001852,T0467,2023-05-30,2023-07-26,Natural Catastrophe,72677.682,0.0,72677.682,Settled,0,
CL001373,T0636,2023-01-29,2023-02-24,Auto Liability,80569.9548,0.0,80569.9548,Settled,0,
CL002529,T0649,2024-03-11,2024-03-13,Fire & Explosion,53056.02,0.0,53056.02,Settled,0,
CL004082,T0584,2025-05-20,2025-06-16,Workers Compensation,68828.31,0.0,68828.31,Settled,0,
CL001400,T0286,2023-02-23,2023-03-03,Political Risk,202696.8516,0.0,202696.8516,Settled,0,
CL005869,T0004,2026-08-23,2026-09-25,Natural Catastrophe,62447.806800000006,126169.83612,188617.64292,Open,0,
CL004999,T0163,2025-12-12,2026-02-12,Business Interruption,238786.58,0.0,238786.58,Settled,0,
CL002102,T0010,2023-10-01,2023-10-21,Fire & Explosion,116187.02,0.0,116187.02,Settled,0,
CL005611,T0501,2026-07-05,2026-07-14,Credit & Surety,3701.35,9583.76,13285.11,Open,0,
CL004250,T0143,2025-07-18,2025-08-07,Fire & Explosion,34676.87,0.0,34676.87,Settled,0,
CL005826,T0075,2026-09-10,2026-09-13,Fire & Explosion,29027.7,44176.05,73203.75,Open,0,
CL003638,T0180,2025-01-28,2025-02-15,Workers Compensation,25612.9236,0.0,25612.9236,Settled,0,
CL002782,T0497,2024-04-10,2024-06-04,Workers Compensation,170121.18,0.0,170121.18,Settled,0,
CL003432,T0517,2024-11-24,2024-12-18,Cyber,18539.5824,0.0,18539.5824,Settled,0,
CL002291,T0352,2023-12-14,2023-12-30,Directors & Officers,225059.25,0.0,225059.25,Settled,0,
CL004690,T0447,2025-09-16,2025-11-27,Political Risk,73167.69959999999,0.0,73167.69959999999,Settled,0,
CL001136,T0610,2022-12-01,2022-12-19,Natural Catastrophe,96592.08,163625.36,260217.44,Open,0,
CL001598,T0466,2023-04-12,2023-05-05,Fire & Explosion,31662.55,0.0,31662.55,Settled,0,
CL005886,T0170,2026-08-20,2026-09-29,Energy,3335.21,65642.73,68977.94,Open,0,
CL000261,T0073,2021-10-30,2021-10-31,Auto Liability,137863.782,0.0,137863.782,Settled,0,
CL003342,T0348,2024-10-09,2024-11-25,Business Interruption,13268.74,0.0,13268.74,Settled,0,
CL005137,T0408,2026-03-14,2026-03-15,Medical Malpractice,41309.69,0.0,41309.69,Settled,0,
CL004547,T0222,2025-10-24,2025-10-25,Business Interruption,46498.0932,0.0,46498.0932,Settled,0,
CL002331,T0547,2023-12-23,2024-01-12,Workers Compensation,1834.4988,786.2076000000001,2620.7064,Reopened,0,
CL004673,T0256,2025-11-05,2025-11-23,Aviation,46902.88,72278.84,119181.72,Open,0,
CL001460,T0632,2023-03-20,2023-03-21,Fire & Explosion,14755.48,44056.76,58812.240000000005,Open,0,
CL004070,T0249,2025-05-25,2025-06-14,Marine Hull,33030.87,319806.75,352837.62,Open,0,
CL005003,T0008,2026-01-29,2026-02-13,Fire & Explosion,75.48,2463.9,2539.38,Open,0,
CL000487,T0281,2022-03-25,2022-03-26,Natural Catastrophe,17919.327600000004,0.0,17919.327600000004,Settled,0,
CL003260,T0587,2024-10-24,2024-10-28,Credit & Surety,47039.950800000006,0.0,47039.950800000006,Settled,0,
CL002947,T0696,2024-07-03,2024-07-27,General Liability,756643.95,0.0,756643.95,Settled,0,
CL004911,T0074,2026-01-13,2026-01-23,Business Interruption,300432.65,0.0,300432.65,Settled,0,
CL001515,T0394,2023-04-04,2023-04-07,Business Interruption,146687.53,0.0,146687.53,Settled,0,
CL001926,T0609,2023-06-26,2023-08-23,Fire & Explosion,75418.06,0.0,75418.06,Settled,0,
CL005964,T0613,2026-09-15,2026-09-30,Medical Malpractice,2498.25,76016.97,78515.22,Open,0,
CL003287,T0253,2024-08-04,2024-11-06,Medical Malpractice,2948.27,0.0,2948.27,Settled,0,
CL001935,T0171,2023-08-16,2023-08-30,Directors & Officers,14813.26,0.0,14813.26,Settled,0,
CL001163,T0326,2022-12-15,2022-12-27,Energy,32891.92,0.0,32891.92,Settled,0,
CL000397,T0314,2022-01-30,2022-02-02,General Liability,4549.91,15139.09,19689.0,Open,0,
CL002677,T0502,2024-03-22,2024-04-26,General Liability,2978.04708,0.0,2978.04708,Settled,0,
CL000774,T0232,2022-07-14,2022-08-19,Fire & Explosion,39552.98,0.0,39552.98,Settled,0,
CL003102,T0067,2024-08-07,2024-09-19,Business Interruption,117292.06656,0.0,117292.06656,Settled,0,
CL000486,T0493,2022-03-24,2022-03-25,Credit & Surety,79050.49,0.0,79050.49,Settled,0,
CL004111,T0222,2025-02-13,2025-06-26,Business Interruption,118112.95800000001,0.0,118112.95800000001,Settled,0,
CL001593,T0026,2023-03-28,2023-05-03,Workers Compensation,2311.47,17346.17,19657.64,Open,0,
CL002306,T0205,2023-11-01,2024-01-05,Workers Compensation,50483.9,0.0,50483.9,Settled,0,
CL004066,T0030,2025-05-11,2025-06-14,Business Interruption,8219.87,61101.15,69321.02,Open,0,
CL001025,T0630,2022-11-10,2022-11-16,Auto Liability,134023.95,0.0,134023.95,Settled,0,
CL002184,T0570,2023-11-14,2023-11-21,Cyber,55968.637800000004,0.0,55968.637800000004,Settled,0,
CL005279,T0297,2026-04-06,2026-04-21,Credit & Surety,7515.93,293593.46,301109.39,Open,0,
CL003549,T0195,2024-11-23,2025-01-21,Business Interruption,415955.33520000003,0.0,415955.33520000003,Settled,0,
CL005103,T0032,2026-01-17,2026-03-06,Business Interruption,11135.83,34806.08,45941.91,Open,0,
CL001528,T0489,2023-02-21,2023-04-12,General Liability,6230.6388,0.0,6230.6388,Settled,0,
CL005487,T0243,2026-06-05,2026-06-10,Aviation,11181.65,17412.86,28594.510000000002,Open,0,
CL000447,T0380,2022-02-07,2022-02-27,Fire & Explosion,162632.40480000002,0.0,162632.40480000002,Settled,0,
CL005820,T0596,2026-09-07,2026-09-11,Professional Indemnity,16434.8676,38441.908800000005,54876.7764,Open,0,
CL003163,T0498,2024-09-23,2024-10-04,Workers Compensation,66108.7,0.0,66108.7,Settled,0,
CL004950,T0565,2026-01-23,2026-01-29,Auto Liability,10588.29,34803.11,45391.4,Open,0,
CL005952,T0537,2026-09-24,2026-09-30,Natural Catastrophe,1568.77,70518.86,72087.63,Open,0,
CL000547,T0333,2022-04-15,2022-04-24,Natural Catastrophe,58805.69,0.0,58805.69,Settled,0,
CL004243,T0056,2025-06-25,2025-08-06,Workers Compensation,32020.8,0.0,32020.8,Settled,0,
CL000831,T0336,2022-09-02,2022-09-08,Business Interruption,43107.31,0.0,43107.31,Settled,0,
CL004140,T0524,2025-06-06,2025-07-08,Auto Liability,12404.58,12832.19,25236.77,Open,0,
CL002278,T0247,2023-11-28,2023-12-27,Auto Liability,177316.003,0.0,177316.003,Settled,0,
CL003855,T0185,2025-04-01,2025-04-16,Fire & Explosion,412052.6592,0.0,412052.6592,Settled,0,
CL004030,T0599,2025-05-23,2025-06-03,General Liability,2684.18,0.0,2684.18,Settled,0,
CL003491,T0517,2024-12-15,2025-01-04,Directors & Officers,8224.351200000001,0.0,8224.351200000001,Settled,0,
CL004631,T0291,2025-10-05,2025-11-13,Natural Catastrophe,4517.34,99434.48,103951.81999999999,Open,0,
CL000164,T0590,2021-06-06,2021-08-20,Directors & Officers,3916.45,0.0,3916.45,Settled,0,
CL001410,T0186,2023-02-10,2023-03-06,Aviation,914989.5540000001,0.0,914989.5540000001,Settled,0,
CL005879,T0662,2026-07-13,2026-09-27,Fire & Explosion,1882.21,17469.45,19351.66,Open,0,
CL005311,T0310,2026-04-22,2026-04-27,Fire & Explosion,106172.11,0.0,106172.11,Settled,0,
CL000187,T0139,2021-09-11,2021-09-12,Cyber,49921.39080000001,0.0,49921.39080000001,Settled,0,
CL004406,T0500,2025-08-24,2025-09-17,Directors & Officers,63876.09,109832.39,173708.47999999998,Open,0,
CL000156,T0399,2021-07-19,2021-08-09,Natural Catastrophe,733945.32,0.0,733945.32,Settled,0,
CL002763,T0666,2024-05-14,2024-05-27,Marine Hull,81614.6196,0.0,81614.6196,Settled,0,
CL005667,T0052,2026-07-14,2026-07-29,Fire & Explosion,30229.38,67625.05,97854.43000000001,Open,0,
CL002355,T0454,2023-12-27,2024-01-20,Energy,66981.2,0.0,66981.2,Settled,0,
CL004707,T0187,2025-11-05,2025-12-03,Natural Catastrophe,60450.26424,98205.31752,158655.58176,Open,0,
CL003796,T0305,2025-03-30,2025-03-30,Workers Compensation,21002.64,0.0,21002.64,Settled,0,
CL000250,T0458,2021-10-26,2021-10-26,Political Risk,53118.52,0.0,53118.52,Settled,0,
CL005412,T0447,2026-05-10,2026-05-21,Marine Hull,16309.868400000001,185188.7016,201498.57,Open,0,
CL002281,T0593,2023-12-20,2023-12-27,Aviation,133631.75,0.0,133631.75,Settled,0,
CL001875,T0296,2023-07-11,2023-08-04,Business Interruption,1506.99,11794.83,13301.82,Open,0,
CL001547,T0354,2023-02-26,2023-04-16,General Liability,154434.79,0.0,154434.79,Settled,0,
CL000058,T0511,2021-05-04,2021-05-14,Business Interruption,57790.24,0.0,57790.24,Settled,0,
CL000011,T0230,2021-02-23,2021-02-26,Aviation,112050.82,0.0,112050.82,Settled,0,
CL000040,T0544,2021-03-27,2021-04-27,Credit & Surety,4733.64,0.0,4733.64,Settled,0,
CL001786,T0415,2023-06-13,2023-07-08,Aviation,186086.17116,0.0,186086.17116,Settled,0,
CL005053,T0374,2026-02-08,2026-02-24,Natural Catastrophe,5627.448,35603.0316,41230.4796,Open,0,
CL000948,T0612,2022-09-17,2022-10-20,Workers Compensation,206970.68,0.0,206970.68,Settled,0,
CL000924,T0061,2022-10-07,2022-10-12,Auto Liability,33022.01,0.0,33022.01,Settled,0,
CL002111,T0659,2023-10-24,2023-10-24,Fire & Explosion,64431.6768,0.0,64431.6768,Settled,0,
CL002565,T0369,2024-02-14,2024-03-25,Workers Compensation,34758.19,0.0,34758.19,Settled,0,
CL004071,T0552,2025-06-06,2025-06-14,Cyber,19812.79,0.0,19812.79,Settled,0,
CL004855,T0427,2025-09-21,2026-01-10,Energy,64515.22,0.0,64515.22,Settled,0,
CL004256,T0356,2025-07-13,2025-08-08,Auto Liability,43651.33,0.0,43651.33,Settled,0,
CL003409,T0386,2024-11-10,2024-12-13,Natural Catastrophe,589156.7184,0.0,589156.7184,Settled,0,
CL004959,T0589,2026-01-19,2026-02-01,Natural Catastrophe,68015.0304,0.0,68015.0304,Settled,0,
CL002939,T0302,2024-06-29,2024-07-25,Credit & Surety,17952.7428,0.0,17952.7428,Settled,0,
CL005062,T0681,2026-01-30,2026-02-25,Natural Catastrophe,3186.31,33647.85,36834.159999999996,Open,0,
CL002655,T0118,2024-04-18,2024-04-19,Fire & Explosion,159480.24,245057.53,404537.77,Open,0,
CL003997,T0129,2025-04-16,2025-05-23,Workers Compensation,1140.74,1555.31,2696.05,Open,0,
CL000169,T0068,2021-07-29,2021-08-27,Natural Catastrophe,22891.29,129432.2,152323.49,Open,0,
CL005129,T0633,2026-02-27,2026-03-13,Medical Malpractice,1846.91,6831.61,8678.52,Open,0,
CL005910,T0135,2026-09-27,2026-09-30,Auto Liability,25527.15,0.0,25527.15,Settled,0,
CL000909,T0232,2022-09-06,2022-10-06,Business Interruption,122902.53,0.0,122902.53,Settled,0,
CL004127,T0016,2025-06-28,2025-07-03,Business Interruption,321329.56,0.0,321329.56,Settled,0,
CL001195,T0109,2023-01-05,2023-01-05,Natural Catastrophe,93508.46,0.0,93508.46,Settled,0,
CL002670,T0076,2024-03-15,2024-04-25,Auto Liability,59745.6648,0.0,59745.6648,Settled,0,
CL003555,T0440,2024-12-23,2025-01-23,Aviation,65360.89,0.0,65360.89,Settled,0,
CL000421,T0361,2022-02-13,2022-02-14,General Liability,17961.05,0.0,17961.05,Settled,0,
CL005575,T0358,2026-05-14,2026-07-04,Cyber,81688.33,198371.57,280059.9,Open,0,
CL003900,T0513,2025-04-03,2025-04-26,Directors & Officers,32192.57,0.0,32192.57,Settled,0,
CL000982,T0354,2022-10-22,2022-11-02,General Liability,73802.65,0.0,73802.65,Settled,0,
CL004836,T0074,2025-12-28,2026-01-04,Business Interruption,679946.47,0.0,679946.47,Settled,0,
CL003487,T0616,2024-12-19,2025-01-03,Energy,26154.057600000004,0.0,26154.057600000004,Settled,0,
CL000873,T0481,2022-09-23,2022-09-23,Political Risk,83844.4,0.0,83844.4,Settled,0,
CL005285,T0485,2026-03-22,2026-04-22,Credit & Surety,41067.7344,0.0,41067.7344,Settled,0,
CL003639,T0300,2025-02-11,2025-02-15,Aviation,204020.05,0.0,204020.05,Settled,0,
CL003185,T0491,2024-08-14,2024-10-09,Energy,27021.41,0.0,27021.41,Settled,0,
CL004686,T0427,2025-11-05,2025-11-26,Marine Hull,13860.37,82736.57,96596.94,Open,0,
CL003494,T0192,2024-12-07,2025-01-05,Cyber,90557.99,0.0,90557.99,Settled,0,
CL001378,T0612,2023-02-22,2023-02-25,General Liability,28425.63,0.0,28425.63,Settled,0,
CL001632,T0096,2023-04-19,2023-05-17,Medical Malpractice,106696.1808,0.0,106696.1808,Settled,0,
CL000891,T0292,2022-09-21,2022-10-01,Medical Malpractice,10641.013200000001,0.0,10641.013200000001,Settled,0,
CL000051,T0542,2021-04-26,2021-05-07,Energy,135188.63,0.0,135188.63,Settled,0,
CL004676,T0565,2025-11-11,2025-11-23,General Liability,107386.15,0.0,107386.15,Settled,0,
CL004157,T0122,2025-06-22,2025-07-11,Fire & Explosion,3304.69,32748.4,36053.090000000004,Open,0,
CL002465,T0547,2024-01-15,2024-02-23,Workers Compensation,91229.93280000001,0.0,91229.93280000001,Settled,0,
CL001006,T0177,2022-07-17,2022-11-09,Professional Indemnity,5835.31,0.0,5835.31,Settled,0,
CL005489,T0060,2026-04-23,2026-06-11,Medical Malpractice,2873.15,4536.46,7409.610000000001,Open,0,
CL001428,T0636,2023-03-01,2023-03-11,Workers Compensation,8902.548,0.0,8902.548,Settled,0,
CL004770,T0436,2025-12-14,2025-12-18,Medical Malpractice,6365.82,7101.68,13467.5,Open,0,
CL003845,T0385,2025-02-11,2025-04-13,Directors & Officers,200600.04,0.0,200600.04,Settled,0,
CL002075,T0512,2023-09-25,2023-10-12,Professional Indemnity,7876.029600000001,0.0,7876.029600000001,Settled,0,
CL002293,T0535,2023-12-26,2023-12-30,Marine Hull,63910.31,27390.14,91300.45,Reopened,0,
CL001498,T0357,2023-04-03,2023-04-03,Political Risk,29964.897960000002,252876.78948,282841.68743999995,Open,0,
CL005804,T0094,2026-09-02,2026-09-07,Political Risk,2776.2912,3233.4012000000002,6009.6924,Open,0,
CL005844,T0623,2026-09-09,2026-09-17,Directors & Officers,7496.54,13097.26,20593.8,Open,0,
CL003466,T0214,2024-12-25,2024-12-28,General Liability,226149.04,0.0,226149.04,Settled,0,
CL000522,T0088,2022-03-08,2022-04-12,Business Interruption,58565.68,0.0,58565.68,Settled,0,
CL000941,T0047,2022-10-11,2022-10-18,Political Risk,39311.69,0.0,39311.69,Settled,0,
CL001122,T0689,2022-12-09,2022-12-16,Credit & Surety,385082.9865,0.0,385082.9865,Settled,0,
CL000585,T0003,2022-04-05,2022-05-17,Directors & Officers,246365.5824,0.0,246365.5824,Settled,0,
CL004524,T0154,2025-10-08,2025-10-21,Medical Malpractice,43860.15,101023.05,144883.2,Open,0,
CL003735,T0300,2025-02-27,2025-03-12,Marine Hull,69552.05,0.0,69552.05,Settled,0,
CL002871,T0339,2024-06-12,2024-07-03,Natural Catastrophe,20303.028,0.0,20303.028,Settled,0,
CL002547,T0308,2024-03-06,2024-03-20,Cyber,11242.21,0.0,11242.21,Settled,0,
CL000643,T0437,2022-06-02,2022-06-20,Medical Malpractice,14033.82,0.0,14033.82,Settled,0,
CL003462,T0517,2024-11-06,2024-12-27,Cyber,13663.890000000001,0.0,13663.890000000001,Settled,0,
CL005145,T0365,2026-03-08,2026-03-17,Energy,41631.5592,103856.3748,145487.934,Open,0,
CL000501,T0073,2022-02-17,2022-04-01,Auto Liability,1101570.408,0.0,1101570.408,Settled,0,
CL002410,T0455,2024-01-16,2024-02-04,Fire & Explosion,49039.92,53131.96,102171.88,Open,0,
CL004117,T0169,2025-06-29,2025-06-29,Natural Catastrophe,17.766000000000002,51937.6644,51955.4304,Open,0,
CL003990,T0438,2025-05-19,2025-05-21,Cyber,233887.32,0.0,233887.32,Settled,0,
CL001416,T0390,2023-02-15,2023-03-07,Workers Compensation,122166.75948,0.0,122166.75948,Settled,0,
CL004404,T0395,2025-07-18,2025-09-17,Workers Compensation,7114.45,0.0,7114.45,Settled,0,
CL002040,T0031,2023-09-18,2023-10-03,General Liability,91120.07748,0.0,91120.07748,Settled,0,
CL001351,T0282,2022-12-03,2023-02-18,Natural Catastrophe,55328.36,0.0,55328.36,Settled,0,
CL005627,T0374,2026-07-10,2026-07-17,Business Interruption,251.07840000000002,1365.6924000000001,1616.7708,Open,0,
CL001561,T0632,2023-04-08,2023-04-21,Business Interruption,86764.16,0.0,86764.16,Settled,0,
CL002286,T0273,2023-12-16,2023-12-29,Medical Malpractice,53999.2224,0.0,53999.2224,Settled,0,
CL005043,T0470,2026-02-18,2026-02-20,Credit & Surety,239399.62560000003,0.0,239399.62560000003,Settled,0,
CL004990,T0684,2025-10-25,2026-02-10,General Liability,11930.11,93903.97,105834.08,Open,0,
CL000204,T0175,2021-09-21,2021-09-27,Auto Liability,12894.16,0.0,12894.16,Settled,0,
CL001683,T0186,2023-05-04,2023-06-03,Political Risk,356094.6948,0.0,356094.6948,Settled,0,
CL000138,T0134,2021-07-09,2021-07-26,Business Interruption,25848.0,0.0,25848.0,Settled,0,
CL002079,T0645,2023-09-02,2023-10-13,Business Interruption,36087.897600000004,0.0,36087.897600000004,Settled,0,
CL002610,T0045,2024-03-18,2024-04-07,General Liability,217294.65,0.0,217294.65,Settled,0,
CL004278,T0356,2025-08-12,2025-08-14,Workers Compensation,27933.7,0.0,27933.7,Settled,0,
CL005625,T0089,2026-07-01,2026-07-17,Cyber,28379.51,0.0,28379.51,Settled,0,
CL004257,T0546,2025-04-11,2025-08-08,Business Interruption,338374.71,0.0,338374.71,Settled,0,
CL002497,T0308,2024-02-18,2024-03-04,Credit & Surety,129055.13,0.0,129055.13,Settled,0,
CL005110,T0375,2026-03-03,2026-03-09,Political Risk,50383.93,55083.61,105467.54000000001,Open,0,
CL000853,T0083,2022-08-13,2022-09-15,Auto Liability,31417.8066,0.0,31417.8066,Settled,0,
CL005715,T0310,2026-07-25,2026-08-09,Natural Catastrophe,8054.92,60448.72,68503.64,Open,0,
CL003029,T0305,2024-08-25,2024-08-28,General Liability,388563.74,0.0,388563.74,Settled,0,
CL004309,T0385,2025-07-13,2025-08-24,Cyber,239254.32,0.0,239254.32,Settled,0,
CL003388,T0562,2024-09-11,2024-12-05,Natural Catastrophe,154784.54,0.0,154784.54,Settled,0,
CL003196,T0460,2024-10-09,2024-10-11,General Liability,113233.52880000001,0.0,113233.52880000001,Settled,0,
CL003917,T0212,2025-04-28,2025-04-29,Workers Compensation,1084697.1036,0.0,1084697.1036,Settled,0,
CL002297,T0290,2023-12-26,2024-01-02,Workers Compensation,33358.12,0.0,33358.12,Settled,0,
CL003344,T0584,2024-11-05,2024-11-25,General Liability,10741.23,0.0,10741.23,Settled,0,
CL002343,T0404,2023-09-22,2024-01-15,Natural Catastrophe,406048.59,0.0,406048.59,Settled,0,
CL000082,T0514,2021-05-19,2021-06-10,Aviation,97939.83,0.0,97939.83,Settled,0,
CL002678,T0167,2024-04-23,2024-04-27,Professional Indemnity,53331.65,0.0,53331.65,Settled,0,
CL003737,T0347,2025-01-18,2025-03-12,General Liability,8114.472,53250.966,61365.438,Open,0,
CL005325,T0085,2026-04-15,2026-04-30,Cyber,18636.40968,45922.292160000005,64558.70184,Open,0,
CL001079,T0223,2022-11-03,2022-12-04,Natural Catastrophe,50784.31,0.0,50784.31,Settled,0,
CL002691,T0254,2024-04-27,2024-05-01,Professional Indemnity,18498.4,0.0,18498.4,Settled,0,
CL003868,T0016,2025-03-19,2025-04-20,Fire & Explosion,1917350.0,0.0,1917350.0,Settled,0,
CL005358,T0442,2026-05-08,2026-05-09,Natural Catastrophe,1855.7,175331.45,177187.15000000002,Open,0,
CL003927,T0500,2025-04-17,2025-04-30,Directors & Officers,56372.16,0.0,56372.16,Settled,0,
CL003587,T0328,2025-01-18,2025-02-03,Auto Liability,16715.48,7163.78,23879.26,Reopened,0,
CL005651,T0132,2026-07-07,2026-07-25,Fire & Explosion,6166.24,6668.32,12834.56,Open,0,
CL005104,T0409,2026-01-24,2026-03-06,General Liability,7271.294400000001,33538.0284,40809.32280000001,Open,0,
CL003062,T0185,2024-07-16,2024-09-05,Business Interruption,424395.1044,0.0,424395.1044,Settled,0,
CL005851,T0325,2026-09-08,2026-09-19,Business Interruption,2575.86,9068.55,11644.41,Open,0,
CL001382,T0509,2023-01-27,2023-02-27,Medical Malpractice,6118.57,20692.59,26811.16,Open,0,
CL001686,T0457,2023-06-05,2023-06-05,Natural Catastrophe,238047.92,0.0,238047.92,Settled,0,
CL004952,T0596,2026-01-30,2026-01-30,Professional Indemnity,206019.75240000003,367790.9544,573810.7068,Open,0,
CL000407,T0161,2022-01-05,2022-02-07,Directors & Officers,6250.6188,0.0,6250.6188,Settled,0,
CL002688,T0023,2024-04-01,2024-05-01,Natural Catastrophe,42142.19268,0.0,42142.19268,Settled,0,
CL001807,T0345,2023-05-27,2023-07-12,Professional Indemnity,77382.864,0.0,77382.864,Settled,0,
CL001249,T0411,2023-01-11,2023-01-19,Natural Catastrophe,89587.4796,0.0,89587.4796,Settled,0,
CL003509,T0291,2025-01-09,2025-01-09,Natural Catastrophe,23379.7,0.0,23379.7,Settled,0,
CL002164,T0216,2023-11-11,2023-11-12,Energy,6004.79,0.0,6004.79,Settled,0,
CL004452,T0646,2025-09-17,2025-09-30,Fire & Explosion,9598.392,0.0,9598.392,Settled,0,
CL001615,T0049,2023-04-16,2023-05-10,Directors & Officers,978874.75,0.0,978874.75,Settled,0,
CL000588,T0410,2022-05-07,2022-05-18,Credit & Surety,256652.34,0.0,256652.34,Settled,0,
CL004845,T0356,2025-12-30,2026-01-08,Auto Liability,28088.53,45763.14,73851.67,Open,0,
CL003794,T0513,2025-03-10,2025-03-29,Directors & Officers,281432.35,0.0,281432.35,Settled,0,
CL002192,T0480,2023-10-04,2023-11-24,Auto Liability,18355.1724,0.0,18355.1724,Settled,0,
CL004615,T0601,2025-10-13,2025-11-08,General Liability,130811.1876,0.0,130811.1876,Settled,0,
CL003120,T0076,2024-09-08,2024-09-24,General Liability,135492.87960000001,0.0,135492.87960000001,Settled,0,
CL000394,T0588,2022-01-29,2022-02-01,Natural Catastrophe,110804.15520000001,0.0,110804.15520000001,Settled,0,
CL002367,T0659,2023-10-01,2024-01-23,Natural Catastrophe,3406.536,0.0,3406.536,Settled,0,
CL004579,T0543,2025-10-23,2025-10-31,Professional Indemnity,11171.68,18959.2,30130.88,Open,0,
CL001458,T0538,2023-02-08,2023-03-21,Natural Catastrophe,89977.56,0.0,89977.56,Settled,0,
CL005213,T0601,2026-03-19,2026-04-04,Auto Liability,1888.5852000000002,95489.4636,97378.0488,Open,0,
CL000104,T0615,2021-06-21,2021-06-24,Medical Malpractice,733470.066,0.0,733470.066,Settled,0,
CL005415,T0346,2026-05-16,2026-05-22,Workers Compensation,50611.3812,0.0,50611.3812,Settled,0,
CL004532,T0338,2025-09-19,2025-10-22,Fire & Explosion,257707.78,0.0,257707.78,Settled,0,
CL000213,T0514,2021-08-18,2021-10-01,Aviation,169882.66,0.0,169882.66,Settled,0,
CL004351,T0037,2025-08-09,2025-09-05,Directors & Officers,535537.7748,0.0,535537.7748,Settled,0,
CL003218,T0462,2024-09-23,2024-10-20,Business Interruption,94122.2781,0.0,94122.2781,Settled,0,
CL004802,T0555,2025-12-22,2025-12-26,Medical Malpractice,1373.44,21237.22,22610.66,Open,0,
CL003678,T0635,2025-02-06,2025-02-24,Marine Hull,34251.444,0.0,34251.444,Settled,0,
CL001913,T0593,2023-08-11,2023-08-19,Aviation,881750.85,0.0,881750.85,Settled,0,
CL002271,T0512,2023-10-04,2023-12-24,Professional Indemnity,159088.74120000002,0.0,159088.74120000002,Settled,0,
CL002520,T0412,2024-03-02,2024-03-11,Workers Compensation,33904.3104,0.0,33904.3104,Settled,0,
CL001736,T0323,2023-05-28,2023-06-19,Marine Hull,33338.98,0.0,33338.98,Settled,0,
CL002802,T0128,2024-05-23,2024-06-12,Medical Malpractice,5320.7928,0.0,5320.7928,Settled,0,
CL005720,T0060,2026-08-09,2026-08-10,Professional Indemnity,21099.73,0.0,21099.73,Settled,0,
CL003208,T0382,2024-10-09,2024-10-18,Workers Compensation,6613.4772,0.0,6613.4772,Settled,0,
CL004259,T0651,2025-05-12,2025-08-08,Cyber,12256.85,0.0,12256.85,Settled,0,
CL000784,T0664,2022-08-17,2022-08-23,Medical Malpractice,33086.44,0.0,33086.44,Settled,0,
CL000232,T0332,2021-10-15,2021-10-15,Workers Compensation,14993.726400000001,0.0,14993.726400000001,Settled,0,
CL001019,T0316,2022-09-07,2022-11-14,Business Interruption,53176.92,0.0,53176.92,Settled,0,
CL004956,T0565,2026-01-20,2026-01-31,Auto Liability,24507.21,226605.99,251113.19999999998,Open,0,
CL003135,T0497,2024-08-19,2024-09-27,Workers Compensation,100981.02,0.0,100981.02,Settled,0,
CL002108,T0377,2023-09-13,2023-10-24,Workers Compensation,25509.53,0.0,25509.53,Settled,0,
CL000388,T0504,2022-01-17,2022-01-29,Auto Liability,49043.22,0.0,49043.22,Settled,0,
CL005499,T0257,2026-06-02,2026-06-14,Medical Malpractice,5160.62,0.0,5160.62,Settled,0,
CL003836,T0016,2025-04-03,2025-04-11,Fire & Explosion,203845.75,0.0,203845.75,Settled,0,
CL003828,T0685,2025-03-17,2025-04-08,General Liability,387369.75600000005,0.0,387369.75600000005,Settled,0,
CL002417,T0023,2024-01-18,2024-02-08,Business Interruption,27749.37012,0.0,27749.37012,Settled,0,
CL003337,T0091,2024-11-18,2024-11-24,Auto Liability,198419.51,0.0,198419.51,Settled,0,
CL000272,T0590,2021-06-15,2021-11-05,Credit & Surety,17555.83,0.0,17555.83,Settled,0,
CL001523,T0641,2023-03-13,2023-04-10,Cyber,80026.92,0.0,80026.92,Settled,0,
CL005739,T0075,2026-07-24,2026-08-17,Business Interruption,95024.7,129327.22,224351.91999999998,Open,0,
CL000141,T0431,2021-05-28,2021-07-27,Professional Indemnity,125400.48,0.0,125400.48,Settled,0,
CL001209,T0061,2022-12-29,2023-01-10,Workers Compensation,30562.67,0.0,30562.67,Settled,0,
CL000700,T0047,2022-07-05,2022-07-25,Marine Hull,17388.18,0.0,17388.18,Settled,0,
CL000758,T0411,2022-08-08,2022-08-11,Natural Catastrophe,106227.18000000001,0.0,106227.18000000001,Settled,0,
CL005409,T0441,2026-05-12,2026-05-20,Directors & Officers,18896.55,71625.98,90522.53,Open,0,
CL005023,T0346,2026-01-30,2026-02-17,General Liability,9044.6976,53513.006400000006,62557.704000000005,Open,0,
CL001251,T0610,2022-12-18,2023-01-19,Fire & Explosion,618627.17,0.0,618627.17,Settled,0,
CL004178,T0685,2025-05-12,2025-07-18,Auto Liability,318658.9788,0.0,318658.9788,Settled,0,
CL002899,T0101,2024-05-25,2024-07-14,Directors & Officers,75405.55,0.0,75405.55,Settled,0,
CL005099,T0058,2026-03-05,2026-03-05,Energy,6798.44,0.0,6798.44,Settled,0,
CL004917,T0446,2026-01-21,2026-01-24,Natural Catastrophe,473.3,8511.8,8985.099999999999,Open,0,
CL003485,T0426,2024-12-25,2025-01-03,Fire & Explosion,90237.58,0.0,90237.58,Settled,0,
CL003423,T0192,2024-11-25,2024-12-17,Cyber,37993.31,0.0,37993.31,Settled,0,
CL003010,T0657,2024-08-19,2024-08-20,Political Risk,25109.41,0.0,25109.41,Settled,0,
CL001080,T0111,2022-11-03,2022-12-05,Cyber,39682.008,0.0,39682.008,Settled,0,
CL004896,T0301,2026-01-02,2026-01-19,General Liability,31454.11,0.0,31454.11,Settled,0,
CL001555,T0489,2023-03-29,2023-04-19,Workers Compensation,21396.0312,0.0,21396.0312,Settled,0,
CL002100,T0611,2023-10-20,2023-10-20,Aviation,8578.33,0.0,8578.33,Settled,0,
CL002382,T0126,2024-01-24,2024-01-27,Business Interruption,11044.74,0.0,11044.74,Settled,0,
CL002559,T0415,2024-02-29,2024-03-23,Energy,161063.895,0.0,161063.895,Settled,0,
CL001708,T0247,2023-05-31,2023-06-11,General Liability,37726.696200000006,0.0,37726.696200000006,Settled,0,
CL000894,T0109,2022-07-09,2022-10-03,Fire & Explosion,109093.91,0.0,109093.91,Settled,0,
CL003140,T0226,2024-09-19,2024-09-29,Business Interruption,985171.6,0.0,985171.6,Settled,0,
CL002724,T0405,2024-05-05,2024-05-14,Natural Catastrophe,578426.54,0.0,578426.54,Settled,0,
CL002944,T0547,2024-07-24,2024-07-26,Auto Liability,13473.594000000001,0.0,13473.594000000001,Settled,0,
CL005451,T0312,2026-05-30,2026-06-01,Professional Indemnity,9991.87,4282.23,14274.1,Reopened,0,
CL003235,T0517,2024-10-01,2024-10-25,Credit & Surety,3773.898,0.0,3773.898,Settled,0,
CL005015,T0158,2026-02-16,2026-02-16,Auto Liability,32854.66,92338.4,125193.06,Open,0,
CL002578,T0502,2024-03-02,2024-03-29,General Liability,4503.69804,0.0,4503.69804,Settled,0,
CL001381,T0394,2023-02-16,2023-02-27,Natural Catastrophe,31399.32,51620.96,83020.28,Open,0,
CL004705,T0097,2025-10-22,2025-12-03,Professional Indemnity,5790.6251999999995,0.0,5790.6251999999995,Settled,0,
CL004508,T0527,2025-09-14,2025-10-15,Credit & Surety,272640.99960000004,0.0,272640.99960000004,Settled,0,
CL001241,T0282,2023-01-03,2023-01-16,Natural Catastrophe,251360.13,0.0,251360.13,Settled,0,
CL003000,T0285,2024-08-12,2024-08-15,Aviation,91416.28,0.0,91416.28,Settled,0,
CL005803,T0002,2026-08-13,2026-09-06,Business Interruption,2070.227,127736.13010000001,129806.35710000001,Open,0,
CL001108,T0036,2022-12-04,2022-12-13,Aviation,145692.65,0.0,145692.65,Settled,0,
CL003507,T0657,2024-12-09,2025-01-08,Aviation,216530.12,0.0,216530.12,Settled,0,
CL000229,T0159,2021-10-10,2021-10-14,Business Interruption,32868.298800000004,0.0,32868.298800000004,Settled,0,
CL004961,T0212,2026-02-02,2026-02-02,Workers Compensation,85942.296,125307.19440000001,211249.4904,Open,0,
CL005907,T0095,2026-09-27,2026-09-30,Energy,2702.86,7541.4,10244.26,Open,0,
CL004191,T0163,2025-07-21,2025-07-21,Business Interruption,150708.47,0.0,150708.47,Settled,0,
CL003734,T0483,2025-02-28,2025-03-11,Workers Compensation,11572.21,0.0,11572.21,Settled,0,
CL000317,T0558,2021-12-12,2021-12-12,Auto Liability,4514.04,0.0,4514.04,Settled,0,
CL001989,T0167,2023-09-11,2023-09-17,Professional Indemnity,88674.88,0.0,88674.88,Settled,0,
CL005204,T0124,2026-03-21,2026-04-03,General Liability,962.38,21476.58,22438.960000000003,Open,0,
CL000738,T0614,2022-08-04,2022-08-04,Business Interruption,10870.77,0.0,10870.77,Settled,0,
CL001337,T0061,2023-01-30,2023-02-13,Auto Liability,45422.13,0.0,45422.13,Settled,0,
CL004361,T0204,2025-05-20,2025-09-06,Fire & Explosion,118586.69,0.0,118586.69,Settled,0,
CL002744,T0304,2024-03-22,2024-05-21,Natural Catastrophe,55547.49,0.0,55547.49,Settled,0,
CL003286,T0081,2024-09-03,2024-11-06,Professional Indemnity,1097.0208,0.0,1097.0208,Settled,0,
CL005090,T0575,2026-01-30,2026-03-03,Fire & Explosion,1489.84,0.0,1489.84,Settled,0,
CL003476,T0500,2024-11-16,2024-12-31,Credit & Surety,308401.0,132171.86,440572.86,Reopened,0,
CL005867,T0297,2026-09-10,2026-09-24,Directors & Officers,13261.71,14927.31,28189.019999999997,Open,0,
CL004947,T0485,2026-01-28,2026-01-28,Directors & Officers,40824.5832,0.0,40824.5832,Settled,0,
CL002576,T0190,2024-03-04,2024-03-29,Workers Compensation,74371.01,0.0,74371.01,Settled,0,
CL002653,T0130,2024-03-05,2024-04-18,Workers Compensation,51890.99,0.0,51890.99,Settled,0,
CL001173,T0229,2022-12-18,2022-12-29,Natural Catastrophe,23633.84,0.0,23633.84,Settled,0,
CL001124,T0171,2022-12-17,2022-12-17,Cyber,17680.18,53516.13,71196.31,Open,0,
CL005953,T0539,2026-09-04,2026-09-30,Aviation,64249.03,384268.37,448517.4,Open,0,
CL004713,T0114,2025-12-03,2025-12-04,Professional Indemnity,115343.51,364377.82,479721.33,Open,0,
CL005369,T0166,2026-05-08,2026-05-13,Energy,4487.77,44706.08,49193.850000000006,Open,0,
CL000301,T0230,2021-09-18,2021-12-01,Marine Hull,77494.61,0.0,77494.61,Settled,0,
CL004054,T0289,2025-06-07,2025-06-10,Energy,9779.2,49563.71,59342.91,Open,0,
CL004405,T0395,2025-08-18,2025-09-17,Auto Liability,1768.8,3797.65,5566.45,Open,0,
CL001216,T0609,2022-12-30,2023-01-10,Natural Catastrophe,53056.22,0.0,53056.22,Settled,0,
CL002452,T0119,2024-01-15,2024-02-19,General Liability,239.23,2664.34,2903.57,Open,0,
CL000077,T0361,2021-06-02,2021-06-08,Auto Liability,13990.48,0.0,13990.48,Settled,0,
CL003242,T0366,2024-10-21,2024-10-26,Natural Catastrophe,315342.63,0.0,315342.63,Settled,0,
CL003233,T0502,2024-10-09,2024-10-25,Auto Liability,32114.439599999998,0.0,32114.439599999998,Settled,0,
CL000286,T0458,2021-08-30,2021-11-17,Energy,113386.63,0.0,113386.63,Settled,0,
CL001626,T0659,2023-04-20,2023-05-14,Fire & Explosion,1960.1892,3962.0124000000005,5922.201600000001,Open,0,
CL000942,T0061,2022-10-16,2022-10-18,Workers Compensation,59694.44,0.0,59694.44,Settled,0,
CL004220,T0110,2025-07-12,2025-07-30,Fire & Explosion,1142.94,19958.44,21101.379999999997,Open,0,
CL002884,T0540,2024-06-07,2024-07-06,Political Risk,61102.82,0.0,61102.82,Settled,0,
CL005434,T0184,2026-05-08,2026-05-29,General Liability,3649.9788000000003,3885.03,7535.008800000001,Open,0,
CL003180,T0086,2024-10-02,2024-10-09,Directors & Officers,46783.13,0.0,46783.13,Settled,0,
CL000791,T0098,2022-08-20,2022-08-25,Natural Catastrophe,15343.992,0.0,15343.992,Settled,0,
CL004742,T0110,2025-10-05,2025-12-11,Natural Catastrophe,35177.58,0.0,35177.58,Settled,0,
CL002495,T0043,2024-01-30,2024-03-04,Credit & Surety,30117.2472,0.0,30117.2472,Settled,0,
CL005728,T0530,2026-07-06,2026-08-11,Professional Indemnity,17564.08,21885.68,39449.76,Open,0,
CL005344,T0479,2026-03-16,2026-05-06,Auto Liability,11606.6189,18569.3812,30176.000099999997,Open,0,
CL001698,T0193,2023-03-23,2023-06-08,Fire & Explosion,70911.92,127982.42,198894.34,Open,0,
CL000429,T0693,2022-01-11,2022-02-16,Aviation,1619.27,0.0,1619.27,Settled,0,
CL004561,T0694,2025-10-12,2025-10-27,Aviation,50254.07,51485.33,101739.4,Open,0,
CL000710,T0206,2022-07-09,2022-07-27,Natural Catastrophe,45912.91704,0.0,45912.91704,Settled,0,
CL002531,T0624,2024-02-29,2024-03-14,Natural Catastrophe,71280.81,0.0,71280.81,Settled,0,
CL002767,T0023,2024-04-17,2024-05-29,Business Interruption,10023.337800000001,0.0,10023.337800000001,Settled,0,
CL005633,T0035,2026-07-11,2026-07-19,Natural Catastrophe,191020.27,191451.82,382472.08999999997,Open,0,
CL005057,T0124,2026-02-08,2026-02-25,Workers Compensation,180.73,9510.46,9691.189999999999,Open,0,
CL001685,T0645,2023-05-08,2023-06-04,Business Interruption,121880.5488,0.0,121880.5488,Settled,0,
CL003329,T0155,2024-11-05,2024-11-22,Business Interruption,2083.83,0.0,2083.83,Settled,0,
CL001672,T0268,2023-05-29,2023-05-29,Aviation,177465.04,0.0,177465.04,Settled,0,
CL000178,T0419,2021-09-02,2021-09-04,Natural Catastrophe,17507.6,0.0,17507.6,Settled,0,
CL002191,T0271,2023-11-07,2023-11-24,Energy,26586.2952,0.0,26586.2952,Settled,0,
CL001257,T0581,2022-12-04,2023-01-22,Business Interruption,7092.99,0.0,7092.99,Settled,0,
CL000383,T0468,2021-12-06,2022-01-23,Business Interruption,144173.27,0.0,144173.27,Settled,0,
CL000797,T0588,2022-08-11,2022-08-26,Business Interruption,16121.7,127856.664,143978.364,Open,0,
CL004297,T0559,2025-08-05,2025-08-20,Fire & Explosion,539016.39,0.0,539016.39,Settled,0,
CL002098,T0268,2023-10-20,2023-10-20,Marine Hull,27427.24,0.0,27427.24,Settled,0,
CL004944,T0646,2026-01-22,2026-01-27,Fire & Explosion,9129.7044,0.0,9129.7044,Settled,0,
CL003282,T0164,2024-11-05,2024-11-05,Medical Malpractice,125325.5436,140562.64800000002,265888.1916,Open,0,
CL003955,T0040,2025-05-06,2025-05-10,General Liability,137935.06,0.0,137935.06,Settled,0,
CL004695,T0436,2025-10-25,2025-11-29,Medical Malpractice,36327.19,0.0,36327.19,Settled,0,
CL004968,T0051,2026-01-30,2026-02-04,Natural Catastrophe,497610.93,0.0,497610.93,Settled,0,
CL001156,T0610,2022-12-25,2022-12-25,Natural Catastrophe,461399.23,0.0,461399.23,Settled,0,
CL005895,T0028,2026-09-07,2026-09-30,General Liability,3983.77,0.0,3983.77,Settled,0,
CL002422,T0570,2024-01-07,2024-02-09,Cyber,46769.1726,0.0,46769.1726,Settled,0,
CL000781,T0109,2022-06-26,2022-08-22,Business Interruption,42564.34,81159.43,123723.76999999999,Open,0,
CL004367,T0585,2025-08-31,2025-09-08,General Liability,32806.674,0.0,32806.674,Settled,0,
CL003636,T0500,2025-01-19,2025-02-14,Cyber,41093.36,0.0,41093.36,Settled,0,
CL004271,T0269,2025-08-11,2025-08-13,Natural Catastrophe,116072.85,0.0,116072.85,Settled,0,
CL000947,T0676,2022-10-13,2022-10-19,Workers Compensation,106959.99,0.0,106959.99,Settled,0,
CL004425,T0553,2025-09-16,2025-09-22,Directors & Officers,259248.37,0.0,259248.37,Settled,0,
CL001455,T0292,2023-02-22,2023-03-21,Medical Malpractice,7494.271200000001,19438.2612,26932.5324,Open,0,
CL000208,T0027,2021-09-28,2021-09-28,Fire & Explosion,64874.18,0.0,64874.18,Settled,0,
CL003500,T0598,2024-11-23,2025-01-06,General Liability,69976.04,0.0,69976.04,Settled,0,
CL004992,T0201,2026-02-07,2026-02-11,Natural Catastrophe,7836.93,13911.08,21748.010000000002,Open,0,
CL000041,T0545,2021-04-25,2021-04-28,Auto Liability,96283.7388,0.0,96283.7388,Settled,0,
CL001805,T0322,2023-07-12,2023-07-12,Professional Indemnity,6066.67,0.0,6066.67,Settled,0,
CL001828,T0617,2023-06-09,2023-07-17,General Liability,47251.56096,0.0,47251.56096,Settled,0,
CL003186,T0216,2024-09-22,2024-10-10,Energy,10024.07,0.0,10024.07,Settled,0,
CL003729,T0143,2025-02-24,2025-03-11,Fire & Explosion,20202.67,98220.46,118423.13,Open,0,
CL001310,T0151,2023-01-15,2023-02-07,Workers Compensation,105354.58,0.0,105354.58,Settled,0,
CL005302,T0439,2026-04-10,2026-04-25,Medical Malpractice,6381.82,32918.83,39300.65,Open,0,
CL000075,T0576,2021-06-04,2021-06-06,Aviation,6642.43,0.0,6642.43,Settled,0,
CL000961,T0507,2022-09-23,2022-10-26,Credit & Surety,212.18,11673.55,11885.73,Open,0,
CL005959,T0579,2026-09-10,2026-09-30,Credit & Surety,4848.03,5516.67,10364.7,Open,0,
CL001084,T0632,2022-12-03,2022-12-06,Natural Catastrophe,33716.98,0.0,33716.98,Settled,0,
CL001623,T0604,2023-03-28,2023-05-13,Marine Hull,33441.45480000001,0.0,33441.45480000001,Settled,0,
CL003951,T0168,2025-04-24,2025-05-09,Cyber,131541.21,0.0,131541.21,Settled,0,
CL004972,T0372,2026-01-04,2026-02-04,Energy,515686.9536,0.0,515686.9536,Settled,0,
CL002952,T0081,2024-07-11,2024-07-30,Professional Indemnity,2711.5776,10021.071600000001,12732.6492,Open,0,
CL003896,T0080,2025-04-23,2025-04-26,Natural Catastrophe,47937.657600000006,0.0,47937.657600000006,Settled,0,
CL002561,T0455,2024-03-22,2024-03-23,Fire & Explosion,46110.59,0.0,46110.59,Settled,0,
CL001063,T0150,2022-11-26,2022-11-29,Auto Liability,100470.03,0.0,100470.03,Settled,0,
CL000642,T0191,2022-06-12,2022-06-20,Marine Hull,143736.37,0.0,143736.37,Settled,0,
CL004091,T0690,2025-05-25,2025-06-19,Political Risk,780.76,5215.12,5995.88,Open,0,
CL004584,T0407,2025-10-15,2025-11-02,General Liability,21388.6542,33720.570100000004,55109.224299999994,Open,0,
CL000454,T0474,2021-12-29,2022-03-08,Auto Liability,79285.53,0.0,79285.53,Settled,0,
CL004509,T0553,2025-09-29,2025-10-15,Credit & Surety,47484.89,0.0,47484.89,Settled,0,
CL002662,T0424,2024-04-17,2024-04-22,Directors & Officers,109521.06,0.0,109521.06,Settled,0,
CL000437,T0088,2022-02-23,2022-02-23,Fire & Explosion,10656.14,0.0,10656.14,Settled,0,
CL005433,T0005,2026-05-26,2026-05-29,Natural Catastrophe,631.3,12851.86,13483.16,Open,0,
CL003184,T0462,2024-10-09,2024-10-09,Natural Catastrophe,100458.4605,0.0,100458.4605,Settled,0,
CL003165,T0118,2024-08-28,2024-10-05,Business Interruption,117130.2,0.0,117130.2,Settled,0,
CL004158,T0270,2025-06-19,2025-07-11,General Liability,62640.768800000005,0.0,62640.768800000005,Settled,0,
CL001049,T0349,2022-07-24,2022-11-24,Cyber,245250.98,0.0,245250.98,Settled,0,
CL003137,T0128,2024-07-18,2024-09-28,Professional Indemnity,40155.87960000001,0.0,40155.87960000001,Settled,0,
CL001394,T0492,2023-03-01,2023-03-01,Medical Malpractice,17296.9,0.0,17296.9,Settled,0,
CL001529,T0017,2023-03-27,2023-04-13,Natural Catastrophe,41506.408800000005,0.0,41506.408800000005,Settled,0,
CL002768,T0218,2024-05-13,2024-05-30,Business Interruption,3140.7912,0.0,3140.7912,Settled,0,
CL000309,T0522,2021-10-16,2021-12-09,Natural Catastrophe,9131.38,3913.45,13044.829999999998,Reopened,0,
CL004970,T0170,2026-01-22,2026-02-04,Aviation,57967.78,84743.98,142711.76,Open,0,
CL001841,T0142,2023-07-17,2023-07-23,Workers Compensation,10761.7572,0.0,10761.7572,Settled,0,
CL000581,T0098,2022-04-01,2022-05-12,Business Interruption,255790.71000000002,0.0,255790.71000000002,Settled,0,
CL004089,T0663,2025-04-23,2025-06-18,General Liability,85076.6544,110352.44520000002,195429.09960000002,Open,0,
CL001667,T0569,2023-05-09,2023-05-27,General Liability,411075.28,0.0,411075.28,Settled,0,
CL000811,T0229,2022-08-24,2022-09-01,Fire & Explosion,23041.57,0.0,23041.57,Settled,0,
CL005697,T0397,2026-07-07,2026-08-05,Business Interruption,8714.3514,0.0,8714.3514,Settled,0,
CL000556,T0636,2022-04-20,2022-04-26,General Liability,877.9968000000001,1170.72,2048.7168,Open,0,
CL002481,T0153,2024-01-19,2024-02-27,Workers Compensation,57024.69,0.0,57024.69,Settled,0,
CL000707,T0474,2022-07-02,2022-07-26,Auto Liability,1475843.83,0.0,1475843.83,Settled,0,
CL001317,T0247,2023-02-07,2023-02-09,Workers Compensation,16755.8212,34785.8842,51541.7054,Open,0,
CL003583,T0426,2025-01-21,2025-02-02,Fire & Explosion,52347.3,0.0,52347.3,Settled,0,
CL003791,T0063,2025-01-29,2025-03-29,Credit & Surety,9934.455600000001,37108.9944,47043.450000000004,Open,0,
CL000902,T0171,2022-09-20,2022-10-05,Credit & Surety,2024.11,0.0,2024.11,Settled,0,
CL000352,T0332,2021-12-23,2022-01-01,Workers Compensation,14512.111200000001,0.0,14512.111200000001,Settled,0,
CL001741,T0582,2023-05-29,2023-06-22,Fire & Explosion,208915.17840000003,0.0,208915.17840000003,Settled,0,
CL005919,T0227,2026-08-23,2026-09-30,Energy,11113.18,26231.56,37344.740000000005,Open,0,
CL004306,T0192,2025-08-04,2025-08-23,Directors & Officers,29622.65,57536.01,87158.66,Open,0,
CL004803,T0132,2025-12-05,2025-12-27,Fire & Explosion,12270.59,0.0,12270.59,Settled,0,
CL002240,T0308,2023-12-01,2023-12-13,Directors & Officers,115172.29,0.0,115172.29,Settled,0,
CL000513,T0210,2022-04-08,2022-04-08,Fire & Explosion,31603.97,0.0,31603.97,Settled,0,
CL002007,T0252,2023-07-15,2023-09-23,Marine Hull,94431.42,0.0,94431.42,Settled,0,
CL005834,T0152,2026-08-19,2026-09-14,Fire & Explosion,13815.7204,26109.9173,39925.63770000001,Open,0,
CL002483,T0455,2024-01-08,2024-02-28,Fire & Explosion,5136.98,9667.58,14804.56,Open,0,
CL001266,T0011,2023-01-03,2023-01-26,Auto Liability,436395.8484,0.0,436395.8484,Settled,0,
CL000888,T0509,2022-07-22,2022-09-29,Professional Indemnity,21059.01,0.0,21059.01,Settled,0,
CL005653,T0227,2026-06-24,2026-07-26,Political Risk,6360.78,9086.89,15447.669999999998,Open,0,
CL003380,T0526,2024-12-03,2024-12-04,Professional Indemnity,28908.576,0.0,28908.576,Settled,0,
CL003894,T0262,2025-03-09,2025-04-25,Cyber,75330.61560000002,0.0,75330.61560000002,Settled,0,
CL000233,T0468,2021-10-04,2021-10-15,Fire & Explosion,51556.14,0.0,51556.14,Settled,0,
CL005481,T0495,2026-05-29,2026-06-08,Business Interruption,3185.46888,4372.9626,7558.43148,Open,0,
CL003511,T0440,2024-12-27,2025-01-10,Energy,3247.83,0.0,3247.83,Settled,0,
CL002577,T0482,2024-03-23,2024-03-29,General Liability,308963.3,0.0,308963.3,Settled,0,
CL005265,T0495,2026-04-14,2026-04-18,Business Interruption,13577.12808,66139.77840000001,79716.90648,Open,0,
CL003373,T0215,2024-11-30,2024-12-02,Fire & Explosion,614831.36,0.0,614831.36,Settled,0,
CL004872,T0503,2026-01-03,2026-01-15,Energy,270.87,14497.16,14768.03,Open,0,
CL003215,T0086,2024-09-19,2024-10-20,Directors & Officers,23971.46,0.0,23971.46,Settled,0,
CL000788,T0282,2022-07-11,2022-08-24,Fire & Explosion,78788.18,0.0,78788.18,Settled,0,
CL003274,T0054,2024-10-31,2024-11-02,General Liability,23295.0924,0.0,23295.0924,Settled,0,
CL001188,T0478,2023-01-02,2023-01-02,Natural Catastrophe,16322.26,0.0,16322.26,Settled,0,
CL000053,T0558,2021-04-10,2021-05-08,General Liability,39849.37,0.0,39849.37,Settled,0,
CL000739,T0630,2022-04-27,2022-08-04,Auto Liability,50498.82,21642.35,72141.17,Reopened,0,
CL004435,T0338,2025-09-21,2025-09-25,Business Interruption,210168.48,0.0,210168.48,Settled,0,
CL004319,T0103,2025-08-26,2025-08-27,Natural Catastrophe,21556.864800000003,0.0,21556.864800000003,Settled,0,
CL005299,T0060,2026-04-08,2026-04-25,Professional Indemnity,2367.13,0.0,2367.13,Settled,0,
CL001415,T0292,2023-03-06,2023-03-07,Professional Indemnity,252400.50360000003,0.0,252400.50360000003,Settled,0,
CL002882,T0486,2024-06-30,2024-07-06,General Liability,54923.22,0.0,54923.22,Settled,0,
CL001103,T0177,2022-10-09,2022-12-12,Professional Indemnity,10853.82,0.0,10853.82,Settled,0,
CL005525,T0601,2026-03-12,2026-06-22,Auto Liability,49004.6652,82282.73760000001,131287.4028,Open,0,
CL000291,T0068,2021-09-27,2021-11-21,Natural Catastrophe,62630.02,0.0,62630.02,Settled,0,
CL004486,T0338,2025-09-08,2025-10-12,Natural Catastrophe,16270.27,0.0,16270.27,Settled,0,
CL000125,T0333,2021-07-11,2021-07-15,Natural Catastrophe,228114.68,0.0,228114.68,Settled,0,
CL000572,T0349,2022-04-18,2022-05-07,Directors & Officers,83875.99,0.0,83875.99,Settled,0,
CL004675,T0465,2025-11-17,2025-11-23,Business Interruption,12038.03532,0.0,12038.03532,Settled,0,
CL003144,T0469,2024-08-27,2024-09-29,Energy,23276.5,0.0,23276.5,Settled,0,
CL003628,T0063,2025-02-03,2025-02-12,Directors & Officers,4405.0932,0.0,4405.0932,Settled,0,
CL004208,T0572,2025-05-15,2025-07-26,Auto Liability,8784.7524,52529.51520000001,61314.26760000001,Open,0,
CL005361,T0209,2026-05-09,2026-05-10,Political Risk,75.29,942.49,1017.78,Open,0,
CL004137,T0107,2025-06-17,2025-07-08,Natural Catastrophe,37839.25,94147.21,131986.46000000002,Open,0,
CL005784,T0057,2026-06-24,2026-08-29,Natural Catastrophe,156.63240000000002,2857.9392,3014.5716,Open,0,
CL005260,T0485,2026-04-16,2026-04-17,Cyber,156085.93080000003,0.0,156085.93080000003,Settled,0,
CL000733,T0042,2022-07-19,2022-08-03,Aviation,11933.676000000001,0.0,11933.676000000001,Settled,0,
CL004397,T0054,2025-07-15,2025-09-15,General Liability,21475.0224,0.0,21475.0224,Settled,0,
CL000264,T0333,2021-11-02,2021-11-02,Natural Catastrophe,55212.16,0.0,55212.16,Settled,0,
CL003107,T0455,2024-09-08,2024-09-19,Business Interruption,297657.99,0.0,297657.99,Settled,0,
CL001277,T0394,2023-01-11,2023-01-28,Natural Catastrophe,26335.5,0.0,26335.5,Settled,0,
CL002710,T0155,2024-05-05,2024-05-09,Fire & Explosion,4092.84,0.0,4092.84,Settled,0,
CL005039,T0146,2026-01-31,2026-02-20,Natural Catastrophe,140160.79080000002,167012.4096,307173.20040000003,Open,0,
CL004850,T0032,2025-12-25,2026-01-09,Natural Catastrophe,53553.3,0.0,53553.3,Settled,0,
CL004120,T0311,2025-06-22,2025-06-30,Natural Catastrophe,64557.36,137688.1002,202245.46020000003,Open,0,
CL004629,T0114,2025-10-29,2025-11-13,Professional Indemnity,349862.17,0.0,349862.17,Settled,0,
CL005536,T0166,2026-06-15,2026-06-26,Aviation,4491.07,38318.79,42809.86,Open,0,
CL000370,T0410,2022-01-14,2022-01-14,Directors & Officers,115896.63,0.0,115896.63,Settled,0,
CL003396,T0078,2024-11-06,2024-12-10,Credit & Surety,59105.53776000001,0.0,59105.53776000001,Settled,0,
CL001253,T0492,2022-12-17,2023-01-20,Professional Indemnity,94240.15,0.0,94240.15,Settled,0,
CL005663,T0075,2026-07-15,2026-07-28,Fire & Explosion,6676.76,21964.02,28640.78,Open,0,
CL003115,T0699,2024-09-07,2024-09-22,Business Interruption,661388.44,0.0,661388.44,Settled,0,
CL001194,T0630,2022-12-10,2023-01-04,Workers Compensation,527840.39,0.0,527840.39,Settled,0,
CL003108,T0001,2024-08-30,2024-09-20,Natural Catastrophe,1942431.11,0.0,1942431.11,Settled,0,
CL001274,T0631,2022-12-16,2023-01-27,Cyber,11361.59,0.0,11361.59,Settled,0,
CL003265,T0043,2024-08-30,2024-10-30,Cyber,41608.9656,0.0,41608.9656,Settled,0,
CL003037,T0070,2024-08-25,2024-08-30,Fire & Explosion,9787.52,0.0,9787.52,Settled,0,
CL000836,T0083,2022-08-13,2022-09-10,General Liability,79704.48504,0.0,79704.48504,Settled,0,
CL005755,T0307,2026-08-19,2026-08-21,General Liability,64609.6,69127.37,133736.97,Open,0,
CL003034,T0519,2024-08-06,2024-08-29,Natural Catastrophe,6432.674400000001,0.0,6432.674400000001,Settled,0,
CL000064,T0511,2021-05-14,2021-05-24,Business Interruption,34515.8,0.0,34515.8,Settled,0,
CL004304,T0414,2025-07-13,2025-08-22,Workers Compensation,18163.71,31452.96,49616.67,Open,0,
CL003049,T0302,2024-08-09,2024-09-02,Directors & Officers,3514.5684,39071.2248,42585.79320000001,Open,0,
CL005407,T0256,2026-04-24,2026-05-20,Energy,794.59,5742.73,6537.32,Open,0,
CL001978,T0650,2023-08-23,2023-09-13,Cyber,31176.03,0.0,31176.03,Settled,0,
CL001705,T0647,2023-06-04,2023-06-10,Professional Indemnity,223427.22,0.0,223427.22,Settled,0,
CL005315,T0005,2026-04-19,2026-04-28,Fire & Explosion,28206.78,358663.94,386870.72,Open,0,
CL000376,T0332,2022-01-17,2022-01-18,Workers Compensation,4233.0816,0.0,4233.0816,Settled,0,
CL005291,T0346,2026-04-06,2026-04-23,General Liability,3028.7628,99570.8484,102599.6112,Open,0,
CL002980,T0405,2024-07-21,2024-08-08,Business Interruption,100020.68,0.0,100020.68,Settled,0,
CL003376,T0598,2024-11-24,2024-12-02,Workers Compensation,16953.51,0.0,16953.51,Settled,0,
CL002363,T0077,2024-01-19,2024-01-23,General Liability,140730.54,0.0,140730.54,Settled,0,
CL002664,T0156,2024-04-10,2024-04-23,Natural Catastrophe,15647.06,0.0,15647.06,Settled,0,
CL001286,T0357,2022-12-28,2023-01-31,Energy,369821.17752,0.0,369821.17752,Settled,0,
CL004886,T0485,2025-12-17,2026-01-17,Directors & Officers,8904.092400000001,59105.9916,68010.084,Open,0,
CL005394,T0060,2026-05-08,2026-05-18,Professional Indemnity,997.98,9637.19,10635.17,Open,0,
CL002087,T0377,2023-10-07,2023-10-16,Workers Compensation,70613.81,0.0,70613.81,Settled,0,
CL002328,T0165,2024-01-01,2024-01-12,General Liability,115807.1364,0.0,115807.1364,Settled,0,
CL004723,T0643,2025-10-04,2025-12-05,Natural Catastrophe,61723.3716,200141.42040000003,261864.79200000002,Open,0,
CL004092,T0019,2025-06-17,2025-06-20,Directors & Officers,450.21,686.21,1136.42,Open,0,
CL004738,T0058,2025-12-06,2025-12-10,Aviation,32118.36,0.0,32118.36,Settled,0,
CL001412,T0672,2023-02-07,2023-03-06,Natural Catastrophe,187569.36,0.0,187569.36,Settled,0,
CL003824,T0443,2025-03-29,2025-04-07,Fire & Explosion,154218.53,0.0,154218.53,Settled,0,
CL005473,T0201,2026-06-04,2026-06-07,Business Interruption,7882.7,0.0,7882.7,Settled,0,
CL004342,T0301,2025-06-27,2025-09-02,General Liability,1610.57,7446.68,9057.25,Open,0,
CL000637,T0416,2022-05-25,2022-06-15,Directors & Officers,12491.59,0.0,12491.59,Settled,0,
CL000735,T0109,2022-06-18,2022-08-04,Natural Catastrophe,5505.98,20925.41,26431.39,Open,0,
CL001522,T0477,2023-03-13,2023-04-09,Natural Catastrophe,5795.928000000001,0.0,5795.928000000001,Settled,0,
CL000536,T0551,2022-02-28,2022-04-17,Fire & Explosion,469427.50800000003,0.0,469427.50800000003,Settled,0,
CL004284,T0450,2025-07-16,2025-08-16,Auto Liability,1583429.46,1854187.53,3437616.99,Open,0,
CL003809,T0300,2025-03-19,2025-04-03,Energy,90048.03,0.0,90048.03,Settled,0,
CL000451,T0453,2022-03-05,2022-03-07,Professional Indemnity,2263937.65,0.0,2263937.65,Settled,0,
CL000996,T0489,2022-10-25,2022-11-04,General Liability,59073.5268,0.0,59073.5268,Settled,0,
CL001530,T0034,2023-04-11,2023-04-13,Business Interruption,6180.07,0.0,6180.07,Settled,0,
CL002249,T0238,2023-12-18,2023-12-18,Workers Compensation,7582.23,0.0,7582.23,Settled,0,
CL001125,T0206,2022-12-06,2022-12-17,Fire & Explosion,109700.93052000001,0.0,109700.93052000001,Settled,0,
CL003033,T0304,2024-07-24,2024-08-29,Fire & Explosion,17626.31,0.0,17626.31,Settled,0,
CL004874,T0575,2026-01-11,2026-01-15,Natural Catastrophe,38999.15,0.0,38999.15,Settled,0,
CL000485,T0047,2022-03-14,2022-03-25,Aviation,98146.23,0.0,98146.23,Settled,0,
CL001899,T0654,2023-07-31,2023-08-13,Fire & Explosion,130236.06,0.0,130236.06,Settled,0,
CL004398,T0222,2025-08-26,2025-09-15,Fire & Explosion,77031.37800000001,0.0,77031.37800000001,Settled,0,
CL004232,T0169,2025-05-18,2025-08-02,Natural Catastrophe,760.9248,5805.756,6566.680800000001,Open,0,
CL003155,T0366,2024-09-03,2024-10-02,Business Interruption,150092.71,0.0,150092.71,Settled,0,
CL003588,T0355,2025-02-02,2025-02-03,Auto Liability,27977.98,0.0,27977.98,Settled,0,
CL005354,T0589,2026-04-03,2026-05-08,Natural Catastrophe,6665.7384,7884.2592,14549.9976,Open,0,
CL005528,T0213,2026-06-07,2026-06-24,Business Interruption,629.65,3768.85,4398.5,Open,0,
CL005087,T0494,2026-02-25,2026-03-03,Marine Hull,1014.2220000000001,4865.2303,5879.4523,Open,0,
CL003354,T0360,2024-11-09,2024-11-28,Cyber,75507.08,0.0,75507.08,Settled,0,
CL004101,T0114,2025-06-20,2025-06-23,Medical Malpractice,67654.29,0.0,67654.29,Settled,0,
CL005850,T0060,2026-08-06,2026-09-19,Medical Malpractice,14243.67,40675.73,54919.4,Open,0,
CL002842,T0253,2024-06-21,2024-06-25,Professional Indemnity,39854.96,0.0,39854.96,Settled,0,
CL003202,T0214,2024-07-13,2024-10-16,General Liability,21758.28,0.0,21758.28,Settled,0,
CL001275,T0044,2022-12-31,2023-01-28,Business Interruption,79811.81,0.0,79811.81,Settled,0,
CL002858,T0015,2024-06-29,2024-06-30,Business Interruption,450673.11,0.0,450673.11,Settled,0,
CL002204,T0677,2023-11-15,2023-11-29,Business Interruption,10669.98,53749.48,64419.46000000001,Open,0,
CL004717,T0557,2025-08-03,2025-12-04,Aviation,84370.04280000001,0.0,84370.04280000001,Settled,0,
CL001228,T0117,2023-01-12,2023-01-13,Fire & Explosion,160217.51,0.0,160217.51,Settled,0,
CL005558,T0445,2026-06-30,2026-06-30,Workers Compensation,111049.19,159706.97,270756.16000000003,Open,0,
CL005672,T0439,2026-07-26,2026-07-30,Professional Indemnity,19780.72,22792.98,42573.7,Open,0,
CL001206,T0435,2023-01-07,2023-01-09,Credit & Surety,8582.04,11892.4,20474.440000000002,Open,0,
CL003781,T0652,2025-02-06,2025-03-25,Marine Hull,19903.92684,0.0,19903.92684,Settled,0,
CL005331,T0166,2026-04-18,2026-05-02,Energy,234.85,14910.18,15145.03,Open,0,
CL003727,T0695,2025-03-08,2025-03-10,Fire & Explosion,430898.0004,0.0,430898.0004,Settled,0,
CL000820,T0687,2022-08-27,2022-09-05,Workers Compensation,42215.29,76235.23,118450.51999999999,Open,0,
CL005783,T0018,2026-07-12,2026-08-29,General Liability,53890.64,104531.7,158422.34,Open,0,
CL003179,T0696,2024-09-26,2024-10-08,Workers Compensation,418096.56,0.0,418096.56,Settled,0,
CL002439,T0368,2024-01-15,2024-02-15,Credit & Surety,296971.5676,0.0,296971.5676,Settled,0,
CL003585,T0556,2024-12-14,2025-02-02,Fire & Explosion,61974.0,0.0,61974.0,Settled,0,
CL002635,T0377,2024-04-01,2024-04-12,Auto Liability,78827.78,0.0,78827.78,Settled,0,
CL002366,T0304,2024-01-15,2024-01-23,Natural Catastrophe,28372.46,0.0,28372.46,Settled,0,
CL000298,T0232,2021-11-26,2021-11-28,Business Interruption,23084.67,0.0,23084.67,Settled,0,
CL004526,T0256,2025-09-30,2025-10-21,Marine Hull,68168.7,0.0,68168.7,Settled,0,
CL004321,T0575,2025-08-24,2025-08-27,Fire & Explosion,2067.46,2255.4,4322.860000000001,Open,0,
CL000188,T0615,2021-08-05,2021-09-12,Medical Malpractice,36134.1216,0.0,36134.1216,Settled,0,
CL000194,T0231,2021-09-06,2021-09-19,Auto Liability,165895.42,0.0,165895.42,Settled,0,
CL004692,T0082,2025-11-26,2025-11-28,Natural Catastrophe,48898.06,49237.04,98135.1,Open,0,
CL004305,T0646,2025-08-12,2025-08-22,Natural Catastrophe,20916.349200000004,0.0,20916.349200000004,Settled,0,
CL005334,T0601,2026-04-10,2026-05-02,Workers Compensation,250045.7472,0.0,250045.7472,Settled,0,
CL000160,T0088,2021-07-26,2021-08-14,Business Interruption,111667.32,0.0,111667.32,Settled,0,
CL003800,T0567,2025-03-26,2025-03-31,Business Interruption,50224.30176,0.0,50224.30176,Settled,0,
CL005951,T0530,2026-09-23,2026-09-30,Professional Indemnity,2039.71,2824.8,4864.51,Open,0,
CL000933,T0499,2022-10-11,2022-10-14,Professional Indemnity,98748.36360000001,0.0,98748.36360000001,Settled,0,
CL002626,T0045,2024-03-23,2024-04-11,Workers Compensation,399592.99,0.0,399592.99,Settled,0,
CL003146,T0639,2024-09-04,2024-09-29,Energy,251745.51,0.0,251745.51,Settled,0,
CL003147,T0181,2024-08-26,2024-09-30,Workers Compensation,180946.24,0.0,180946.24,Settled,0,
CL003256,T0353,2024-10-28,2024-10-28,Business Interruption,56499.52,0.0,56499.52,Settled,0,
CL004315,T0414,2025-06-21,2025-08-26,Auto Liability,28438.83,0.0,28438.83,Settled,0,
CL000777,T0047,2022-07-03,2022-08-20,Energy,2412.38,0.0,2412.38,Settled,0,
CL004068,T0125,2025-05-18,2025-06-14,Auto Liability,170504.47,176091.24,346595.70999999996,Open,0,
CL003866,T0284,2025-04-07,2025-04-19,Cyber,128251.99800000002,0.0,128251.99800000002,Settled,0,
CL005660,T0008,2026-07-19,2026-07-28,Natural Catastrophe,3408.46,5368.73,8777.189999999999,Open,0,
CL001407,T0680,2022-12-31,2023-03-04,Fire & Explosion,118147.94,0.0,118147.94,Settled,0,
CL000477,T0293,2022-01-17,2022-03-21,Natural Catastrophe,64385.3772,0.0,64385.3772,Settled,0,
CL000102,T0231,2021-06-04,2021-06-24,General Liability,128669.57,0.0,128669.57,Settled,0,
CL005813,T0058,2026-09-02,2026-09-10,Energy,4223.76,0.0,4223.76,Settled,0,
CL001778,T0680,2023-05-24,2023-07-06,Natural Catastrophe,7323.11,0.0,7323.11,Settled,0,
CL005976,T0679,2026-09-20,2026-09-30,Fire & Explosion,5068.49,5955.31,11023.8,Open,0,
CL001482,T0609,2023-03-28,2023-03-29,Business Interruption,223530.09,0.0,223530.09,Settled,0,
CL003285,T0690,2024-11-05,2024-11-05,Aviation,13781.83,0.0,13781.83,Settled,0,
CL004940,T0188,2026-01-18,2026-01-27,General Liability,3928.75,13748.94,17677.690000000002,Open,0,
CL001088,T0026,2022-11-30,2022-12-08,General Liability,23309.31,0.0,23309.31,Settled,0,
CL002640,T0031,2024-02-11,2024-04-14,Workers Compensation,54248.28336,69773.57171999999,124021.85508,Open,0,
CL001641,T0611,2023-04-10,2023-05-18,Marine Hull,35206.6,0.0,35206.6,Settled,0,
CL004095,T0037,2025-05-15,2025-06-22,Cyber,53739.428400000004,0.0,53739.428400000004,Settled,0,
CL005978,T0688,2026-09-21,2026-09-30,Business Interruption,2083.2699,7131.5707,9214.8406,Open,0,
CL005123,T0487,2026-02-02,2026-03-11,Fire & Explosion,6583.59,91852.15,98435.73999999999,Open,0,
CL002924,T0195,2024-07-07,2024-07-21,Business Interruption,57015.99396,0.0,57015.99396,Settled,0,
CL005390,T0005,2026-04-11,2026-05-18,Natural Catastrophe,2009.93,35368.97,37378.9,Open,0,
CL005011,T0494,2026-02-01,2026-02-14,Marine Hull,5318.1631,19427.736100000002,24745.8992,Open,0,
CL003203,T0272,2024-10-13,2024-10-16,Workers Compensation,871066.89,0.0,871066.89,Settled,0,
CL002325,T0290,2023-12-24,2024-01-11,Workers Compensation,7451.18,9435.96,16887.14,Open,0,
CL002634,T0377,2024-01-26,2024-04-12,Auto Liability,108709.95,0.0,108709.95,Settled,0,
CL004967,T0652,2026-01-16,2026-02-03,Political Risk,5599.31124,6130.15152,11729.46276,Open,0,
CL000899,T0098,2022-08-14,2022-10-04,Fire & Explosion,3561.2784,0.0,3561.2784,Settled,0,
CL003865,T0262,2025-03-18,2025-04-19,Credit & Surety,157813.71480000002,0.0,157813.71480000002,Settled,0,
CL003159,T0242,2024-09-28,2024-10-03,Political Risk,663836.93,0.0,663836.93,Settled,0,
CL001809,T0059,2023-07-09,2023-07-13,Energy,144349.09,0.0,144349.09,Settled,0,
CL002019,T0648,2023-09-10,2023-09-25,Fire & Explosion,122189.90400000001,0.0,122189.90400000001,Settled,0,
CL005108,T0592,2026-02-28,2026-03-08,Directors & Officers,11976.16,12311.42,24287.58,Open,0,
CL004279,T0382,2025-08-07,2025-08-14,General Liability,149279.63040000002,0.0,149279.63040000002,Settled,0,
CL003793,T0300,2025-03-09,2025-03-29,Energy,1846527.21,0.0,1846527.21,Settled,0,
CL002288,T0518,2023-12-26,2023-12-29,Professional Indemnity,62883.63,0.0,62883.63,Settled,0,
CL002475,T0484,2024-02-19,2024-02-25,Fire & Explosion,368142.84,0.0,368142.84,Settled,0,
CL002323,T0023,2023-12-16,2024-01-11,Fire & Explosion,111668.892,0.0,111668.892,Settled,0,
CL003160,T0426,2024-09-06,2024-10-03,Fire & Explosion,39541.3,0.0,39541.3,Settled,0,
CL004204,T0301,2025-07-24,2025-07-24,Workers Compensation,1828.36,0.0,1828.36,Settled,0,
CL002830,T0021,2024-05-31,2024-06-21,Medical Malpractice,47024.32,0.0,47024.32,Settled,0,
CL001577,T0680,2023-03-27,2023-04-27,Fire & Explosion,16828.46,0.0,16828.46,Settled,0,
CL000763,T0281,2022-07-29,2022-08-14,Natural Catastrophe,17266.9104,0.0,17266.9104,Settled,0,
CL001967,T0478,2023-07-28,2023-09-09,Fire & Explosion,274443.24,0.0,274443.24,Settled,0,
CL005421,T0257,2026-05-24,2026-05-25,Professional Indemnity,886.68,8672.72,9559.4,Open,0,
CL001090,T0196,2022-12-03,2022-12-08,Business Interruption,1351.188,4662.8244,6014.012400000001,Open,0,
CL003314,T0350,2024-11-03,2024-11-15,Workers Compensation,153853.77852000002,0.0,153853.77852000002,Settled,0,
CL004914,T0543,2025-12-25,2026-01-23,Professional Indemnity,811.37,3316.58,4127.95,Open,0,
CL001943,T0065,2023-08-21,2023-09-02,Auto Liability,10972.64292,156812.0502,167784.69312,Open,0,
CL005328,T0172,2026-04-22,2026-05-01,Political Risk,60609.6216,94335.3324,154944.954,Open,0,
CL002143,T0699,2023-10-14,2023-11-03,Natural Catastrophe,124931.23,0.0,124931.23,Settled,0,
CL003177,T0299,2024-09-14,2024-10-08,Aviation,25317.18708,0.0,25317.18708,Settled,0,
CL004624,T0163,2025-11-06,2025-11-11,Business Interruption,293060.68,0.0,293060.68,Settled,0,
CL004505,T0097,2025-06-01,2025-10-15,Medical Malpractice,3948.9012000000002,11620.3572,15569.2584,Open,0,
CL001207,T0622,2022-11-26,2023-01-09,Energy,5429.45136,0.0,5429.45136,Settled,0,
CL002638,T0331,2024-03-14,2024-04-13,Business Interruption,268871.1,0.0,268871.1,Settled,0,
CL005049,T0209,2025-11-28,2026-02-22,Energy,15457.93,101526.57,116984.5,Open,0,
CL003393,T0532,2024-07-13,2024-12-07,Workers Compensation,20873.689200000004,0.0,20873.689200000004,Settled,0,
CL002517,T0618,2024-02-02,2024-03-10,Marine Hull,31009.348800000003,13289.713200000002,44299.062000000005,Reopened,0,
CL002804,T0364,2024-05-17,2024-06-12,Energy,185819.47560000003,291096.666,476916.14160000003,Open,0,
CL004536,T0038,2025-10-22,2025-10-23,Natural Catastrophe,166531.07,235892.35,402423.42000000004,Open,0,
CL003319,T0129,2024-10-23,2024-11-18,Auto Liability,57995.97,0.0,57995.97,Settled,0,
CL005253,T0358,2026-02-16,2026-04-16,Credit & Surety,120820.15,297651.5,418471.65,Open,0,
CL001619,T0336,2023-04-06,2023-05-11,Fire & Explosion,16875.07,78471.36,95346.43,Open,0,
CL005703,T0013,2026-08-04,2026-08-06,Business Interruption,20550.61,22006.52,42557.130000000005,Open,0,
CL002020,T0238,2023-08-08,2023-09-26,General Liability,6121.51,0.0,6121.51,Settled,0,
CL001952,T0566,2023-05-20,2023-09-05,Fire & Explosion,38666.462400000004,0.0,38666.462400000004,Settled,0,
CL001470,T0672,2023-03-14,2023-03-26,Natural Catastrophe,154503.03,0.0,154503.03,Settled,0,
CL000195,T0522,2021-09-18,2021-09-19,Fire & Explosion,8361.57,0.0,8361.57,Settled,0,
CL000411,T0642,2022-02-05,2022-02-08,Marine Hull,166605.1416,0.0,166605.1416,Settled,0,
CL001719,T0258,2023-06-11,2023-06-13,Energy,1234893.14,0.0,1234893.14,Settled,0,
CL000387,T0653,2022-01-07,2022-01-26,Fire & Explosion,565214.95,0.0,565214.95,Settled,0,
CL001586,T0518,2023-04-24,2023-04-30,Medical Malpractice,53305.38,0.0,53305.38,Settled,0,
CL001330,T0041,2023-01-24,2023-02-12,Business Interruption,313394.65,0.0,313394.65,Settled,0,
CL000549,T0006,2022-04-06,2022-04-25,Professional Indemnity,6187.2,0.0,6187.2,Settled,0,
CL001389,T0292,2023-02-13,2023-03-01,Professional Indemnity,269906.08320000005,0.0,269906.08320000005,Settled,0,
CL005182,T0613,2026-03-01,2026-03-28,Professional Indemnity,30035.23,0.0,30035.23,Settled,0,
CL003331,T0225,2024-11-14,2024-11-22,Political Risk,24502.6728,0.0,24502.6728,Settled,0,
CL000565,T0265,2022-04-05,2022-04-30,Natural Catastrophe,808857.17,0.0,808857.17,Settled,0,
CL005212,T0601,2026-03-27,2026-04-04,General Liability,25014.582000000002,113979.42000000001,138994.002,Open,0,
CL001973,T0021,2023-08-28,2023-09-12,Professional Indemnity,23022.7,61832.27,84854.97,Open,0,
CL004500,T0385,2025-08-09,2025-10-14,Directors & Officers,51526.68,84773.57,136300.25,Open,0,
CL002033,T0570,2023-08-18,2023-09-30,Cyber,240253.72572,0.0,240253.72572,Settled,0,
CL000339,T0217,2021-11-18,2021-12-24,Aviation,72452.07,0.0,72452.07,Settled,0,
CL005849,T0005,2026-09-11,2026-09-19,Fire & Explosion,1987.94,77779.22,79767.16,Open,0,
CL005659,T0579,2026-07-04,2026-07-27,Cyber,508.35,3333.74,3842.0899999999997,Open,0,
CL004976,T0234,2026-02-02,2026-02-06,Business Interruption,700.51,80299.96,81000.47,Open,0,
CL002114,T0336,2023-07-16,2023-10-25,Business Interruption,52113.62,0.0,52113.62,Settled,0,
CL002599,T0352,2024-03-29,2024-04-04,Credit & Surety,93957.99,0.0,93957.99,Settled,0,
CL003424,T0311,2024-11-27,2024-12-17,Business Interruption,332476.59528,0.0,332476.59528,Settled,0,
CL003129,T0285,2024-07-14,2024-09-26,Political Risk,120363.68,0.0,120363.68,Settled,0,
CL000614,T0590,2022-04-22,2022-06-03,Cyber,19892.15,0.0,19892.15,Settled,0,
CL004052,T0638,2025-06-09,2025-06-09,Workers Compensation,817.05,4024.41,4841.46,Open,0,
CL003789,T0239,2025-03-17,2025-03-28,Professional Indemnity,33903.98,0.0,33903.98,Settled,0,
CL001927,T0671,2023-07-06,2023-08-23,Workers Compensation,52344.53,0.0,52344.53,Settled,0,
CL001578,T0193,2023-03-10,2023-04-29,Business Interruption,22466.54,0.0,22466.54,Settled,0,
CL002244,T0034,2023-09-24,2023-12-16,Fire & Explosion,420.46,1352.09,1772.55,Open,0,
CL000503,T0411,2022-03-28,2022-04-01,Fire & Explosion,84007.95120000001,0.0,84007.95120000001,Settled,0,
CL005075,T0549,2025-12-29,2026-02-27,Auto Liability,16.48,9776.46,9792.939999999999,Open,0,
CL003148,T0343,2024-09-27,2024-09-30,Business Interruption,166730.38,0.0,166730.38,Settled,0,
CL004962,T0310,2025-12-16,2026-02-02,Fire & Explosion,256742.16,0.0,256742.16,Settled,0,
CL002426,T0274,2023-10-26,2024-02-10,Aviation,7032.7116000000005,3014.0208000000002,10046.7324,Reopened,0,
CL001058,T0326,2022-11-13,2022-11-27,Energy,38033.53,0.0,38033.53,Settled,0,
CL001751,T0434,2023-05-15,2023-06-26,Business Interruption,45641.5668,0.0,45641.5668,Settled,0,
CL003959,T0012,2025-04-23,2025-05-12,Auto Liability,10164.58,45318.03,55482.61,Open,0,
CL005616,T0306,2026-04-19,2026-07-15,Marine Hull,5465.52,16381.14,21846.66,Open,0,
CL004419,T0143,2025-08-27,2025-09-21,Business Interruption,88692.42,0.0,88692.42,Settled,0,
CL002690,T0190,2024-02-26,2024-05-01,Auto Liability,117728.23,0.0,117728.23,Settled,0,
CL002612,T0218,2024-03-20,2024-04-07,Business Interruption,4781.160000000001,0.0,4781.160000000001,Settled,0,
CL000515,T0349,2022-04-04,2022-04-08,Credit & Surety,30444.8,0.0,30444.8,Settled,0,
CL002018,T0393,2023-09-16,2023-09-25,Fire & Explosion,82406.85,0.0,82406.85,Settled,0,
CL002828,T0252,2024-05-07,2024-06-20,Aviation,180247.59,0.0,180247.59,Settled,0,
CL000016,T0431,2021-02-17,2021-03-12,Medical Malpractice,204486.72,0.0,204486.72,Settled,0,
CL005782,T0313,2026-08-20,2026-08-28,Workers Compensation,18751.06,35609.38,54360.44,Open,0,
CL004200,T0020,2025-07-18,2025-07-24,Professional Indemnity,957853.43,0.0,957853.43,Settled,0,
CL005211,T0600,2025-12-11,2026-04-04,Natural Catastrophe,9223.04,42900.47,52123.51,Open,0,
CL003994,T0029,2025-04-25,2025-05-22,Aviation,209818.56,0.0,209818.56,Settled,0,
CL003786,T0443,2025-02-21,2025-03-27,Fire & Explosion,65129.5,0.0,65129.5,Settled,0,
CL001372,T0387,2023-02-03,2023-02-24,Natural Catastrophe,97257.92,0.0,97257.92,Settled,0,
CL003840,T0168,2025-03-28,2025-04-12,Cyber,173674.25,0.0,173674.25,Settled,0,
CL002232,T0031,2023-12-02,2023-12-10,Workers Compensation,34018.1472,0.0,34018.1472,Settled,0,
CL003679,T0128,2025-01-23,2025-02-25,Medical Malpractice,21717.7416,0.0,21717.7416,Settled,0,
CL000998,T0612,2022-10-19,2022-11-05,Workers Compensation,3594.56,10543.0,14137.56,Open,0,
CL003644,T0291,2025-02-15,2025-02-17,Natural Catastrophe,309422.03,0.0,309422.03,Settled,0,
CL004853,T0071,2025-10-08,2026-01-10,Aviation,26712.882000000005,0.0,26712.882000000005,Settled,0,
CL001502,T0096,2023-04-05,2023-04-05,Medical Malpractice,4473.111600000001,0.0,4473.111600000001,Settled,0,
CL001097,T0477,2022-08-16,2022-12-10,Natural Catastrophe,91004.81760000001,0.0,91004.81760000001,Settled,0,
CL002231,T0650,2023-12-06,2023-12-09,Credit & Surety,52742.81,0.0,52742.81,Settled,0,
CL004991,T0201,2026-01-23,2026-02-11,Business Interruption,20155.77,20576.29,40732.06,Open,0,
CL005411,T0057,2026-05-17,2026-05-21,Business Interruption,118.26,10379.7396,10497.999600000001,Open,0,
CL001397,T0371,2023-02-03,2023-03-02,General Liability,12593.57,0.0,12593.57,Settled,0,
CL004806,T0501,2025-12-17,2025-12-27,Directors & Officers,10368.7,16916.85,27285.55,Open,0,
CL001399,T0102,2022-12-31,2023-03-03,Medical Malpractice,319943.48,0.0,319943.48,Settled,0,
CL003404,T0289,2024-12-10,2024-12-12,Aviation,28778.47,0.0,28778.47,Settled,0,
CL001101,T0512,2022-11-18,2022-12-11,Medical Malpractice,38669.3136,0.0,38669.3136,Settled,0,
CL002868,T0157,2024-07-03,2024-07-03,Aviation,8804.12,3773.2,12577.32,Reopened,0,
CL000207,T0615,2021-08-30,2021-09-27,Medical Malpractice,93951.1872,0.0,93951.1872,Settled,0,
CL002780,T0304,2024-05-10,2024-06-04,Natural Catastrophe,62881.21,0.0,62881.21,Settled,0,
CL004910,T0695,2025-10-29,2026-01-22,Fire & Explosion,49098.6036,77920.6608,127019.2644,Open,0,
CL003856,T0215,2025-04-03,2025-04-16,Fire & Explosion,163239.92,0.0,163239.92,Settled,0,
CL003768,T0600,2025-03-08,2025-03-22,Fire & Explosion,81844.46,0.0,81844.46,Settled,0,
CL003608,T0329,2024-10-13,2025-02-07,Fire & Explosion,342341.72,0.0,342341.72,Settled,0,
CL002758,T0535,2024-05-12,2024-05-26,Aviation,11933.98,0.0,11933.98,Settled,0,
CL003249,T0417,2024-10-22,2024-10-27,Natural Catastrophe,542083.4064000001,0.0,542083.4064000001,Settled,0,
CL005119,T0374,2026-01-17,2026-03-10,Natural Catastrophe,16797.2724,0.0,16797.2724,Settled,0,
CL003919,T0259,2025-03-27,2025-04-29,General Liability,99851.72400000002,1792813.0788000003,1892664.8028000002,Open,0,
CL003910,T0288,2025-04-07,2025-04-28,Auto Liability,9241.43,0.0,9241.43,Settled,0,
CL003889,T0261,2025-04-20,2025-04-24,Auto Liability,20211.3468,59503.11840000001,79714.4652,Open,0,
CL003209,T0386,2024-09-27,2024-10-18,Fire & Explosion,12317.216400000001,0.0,12317.216400000001,Settled,0,
CL005219,T0005,2026-03-22,2026-04-06,Natural Catastrophe,2796.76,5445.41,8242.17,Open,0,
CL002420,T0547,2024-01-27,2024-02-08,Auto Liability,1680.8688,0.0,1680.8688,Settled,0,
CL000776,T0554,2022-08-10,2022-08-19,Marine Hull,20843.3736,0.0,20843.3736,Settled,0,
CL000878,T0554,2022-09-15,2022-09-26,Political Risk,8220.4848,0.0,8220.4848,Settled,0,
CL001715,T0117,2023-05-16,2023-06-12,Fire & Explosion,129431.4,0.0,129431.4,Settled,0,
CL000869,T0011,2022-09-21,2022-09-22,General Liability,34146.090000000004,14634.032400000002,48780.1224,Reopened,0,
CL003171,T0253,2024-10-04,2024-10-06,Medical Malpractice,5381.76,0.0,5381.76,Settled,0,
CL004281,T0640,2025-07-29,2025-08-15,Energy,75119.3244,0.0,75119.3244,Settled,0,
CL004202,T0169,2025-05-22,2025-07-24,Business Interruption,10460.664,29688.314400000003,40148.9784,Open,0,
CL003730,T0328,2025-02-25,2025-03-11,General Liability,43514.97,0.0,43514.97,Settled,0,
CL000427,T0265,2022-02-12,2022-02-16,Business Interruption,221048.12,0.0,221048.12,Settled,0,
CL000462,T0642,2022-02-18,2022-03-11,Political Risk,373763.16000000003,0.0,373763.16000000003,Settled,0,
CL005778,T0403,2026-08-22,2026-08-27,Fire & Explosion,24187.08,114033.38,138220.46000000002,Open,0,
CL001984,T0505,2023-08-22,2023-09-15,Natural Catastrophe,746074.72,319746.31,1065821.03,Reopened,0,
CL003880,T0280,2025-03-16,2025-04-22,Fire & Explosion,5559.84,0.0,5559.84,Settled,0,
CL004061,T0212,2025-05-08,2025-06-13,Workers Compensation,129984.04800000001,0.0,129984.04800000001,Settled,0,
CL002926,T0086,2024-07-21,2024-07-22,Directors & Officers,243812.06,0.0,243812.06,Settled,0,
CL005769,T0397,2026-08-09,2026-08-25,Business Interruption,6346.47096,13994.466,20340.936960000003,Open,0,
CL005035,T0585,2026-01-14,2026-02-19,Workers Compensation,13169.574,224241.264,237410.838,Open,0,
CL001479,T0680,2023-02-22,2023-03-28,Natural Catastrophe,30788.87,0.0,30788.87,Settled,0,
CL003650,T0218,2024-10-01,2025-02-18,Business Interruption,6368.058000000001,0.0,6368.058000000001,Settled,0,
CL004163,T0414,2025-06-29,2025-07-12,Workers Compensation,41796.89,0.0,41796.89,Settled,0,
CL005665,T0407,2026-07-15,2026-07-28,Workers Compensation,71784.1084,196200.25530000002,267984.3637,Open,0,
CL005647,T0178,2026-06-10,2026-07-23,Cyber,74409.81,100839.31,175249.12,Open,0,
CL005944,T0494,2026-09-22,2026-09-30,Energy,602.6912,27463.876999999997,28066.5682,Open,0,
CL004553,T0168,2025-10-20,2025-10-27,Cyber,141272.34,0.0,141272.34,Settled,0,
CL000544,T0340,2022-04-09,2022-04-21,Fire & Explosion,87355.47,0.0,87355.47,Settled,0,
CL000470,T0493,2022-03-18,2022-03-18,Directors & Officers,10576.97,0.0,10576.97,Settled,0,
CL001020,T0149,2022-11-11,2022-11-15,General Liability,14731.52,0.0,14731.52,Settled,0,
CL002251,T0650,2023-10-25,2023-12-19,Directors & Officers,2638.55,0.0,2638.55,Settled,0,
CL000274,T0245,2021-11-05,2021-11-07,General Liability,28332.2772,0.0,28332.2772,Settled,0,
CL000846,T0044,2022-08-31,2022-09-13,Natural Catastrophe,196390.87,0.0,196390.87,Settled,0,
CL003557,T0019,2025-01-09,2025-01-24,Directors & Officers,32828.27,0.0,32828.27,Settled,0,
CL003875,T0185,2025-04-17,2025-04-21,Fire & Explosion,193016.13120000003,353353.86000000004,546369.9912,Open,0,
CL001210,T0148,2022-12-23,2023-01-10,General Liability,106203.33936,0.0,106203.33936,Settled,0,
CL004599,T0575,2025-10-22,2025-11-05,Business Interruption,10546.65,0.0,10546.65,Settled,0,
CL004437,T0355,2025-07-09,2025-09-26,General Liability,16736.0,31509.71,48245.71,Open,0,
CL005232,T0087,2026-04-09,2026-04-10,Fire & Explosion,146503.22,231603.17,378106.39,Open,0,
CL000967,T0147,2022-10-10,2022-10-29,Medical Malpractice,83771.03,0.0,83771.03,Settled,0,
CL005906,T0094,2026-09-24,2026-09-30,Energy,21412.414800000002,46210.683600000004,67623.0984,Open,0,
CL004266,T0279,2025-07-30,2025-08-12,Political Risk,13276.774800000001,43005.5136,56282.2884,Open,0,
CL001509,T0538,2023-03-29,2023-04-05,Natural Catastrophe,112498.8,0.0,112498.8,Settled,0,
CL001767,T0084,2023-05-29,2023-07-04,Energy,68854.98,0.0,68854.98,Settled,0,
CL003087,T0443,2024-08-28,2024-09-15,Fire & Explosion,125921.55,0.0,125921.55,Settled,0,
CL003689,T0040,2025-02-21,2025-02-27,Auto Liability,89502.13,0.0,89502.13,Settled,0,
CL005523,T0557,2026-05-23,2026-06-21,Political Risk,665.0316,43569.824400000005,44234.856,Open,0,
CL005938,T0446,2026-09-28,2026-09-30,Business Interruption,67921.69,73277.83,141199.52000000002,Open,0,
CL004608,T0279,2025-09-28,2025-11-07,Political Risk,14010.202800000001,0.0,14010.202800000001,Settled,0,
CL001552,T0061,2023-02-16,2023-04-18,Auto Liability,41945.31,0.0,41945.31,Settled,0,
CL002673,T0240,2024-03-24,2024-04-25,Business Interruption,45113.1336,0.0,45113.1336,Settled,0,
CL000092,T0545,2021-05-24,2021-06-18,Workers Compensation,52653.618,497022.91200000007,549676.53,Open,0,
CL005233,T0224,2026-02-10,2026-04-10,Cyber,31990.65,40197.19,72187.84,Open,0,
CL002818,T0505,2024-05-20,2024-06-16,Business Interruption,361520.9,0.0,361520.9,Settled,0,
CL002845,T0010,2024-06-26,2024-06-26,Business Interruption,9564.21,0.0,9564.21,Settled,0,
CL005097,T0553,2026-02-13,2026-03-04,Cyber,6788.13,34678.92,41467.049999999996,Open,0,
CL005974,T0667,2026-09-13,2026-09-30,Political Risk,3155.46,6585.83,9741.29,Open,0,
CL003408,T0081,2024-10-12,2024-12-13,Medical Malpractice,6333.3468,0.0,6333.3468,Settled,0,
CL004694,T0163,2025-09-30,2025-11-29,Natural Catastrophe,66284.72,105072.74,171357.46000000002,Open,0,
CL000009,T0230,2021-02-15,2021-02-24,Aviation,271193.26,0.0,271193.26,Settled,0,
CL005367,T0135,2026-04-13,2026-05-12,Auto Liability,28474.5024,29478.0168,57952.5192,Open,0,
CL002745,T0673,2024-05-18,2024-05-21,General Liability,94111.67520000001,0.0,94111.67520000001,Settled,0,
CL005335,T0683,2026-02-24,2026-05-02,General Liability,34140.09,0.0,34140.09,Settled,0,
CL001748,T0609,2023-06-22,2023-06-25,Fire & Explosion,41720.64,0.0,41720.64,Settled,0,
CL004780,T0338,2025-11-06,2025-12-21,Business Interruption,42745.99,225583.97,268329.96,Open,0,
CL003187,T0299,2024-10-10,2024-10-10,Political Risk,19096.62672,66220.81752,85317.44424,Open,0,
CL005497,T0623,2026-06-07,2026-06-13,Cyber,28501.9,0.0,28501.9,Settled,0,
CL001046,T0499,2022-11-10,2022-11-23,Medical Malpractice,11898.0684,0.0,11898.0684,Settled,0,
CL003050,T0473,2024-08-31,2024-09-02,Natural Catastrophe,38410.4515,0.0,38410.4515,Settled,0,
CL001288,T0689,2022-11-09,2023-01-31,Credit & Surety,735864.3398,0.0,735864.3398,Settled,0,
CL001263,T0123,2022-11-26,2023-01-24,Natural Catastrophe,13621.76,0.0,13621.76,Settled,0,
CL000217,T0361,2021-08-17,2021-10-04,Auto Liability,37990.31,0.0,37990.31,Settled,0,
CL003879,T0239,2025-04-03,2025-04-22,Medical Malpractice,32008.05,0.0,32008.05,Settled,0,
CL001650,T0531,2023-05-19,2023-05-21,Professional Indemnity,12278.1312,0.0,12278.1312,Settled,0,
CL005812,T0013,2026-08-11,2026-09-10,Business Interruption,488.89,19842.13,20331.02,Open,0,
CL003345,T0001,2024-11-03,2024-11-26,Fire & Explosion,910039.38,0.0,910039.38,Settled,0,
CL003212,T0350,2024-08-27,2024-10-19,Auto Liability,26211.184200000003,0.0,26211.184200000003,Settled,0,
CL005172,T0414,2025-11-26,2026-03-25,General Liability,4054.38,0.0,4054.38,Settled,0,
CL002935,T0236,2024-07-05,2024-07-24,Workers Compensation,1671.51,0.0,1671.51,Settled,0,
CL003245,T0486,2024-10-26,2024-10-26,General Liability,107652.69,0.0,107652.69,Settled,0,
CL003713,T0129,2025-01-27,2025-03-06,Workers Compensation,10129.23,0.0,10129.23,Settled,0,
CL004520,T0635,2025-06-05,2025-10-19,Energy,28030.7628,0.0,28030.7628,Settled,0,
CL004737,T0423,2025-10-17,2025-12-09,Directors & Officers,400068.0,0.0,400068.0,Settled,0,
CL001359,T0499,2022-12-09,2023-02-20,Medical Malpractice,11653.405200000001,0.0,11653.405200000001,Settled,0,
CL004979,T0395,2025-12-23,2026-02-07,Workers Compensation,4362.27,0.0,4362.27,Settled,0,
CL002714,T0253,2024-03-25,2024-05-11,Professional Indemnity,9780.98,0.0,9780.98,Settled,0,
CL002149,T0412,2023-11-01,2023-11-05,Workers Compensation,55295.46000000001,0.0,55295.46000000001,Settled,0,
CL000499,T0066,2022-01-06,2022-03-31,Fire & Explosion,15145.81,0.0,15145.81,Settled,0,
CL004432,T0029,2025-09-02,2025-09-25,Energy,8061.04,25992.23,34053.27,Open,0,
CL000939,T0245,2022-09-05,2022-10-17,Auto Liability,15535.800000000001,0.0,15535.800000000001,Settled,0,
CL001200,T0083,2022-11-21,2023-01-06,Auto Liability,363323.6682,0.0,363323.6682,Settled,0,
CL004542,T0338,2025-10-04,2025-10-24,Fire & Explosion,13617.75,29779.44,43397.19,Open,0,
CL003664,T0327,2025-02-02,2025-02-21,Cyber,340625.58384000004,0.0,340625.58384000004,Settled,0,
CL001267,T0047,2023-01-14,2023-01-26,Political Risk,64640.67,0.0,64640.67,Settled,0,
CL004134,T0141,2025-05-28,2025-07-07,Workers Compensation,28125.02,62766.93,90891.95,Open,0,
CL005639,T0607,2026-05-12,2026-07-20,Directors & Officers,788.9508000000001,18532.573200000003,19321.524,Open,0,
CL004245,T0168,2025-08-05,2025-08-06,Credit & Surety,22885.09,0.0,22885.09,Settled,0,
CL002750,T0264,2024-05-14,2024-05-24,Professional Indemnity,283226.6952,0.0,283226.6952,Settled,0,
CL003224,T0402,2024-08-21,2024-10-22,Directors & Officers,155265.65724,0.0,155265.65724,Settled,0,
CL003771,T0125,2025-02-06,2025-03-23,Workers Compensation,477981.03,0.0,477981.03,Settled,0,
CL001069,T0622,2022-12-01,2022-12-01,Political Risk,14672.98128,0.0,14672.98128,Settled,0,
CL004578,T0370,2025-09-12,2025-10-31,Natural Catastrophe,126226.50120000001,0.0,126226.50120000001,Settled,0,
CL005892,T0013,2026-09-03,2026-09-30,Business Interruption,4981.4,5325.14,10306.54,Open,0,
CL004844,T0637,2026-01-01,2026-01-07,Marine Hull,11515.64,0.0,11515.64,Settled,0,
CL001014,T0296,2022-11-04,2022-11-12,Fire & Explosion,37337.13,0.0,37337.13,Settled,0,
CL000525,T0196,2022-04-06,2022-04-13,Fire & Explosion,1191.9420000000002,0.0,1191.9420000000002,Settled,0,
CL000435,T0316,2022-02-06,2022-02-21,Business Interruption,30582.41,0.0,30582.41,Settled,0,
CL002876,T0616,2024-06-13,2024-07-04,Aviation,1258.8804000000002,0.0,1258.8804000000002,Settled,0,
CL003602,T0360,2025-02-04,2025-02-06,Credit & Surety,8685.75,0.0,8685.75,Settled,0,
CL004958,T0470,2026-01-06,2026-02-01,Directors & Officers,30312.6624,316558.05480000004,346870.7172,Open,0,
CL002088,T0404,2023-07-08,2023-10-16,Fire & Explosion,232179.73,0.0,232179.73,Settled,0,
CL000325,T0316,2021-10-27,2021-12-16,Business Interruption,77462.53,0.0,77462.53,Settled,0,
CL001427,T0411,2023-02-19,2023-03-11,Fire & Explosion,28176.681600000004,106046.18280000001,134222.86440000002,Open,0,
CL004238,T0097,2025-07-24,2025-08-03,Medical Malpractice,3096.4572000000003,0.0,3096.4572000000003,Settled,0,
CL000589,T0283,2022-04-22,2022-05-20,General Liability,1338048.2448000002,0.0,1338048.2448000002,Settled,0,
CL005431,T0688,2026-05-26,2026-05-27,Fire & Explosion,117205.3028,260136.8432,377342.146,Open,0,
CL004083,T0644,2025-05-13,2025-06-16,General Liability,42949.01,0.0,42949.01,Settled,0,
CL001965,T0622,2023-09-01,2023-09-08,Political Risk,18235.41504,0.0,18235.41504,Settled,0,
CL000988,T0267,2022-10-31,2022-11-03,Marine Hull,117211.56,0.0,117211.56,Settled,0,
CL004593,T0568,2025-10-19,2025-11-03,Natural Catastrophe,10588.16472,73543.71684000001,84131.88156000001,Open,0,
CL004469,T0450,2025-08-31,2025-10-06,Auto Liability,2126955.25,0.0,2126955.25,Settled,0,
CL003446,T0199,2024-12-22,2024-12-24,Energy,10216.13736,0.0,10216.13736,Settled,0,
CL000249,T0333,2021-10-24,2021-10-25,Fire & Explosion,104437.9,0.0,104437.9,Settled,0,
CL003347,T0335,2024-11-08,2024-11-26,Energy,63388.61,0.0,63388.61,Settled,0,
CL000736,T0287,2022-07-31,2022-08-04,Political Risk,84906.77040000001,0.0,84906.77040000001,Settled,0,
CL001501,T0591,2023-03-10,2023-04-04,Marine Hull,40728.27,0.0,40728.27,Settled,0,
CL003191,T0218,2024-09-10,2024-10-11,Business Interruption,20492.406000000003,0.0,20492.406000000003,Settled,0,
CL004128,T0356,2025-07-01,2025-07-04,General Liability,247024.37,0.0,247024.37,Settled,0,
CL002623,T0271,2024-04-08,2024-04-10,Political Risk,36185.5944,0.0,36185.5944,Settled,0,
CL001855,T0384,2023-01-14,2023-07-27,Marine Hull,40936.460399999996,153707.52240000002,194643.98280000003,Open,0,
CL002814,T0547,2024-06-10,2024-06-15,Workers Compensation,50298.35400000001,0.0,50298.35400000001,Settled,0,
CL002836,T0272,2024-04-23,2024-06-22,Workers Compensation,3424691.22,0.0,3424691.22,Settled,0,
CL002083,T0489,2023-09-16,2023-10-14,Workers Compensation,10018.5984,0.0,10018.5984,Settled,0,
CL003384,T0157,2024-10-21,2024-12-05,Energy,22829.49,0.0,22829.49,Settled,0,
CL003873,T0179,2025-04-20,2025-04-21,General Liability,531592.68,0.0,531592.68,Settled,0,
CL004126,T0643,2025-06-22,2025-07-02,Natural Catastrophe,29402.092800000002,0.0,29402.092800000002,Settled,0,
CL005164,T0391,2026-03-22,2026-03-24,Natural Catastrophe,14753.85192,39515.734319999996,54269.58624,Open,0,
CL005447,T0700,2026-04-28,2026-05-31,Business Interruption,3022.8984,14341.3848,17364.2832,Open,0,
CL004410,T0016,2025-08-05,2025-09-19,Natural Catastrophe,197445.44,0.0,197445.44,Settled,0,
CL002319,T0264,2024-01-09,2024-01-09,Medical Malpractice,45442.4472,0.0,45442.4472,Settled,0,
CL003444,T0657,2024-10-26,2024-12-23,Aviation,23986.11,0.0,23986.11,Settled,0,
CL003963,T0285,2025-03-31,2025-05-13,Marine Hull,56341.65,0.0,56341.65,Settled,0,
CL004043,T0157,2025-06-01,2025-06-07,Marine Hull,156469.04,0.0,156469.04,Settled,0,
CL004887,T0490,2026-01-17,2026-01-17,Aviation,55999.544400000006,73775.3616,129774.90600000002,Open,0,
CL002757,T0299,2024-05-22,2024-05-26,Energy,139392.94992,0.0,139392.94992,Settled,0,
CL000191,T0380,2021-07-01,2021-09-17,Natural Catastrophe,9877.042800000001,11891.653200000002,21768.696000000004,Open,0,
CL005261,T0503,2026-04-12,2026-04-17,Aviation,5165.8,8249.25,13415.05,Open,0,
CL003363,T0302,2024-11-20,2024-11-30,Directors & Officers,1582.3728,0.0,1582.3728,Settled,0,
CL005159,T0064,2026-03-22,2026-03-23,Fire & Explosion,137566.83,0.0,137566.83,Settled,0,
CL000094,T0511,2021-05-28,2021-06-20,Natural Catastrophe,20469.78,40442.64,60912.42,Open,0,
CL004549,T0485,2025-10-01,2025-10-25,Directors & Officers,36548.2692,101543.7384,138092.0076,Open,0,
CL002620,T0093,2023-11-03,2024-04-09,Credit & Surety,5105.93,0.0,5105.93,Settled,0,
CL001213,T0315,2022-12-27,2023-01-10,Auto Liability,2330.25,49182.42,51512.67,Open,0,
CL004383,T0184,2025-08-08,2025-09-13,General Liability,7491.1068000000005,16961.0112,24452.118,Open,0,
CL003783,T0382,2025-03-13,2025-03-26,Workers Compensation,45748.43280000001,0.0,45748.43280000001,Settled,0,
CL005280,T0318,2026-04-11,2026-04-21,Fire & Explosion,399382.3152,558891.3168,958273.6320000001,Open,0,
CL004858,T0447,2026-01-02,2026-01-12,Energy,9404.553600000001,10738.4076,20142.9612,Open,0,
CL004290,T0114,2025-06-25,2025-08-19,Medical Malpractice,42584.13,0.0,42584.13,Settled,0,
CL004753,T0447,2025-12-08,2025-12-12,Marine Hull,12676.8672,56759.000400000004,69435.86760000001,Open,0,
CL005449,T0244,2026-05-14,2026-06-01,Workers Compensation,60013.58,0.0,60013.58,Settled,0,
CL003765,T0462,2025-03-17,2025-03-22,Fire & Explosion,17665.954,0.0,17665.954,Settled,0,
CL001000,T0676,2022-11-03,2022-11-06,General Liability,47565.2,0.0,47565.2,Settled,0,
CL004363,T0276,2025-09-06,2025-09-07,Directors & Officers,47190.8,100871.52,148062.32,Open,0,
CL001119,T0411,2022-12-12,2022-12-16,Natural Catastrophe,18639.1584,0.0,18639.1584,Settled,0,
CL002412,T0205,2024-01-29,2024-02-05,General Liability,42063.8,0.0,42063.8,Settled,0,
CL001430,T0478,2022-12-01,2023-03-12,Fire & Explosion,110618.0,0.0,110618.0,Settled,0,
CL003471,T0078,2024-12-14,2024-12-29,Directors & Officers,147665.36796,0.0,147665.36796,Settled,0,
CL001763,T0412,2023-06-17,2023-07-02,Workers Compensation,36125.1036,0.0,36125.1036,Settled,0,
CL001513,T0144,2023-02-28,2023-04-07,General Liability,44992.32,0.0,44992.32,Settled,0,
CL002028,T0512,2023-08-18,2023-09-28,Medical Malpractice,90865.2924,0.0,90865.2924,Settled,0,
CL004684,T0037,2025-09-03,2025-11-26,Directors & Officers,51936.6492,68604.7104,120541.3596,Open,0,
CL004906,T0058,2025-12-18,2026-01-22,Aviation,7385.55,0.0,7385.55,Settled,0,
CL004213,T0600,2025-07-06,2025-07-28,Natural Catastrophe,86789.94,0.0,86789.94,Settled,0,
CL003580,T0440,2025-01-19,2025-02-01,Political Risk,27423.29,0.0,27423.29,Settled,0,
CL002080,T0021,2023-10-10,2023-10-14,Professional Indemnity,21763.93,9327.4,31091.33,Reopened,0,
CL003349,T0475,2024-09-05,2024-11-26,Auto Liability,222766.57,0.0,222766.57,Settled,0,
CL002029,T0190,2023-07-21,2023-09-29,General Liability,91153.67,0.0,91153.67,Settled,0,
CL001616,T0610,2023-03-30,2023-05-10,Natural Catastrophe,892342.54,0.0,892342.54,Settled,0,
CL004138,T0220,2025-05-20,2025-07-08,Workers Compensation,8633.7468,0.0,8633.7468,Settled,0,
CL004370,T0224,2025-09-06,2025-09-10,Cyber,46609.6,19975.54,66585.14,Reopened,0,
CL005195,T0403,2026-03-11,2026-04-01,Natural Catastrophe,3428.23,5784.52,9212.75,Open,0,
CL005460,T0597,2026-05-29,2026-06-02,Energy,24492.31,26561.02,51053.33,Open,0,
CL002551,T0156,2024-02-07,2024-03-21,Natural Catastrophe,76631.94,0.0,76631.94,Settled,0,
CL002583,T0484,2024-02-20,2024-03-30,Business Interruption,199990.89,0.0,199990.89,Settled,0,
CL004107,T0700,2025-06-16,2025-06-24,Fire & Explosion,16469.676000000003,0.0,16469.676000000003,Settled,0,
CL001202,T0411,2022-12-25,2023-01-06,Fire & Explosion,53191.944,0.0,53191.944,Settled,0,
CL003616,T0285,2024-12-22,2025-02-09,Aviation,221052.07,0.0,221052.07,Settled,0,
CL005501,T0503,2026-05-20,2026-06-14,Marine Hull,2380.25,11649.47,14029.72,Open,0,
CL000277,T0419,2021-11-01,2021-11-08,Business Interruption,20031.26,0.0,20031.26,Settled,0,
CL001344,T0282,2022-12-18,2023-02-15,Business Interruption,62982.65,0.0,62982.65,Settled,0,
CL003395,T0692,2024-10-22,2024-12-09,Directors & Officers,142823.3256,0.0,142823.3256,Settled,0,
CL003009,T0639,2024-07-30,2024-08-20,Political Risk,45248.18,0.0,45248.18,Settled,0,
CL005890,T0002,2026-09-23,2026-09-30,Natural Catastrophe,876.1984,6245.720300000001,7121.9187,Open,0,
CL005854,T0625,2026-08-28,2026-09-20,Professional Indemnity,7198.092,11430.5364,18628.6284,Open,0,
CL005395,T0485,2026-05-08,2026-05-18,Credit & Surety,23895.864,85925.12400000001,109820.98800000001,Open,0,
CL005731,T0446,2026-08-05,2026-08-14,Fire & Explosion,3926.9,9623.77,13550.67,Open,0,
CL004589,T0184,2025-09-24,2025-11-03,Auto Liability,47466.0,90087.07680000001,137553.0768,Open,0,
CL000348,T0653,2021-12-25,2021-12-29,Fire & Explosion,494125.87,0.0,494125.87,Settled,0,
CL005054,T0550,2026-02-12,2026-02-24,Professional Indemnity,7503.3,64432.09,71935.39,Open,0,
CL000587,T0333,2022-04-17,2022-05-17,Fire & Explosion,129064.54,0.0,129064.54,Settled,0,
CL005359,T0670,2026-03-15,2026-05-09,Marine Hull,128.09,9151.92,9280.01,Open,0,
CL000655,T0011,2022-05-10,2022-06-24,General Liability,137151.8028,0.0,137151.8028,Settled,0,
CL004199,T0398,2025-06-30,2025-07-23,Natural Catastrophe,435343.356,0.0,435343.356,Settled,0,
CL002105,T0404,2023-10-22,2023-10-22,Natural Catastrophe,259264.56,496563.03,755827.5900000001,Open,0,
CL004933,T0103,2026-01-10,2026-01-26,Fire & Explosion,394158.36600000004,0.0,394158.36600000004,Settled,0,
CL001282,T0354,2023-01-10,2023-01-30,Auto Liability,53782.62,0.0,53782.62,Settled,0,
CL002738,T0473,2024-05-06,2024-05-18,Business Interruption,43851.703,0.0,43851.703,Settled,0,
CL003816,T0280,2025-03-30,2025-04-06,Fire & Explosion,80880.52,0.0,80880.52,Settled,0,
CL001842,T0241,2023-07-04,2023-07-23,Credit & Surety,87596.46,0.0,87596.46,Settled,0,
CL001438,T0098,2023-02-28,2023-03-15,Business Interruption,32027.659200000006,0.0,32027.659200000006,Settled,0,
CL003112,T0335,2024-09-09,2024-09-21,Political Risk,31655.64,0.0,31655.64,Settled,0,
CL002637,T0304,2024-03-29,2024-04-13,Business Interruption,112907.88,0.0,112907.88,Settled,0,
CL000690,T0354,2022-06-30,2022-07-20,Auto Liability,76892.53,0.0,76892.53,Settled,0,
CL002438,T0236,2024-02-10,2024-02-15,Workers Compensation,3907.52,1674.65,5582.17,Reopened,0,
CL005557,T0378,2026-06-27,2026-06-30,Medical Malpractice,6054.47076,10615.82004,16670.2908,Open,0,
CL001861,T0111,2023-04-07,2023-07-31,Cyber,13226.295600000001,0.0,13226.295600000001,Settled,0,
CL003461,T0249,2024-12-07,2024-12-27,Marine Hull,161173.1,0.0,161173.1,Settled,0,
CL001157,T0278,2022-12-04,2022-12-26,Auto Liability,47650.96,0.0,47650.96,Settled,0,
CL002645,T0126,2024-03-16,2024-04-15,Fire & Explosion,1734.31,0.0,1734.31,Settled,0,
CL001933,T0384,2023-08-16,2023-08-28,Aviation,129407.28480000001,0.0,129407.28480000001,Settled,0,
CL003493,T0107,2024-12-10,2025-01-05,Fire & Explosion,87378.59,0.0,87378.59,Settled,0,
CL005576,T0592,2026-06-24,2026-07-04,Credit & Surety,3620.04,25471.34,29091.38,Open,0,
CL005661,T0028,2026-07-18,2026-07-28,General Liability,683.53,9943.18,10626.710000000001,Open,0,
CL002573,T0649,2024-02-20,2024-03-28,Fire & Explosion,39110.4,0.0,39110.4,Settled,0,
CL003983,T0395,2025-04-18,2025-05-19,General Liability,655.17,2469.94,3125.11,Open,0,
CL003238,T0586,2024-10-23,2024-10-25,Professional Indemnity,11444.122800000001,0.0,11444.122800000001,Settled,0,
CL005491,T0306,2026-05-03,2026-06-11,Aviation,7853.63,27916.65,35770.28,Open,0,
CL002665,T0255,2024-03-03,2024-04-23,Political Risk,36039.6786,0.0,36039.6786,Settled,0,
CL000847,T0191,2022-08-09,2022-09-13,Energy,135609.39,0.0,135609.39,Settled,0,
CL005560,T0449,2026-05-20,2026-06-30,Directors & Officers,19781.32632,33747.20004,53528.52636,Open,0,
CL000669,T0061,2022-07-03,2022-07-03,Workers Compensation,60841.26,0.0,60841.26,Settled,0,
CL003596,T0276,2024-11-24,2025-02-05,Cyber,603036.7,0.0,603036.7,Settled,0,
CL005864,T0064,2026-09-10,2026-09-24,Fire & Explosion,12645.96,18702.01,31347.969999999998,Open,0,
CL002371,T0587,2024-01-06,2024-01-24,Credit & Surety,21850.614,0.0,21850.614,Settled,0,
CL003045,T0424,2024-08-28,2024-09-01,Cyber,224875.77,0.0,224875.77,Settled,0,
CL000844,T0342,2022-09-05,2022-09-12,Cyber,73912.6836,0.0,73912.6836,Settled,0,
CL005235,T0184,2026-03-18,2026-04-11,General Liability,62084.3724,0.0,62084.3724,Settled,0,
CL001724,T0647,2023-05-31,2023-06-14,Professional Indemnity,390173.18,0.0,390173.18,Settled,0,
CL004818,T0310,2025-12-17,2025-12-29,Business Interruption,119990.9,143041.96,263032.86,Open,0,
CL002104,T0045,2023-09-02,2023-10-22,Auto Liability,313764.01,0.0,313764.01,Settled,0,
CL005722,T0213,2026-08-08,2026-08-10,Fire & Explosion,2322.41,4576.97,6899.38,Open,0,
CL002687,T0454,2024-04-01,2024-04-30,Political Risk,23760.37,0.0,23760.37,Settled,0,
CL001702,T0282,2023-05-12,2023-06-09,Natural Catastrophe,28071.27,12030.54,40101.81,Reopened,0,
CL002012,T0525,2023-08-12,2023-09-24,Medical Malpractice,289665.54,0.0,289665.54,Settled,0,
CL003131,T0118,2024-09-10,2024-09-27,Natural Catastrophe,25062.88,121812.06,146874.94,Open,0,
CL005016,T0341,2026-01-24,2026-02-16,Energy,33676.22,0.0,33676.22,Settled,0,
CL003305,T0386,2024-10-29,2024-11-13,Fire & Explosion,42733.0404,0.0,42733.0404,Settled,0,
CL003543,T0033,2024-12-23,2025-01-20,Workers Compensation,195921.98,0.0,195921.98,Settled,0,
CL000912,T0493,2022-09-24,2022-10-08,Credit & Surety,152466.86,0.0,152466.86,Settled,0,
CL004760,T0327,2025-12-11,2025-12-15,Cyber,55455.471840000006,0.0,55455.471840000006,Settled,0,
CL005965,T0613,2026-09-01,2026-09-30,Professional Indemnity,4961.83,5892.49,10854.32,Open,0,
CL002898,T0101,2024-06-15,2024-07-14,Directors & Officers,8405.06,0.0,8405.06,Settled,0,
CL000593,T0468,2022-04-21,2022-05-23,Natural Catastrophe,67526.16,0.0,67526.16,Settled,0,
CL000845,T0416,2022-07-19,2022-09-12,Directors & Officers,11637.77,0.0,11637.77,Settled,0,
CL005880,T0035,2026-08-19,2026-09-28,Natural Catastrophe,22017.33,23145.55,45162.880000000005,Open,0,
CL002311,T0415,2024-01-02,2024-01-07,Energy,19949.87016,0.0,19949.87016,Settled,0,
CL003589,T0107,2025-01-19,2025-02-04,Business Interruption,125917.42,0.0,125917.42,Settled,0,
CL000696,T0286,2022-07-06,2022-07-23,Aviation,91238.5188,0.0,91238.5188,Settled,0,
CL000757,T0316,2022-06-26,2022-08-11,Natural Catastrophe,54385.01,0.0,54385.01,Settled,0,
CL000832,T0612,2022-08-06,2022-09-08,General Liability,202822.71,0.0,202822.71,Settled,0,
CL000644,T0687,2022-05-31,2022-06-20,Workers Compensation,14780.64,0.0,14780.64,Settled,0,
CL001944,T0145,2023-08-12,2023-09-02,Fire & Explosion,20250.95,0.0,20250.95,Settled,0,
CL000074,T0309,2021-04-14,2021-06-05,Workers Compensation,5507.1684,0.0,5507.1684,Settled,0,
CL002945,T0369,2024-07-05,2024-07-27,Workers Compensation,95955.1,0.0,95955.1,Settled,0,
CL003757,T0116,2025-02-11,2025-03-21,Aviation,12728.872080000001,5455.23096,18184.10304,Reopened,0,
CL000308,T0511,2021-12-08,2021-12-08,Fire & Explosion,167661.83,0.0,167661.83,Settled,0,
CL003884,T0328,2025-04-07,2025-04-23,Auto Liability,75312.1,0.0,75312.1,Settled,0,
CL001678,T0363,2023-05-29,2023-06-02,Fire & Explosion,1176794.2224,0.0,1176794.2224,Settled,0,
CL000687,T0642,2022-05-13,2022-07-16,Aviation,123771.81240000001,0.0,123771.81240000001,Settled,0,
CL002242,T0026,2023-08-10,2023-12-15,Workers Compensation,34190.5,0.0,34190.5,Settled,0,
CL000026,T0544,2021-01-30,2021-03-31,Credit & Surety,369131.58,0.0,369131.58,Settled,0,
CL001956,T0582,2023-07-20,2023-09-06,Fire & Explosion,40030.3836,245994.6348,286025.0184,Open,0,
CL002815,T0045,2024-03-24,2024-06-16,General Liability,48814.38,0.0,48814.38,Settled,0,
CL005763,T0325,2026-08-22,2026-08-24,Natural Catastrophe,16481.67,20548.53,37030.2,Open,0,
CL004994,T0346,2026-01-23,2026-02-11,General Liability,7747.693200000001,47978.6004,55726.293600000005,Open,0,
CL005387,T0413,2026-05-08,2026-05-17,Business Interruption,54203.9302,78084.23550000001,132288.1657,Open,0,
CL003134,T0486,2024-09-06,2024-09-27,Workers Compensation,74131.5,203638.45,277769.95,Open,0,
CL004877,T0459,2025-12-28,2026-01-16,Political Risk,11093.03,0.0,11093.03,Settled,0,
CL000353,T0506,2021-12-14,2022-01-02,Professional Indemnity,25760.214,0.0,25760.214,Settled,0,
CL004671,T0585,2025-11-09,2025-11-22,Workers Compensation,36174.222,0.0,36174.222,Settled,0,
CL000151,T0139,2021-08-02,2021-08-04,Directors & Officers,10116.1548,0.0,10116.1548,Unmapped,0,unmapped_status
CL001318,T0250,2023-01-06,2023-02-09,Political Risk,49173.0912,0.0,49173.0912,Settled,0,
CL005152,T0446,2025-12-26,2026-03-20,Natural Catastrophe,3887.02,56865.56,60752.579999999994,Open,0,
CL000904,T0232,2022-09-24,2022-10-05,Natural Catastrophe,49867.1,0.0,49867.1,Settled,0,
CL003175,T0054,2024-09-23,2024-10-08,Auto Liability,25943.4468,0.0,25943.4468,Settled,0,
CL001354,T0113,2023-01-20,2023-02-19,Professional Indemnity,47688.44004,0.0,47688.44004,Settled,0,
CL000048,T0231,2021-04-29,2021-05-06,Workers Compensation,486946.51,0.0,486946.51,Settled,0,
CL001691,T0390,2023-01-29,2023-06-06,General Liability,28483.763880000002,0.0,28483.763880000002,Settled,0,
CL005210,T0064,2026-03-27,2026-04-04,Natural Catastrophe,3442.65,48133.25,51575.9,Open,0,
CL001476,T0655,2023-03-21,2023-03-27,Aviation,19359.043200000004,0.0,19359.043200000004,Settled,0,
CL002730,T0520,2024-04-06,2024-05-16,Energy,475800.2748,0.0,475800.2748,Settled,0,
CL000950,T0687,2022-10-15,2022-10-20,Auto Liability,238229.82,0.0,238229.82,Settled,0,
CL002013,T0102,2023-08-20,2023-09-25,Medical Malpractice,73794.24,0.0,73794.24,Settled,0,
CL001168,T0509,2022-11-24,2022-12-28,Medical Malpractice,55104.2,0.0,55104.2,Settled,0,
CL000799,T0390,2022-08-05,2022-08-28,General Liability,162065.11728,0.0,162065.11728,Settled,0,
CL002110,T0622,2023-09-04,2023-10-24,Political Risk,32482.619880000002,0.0,32482.619880000002,Settled,0,
CL004964,T0651,2025-09-14,2026-02-02,Credit & Surety,669.74,1142.84,1812.58,Open,0,
CL000375,T0217,2022-01-03,2022-01-18,Energy,54392.7636,0.0,54392.7636,Settled,0,
CL005237,T0559,2026-04-11,2026-04-12,Natural Catastrophe,47672.63,108523.62,156196.25,Open,0,
CL005657,T0064,2026-07-25,2026-07-27,Natural Catastrophe,3334.33,21575.67,24910.0,Open,0,
CL005190,T0057,2026-02-15,2026-03-31,Natural Catastrophe,2125.116,6070.507200000001,8195.6232,Open,0,
CL003981,T0082,2025-05-15,2025-05-19,Business Interruption,127169.13,0.0,127169.13,Settled,0,
CL003813,T0116,2025-03-10,2025-04-05,Energy,147176.40264000001,0.0,147176.40264000001,Settled,0,
CL003359,T0673,2024-11-24,2024-11-29,General Liability,174439.92600000004,74759.976,249199.90200000003,Reopened,0,
CL004789,T0408,2025-12-19,2025-12-23,Professional Indemnity,213046.39,0.0,213046.39,Settled,0,
CL001072,T0383,2022-11-07,2022-12-02,Professional Indemnity,121080.02,0.0,121080.02,Settled,0,
CL005878,T0115,2026-09-17,2026-09-27,Credit & Surety,4572.06,86939.66,91511.72,Open,0,
CL004055,T0305,2025-03-16,2025-06-10,Workers Compensation,111366.3,0.0,111366.3,Settled,0,
CL001673,T0219,2023-05-28,2023-05-30,Business Interruption,15784.55,0.0,15784.55,Settled,0,
CL003068,T0517,2024-08-16,2024-09-06,Credit & Surety,5213.7756,0.0,5213.7756,Settled,0,
CL001569,T0509,2023-04-11,2023-04-24,Professional Indemnity,101264.46,0.0,101264.46,Settled,0,
CL003364,T0339,2024-10-01,2024-11-30,Natural Catastrophe,2489.7672000000002,1067.04,3556.8072,Reopened,0,
CL005450,T0310,2026-05-12,2026-06-01,Natural Catastrophe,23201.11,35701.51,58902.62,Open,0,
CL005140,T0158,2026-03-14,2026-03-16,Auto Liability,63752.8,0.0,63752.8,Settled,0,
CL004193,T0521,2025-07-13,2025-07-21,Professional Indemnity,58514.87,157226.63,215741.5,Open,0,
CL003574,T0534,2025-01-28,2025-01-29,Aviation,54002.68,0.0,54002.68,Settled,0,
CL005630,T0325,2026-07-16,2026-07-18,Business Interruption,4029.32,4241.99,8271.31,Open,0,
CL002400,T0274,2023-11-12,2024-02-01,Aviation,1748.9196,29740.7268,31489.6464,Open,0,
CL001599,T0656,2022-12-26,2023-05-05,Business Interruption,85006.27,0.0,85006.27,Settled,0,
CL004939,T0163,2026-01-21,2026-01-27,Business Interruption,6809.3,371806.42,378615.72,Open,0,
CL005065,T0187,2026-02-10,2026-02-26,Fire & Explosion,8124.840480000001,18196.93524,26321.77572,Open,0,
CL000843,T0292,2022-07-16,2022-09-12,Professional Indemnity,905.9796000000001,8030.404800000001,8936.3844,Open,0,
CL002934,T0236,2024-07-11,2024-07-24,Auto Liability,18192.71,0.0,18192.71,Settled,0,
CL001446,T0394,2023-01-30,2023-03-18,Natural Catastrophe,505296.73,0.0,505296.73,Settled,0,
CL005398,T0018,2026-05-10,2026-05-19,Workers Compensation,84840.95,224307.92,309148.87,Open,0,
CL001396,T0656,2023-02-22,2023-03-01,Fire & Explosion,437252.16,0.0,437252.16,Settled,0,
CL002490,T0253,2024-01-03,2024-03-01,Professional Indemnity,31003.8,0.0,31003.8,Settled,0,
CL004759,T0097,2025-12-11,2025-12-15,Professional Indemnity,7504.401600000001,17010.2484,24514.65,Open,0,
CL004825,T0670,2025-12-20,2025-12-30,Political Risk,24363.91,71781.97,96145.88,Open,0,
CL004314,T0365,2025-08-23,2025-08-26,Energy,312813.2844,0.0,312813.2844,Settled,0,
CL000974,T0196,2022-10-10,2022-10-31,Fire & Explosion,9298.3248,3984.9948000000004,13283.319599999999,Reopened,0,
CL002569,T0308,2024-03-21,2024-03-26,Directors & Officers,67394.05,0.0,67394.05,Settled,0,
CL003127,T0285,2024-09-01,2024-09-25,Energy,53127.98,0.0,53127.98,Settled,0,
CL001190,T0687,2023-01-01,2023-01-03,Auto Liability,430028.29,0.0,430028.29,Settled,0,
CL001061,T0451,2022-10-15,2022-11-28,Marine Hull,16072.36,0.0,16072.36,Settled,0,
CL000946,T0669,2022-08-05,2022-10-19,Natural Catastrophe,21139.48,0.0,21139.48,Settled,0,
CL005902,T0074,2026-09-24,2026-09-30,Fire & Explosion,63331.77,76155.34,139487.11,Open,0,
CL003625,T0370,2024-12-22,2025-02-11,Fire & Explosion,53389.1736,0.0,53389.1736,Settled,0,
CL003211,T0157,2024-10-08,2024-10-19,Aviation,116083.79,0.0,116083.79,Settled,0,
CL005133,T0565,2026-01-23,2026-03-14,General Liability,38615.62,0.0,38615.62,Settled,0,
CL001820,T0151,2023-07-11,2023-07-16,Auto Liability,38868.63,0.0,38868.63,Settled,0,
CL002721,T0571,2024-03-24,2024-05-13,Business Interruption,3430.63,0.0,3430.63,Settled,0,
CL004252,T0471,2025-06-28,2025-08-07,Business Interruption,24596.568,0.0,24596.568,Settled,0,
CL000220,T0104,2021-09-24,2021-10-06,Professional Indemnity,151.3,3066.06,3217.36,Open,0,
CL000792,T0150,2022-08-19,2022-08-25,General Liability,122864.65,0.0,122864.65,Settled,0,
CL003897,T0239,2025-03-19,2025-04-26,Professional Indemnity,105876.48,0.0,105876.48,Settled,0,
CL000240,T0522,2021-10-15,2021-10-17,Fire & Explosion,3730.01,41222.74,44952.75,Open,0,
CL000349,T0437,2021-11-12,2021-12-30,Medical Malpractice,38012.93,16291.26,54304.19,Reopened,0,
CL000177,T0314,2021-07-09,2021-09-04,Workers Compensation,2938.81,32327.23,35266.04,Open,0,
CL001180,T0422,2022-12-18,2022-12-30,Fire & Explosion,1960557.24,0.0,1960557.24,Settled,0,
CL003743,T0395,2025-02-05,2025-03-14,Workers Compensation,7851.46,0.0,7851.46,Settled,0,
CL002136,T0130,2023-10-01,2023-11-02,Auto Liability,178040.25,0.0,178040.25,Settled,0,
CL005338,T0378,2026-04-01,2026-05-03,Professional Indemnity,7666.26876,9635.82228,17302.09104,Open,0,
CL002000,T0240,2023-08-21,2023-09-22,Fire & Explosion,136533.6324,0.0,136533.6324,Settled,0,
CL001631,T0622,2023-04-25,2023-05-16,Political Risk,13143.895559999999,0.0,13143.895559999999,Settled,0,
CL002151,T0420,2023-11-06,2023-11-06,Natural Catastrophe,44941.00320000001,0.0,44941.00320000001,Settled,0,
CL003962,T0215,2025-04-09,2025-05-13,Business Interruption,149185.31,374061.17,523246.48,Open,0,
CL005774,T0374,2026-08-22,2026-08-26,Business Interruption,7606.386,21229.4736,28835.8596,Open,0,
CL004876,T0379,2026-01-04,2026-01-16,Credit & Surety,5918.61,13055.54,18974.15,Open,0,
CL003779,T0355,2025-03-23,2025-03-25,General Liability,100571.97,0.0,100571.97,Settled,0,
CL005485,T0485,2026-04-25,2026-06-09,Cyber,194392.4616,83311.0596,277703.5212,Reopened,0,
CL004541,T0589,2025-09-30,2025-10-23,Natural Catastrophe,224369.42760000002,0.0,224369.42760000002,Settled,0,
CL004604,T0138,2025-10-21,2025-11-07,Political Risk,184944.71,0.0,184944.71,Settled,0,
CL002099,T0415,2023-09-04,2023-10-20,Marine Hull,76391.01744,0.0,76391.01744,Settled,0,
CL004971,T0209,2026-01-25,2026-02-04,Aviation,11735.23,20745.19,32480.42,Open,0,
CL001008,T0626,2022-10-29,2022-11-09,Aviation,196184.66760000002,0.0,196184.66760000002,Settled,0,
CL004565,T0483,2025-09-09,2025-10-28,General Liability,7708.92,0.0,7708.92,Settled,0,
CL005114,T0625,2026-02-28,2026-03-09,Medical Malpractice,60972.976800000004,0.0,60972.976800000004,Settled,0,
CL002940,T0475,2024-07-20,2024-07-25,Workers Compensation,1326680.2,0.0,1326680.2,Settled,0,
CL003310,T0063,2024-10-19,2024-11-15,Directors & Officers,4287.438,0.0,4287.438,Settled,0,
CL004399,T0246,2025-09-08,2025-09-15,Workers Compensation,286539.77880000003,0.0,286539.77880000003,Settled,0,
CL004395,T0450,2025-07-15,2025-09-14,Auto Liability,5522944.87,0.0,5522944.87,Settled,0,
CL003859,T0211,2025-04-05,2025-04-17,Credit & Surety,145904.05,222426.28,368330.32999999996,Open,0,
CL004219,T0448,2025-06-07,2025-07-29,Energy,30407.626800000002,0.0,30407.626800000002,Settled,0,
CL001613,T0315,2023-05-05,2023-05-09,Workers Compensation,6369.26,0.0,6369.26,Settled,0,
CL003563,T0388,2025-01-19,2025-01-26,Fire & Explosion,65910.93,0.0,65910.93,Settled,0,
CL005598,T0679,2026-06-21,2026-07-09,Business Interruption,70451.72,0.0,70451.72,Settled,0,
CL004094,T0220,2025-05-24,2025-06-21,Auto Liability,1658.4912000000002,0.0,1658.4912000000002,Settled,0,
CL003815,T0168,2025-03-24,2025-04-06,Directors & Officers,41484.95,0.0,41484.95,Settled,0,
CL005574,T0200,2026-05-31,2026-07-04,Aviation,360502.2,495532.96,856035.16,Open,0,
CL005595,T0356,2026-05-17,2026-07-08,General Liability,7967.27,8265.57,16232.84,Open,0,
CL000848,T0371,2022-09-09,2022-09-13,Auto Liability,92579.05,0.0,92579.05,Settled,0,
CL001176,T0117,2022-12-26,2022-12-30,Fire & Explosion,210900.39,0.0,210900.39,Settled,0,
CL005059,T0356,2026-02-10,2026-02-25,General Liability,11149.56,0.0,11149.56,Settled,0,
CL005202,T0057,2026-02-05,2026-04-03,Natural Catastrophe,1758.0240000000001,7478.341200000001,9236.365200000002,Open,0,
CL000972,T0604,2022-10-01,2022-10-30,Political Risk,114835.94640000002,0.0,114835.94640000002,Settled,0,
CL001145,T0689,2022-09-27,2022-12-22,Cyber,1293250.2710000002,0.0,1293250.2710000002,Settled,0,
CL005432,T0110,2026-05-27,2026-05-28,Natural Catastrophe,9250.08,27131.92,36382.0,Open,0,
CL002117,T0659,2023-10-20,2023-10-25,Business Interruption,1790.1216000000002,0.0,1790.1216000000002,Settled,0,
CL002824,T0077,2024-06-13,2024-06-18,Auto Liability,21921.17,0.0,21921.17,Settled,0,
CL005863,T0503,2026-09-02,2026-09-23,Energy,63.78,4186.25,4250.03,Open,0,
CL000775,T0354,2022-07-07,2022-08-19,Workers Compensation,49154.51,0.0,49154.51,Settled,0,
CL002760,T0091,2024-05-22,2024-05-27,Workers Compensation,305446.63,0.0,305446.63,Settled,0,
CL004168,T0550,2025-04-26,2025-07-14,Professional Indemnity,72139.16,114654.46,186793.62,Open,0,
CL005308,T0565,2026-04-13,2026-04-26,General Liability,108528.44,473938.44,582466.88,Open,0,
CL005173,T0646,2026-03-23,2026-03-25,Fire & Explosion,2792.2212,49542.5268,52334.748,Open,0,
CL004352,T0038,2025-09-05,2025-09-05,Fire & Explosion,12889.11,22532.13,35421.240000000005,Open,0,
CL001553,T0207,2023-04-19,2023-04-19,Marine Hull,53315.064000000006,0.0,53315.064000000006,Settled,0,
CL003292,T0101,2024-11-09,2024-11-09,Directors & Officers,142761.82,0.0,142761.82,Settled,0,
CL003221,T0456,2024-08-28,2024-10-21,Business Interruption,164089.42,0.0,164089.42,Settled,0,
CL001900,T0142,2023-08-09,2023-08-14,Auto Liability,88958.40120000001,0.0,88958.40120000001,Settled,0,
CL003571,T0101,2024-12-19,2025-01-29,Credit & Surety,30734.14,0.0,30734.14,Settled,0,
CL003168,T0586,2024-09-16,2024-10-05,Medical Malpractice,2867.7888000000003,6535.3284,9403.1172,Open,0,
CL003152,T0076,2024-09-29,2024-10-01,General Liability,115334.75520000001,0.0,115334.75520000001,Settled,0,
CL004557,T0301,2025-10-02,2025-10-27,Workers Compensation,124.39,830.58,954.97,Open,0,
CL000439,T0541,2022-01-08,2022-02-23,Political Risk,348853.22,565018.04,913871.26,Open,0,
CL004769,T0318,2025-12-04,2025-12-18,Business Interruption,27002.224800000004,157748.68800000002,184750.91280000002,Open,0,
CL001505,T0387,2023-03-19,2023-04-05,Business Interruption,66724.97,0.0,66724.97,Settled,0,
CL005380,T0307,2026-04-29,2026-05-16,Workers Compensation,64535.15,200025.69,264560.84,Open,0,
CL000858,T0278,2022-08-07,2022-09-16,General Liability,22127.06,0.0,22127.06,Settled,0,
CL004331,T0646,2025-07-30,2025-08-29,Business Interruption,57887.265600000006,0.0,57887.265600000006,Settled,0,
CL003465,T0192,2024-11-17,2024-12-28,Directors & Officers,70297.13,0.0,70297.13,Settled,0,
CL000954,T0528,2022-09-26,2022-10-22,Energy,62644.96,0.0,62644.96,Settled,0,
CL000457,T0068,2022-02-28,2022-03-10,Business Interruption,43912.61,0.0,43912.61,Settled,0,
CL002198,T0009,2023-09-05,2023-11-27,Cyber,79212.74,0.0,79212.74,Settled,0,
CL002219,T0077,2023-11-08,2023-12-06,General Liability,517743.3,0.0,517743.3,Settled,0,
CL000665,T0664,2022-06-29,2022-06-30,Professional Indemnity,226305.61,96988.12,323293.73,Reopened,0,
CL002324,T0165,2023-12-13,2024-01-11,General Liability,75443.8212,0.0,75443.8212,Settled,0,
CL003989,T0370,2025-05-15,2025-05-21,Fire & Explosion,109183.04280000001,0.0,109183.04280000001,Settled,0,
CL002077,T0367,2023-10-03,2023-10-13,General Liability,399834.46,0.0,399834.46,Settled,0,
CL005289,T0004,2026-04-23,2026-04-23,Natural Catastrophe,18921.33,0.0,18921.33,Settled,0,
CL001141,T0622,2022-11-22,2022-12-21,Marine Hull,35347.9638,0.0,35347.9638,Settled,0,
CL000555,T0292,2022-03-29,2022-04-26,Medical Malpractice,240993.06840000002,0.0,240993.06840000002,Settled,0,
CL003441,T0526,2024-12-20,2024-12-22,Professional Indemnity,160643.52000000002,0.0,160643.52000000002,Settled,0,
CL002026,T0153,2023-08-28,2023-09-28,Auto Liability,34682.38,0.0,34682.38,Settled,0,
CL005405,T0188,2026-03-04,2026-05-20,Auto Liability,23270.52,0.0,23270.52,Settled,0,
CL002602,T0593,2024-04-01,2024-04-04,Political Risk,495213.11,0.0,495213.11,Settled,0,
CL004114,T0284,2025-05-06,2025-06-28,Cyber,254650.6944,0.0,254650.6944,Settled,0,
CL004373,T0318,2025-07-09,2025-09-11,Fire & Explosion,270982.962,0.0,270982.962,Settled,0,
CL004978,T0395,2025-12-25,2026-02-07,Auto Liability,15769.12,0.0,15769.12,Settled,0,
CL002852,T0535,2024-06-26,2024-06-27,Marine Hull,18764.09,0.0,18764.09,Settled,0,
CL004574,T0388,2025-10-07,2025-10-30,Business Interruption,85915.05,0.0,85915.05,Settled,0,
CL002362,T0648,2024-01-21,2024-01-22,Fire & Explosion,5728.946400000001,45939.528,51668.47440000001,Open,0,
CL005521,T0413,2026-06-17,2026-06-21,Fire & Explosion,190471.425,0.0,190471.425,Settled,0,
CL000440,T0653,2022-02-18,2022-02-23,Fire & Explosion,78873.12,604131.02,683004.14,Open,0,
CL002408,T0673,2024-01-16,2024-02-03,General Liability,451039.6332,0.0,451039.6332,Settled,0,
CL000532,T0027,2022-02-13,2022-04-16,Business Interruption,62707.13,0.0,62707.13,Settled,0,
CL005079,T0099,2026-01-08,2026-03-01,Energy,74044.03,0.0,74044.03,Settled,0,
CL001732,T0111,2023-05-28,2023-06-17,Directors & Officers,24526.0656,0.0,24526.0656,Settled,0,
CL001488,T0626,2023-03-03,2023-03-30,Marine Hull,5405.2056,0.0,5405.2056,Settled,0,
CL001081,T0326,2022-11-17,2022-12-05,Political Risk,2156.97,2517.82,4674.79,Open,0,
CL004645,T0298,2025-11-06,2025-11-16,General Liability,54973.4256,0.0,54973.4256,Settled,0,
CL005294,T0378,2026-04-04,2026-04-24,Professional Indemnity,4511.09556,0.0,4511.09556,Settled,0,
CL005155,T0471,2026-03-09,2026-03-21,Business Interruption,50895.0648,0.0,50895.0648,Settled,0,
CL000258,T0139,2021-09-11,2021-10-30,Credit & Surety,1571.3352000000002,0.0,1571.3352000000002,Settled,0,
CL000783,T0656,2022-08-20,2022-08-22,Business Interruption,39405.22,0.0,39405.22,Settled,0,
CL001886,T0273,2023-08-05,2023-08-10,Medical Malpractice,8497.980000000001,16940.8476,25438.827600000004,Open,0,
CL002129,T0454,2023-10-16,2023-10-29,Aviation,375338.25,0.0,375338.25,Settled,0,
CL000618,T0664,2022-05-04,2022-06-05,Medical Malpractice,355651.83,0.0,355651.83,Settled,0,
CL000550,T0100,2022-04-25,2022-04-25,Medical Malpractice,162495.62,0.0,162495.62,Settled,0,
CL004060,T0663,2025-06-07,2025-06-12,Workers Compensation,92431.72439999999,0.0,92431.72439999999,Settled,0,
CL004835,T0565,2025-12-28,2026-01-03,General Liability,1211.73,34890.76,36102.490000000005,Open,0,
CL002948,T0699,2024-07-10,2024-07-27,Fire & Explosion,371473.26,0.0,371473.26,Settled,0,
CL001135,T0493,2022-11-20,2022-12-19,Cyber,50873.52,21802.94,72676.45999999999,Reopened,0,
CL004268,T0406,2025-05-18,2025-08-12,Marine Hull,16480.1677,96034.82190000001,112514.9896,Open,0,
CL002629,T0516,2024-04-08,2024-04-11,Medical Malpractice,423048.04,0.0,423048.04,Settled,0,
CL000837,T0612,2022-08-29,2022-09-10,Auto Liability,44877.98,0.0,44877.98,Settled,0,
CL005034,T0555,2026-01-10,2026-02-19,Medical Malpractice,3349.05,0.0,3349.05,Settled,0,
CL002654,T0571,2024-04-12,2024-04-18,Business Interruption,71453.94,0.0,71453.94,Settled,0,
CL004755,T0529,2025-09-26,2025-12-13,Energy,973379.04,0.0,973379.04,Settled,0,
CL004620,T0607,2025-10-08,2025-11-10,Directors & Officers,83442.6576,266367.042,349809.6996,Open,0,
CL005462,T0423,2026-05-30,2026-06-03,Credit & Surety,68434.04,108072.9,176506.94,Open,0,
CL003883,T0300,2025-04-11,2025-04-23,Aviation,20769.34,113308.27,134077.61000000002,Open,0,
CL003357,T0533,2024-11-17,2024-11-29,Workers Compensation,359499.11,0.0,359499.11,Settled,0,
CL002541,T0216,2024-02-29,2024-03-18,Marine Hull,38241.45,0.0,38241.45,Settled,0,
CL001062,T0109,2022-11-16,2022-11-29,Fire & Explosion,76006.24,0.0,76006.24,Settled,0,
CL005372,T0110,2026-01-23,2026-05-14,Business Interruption,111939.31,160747.95,272687.26,Open,0,
CL002135,T0240,2023-09-14,2023-11-01,Fire & Explosion,264612.7332,0.0,264612.7332,Settled,0,
CL000133,T0380,2021-06-30,2021-07-21,Natural Catastrophe,39408.3468,0.0,39408.3468,Settled,0,
CL001503,T0235,2023-03-19,2023-04-05,Political Risk,87467.55,0.0,87467.55,Settled,0,
CL004478,T0071,2025-07-29,2025-10-10,Marine Hull,84152.52,0.0,84152.52,Settled,0,
CL000087,T0293,2021-06-10,2021-06-14,Business Interruption,17890.74,0.0,17890.74,Settled,0,
CL004935,T0686,2025-12-03,2026-01-26,Aviation,10989.1,64670.64,75659.74,Open,0,
CL003738,T0637,2025-02-23,2025-03-12,Energy,12990.47,0.0,12990.47,Settled,0,
CL005621,T0374,2026-05-09,2026-07-16,Natural Catastrophe,327.08880000000005,1916.3412000000003,2243.4300000000003,Open,0,
CL004928,T0488,2026-01-18,2026-01-25,Fire & Explosion,494910.34,0.0,494910.34,Settled,0,
CL001041,T0457,2022-08-15,2022-11-21,Fire & Explosion,39951.84,0.0,39951.84,Settled,0,
CL000046,T0159,2021-05-04,2021-05-04,Business Interruption,117354.06360000001,0.0,117354.06360000001,Settled,0,
CL002831,T0101,2024-06-18,2024-06-21,Directors & Officers,404071.97,0.0,404071.97,Settled,0,
CL000504,T0333,2022-04-02,2022-04-02,Fire & Explosion,29829.03,0.0,29829.03,Settled,0,
CL005756,T0503,2026-08-16,2026-08-21,Marine Hull,1043.28,206278.64,207321.92,Open,0,
CL001143,T0682,2022-11-04,2022-12-21,Workers Compensation,29319.55,0.0,29319.55,Settled,0,
CL005093,T0681,2026-02-15,2026-03-03,Fire & Explosion,10732.93,123713.76,134446.69,Open,0,
CL002525,T0334,2024-03-12,2024-03-12,Business Interruption,370558.16,0.0,370558.16,Settled,0,
CL001074,T0632,2022-11-25,2022-12-02,Natural Catastrophe,62255.96,0.0,62255.96,Settled,0,
CL003659,T0513,2025-01-25,2025-02-20,Directors & Officers,39365.84,48884.23,88250.07,Open,0,
CL002749,T0254,2024-05-09,2024-05-24,Professional Indemnity,62259.93,0.0,62259.93,Settled,0,
CL004909,T0543,2025-11-08,2026-01-22,Professional Indemnity,2559.72,0.0,2559.72,Settled,0,
CL003182,T0181,2024-09-19,2024-10-09,Auto Liability,49176.55,0.0,49176.55,Settled,0,
CL004201,T0122,2025-07-19,2025-07-24,Fire & Explosion,25257.31,76847.3,102104.61,Open,0,
CL004779,T0154,2025-12-21,2025-12-21,Professional Indemnity,35341.25,0.0,35341.25,Settled,0,
CL001556,T0604,2023-03-05,2023-04-19,Marine Hull,25366.77,0.0,25366.77,Settled,0,
CL005593,T0170,2026-05-08,2026-07-08,Marine Hull,3340.87,50234.83,53575.700000000004,Open,0,
CL004002,T0071,2025-05-17,2025-05-25,Marine Hull,14872.626000000002,0.0,14872.626000000002,Settled,0,
CL001694,T0148,2023-05-11,2023-06-07,Auto Liability,15915.70548,0.0,15915.70548,Settled,0,
CL004187,T0526,2025-06-19,2025-07-20,Medical Malpractice,51880.921200000004,100551.024,152431.94520000002,Open,0,
CL001044,T0207,2022-11-22,2022-11-23,Energy,154326.8808,0.0,154326.8808,Settled,0,
CL002082,T0295,2023-10-07,2023-10-14,Business Interruption,110456.49,0.0,110456.49,Settled,0,
CL000192,T0003,2021-08-09,2021-09-19,Directors & Officers,31057.3872,0.0,31057.3872,Settled,0,
CL002994,T0616,2024-07-10,2024-08-13,Political Risk,108656.6076,0.0,108656.6076,Settled,0,
CL002445,T0273,2024-01-30,2024-02-17,Medical Malpractice,96344.4024,0.0,96344.4024,Settled,0,
CL002982,T0299,2024-08-07,2024-08-09,Aviation,203145.7578,0.0,203145.7578,Settled,0,
CL004311,T0684,2025-08-23,2025-08-25,General Liability,6498.27,24822.57,31320.84,Open,0,
CL004930,T0553,2025-12-25,2026-01-25,Cyber,150327.45,389018.96,539346.41,Open,0,
CL000384,T0139,2022-01-06,2022-01-25,Cyber,10968.0264,0.0,10968.0264,Settled,0,
CL005439,T0146,2026-05-11,2026-05-30,Business Interruption,7134.026400000001,55156.604400000004,62290.630800000006,Open,0,
CL004210,T0261,2025-07-13,2025-07-27,General Liability,142691.69520000002,0.0,142691.69520000002,Settled,0,
CL005420,T0700,2026-05-04,2026-05-24,Business Interruption,5383.4652,98188.96680000001,103572.43200000002,Open,0,
CL005192,T0270,2026-03-03,2026-03-31,General Liability,2731.5922,8200.9488,10932.541,Open,0,
CL004731,T0257,2025-11-14,2025-12-08,Professional Indemnity,76114.5,0.0,76114.5,Settled,0,
CL005478,T0429,2026-05-13,2026-06-08,Cyber,35443.28,0.0,35443.28,Settled,0,
CL003259,T0520,2024-10-04,2024-10-28,Marine Hull,467330.364,0.0,467330.364,Settled,0,
CL005677,T0294,2026-07-27,2026-07-31,Credit & Surety,20678.976000000002,170611.36920000002,191290.3452,Open,0,
CL004371,T0495,2025-08-18,2025-09-10,Fire & Explosion,220708.55244000003,0.0,220708.55244000003,Settled,0,
CL000810,T0317,2022-08-27,2022-08-31,Medical Malpractice,487372.15,0.0,487372.15,Settled,0,
CL003402,T0157,2024-11-09,2024-12-12,Aviation,132501.88,0.0,132501.88,Settled,0,
CL002685,T0241,2024-04-18,2024-04-30,Credit & Surety,41521.75,0.0,41521.75,Settled,0,
CL001369,T0093,2023-01-30,2023-02-23,Directors & Officers,7999.15,0.0,7999.15,Settled,0,
CL000698,T0292,2022-07-18,2022-07-24,Professional Indemnity,38331.910800000005,0.0,38331.910800000005,Settled,0,
CL000271,T0349,2021-11-03,2021-11-05,Credit & Surety,117886.68,0.0,117886.68,Settled,0,
CL002965,T0305,2024-07-17,2024-08-01,General Liability,122136.32,623985.99,746122.31,Open,0,
CL003871,T0072,2025-04-21,2025-04-21,Natural Catastrophe,19145.31,0.0,19145.31,Settled,0,
CL004005,T0275,2025-05-20,2025-05-25,General Liability,41266.47,0.0,41266.47,Settled,0,
CL005333,T0596,2026-03-26,2026-05-02,Medical Malpractice,11454.782400000002,105128.96040000001,116583.7428,Open,0,
CL002695,T0665,2024-04-14,2024-05-02,Cyber,7557.91,0.0,7557.91,Settled,0,
CL003121,T0519,2024-09-05,2024-09-24,Business Interruption,1800.9540000000002,0.0,1800.9540000000002,Settled,0,
CL000467,T0504,2022-02-15,2022-03-15,Workers Compensation,1166297.19,0.0,1166297.19,Settled,0,
CL000699,T0642,2022-07-16,2022-07-24,Political Risk,357117.13080000004,0.0,357117.13080000004,Settled,0,
CL004265,T0249,2025-06-03,2025-08-12,Energy,31510.54,122127.19,153637.73,Open,0,
CL001393,T0464,2023-02-10,2023-03-01,Credit & Surety,540735.81,0.0,540735.81,Settled,0,
CL003640,T0360,2025-01-03,2025-02-15,Credit & Surety,148438.83,63616.64,212055.46999999997,Reopened,0,
CL002185,T0323,2023-11-21,2023-11-22,Energy,46524.54,0.0,46524.54,Settled,0,
CL002568,T0624,2024-03-15,2024-03-25,Business Interruption,90894.28,0.0,90894.28,Settled,0,
CL000794,T0493,2022-08-24,2022-08-25,Directors & Officers,110758.49,0.0,110758.49,Settled,0,
CL004870,T0589,2025-12-20,2026-01-14,Business Interruption,3147.7248,3823.1568,6970.881600000001,Open,0,
CL002345,T0648,2024-01-12,2024-01-15,Natural Catastrophe,417776.3784,0.0,417776.3784,Settled,0,
CL002895,T0043,2024-07-06,2024-07-13,Credit & Surety,9896.094,0.0,9896.094,Settled,0,
CL003833,T0638,2025-02-16,2025-04-09,Auto Liability,50308.36,0.0,50308.36,Settled,0,
CL001584,T0065,2023-04-30,2023-04-30,Workers Compensation,2401.85616,47424.049920000005,49825.90608000001,Open,0,
CL002280,T0334,2023-12-01,2023-12-27,Natural Catastrophe,134444.55,0.0,134444.55,Settled,0,
CL000175,T0217,2021-08-29,2021-09-02,Aviation,56693.973600000005,0.0,56693.973600000005,Settled,0,
CL000275,T0664,2021-10-30,2021-11-07,Medical Malpractice,64575.9,0.0,64575.9,Settled,0,
CL004960,T0182,2025-10-31,2026-02-02,Energy,36086.95,0.0,36086.95,Settled,0,
CL005696,T0341,2026-08-02,2026-08-05,Political Risk,2.97,5682.72,5685.6900000000005,Open,0,
CL000344,T0361,2021-11-18,2021-12-28,Auto Liability,11300.36,0.0,11300.36,Settled,0,
CL001572,T0477,2023-04-13,2023-04-25,Fire & Explosion,12013.0668,0.0,12013.0668,Settled,0,
CL003600,T0261,2025-02-02,2025-02-06,Workers Compensation,83136.456,35629.912800000006,118766.36880000001,Reopened,0,
CL003481,T0462,2024-12-29,2025-01-02,Natural Catastrophe,126603.0615,0.0,126603.0615,Settled,0,
CL005550,T0427,2026-04-20,2026-06-28,Political Risk,408972.88,1842202.72,2251175.6,Open,0,
CL003405,T0328,2024-12-10,2024-12-12,Workers Compensation,82413.91,0.0,82413.91,Settled,0,
CL004056,T0524,2025-06-08,2025-06-10,General Liability,8996.79,19117.77,28114.56,Open,0,
CL001012,T0267,2022-07-21,2022-11-11,Marine Hull,639930.31,0.0,639930.31,Settled,0,
CL002009,T0415,2023-08-25,2023-09-24,Aviation,24537.5964,0.0,24537.5964,Settled,0,
CL005896,T0028,2026-09-26,2026-09-30,General Liability,1762.98,6071.9,7834.879999999999,Open,0,
CL000578,T0245,2022-04-30,2022-05-10,Workers Compensation,137397.2544,0.0,137397.2544,Settled,0,
CL001621,T0566,2023-03-25,2023-05-12,Business Interruption,49398.77880000001,0.0,49398.77880000001,Settled,0,
CL000109,T0621,2021-06-28,2021-07-01,Fire & Explosion,90321.4908,0.0,90321.4908,Settled,0,
CL001836,T0137,2023-06-12,2023-07-21,Medical Malpractice,3134.78,0.0,3134.78,Settled,0,
CL005463,T0269,2026-04-05,2026-06-04,Business Interruption,33046.34,42412.13,75458.47,Open,0,
CL001689,T0334,2023-05-27,2023-06-06,Fire & Explosion,60781.04,0.0,60781.04,Settled,0,
CL001774,T0219,2023-07-01,2023-07-06,Fire & Explosion,16160.34,0.0,16160.34,Settled,0,
CL000625,T0278,2022-05-30,2022-06-09,General Liability,45005.01,0.0,45005.01,Settled,0,
CL004489,T0162,2025-09-16,2025-10-13,General Liability,11785.28,18452.6,30237.879999999997,Open,0,
CL004254,T0300,2025-06-05,2025-08-08,Marine Hull,53351.74,0.0,53351.74,Settled,0,
CL004621,T0032,2025-10-21,2025-11-11,Natural Catastrophe,16734.31,52273.33,69007.64,Open,0,
CL000183,T0139,2021-09-10,2021-09-10,Credit & Surety,6622.0740000000005,0.0,6622.0740000000005,Settled,0,
CL001560,T0044,2023-03-11,2023-04-21,Natural Catastrophe,198862.91,0.0,198862.91,Settled,0,
CL004102,T0465,2025-06-15,2025-06-23,Business Interruption,86216.06244000001,274697.20716,360913.2696,Open,0,
CL003458,T0330,2024-12-18,2024-12-26,Professional Indemnity,77037.2,0.0,77037.2,Settled,0,
CL003672,T0599,2025-02-16,2025-02-23,Auto Liability,4233.26,1814.25,6047.51,Reopened,0,
CL005710,T0201,2026-07-14,2026-08-08,Fire & Explosion,3186.98,6760.04,9947.02,Open,0,
CL005553,T0307,2026-06-23,2026-06-29,General Liability,20891.71,53451.34,74343.04999999999,Open,0,
CL000281,T0419,2021-10-26,2021-11-14,Fire & Explosion,76235.91,0.0,76235.91,Settled,0,
CL005761,T0152,2026-08-13,2026-08-23,Natural Catastrophe,126505.2969,232777.9317,359283.2286,Open,0,
CL002234,T0430,2023-11-11,2023-12-10,Business Interruption,101169.04,0.0,101169.04,Settled,0,
CL002829,T0443,2024-06-02,2024-06-20,Fire & Explosion,25660.35,0.0,25660.35,Settled,0,
CL002552,T0386,2024-03-06,2024-03-21,Natural Catastrophe,64059.3144,0.0,64059.3144,Settled,0,
CL002869,T0255,2024-05-12,2024-07-03,Energy,151092.08472,0.0,151092.08472,Settled,0,
CL005602,T0580,2026-05-27,2026-07-10,Marine Hull,19161.684,468849.6108,488011.29480000003,Open,0,
CL003475,T0627,2024-12-18,2024-12-30,Workers Compensation,78861.94,0.0,78861.94,Settled,0,
CL004299,T0280,2025-07-12,2025-08-21,Business Interruption,73866.22,0.0,73866.22,Settled,0,
CL004016,T0280,2025-05-16,2025-05-29,Fire & Explosion,14412.2,0.0,14412.2,Settled,0,
CL000670,T0619,2022-06-22,2022-07-03,Natural Catastrophe,80255.18,0.0,80255.18,Settled,0,
CL003732,T0350,2025-02-07,2025-03-11,Auto Liability,2400.5112,0.0,2400.5112,Settled,0,
CL000021,T0140,2021-03-25,2021-03-27,General Liability,36730.9944,0.0,36730.9944,Settled,0,
CL004069,T0222,2025-05-15,2025-06-14,Business Interruption,162283.77000000002,0.0,162283.77000000002,Settled,0,
CL002237,T0067,2023-11-04,2023-12-12,Natural Catastrophe,207135.72804000002,0.0,207135.72804000002,Settled,0,
CL000103,T0544,2021-04-15,2021-06-24,Credit & Surety,1044973.68,0.0,1044973.68,Settled,0,
CL000341,T0332,2021-12-17,2021-12-24,Workers Compensation,172723.59000000003,0.0,172723.59000000003,Settled,0,
CL004702,T0298,2025-10-20,2025-12-01,Workers Compensation,2437.4196,6813.1368,9250.556400000001,Open,0,
CL002213,T0086,2023-11-07,2023-12-03,Credit & Surety,59342.35,0.0,59342.35,Settled,0,
CL001115,T0672,2022-12-07,2022-12-15,Business Interruption,88728.71,0.0,88728.71,Settled,0,
CL001214,T0464,2022-12-02,2023-01-10,Directors & Officers,435415.75,0.0,435415.75,Settled,0,
CL002506,T0502,2024-01-16,2024-03-06,Workers Compensation,25738.130160000004,0.0,25738.130160000004,Settled,0,
CL005496,T0479,2026-06-06,2026-06-13,Auto Liability,12921.5896,0.0,12921.5896,Settled,0,
CL004766,T0527,2025-11-30,2025-12-17,Directors & Officers,103286.89080000001,0.0,103286.89080000001,Settled,0,
CL005147,T0013,2026-03-09,2026-03-18,Business Interruption,7378.28,48523.7,55901.979999999996,Open,0,
CL000226,T0458,2021-07-31,2021-10-12,Energy,102954.73,0.0,102954.73,Settled,0,
CL002974,T0469,2024-07-29,2024-08-06,Marine Hull,68518.05,0.0,68518.05,Settled,0,
CL003075,T0025,2024-09-04,2024-09-10,Cyber,58593.01,0.0,58593.01,Settled,0,
CL003831,T0473,2025-04-04,2025-04-09,Business Interruption,3244.8754,0.0,3244.8754,Settled,0,
CL005448,T0007,2026-05-24,2026-06-01,Workers Compensation,9066.32,29535.27,38601.59,Open,0,
CL005847,T0120,2026-08-23,2026-09-18,Aviation,34224.854400000004,37668.369600000005,71893.224,Open,0,
CL001651,T0622,2023-03-14,2023-05-21,Aviation,2577.2646,0.0,2577.2646,Settled,0,
CL003834,T0056,2025-03-20,2025-04-10,Auto Liability,12676.75,0.0,12676.75,Settled,0,
CL000049,T0380,2021-04-20,2021-05-06,Natural Catastrophe,22254.4368,0.0,22254.4368,Settled,0,
CL001810,T0193,2023-06-27,2023-07-13,Natural Catastrophe,101136.4,0.0,101136.4,Settled,0,
CL003527,T0279,2024-12-18,2025-01-15,Aviation,483785.7084,0.0,483785.7084,Settled,0,
CL000718,T0349,2022-04-20,2022-07-29,Credit & Surety,96994.04,0.0,96994.04,Settled,0,
CL004285,T0694,2025-07-12,2025-08-16,Marine Hull,807357.77,0.0,807357.77,Settled,0,
CL003832,T0552,2025-03-07,2025-04-09,Cyber,114723.06,0.0,114723.06,Settled,0,
CL004817,T0220,2025-12-24,2025-12-29,Workers Compensation,102.8268,6292.3932,6395.22,Open,0,
CL001418,T0036,2023-02-06,2023-03-08,Energy,260734.75,0.0,260734.75,Settled,0,
CL000677,T0281,2022-06-03,2022-07-08,Fire & Explosion,81844.43040000001,0.0,81844.43040000001,Settled,0,
CL005917,T0213,2026-09-23,2026-09-30,Business Interruption,18595.83,25710.48,44306.31,Open,0,
CL002880,T0331,2024-06-29,2024-07-05,Business Interruption,108329.79,0.0,108329.79,Settled,0,
CL002350,T0119,2023-12-23,2024-01-18,Workers Compensation,18245.3,0.0,18245.3,Settled,0,
CL005132,T0479,2026-03-13,2026-03-14,Auto Liability,27490.013600000002,0.0,27490.013600000002,Settled,0,
CL000113,T0468,2021-06-20,2021-07-04,Business Interruption,57759.39,0.0,57759.39,Settled,0,
CL002124,T0251,2023-09-04,2023-10-28,Auto Liability,454672.3752,0.0,454672.3752,Settled,0,
CL000153,T0545,2021-07-19,2021-08-07,Workers Compensation,68138.9172,362826.60480000003,430965.52200000006,Open,0,
CL004857,T0080,2026-01-06,2026-01-11,Business Interruption,165387.6576,0.0,165387.6576,Settled,0,
CL002081,T0039,2023-08-11,2023-10-14,Energy,34414.84,0.0,34414.84,Settled,0,
CL002605,T0386,2024-03-15,2024-04-05,Business Interruption,25924.914,0.0,25924.914,Settled,0,
CL000755,T0150,2022-07-17,2022-08-11,Workers Compensation,88454.11,0.0,88454.11,Settled,0,
CL000651,T0354,2022-06-09,2022-06-23,General Liability,42782.26,0.0,42782.26,Settled,0,
CL005666,T0442,2026-06-11,2026-07-28,Business Interruption,214730.72,0.0,214730.72,Settled,0,
CL005148,T0090,2026-01-03,2026-03-18,Aviation,1426.71,255229.11,256655.81999999998,Open,0,
CL005324,T0005,2026-03-03,2026-04-30,Fire & Explosion,1552.99,10523.26,12076.25,Open,0,
CL000017,T0140,2021-02-05,2021-03-17,Workers Compensation,43991.15400000001,0.0,43991.15400000001,Settled,0,
CL000653,T0642,2022-06-02,2022-06-23,Marine Hull,359626.05720000004,0.0,359626.05720000004,Settled,0,
CL005956,T0578,2026-09-25,2026-09-30,Aviation,2602.8777000000005,2900.4133,5503.291,Open,0,
CL000570,T0006,2022-04-18,2022-05-07,Professional Indemnity,1848.99,0.0,1848.99,Settled,0,
CL003333,T0043,2024-10-27,2024-11-23,Cyber,87639.17040000002,0.0,87639.17040000002,Settled,0,
CL001957,T0626,2023-08-16,2023-09-06,Aviation,21678.202800000003,41487.6492,63165.852,Open,0,
CL005002,T0379,2026-02-04,2026-02-12,Credit & Surety,742.75,1391.72,2134.4700000000003,Open,0,
CL001664,T0478,2023-05-23,2023-05-26,Business Interruption,157823.06,0.0,157823.06,Settled,0,
CL000822,T0044,2022-09-06,2022-09-06,Business Interruption,95072.11,0.0,95072.11,Settled,0,
CL003289,T0072,2024-10-29,2024-11-08,Natural Catastrophe,78554.73,0.0,78554.73,Settled,0,
CL004778,T0079,2025-12-07,2025-12-21,Fire & Explosion,6326.46,11326.03,17652.49,Open,0,
CL001710,T0477,2023-06-04,2023-06-11,Natural Catastrophe,200873.76840000003,0.0,200873.76840000003,Settled,0,
CL003008,T0181,2024-06-30,2024-08-20,Workers Compensation,125584.01,0.0,125584.01,Settled,0,
CL000672,T0006,2022-06-13,2022-07-06,Medical Malpractice,1954.59,0.0,1954.59,Settled,0,
CL004010,T0054,2025-05-16,2025-05-26,General Liability,33593.4864,0.0,33593.4864,Settled,0,
CL003830,T0157,2025-04-02,2025-04-09,Marine Hull,24726.6,0.0,24726.6,Settled,0,
CL002998,T0497,2024-07-28,2024-08-14,Auto Liability,74191.53,0.0,74191.53,Settled,0,
CL003708,T0033,2025-01-05,2025-03-04,Auto Liability,255797.79,0.0,255797.79,Settled,0,
CL004034,T0657,2025-03-29,2025-06-04,Political Risk,87315.55,0.0,87315.55,Settled,0,
CL000129,T0551,2021-07-18,2021-07-18,Business Interruption,90357.5196,0.0,90357.5196,Settled,0,
CL002424,T0218,2024-02-10,2024-02-10,Business Interruption,15220.828800000001,0.0,15220.828800000001,Settled,0,
CL000347,T0231,2021-11-22,2021-12-29,Auto Liability,154204.93,0.0,154204.93,Settled,0,
CL003066,T0657,2024-08-12,2024-09-05,Aviation,43403.63,0.0,43403.63,Settled,0,
CL005470,T0004,2026-05-21,2026-06-07,Natural Catastrophe,12458.37144,25069.26012,37527.63156,Open,0,
CL004180,T0203,2025-07-10,2025-07-19,Aviation,23716.10928,25739.488200000003,49455.597480000004,Open,0,
CL003930,T0040,2025-04-19,2025-05-02,Auto Liability,16116.12,0.0,16116.12,Settled,0,
CL002290,T0050,2023-12-29,2023-12-30,Workers Compensation,87569.7912,116683.3512,204253.1424,Open,0,
CL004025,T0638,2025-05-09,2025-06-02,General Liability,16861.26,0.0,16861.26,Settled,0,
CL000221,T0332,2021-08-29,2021-10-08,Auto Liability,86404.0608,0.0,86404.0608,Settled,0,
CL001790,T0130,2023-06-15,2023-07-09,General Liability,194408.14,0.0,194408.14,Settled,0,
CL002916,T0540,2024-04-08,2024-07-18,Energy,309385.89,0.0,309385.89,Settled,0,
CL001550,T0266,2023-03-29,2023-04-17,Fire & Explosion,429084.78,0.0,429084.78,Settled,0,
CL002157,T0478,2023-10-22,2023-11-08,Business Interruption,7030.98,0.0,7030.98,Settled,0,
CL004851,T0187,2026-01-03,2026-01-09,Natural Catastrophe,10744.57812,120932.86331999999,131677.44144,Open,0,
CL002761,T0236,2024-05-03,2024-05-27,Auto Liability,26524.52,11367.65,37892.17,Reopened,0,
CL001126,T0326,2022-11-15,2022-12-17,Marine Hull,588.16,3227.87,3816.0299999999997,Open,0,
CL002433,T0502,2024-02-06,2024-02-12,General Liability,24362.202240000002,0.0,24362.202240000002,Settled,0,
CL002633,T0343,2024-04-09,2024-04-12,Natural Catastrophe,159731.66,0.0,159731.66,Settled,0,
CL005383,T0646,2026-05-06,2026-05-16,Business Interruption,142654.98600000003,177798.09960000002,320453.08560000005,Open,0,
CL005690,T0248,2026-07-13,2026-08-04,Political Risk,3532.01,26211.42,29743.43,Open,0,
CL003436,T0370,2024-12-03,2024-12-20,Natural Catastrophe,132568.5744,0.0,132568.5744,Settled,0,
CL001264,T0206,2022-11-22,2023-01-24,Business Interruption,21412.38,0.0,21412.38,Settled,0,
CL005664,T0344,2026-07-01,2026-07-28,Business Interruption,4149.12,4404.01,8553.130000000001,Open,0,
CL002530,T0165,2024-02-17,2024-03-14,Workers Compensation,303376.1364,0.0,303376.1364,Settled,0,
CL004262,T0133,2025-07-23,2025-08-11,Cyber,13784.13768,0.0,13784.13768,Settled,0,
CL004430,T0459,2025-08-25,2025-09-23,Aviation,589.03,13783.27,14372.300000000001,Open,0,
CL003176,T0272,2024-09-24,2024-10-08,Workers Compensation,2302779.03,0.0,2302779.03,Settled,0,
CL000750,T0588,2022-06-11,2022-08-09,Natural Catastrophe,106747.1244,0.0,106747.1244,Settled,0,
CL002409,T0065,2024-01-28,2024-02-04,Auto Liability,64771.8894,0.0,64771.8894,Settled,0,
CL003520,T0211,2025-01-04,2025-01-13,Cyber,1198.28,0.0,1198.28,Settled,0,
CL004597,T0303,2025-10-01,2025-11-04,Natural Catastrophe,175330.91,0.0,175330.91,Settled,0,
CL005352,T0488,2026-04-21,2026-05-08,Fire & Explosion,47337.14,58549.27,105886.41,Open,0,
CL005638,T0490,2026-06-28,2026-07-20,Aviation,90605.93040000001,169971.6204,260577.55080000003,Open,0,
CL004422,T0291,2025-09-05,2025-09-21,Business Interruption,263840.49,0.0,263840.49,Settled,0,
CL005165,T0459,2026-03-08,2026-03-24,Energy,4551.91,18852.7,23404.61,Open,0,
CL004654,T0172,2025-11-15,2025-11-18,Aviation,21821.864400000002,0.0,21821.864400000002,Settled,0,
CL001082,T0669,2022-11-05,2022-12-05,Business Interruption,164309.09,0.0,164309.09,Settled,0,
CL002843,T0255,2024-06-07,2024-06-25,Energy,1583.78436,0.0,1583.78436,Settled,0,
CL001353,T0108,2023-01-17,2023-02-19,Medical Malpractice,251386.99,0.0,251386.99,Settled,0,
CL004517,T0668,2025-10-04,2025-10-18,Energy,158754.7584,0.0,158754.7584,Settled,0,
CL002399,T0127,2024-01-30,2024-02-01,General Liability,586039.36,0.0,586039.36,Settled,0,
CL005154,T0447,2026-03-17,2026-03-21,Aviation,23032.1232,77969.4984,101001.6216,Open,0,
CL000351,T0265,2021-11-29,2022-01-01,Business Interruption,50899.0,0.0,50899.0,Settled,0,
CL000897,T0614,2022-09-06,2022-10-03,Fire & Explosion,3083.52,26582.39,29665.91,Open,0,
CL001595,T0376,2023-04-27,2023-05-04,Business Interruption,22512.93,0.0,22512.93,Settled,0,
CL003058,T0262,2024-09-02,2024-09-04,Credit & Surety,316334.6892,0.0,316334.6892,Settled,0,
CL003604,T0448,2025-02-03,2025-02-06,Aviation,8896.068000000001,34360.3188,43256.3868,Open,0,
CL002995,T0218,2024-07-29,2024-08-14,Natural Catastrophe,14633.6868,0.0,14633.6868,Settled,0,
CL002903,T0167,2024-05-04,2024-07-15,Medical Malpractice,17476.63,0.0,17476.63,Settled,0,
CL001893,T0247,2023-08-06,2023-08-12,Workers Compensation,685049.3665,0.0,685049.3665,Settled,0,
CL001908,T0525,2023-07-16,2023-08-17,Medical Malpractice,169653.15,72708.49,242361.64,Reopened,0,
CL004618,T0365,2025-10-30,2025-11-09,Political Risk,2213.7840000000006,63397.8144,65611.5984,Open,0,
CL002557,T0540,2024-03-06,2024-03-22,Marine Hull,16431.2,0.0,16431.2,Settled,0,
CL005539,T0501,2026-06-08,2026-06-26,Cyber,5249.37,5642.82,10892.189999999999,Open,0,
CL002312,T0518,2024-01-04,2024-01-07,Professional Indemnity,34770.58,0.0,34770.58,Settled,0,
CL002753,T0420,2024-05-10,2024-05-25,Natural Catastrophe,105115.34160000001,0.0,105115.34160000001,Settled,0,
CL002781,T0472,2024-05-03,2024-06-04,Fire & Explosion,24007.39,0.0,24007.39,Settled,0,
CL003252,T0644,2024-10-27,2024-10-27,Auto Liability,17007.38,0.0,17007.38,Settled,0,
CL002139,T0025,2023-10-30,2023-11-03,Credit & Surety,3062.91,1312.67,4375.58,Reopened,0,
CL001603,T0507,2023-04-05,2023-05-06,Credit & Surety,10525.99,0.0,10525.99,Settled,0,
CL005904,T0085,2026-09-22,2026-09-30,Cyber,52271.65380000001,0.0,52271.65380000001,Settled,0,
CL005770,T0452,2026-08-07,2026-08-25,Professional Indemnity,3064.23,6749.49,9813.72,Open,0,
CL001743,T0036,2023-06-20,2023-06-23,Aviation,146869.18,0.0,146869.18,Settled,0,
CL005397,T0683,2026-05-08,2026-05-18,Workers Compensation,3160.15,80850.03,84010.18,Open,0,
CL004787,T0158,2025-11-09,2025-12-23,Workers Compensation,3984.05,24491.39,28475.44,Open,0,
CL000568,T0265,2022-04-26,2022-05-04,Business Interruption,32940.7,0.0,32940.7,Settled,0,
CL004895,T0244,2026-01-17,2026-01-19,Auto Liability,16515.65,119602.98,136118.63,Open,0,
CL004381,T0097,2025-06-07,2025-09-13,Professional Indemnity,44282.1168,66100.266,110382.3828,Open,0,
CL004927,T0212,2025-12-25,2026-01-25,Workers Compensation,50785.466400000005,0.0,50785.466400000005,Settled,0,
CL005188,T0524,2026-03-05,2026-03-30,General Liability,40416.06,216217.99,256634.05,Open,0,
CL001068,T0363,2022-11-17,2022-12-01,Natural Catastrophe,354796.1028,0.0,354796.1028,Settled,0,
CL003948,T0195,2025-01-16,2025-05-08,Fire & Explosion,322955.44476,0.0,322955.44476,Settled,0,
CL001224,T0336,2022-12-31,2023-01-12,Natural Catastrophe,141522.34,0.0,141522.34,Settled,0,
CL001472,T0363,2023-02-26,2023-03-27,Business Interruption,148542.7356,197034.552,345577.2876,Open,0,
CL005281,T0365,2026-04-06,2026-04-21,Aviation,74380.194,88867.90800000001,163248.10200000004,Open,0,
CL001554,T0480,2023-03-15,2023-04-19,Auto Liability,30253.597200000004,0.0,30253.597200000004,Settled,0,
CL004308,T0546,2025-07-26,2025-08-23,Natural Catastrophe,40430.67,155364.82,195795.49,Open,0,
CL004153,T0556,2025-06-16,2025-07-10,Fire & Explosion,85359.72,0.0,85359.72,Settled,0,
CL000211,T0333,2021-09-07,2021-09-30,Business Interruption,328829.07,0.0,328829.07,Settled,0,
CL001727,T0510,2023-06-06,2023-06-15,Auto Liability,23753.83,0.0,23753.83,Settled,0,
CL001113,T0614,2022-12-06,2022-12-14,Fire & Explosion,17446.05,0.0,17446.05,Settled,0,
CL004196,T0668,2025-07-14,2025-07-22,Aviation,20846.39496,266203.12679999997,287049.52176,Open,0,
CL001548,T0036,2023-04-01,2023-04-17,Energy,101422.89,0.0,101422.89,Settled,0,
CL003483,T0156,2024-12-20,2025-01-03,Fire & Explosion,274139.17,0.0,274139.17,Settled,0,
CL001187,T0251,2022-12-30,2023-01-02,Auto Liability,8294.119200000001,25460.816400000003,33754.935600000004,Open,0,
CL001035,T0653,2022-09-27,2022-11-20,Natural Catastrophe,231192.24,0.0,231192.24,Settled,0,
CL004449,T0521,2025-09-23,2025-09-29,Medical Malpractice,78069.05,0.0,78069.05,Settled,0,
CL005107,T0391,2026-02-14,2026-03-08,Natural Catastrophe,39302.09508,50637.69948,89939.79456,Open,0,
CL001242,T0457,2022-12-07,2023-01-16,Fire & Explosion,12034.11,0.0,12034.11,Settled,0,
CL004696,T0465,2025-11-19,2025-11-29,Fire & Explosion,35694.21744,0.0,35694.21744,Settled,0,
CL002679,T0678,2024-04-17,2024-04-27,Political Risk,29415.6858,0.0,29415.6858,Settled,0,
CL001332,T0247,2023-02-01,2023-02-12,General Liability,82648.5266,0.0,82648.5266,Settled,0,
CL002772,T0497,2024-04-28,2024-05-31,Workers Compensation,112210.89,0.0,112210.89,Settled,0,
CL003411,T0211,2024-12-12,2024-12-14,Cyber,44757.34,0.0,44757.34,Settled,0,
CL001099,T0210,2022-10-05,2022-12-11,Natural Catastrophe,4145.05,0.0,4145.05,Settled,0,
CL001335,T0383,2022-12-23,2023-02-12,Medical Malpractice,405945.64,0.0,405945.64,Settled,0,
CL004507,T0233,2025-09-10,2025-10-15,Directors & Officers,6491.11,231694.29,238185.4,Open,0,
CL002346,T0649,2024-01-04,2024-01-15,Natural Catastrophe,81084.87,0.0,81084.87,Settled,0,
CL001013,T0641,2022-11-04,2022-11-11,Directors & Officers,13518.82,0.0,13518.82,Settled,0,
CL000498,T0316,2022-02-27,2022-03-30,Natural Catastrophe,183522.66,0.0,183522.66,Settled,0,
CL000479,T0590,2022-02-06,2022-03-22,Cyber,2696.21,0.0,2696.21,Settled,0,
CL001775,T0274,2023-06-23,2023-07-06,Marine Hull,13000.8888,0.0,13000.8888,Settled,0,
CL000408,T0293,2022-01-28,2022-02-07,Natural Catastrophe,20005.4556,0.0,20005.4556,Settled,0,
CL001262,T0102,2022-10-29,2023-01-24,Medical Malpractice,10578.83,0.0,10578.83,Settled,0,
CL003977,T0097,2025-05-06,2025-05-17,Professional Indemnity,5434.8624,0.0,5434.8624,Settled,0,
CL000137,T0418,2021-07-24,2021-07-24,Workers Compensation,65082.46,105883.32,170965.78,Open,0,
CL004809,T0146,2025-12-06,2025-12-28,Fire & Explosion,53295.27840000001,124733.75760000001,178029.03600000002,Open,0,
CL004637,T0395,2025-11-01,2025-11-15,General Liability,277.91,0.0,277.91,Settled,0,
CL004649,T0030,2025-09-27,2025-11-17,Fire & Explosion,20829.93,0.0,20829.93,Settled,0,
CL000706,T0267,2022-07-18,2022-07-26,Political Risk,20212.72,32944.78,53157.5,Open,0,
CL005459,T0442,2026-05-16,2026-06-02,Fire & Explosion,79486.93,127172.19,206659.12,Open,0,
CL000571,T0042,2022-05-02,2022-05-07,Aviation,27610.6104,0.0,27610.6104,Settled,0,
CL004725,T0040,2025-11-13,2025-12-07,Workers Compensation,30804.29,0.0,30804.29,Settled,0,
CL001985,T0525,2023-08-18,2023-09-15,Professional Indemnity,22517.71,0.0,22517.71,Settled,0,
CL004741,T0602,2025-11-25,2025-12-10,Workers Compensation,740590.23,0.0,740590.23,Settled,0,
CL001384,T0421,2023-02-12,2023-02-28,Directors & Officers,117244.51,0.0,117244.51,Settled,0,
CL003966,T0552,2025-05-10,2025-05-13,Directors & Officers,46184.57,0.0,46184.57,Settled,0,
CL004827,T0543,2025-11-04,2025-12-31,Professional Indemnity,975.24,0.0,975.24,Settled,0,
CL004948,T0613,2025-12-22,2026-01-28,Medical Malpractice,56334.22,0.0,56334.22,Settled,0,
CL005128,T0356,2026-03-13,2026-03-13,General Liability,20969.61,30316.83,51286.44,Open,0,
CL003619,T0329,2025-01-28,2025-02-10,Natural Catastrophe,6543.09,0.0,6543.09,Settled,0,
CL004110,T0056,2025-06-13,2025-06-26,General Liability,13474.82,74396.55,87871.37,Open,0,
CL002697,T0574,2023-10-04,2024-05-03,General Liability,190449.9216,0.0,190449.9216,Settled,0,
CL001429,T0336,2023-03-07,2023-03-12,Fire & Explosion,105919.49,0.0,105919.49,Settled,0,
CL004706,T0187,2025-10-05,2025-12-03,Natural Catastrophe,41478.21456,51725.353800000004,93203.56836,Open,0,
CL004455,T0180,2025-08-28,2025-10-01,General Liability,132111.918,0.0,132111.918,Settled,0,
CL004640,T0029,2025-11-14,2025-11-16,Marine Hull,160874.98,0.0,160874.98,Settled,0,
CL002596,T0225,2024-03-22,2024-04-03,Political Risk,55463.022000000004,0.0,55463.022000000004,Settled,0,
CL001092,T0113,2022-10-27,2022-12-09,Professional Indemnity,5217.15876,0.0,5217.15876,Settled,0,
CL004745,T0413,2025-12-10,2025-12-11,Business Interruption,1534.1854,25596.634100000003,27130.8195,Open,0,
CL000591,T0278,2022-05-07,2022-05-22,Auto Liability,267051.63,0.0,267051.63,Settled,0,
CL001747,T0238,2023-04-14,2023-06-25,General Liability,16669.74,0.0,16669.74,Settled,0,
CL000958,T0108,2022-10-13,2022-10-25,Professional Indemnity,523601.7,0.0,523601.7,Settled,0,
CL005209,T0035,2026-03-15,2026-04-04,Business Interruption,152862.7,0.0,152862.7,Settled,0,
CL003586,T0033,2025-02-01,2025-02-03,Auto Liability,6157.31,0.0,6157.31,Settled,0,
CL003936,T0211,2025-04-19,2025-05-04,Directors & Officers,14453.11,0.0,14453.11,Settled,0,
CL005429,T0439,2026-05-18,2026-05-27,Medical Malpractice,94714.16,114180.65,208894.81,Open,0,
CL000402,T0139,2022-01-29,2022-02-04,Cyber,8088.012,0.0,8088.012,Settled,0,
CL002667,T0025,2024-04-14,2024-04-24,Directors & Officers,29543.75,0.0,29543.75,Settled,0,
CL001534,T0672,2023-03-15,2023-04-13,Business Interruption,129132.39,0.0,129132.39,Settled,0,
CL001116,T0682,2022-12-05,2022-12-15,Auto Liability,35532.35,0.0,35532.35,Unmapped,0,unmapped_status
CL004788,T0184,2025-12-06,2025-12-23,General Liability,6592.0824,10148.9112,16740.993599999998,Open,0,
CL005191,T0087,2026-03-05,2026-03-31,Natural Catastrophe,2863.9,419226.36,422090.26,Open,0,
CL005832,T0427,2026-09-08,2026-09-13,Aviation,41443.05,92030.04,133473.09,Open,0,
CL003532,T0584,2024-12-09,2025-01-15,General Liability,4370.08,0.0,4370.08,Settled,0,
CL000255,T0392,2021-10-20,2021-10-29,Political Risk,45961.08,0.0,45961.08,Settled,0,
CL002340,T0010,2023-11-11,2024-01-15,Business Interruption,11371.81,0.0,11371.81,Settled,0,
CL002190,T0186,2023-11-17,2023-11-24,Political Risk,97359.59160000001,0.0,97359.59160000001,Settled,0,
CL002908,T0067,2024-07-03,2024-07-16,Natural Catastrophe,555957.2870400001,0.0,555957.2870400001,Settled,0,
CL003318,T0081,2024-11-04,2024-11-18,Professional Indemnity,6376.5468,0.0,6376.5468,Settled,0,
CL001922,T0531,2023-07-12,2023-08-22,Medical Malpractice,8265.304800000002,0.0,8265.304800000002,Settled,0,
CL002847,T0299,2024-06-11,2024-06-26,Energy,72473.079,0.0,72473.079,Settled,0,
CL004224,T0012,2025-06-30,2025-07-31,Workers Compensation,104682.79,0.0,104682.79,Settled,0,
CL003164,T0502,2024-09-14,2024-10-04,General Liability,391.39488,2010.15372,2401.5486,Open,0,
CL002566,T0547,2024-02-29,2024-03-25,Workers Compensation,53978.1948,0.0,53978.1948,Settled,0,
CL003118,T0692,2024-09-05,2024-09-23,Credit & Surety,121174.2072,0.0,121174.2072,Settled,0,
CL004464,T0644,2025-08-24,2025-10-04,Auto Liability,8139.03,68692.09,76831.12,Open,0,
CL000267,T0314,2021-11-03,2021-11-03,General Liability,9188.73,0.0,9188.73,Settled,0,
CL003895,T0556,2025-04-19,2025-04-25,Natural Catastrophe,2532.03,25765.29,28297.32,Open,0,
CL005373,T0244,2026-04-30,2026-05-14,Workers Compensation,165205.74,0.0,165205.74,Settled,0,
CL004481,T0450,2025-10-03,2025-10-11,Workers Compensation,2360786.33,0.0,2360786.33,Settled,0,
CL002775,T0415,2024-04-27,2024-06-03,Energy,43816.38456,18778.450559999997,62594.835119999996,Reopened,0,
CL001425,T0322,2023-03-01,2023-03-10,Professional Indemnity,475.16,0.0,475.16,Settled,0,
CL002498,T0569,2024-02-09,2024-03-04,General Liability,83656.14,0.0,83656.14,Settled,0,
CL003307,T0211,2024-11-09,2024-11-14,Credit & Surety,3408.95,0.0,3408.95,Settled,0,
CL005410,T0583,2026-05-06,2026-05-20,Natural Catastrophe,9704.3621,148094.2174,157798.5795,Open,0,
CL005286,T0559,2026-04-18,2026-04-22,Business Interruption,195019.19,298512.56,493531.75,Open,0,
CL003335,T0071,2024-11-05,2024-11-23,Political Risk,3023.0280000000002,0.0,3023.0280000000002,Settled,0,
CL000684,T0098,2022-06-25,2022-07-14,Natural Catastrophe,40489.718400000005,0.0,40489.718400000005,Settled,0,
CL000118,T0134,2021-04-20,2021-07-09,Natural Catastrophe,46131.39,19770.6,65901.98999999999,Reopened,0,
CL000319,T0014,2021-12-06,2021-12-13,Aviation,1359.97,0.0,1359.97,Settled,0,
CL002168,T0247,2023-10-27,2023-11-15,Auto Liability,58012.2411,0.0,58012.2411,Settled,0,
CL000908,T0687,2022-09-12,2022-10-05,General Liability,1520757.47,0.0,1520757.47,Settled,0,
CL004369,T0450,2025-09-09,2025-09-09,Auto Liability,894908.46,0.0,894908.46,Settled,0,
CL001896,T0434,2023-07-23,2023-08-13,Natural Catastrophe,48905.7588,0.0,48905.7588,Settled,0,
CL004293,T0589,2025-07-22,2025-08-19,Business Interruption,97583.832,0.0,97583.832,Settled,0,
CL001226,T0642,2022-12-19,2023-01-12,Aviation,55841.57280000001,0.0,55841.57280000001,Settled,0,
CL001614,T0394,2023-04-20,2023-05-09,Business Interruption,68299.65,0.0,68299.65,Settled,0,
CL005868,T0605,2026-08-09,2026-09-24,Workers Compensation,47161.92,0.0,47161.92,Settled,0,
CL005960,T0592,2026-08-10,2026-09-30,Directors & Officers,23778.14,28041.27,51819.41,Open,0,
CL003200,T0160,2024-09-24,2024-10-15,Workers Compensation,143569.89,0.0,143569.89,Settled,0,
CL004854,T0301,2025-10-11,2026-01-10,Workers Compensation,11672.69,15104.11,26776.800000000003,Open,0,
CL000279,T0431,2021-09-21,2021-11-13,Professional Indemnity,224893.15,0.0,224893.15,Settled,0,
CL003412,T0214,2024-12-14,2024-12-14,General Liability,137058.65,0.0,137058.65,Settled,0,
CL005005,T0341,2025-12-16,2026-02-13,Aviation,4483.14,24971.51,29454.649999999998,Open,0,
CL001050,T0630,2022-11-18,2022-11-25,General Liability,33575.96,0.0,33575.96,Settled,0,
CL005877,T0201,2026-08-10,2026-09-26,Fire & Explosion,4339.52,13090.17,17429.690000000002,Open,0,
CL003798,T0275,2025-03-13,2025-03-31,Workers Compensation,72384.76,0.0,72384.76,Settled,0,
CL000659,T0109,2022-06-01,2022-06-27,Business Interruption,53731.41,0.0,53731.41,Settled,0,
CL004879,T0684,2025-12-26,2026-01-16,Auto Liability,37330.05,0.0,37330.05,Settled,0,
CL002591,T0086,2024-03-31,2024-04-02,Cyber,35335.25,0.0,35335.25,Settled,0,
CL003950,T0443,2025-04-02,2025-05-08,Natural Catastrophe,399343.32,0.0,399343.32,Settled,0,
CL000802,T0210,2022-07-30,2022-08-29,Natural Catastrophe,19833.63,0.0,19833.63,Settled,0,
CL003063,T0253,2024-08-21,2024-09-05,Professional Indemnity,12123.47,0.0,12123.47,Settled,0,
CL003277,T0091,2024-09-14,2024-11-04,Auto Liability,326967.71,0.0,326967.71,Settled,0,
CL002195,T0021,2023-10-09,2023-11-26,Medical Malpractice,107474.84,0.0,107474.84,Settled,0,
CL001864,T0148,2023-06-22,2023-08-01,Workers Compensation,40061.32284,0.0,40061.32284,Settled,0,
CL003622,T0221,2024-11-06,2025-02-11,Auto Liability,68541.19,0.0,68541.19,Settled,0,
CL003239,T0043,2024-10-21,2024-10-26,Cyber,5728.3956,0.0,5728.3956,Settled,0,
CL003874,T0181,2025-04-17,2025-04-21,General Liability,579.72,830.81,1410.53,Open,0,
CL000015,T0332,2021-03-04,2021-03-11,Workers Compensation,270637.64280000003,0.0,270637.64280000003,Settled,0,
CL003551,T0532,2025-01-12,2025-01-21,Auto Liability,5186.97,0.0,5186.97,Settled,0,
CL000322,T0265,2021-11-26,2021-12-14,Fire & Explosion,92391.95,0.0,92391.95,Settled,0,
CL002936,T0155,2024-07-16,2024-07-25,Natural Catastrophe,11123.77,0.0,11123.77,Settled,0,
CL000793,T0477,2022-08-21,2022-08-25,Fire & Explosion,2557.71,26163.1944,28720.904400000003,Open,0,
CL000403,T0332,2021-12-28,2022-02-04,Workers Compensation,34500.3948,0.0,34500.3948,Settled,0,
CL001291,T0337,2023-01-23,2023-02-01,General Liability,61620.8,0.0,61620.8,Settled,0,
CL003006,T0629,2024-08-01,2024-08-19,Energy,61204.84,0.0,61204.84,Settled,0,
CL005966,T0613,2026-08-21,2026-09-30,Medical Malpractice,6878.23,12194.79,19073.02,Open,0,
CL002133,T0351,2023-10-13,2023-10-31,Natural Catastrophe,113504.31552000002,0.0,113504.31552000002,Settled,0,
CL005413,T0597,2026-05-21,2026-05-21,Energy,72180.8,93717.8,165898.6,Open,0,
CL005645,T0106,2026-06-11,2026-07-23,Professional Indemnity,21170.88,29508.73,50679.61,Open,0,
CL004619,T0439,2025-11-06,2025-11-09,Professional Indemnity,1209.38,14017.38,15226.759999999998,Open,0,
CL001186,T0151,2023-01-01,2023-01-01,General Liability,46964.12,0.0,46964.12,Settled,0,
CL000289,T0476,2021-11-18,2021-11-19,Auto Liability,52034.518800000005,0.0,52034.518800000005,Settled,0,
CL005781,T0133,2026-02-25,2026-08-28,Directors & Officers,1932.2922,25229.198640000002,27161.490840000006,Open,0,
CL002739,T0137,2024-02-09,2024-05-19,Professional Indemnity,41906.3,0.0,41906.3,Settled,0,
CL001475,T0507,2023-03-19,2023-03-27,Cyber,15055.27,0.0,15055.27,Settled,0,
CL005471,T0058,2026-06-04,2026-06-07,Aviation,612738.99,2450955.96,3063694.95,Open,1,
CL000332,T0399,2021-11-26,2021-12-20,Business Interruption,81763.13,0.0,81763.13,Settled,0,
CL005544,T0577,2026-06-24,2026-06-27,Business Interruption,70122.888,171145.39680000002,241268.28480000002,Open,0,
CL000915,T0647,2022-10-02,2022-10-09,Professional Indemnity,80120.53,0.0,80120.53,Settled,0,
CL002810,T0302,2024-06-10,2024-06-14,Directors & Officers,84778.0776,0.0,84778.0776,Settled,0,
CL001130,T0144,2022-12-04,2022-12-18,Auto Liability,129944.89,0.0,129944.89,Settled,0,
CL001230,T0636,2022-11-16,2023-01-13,Auto Liability,99720.67680000002,0.0,99720.67680000002,Settled,0,
CL005848,T0346,2026-09-15,2026-09-18,General Liability,268230.3876,0.0,268230.3876,Settled,0,
CL005453,T0625,2026-05-27,2026-06-01,Professional Indemnity,1564.2720000000002,15487.653600000001,17051.925600000002,Open,0,
CL004222,T0259,2025-06-11,2025-07-30,General Liability,2890744.5348,0.0,2890744.5348,Settled,0,
CL005913,T0178,2026-09-20,2026-09-30,Credit & Surety,74307.1,87024.97,161332.07,Open,0,
CL001733,T0387,2023-06-17,2023-06-18,Fire & Explosion,20532.53,36244.14,56776.67,Open,0,
CL002676,T0165,2024-04-24,2024-04-26,Auto Liability,72534.9384,0.0,72534.9384,Settled,0,
CL000905,T0481,2022-09-06,2022-10-05,Aviation,31154.19,0.0,31154.19,Settled,0,
CL001177,T0151,2022-12-15,2022-12-30,General Liability,28123.4,0.0,28123.4,Settled,0,
CL000476,T0210,2022-03-03,2022-03-21,Natural Catastrophe,5419.6,0.0,5419.6,Settled,0,
CL000621,T0499,2022-05-13,2022-06-06,Medical Malpractice,31067.5608,0.0,31067.5608,Settled,0,
CL004951,T0298,2026-01-25,2026-01-30,Auto Liability,15267.474,0.0,15267.474,Settled,0,
CL005230,T0297,2026-03-12,2026-04-09,Cyber,3210.05,7927.21,11137.26,Open,0,
CL004596,T0162,2025-09-16,2025-11-04,General Liability,69979.87,0.0,69979.87,Settled,0,
CL004480,T0683,2025-09-16,2025-10-10,Auto Liability,188261.06,0.0,188261.06,Settled,0,
CL001887,T0308,2023-06-23,2023-08-10,Directors & Officers,47024.21,0.0,47024.21,Settled,0,
CL000983,T0354,2022-10-17,2022-11-02,Workers Compensation,64034.24,0.0,64034.24,Settled,0,
CL005001,T0234,2026-02-12,2026-02-12,Fire & Explosion,144.27,14131.43,14275.7,Open,0,
CL000326,T0419,2021-08-27,2021-12-16,Natural Catastrophe,178190.39,0.0,178190.39,Settled,0,
CL000148,T0380,2021-07-24,2021-08-01,Business Interruption,169822.27800000002,250288.4664,420110.7444,Open,0,
CL000080,T0576,2021-05-21,2021-06-09,Political Risk,35355.01,0.0,35355.01,Settled,0,
CL000879,T0680,2022-08-22,2022-09-26,Fire & Explosion,31913.67,0.0,31913.67,Settled,0,
CL001717,T0489,2023-05-22,2023-06-12,Auto Liability,64386.40320000001,0.0,64386.40320000001,Settled,0,
CL003053,T0520,2024-07-13,2024-09-02,Energy,23232.096,0.0,23232.096,Settled,0,
CL003633,T0560,2025-01-11,2025-02-12,Fire & Explosion,486468.20879999996,0.0,486468.20879999996,Settled,0,
CL004746,T0471,2025-10-22,2025-12-11,Natural Catastrophe,33513.804000000004,0.0,33513.804000000004,Settled,0,
CL002918,T0460,2024-06-19,2024-07-19,General Liability,174892.1868,0.0,174892.1868,Settled,0,
CL004610,T0557,2025-10-31,2025-11-07,Political Risk,29846.178,40086.586800000005,69932.7648,Open,0,
CL000022,T0175,2021-03-06,2021-03-27,Workers Compensation,44476.47,0.0,44476.47,Settled,0,
CL004026,T0070,2025-05-05,2025-06-03,Fire & Explosion,19792.25,0.0,19792.25,Settled,0,
CL001940,T0659,2023-07-14,2023-08-30,Fire & Explosion,23643.8352,0.0,23643.8352,Settled,0,
CL003222,T0618,2024-09-29,2024-10-21,Energy,25994.8008,0.0,25994.8008,Settled,0,
CL002832,T0271,2024-06-18,2024-06-21,Marine Hull,107924.40000000001,0.0,107924.40000000001,Settled,0,
CL005482,T0555,2026-05-08,2026-06-08,Medical Malpractice,984.82,2143.52,3128.34,Open,0,
CL000385,T0399,2022-01-01,2022-01-26,Fire & Explosion,292398.25,0.0,292398.25,Settled,0,
CL002308,T0502,2023-11-11,2024-01-06,Auto Liability,393.81516,406.27680000000004,800.0919600000001,Open,0,
CL002571,T0142,2024-03-01,2024-03-28,General Liability,25859.4228,33117.2064,58976.62920000001,Open,0,
CL003877,T0189,2025-04-14,2025-04-22,Business Interruption,34414.45,0.0,34414.45,Settled,0,
CL001100,T0425,2022-10-20,2022-12-11,Workers Compensation,44331.99,0.0,44331.99,Settled,0,
CL002657,T0456,2024-02-23,2024-04-21,Fire & Explosion,1177483.31,0.0,1177483.31,Settled,0,
CL001477,T0059,2023-02-15,2023-03-28,Energy,19536.32,0.0,19536.32,Settled,0,
CL005417,T0220,2026-04-28,2026-05-23,Auto Liability,8599.932,0.0,8599.932,Settled,0,
CL004003,T0183,2025-03-26,2025-05-25,Medical Malpractice,6962.54,0.0,6962.54,Settled,0,
CL003651,T0450,2025-02-11,2025-02-18,General Liability,401573.41,0.0,401573.41,Settled,0,
CL000038,T0332,2021-03-12,2021-04-25,Auto Liability,21197.570400000004,21459.913200000003,42657.4836,Open,0,
CL000631,T0042,2022-06-11,2022-06-13,Aviation,163362.2364,0.0,163362.2364,Settled,0,
CL003105,T0285,2024-09-06,2024-09-19,Political Risk,10506.65,0.0,10506.65,Settled,0,
CL003676,T0448,2025-02-22,2025-02-24,Energy,66092.9868,0.0,66092.9868,Settled,0,
CL001256,T0477,2023-01-09,2023-01-22,Business Interruption,7830.5724,0.0,7830.5724,Settled,0,
CL001338,T0083,2023-01-05,2023-02-13,Auto Liability,50519.352960000004,0.0,50519.352960000004,Settled,0,
CL004813,T0501,2025-12-22,2025-12-28,Directors & Officers,3552.95,59748.35,63301.299999999996,Open,0,
CL000679,T0014,2022-07-06,2022-07-09,Political Risk,5472.11,0.0,5472.11,Settled,0,
CL004834,T0495,2025-11-14,2026-01-03,Fire & Explosion,420185.80691999994,0.0,420185.80691999994,Settled,0,
CL002718,T0348,2024-04-18,2024-05-12,Natural Catastrophe,55461.13,0.0,55461.13,Settled,0,
CL005794,T0346,2026-08-27,2026-09-02,Auto Liability,3097.5912,3869.262,6966.8532000000005,Open,0,
CL003321,T0599,2024-11-06,2024-11-18,Auto Liability,2999.35,0.0,2999.35,Settled,0,
CL000382,T0027,2022-01-18,2022-01-23,Business Interruption,21944.51,0.0,21944.51,Settled,0,
CL004630,T0192,2025-09-20,2025-11-13,Cyber,30054.39,77304.13,107358.52,Open,0,
CL001248,T0394,2023-01-18,2023-01-19,Fire & Explosion,19431.33,0.0,19431.33,Settled,0,
CL004602,T0289,2025-09-20,2025-11-06,Political Risk,5030.79,21750.22,26781.010000000002,Open,0,
CL001098,T0507,2022-09-23,2022-12-10,Directors & Officers,159895.19,0.0,159895.19,Settled,0,
CL003019,T0497,2024-08-09,2024-08-23,Workers Compensation,517278.34,0.0,517278.34,Settled,0,
CL000433,T0177,2022-02-17,2022-02-20,Medical Malpractice,4808.01,0.0,4808.01,Settled,0,
CL003714,T0436,2025-03-02,2025-03-06,Medical Malpractice,167413.82,0.0,167413.82,Settled,0,
CL004027,T0133,2025-05-26,2025-06-03,Credit & Surety,942.01404,1337.14944,2279.1634799999997,Open,0,
CL005792,T0228,2026-08-30,2026-09-01,Fire & Explosion,38918.62,84532.32,123450.94,Open,0,
CL002316,T0105,2024-01-01,2024-01-09,Workers Compensation,8182.46,0.0,8182.46,Settled,0,
CL005017,T0423,2026-02-15,2026-02-16,Directors & Officers,45536.2,110805.26,156341.46,Open,0,
CL002335,T0608,2023-12-17,2024-01-13,Credit & Surety,16489.6,0.0,16489.6,Settled,0,
CL003290,T0469,2024-10-28,2024-11-08,Aviation,4432.1,0.0,4432.1,Settled,0,
CL005488,T0662,2026-05-21,2026-06-10,Fire & Explosion,3307.45,17492.24,20799.690000000002,Open,0,
CL004274,T0321,2025-08-01,2025-08-13,Auto Liability,10437.7,32961.82,43399.520000000004,Open,0,
CL003011,T0386,2024-07-16,2024-08-21,Fire & Explosion,550424.9484,0.0,550424.9484,Settled,0,
CL000545,T0416,2022-04-04,2022-04-22,Directors & Officers,1607.52,9921.51,11529.03,Open,0,
CL004353,T0183,2025-07-30,2025-09-05,Professional Indemnity,189194.81,0.0,189194.81,Settled,0,
CL000829,T0655,2022-08-24,2022-09-07,Political Risk,4727.3004,29669.846400000002,34397.1468,Open,0,
CL002719,T0473,2024-04-28,2024-05-12,Fire & Explosion,89342.7474,0.0,89342.7474,Settled,0,
CL005309,T0166,2026-04-18,2026-04-27,Energy,35214.55,0.0,35214.55,Settled,0,
CL003469,T0552,2024-10-14,2024-12-28,Credit & Surety,22302.91,0.0,22302.91,Settled,0,
CL004714,T0162,2025-11-10,2025-12-04,General Liability,132593.15,0.0,132593.15,Settled,0,
CL003595,T0242,2025-01-13,2025-02-05,Political Risk,53356.35,0.0,53356.35,Settled,0,
CL005381,T0529,2026-05-16,2026-05-16,Energy,41195.78,652548.26,693744.04,Open,0,
CL003243,T0448,2024-10-06,2024-10-26,Political Risk,13569.660000000002,5815.5624,19385.2224,Reopened,0,
CL004283,T0447,2025-08-12,2025-08-16,Energy,7220.394,25444.0656,32664.459600000002,Open,0,
CL000673,T0176,2022-06-04,2022-07-06,Medical Malpractice,488891.96,0.0,488891.96,Settled,0,
CL001645,T0017,2023-05-07,2023-05-20,Business Interruption,13169.0448,0.0,13169.0448,Settled,0,
CL001462,T0102,2023-03-23,2023-03-24,Professional Indemnity,72727.92,0.0,72727.92,Settled,0,
CL000722,T0044,2022-06-21,2022-07-30,Fire & Explosion,64978.88,0.0,64978.88,Settled,0,
CL004797,T0256,2025-12-06,2025-12-25,Political Risk,8688.06,0.0,8688.06,Settled,0,
CL005837,T0555,2026-09-03,2026-09-15,Professional Indemnity,4119.18,4717.98,8837.16,Open,0,
CL005290,T0162,2026-04-03,2026-04-23,Auto Liability,47747.21,0.0,47747.21,Settled,0,
CL004239,T0233,2025-07-23,2025-08-03,Directors & Officers,266430.85,0.0,266430.85,Settled,0,
CL004298,T0097,2025-08-08,2025-08-21,Professional Indemnity,4524.8544,0.0,4524.8544,Settled,0,
CL001655,T0481,2023-05-08,2023-05-22,Energy,107604.79,0.0,107604.79,Settled,0,
CL000469,T0581,2022-03-17,2022-03-17,Fire & Explosion,89655.65,0.0,89655.65,Settled,0,
CL002337,T0274,2024-01-05,2024-01-14,Political Risk,51840.010800000004,0.0,51840.010800000004,Settled,0,
CL000143,T0175,2021-07-26,2021-07-29,Auto Liability,60859.61,0.0,60859.61,Settled,0,
CL003733,T0370,2025-02-26,2025-03-11,Business Interruption,7029.612,0.0,7029.612,Settled,0,
CL003002,T0225,2024-08-10,2024-08-16,Marine Hull,17239.392,0.0,17239.392,Settled,0,
CL000134,T0542,2021-05-25,2021-07-21,Energy,14170.21,0.0,14170.21,Settled,0,
CL002707,T0165,2024-05-07,2024-05-07,General Liability,18523.468800000002,0.0,18523.468800000002,Settled,0,
CL004582,T0543,2025-10-30,2025-11-01,Professional Indemnity,15480.29,0.0,15480.29,Settled,0,
CL002317,T0126,2023-12-27,2024-01-09,Natural Catastrophe,228840.86,0.0,228840.86,Settled,0,
CL005845,T0679,2026-09-13,2026-09-17,Business Interruption,55271.31,0.0,55271.31,Settled,0,
CL000493,T0134,2022-03-20,2022-03-29,Business Interruption,182347.08,0.0,182347.08,Settled,0,
CL002416,T0137,2024-02-02,2024-02-07,Medical Malpractice,2188.89,0.0,2188.89,Settled,0,
CL005565,T0346,2026-05-01,2026-07-01,Workers Compensation,1464.48,20107.2024,21571.6824,Open,0,
CL004249,T0382,2025-07-20,2025-08-06,Workers Compensation,34497.8136,0.0,34497.8136,Settled,0,
CL001464,T0354,2023-02-27,2023-03-24,Auto Liability,57751.1,0.0,57751.1,Settled,0,
CL002516,T0649,2024-02-01,2024-03-09,Fire & Explosion,37929.99,42147.12,80077.11,Open,0,
CL003122,T0535,2024-09-24,2024-09-24,Aviation,116539.24,0.0,116539.24,Settled,0,
CL002484,T0050,2024-01-20,2024-02-29,Workers Compensation,245840.40000000002,0.0,245840.40000000002,Settled,0,
CL003935,T0370,2025-04-26,2025-05-03,Natural Catastrophe,32517.9684,140068.5264,172586.49480000001,Open,0,
CL003669,T0082,2025-02-09,2025-02-23,Natural Catastrophe,465914.71,0.0,465914.71,Settled,0,
CL004423,T0030,2025-08-03,2025-09-22,Natural Catastrophe,115898.86,0.0,115898.86,Settled,0,
CL000273,T0100,2021-10-28,2021-11-06,Medical Malpractice,91250.84,0.0,91250.84,Settled,0,
CL002983,T0348,2024-07-24,2024-08-09,Business Interruption,32703.89,0.0,32703.89,Settled,0,
CL001700,T0569,2023-05-16,2023-06-08,Auto Liability,187460.49,0.0,187460.49,Settled,0,
CL002764,T0010,2024-04-18,2024-05-28,Business Interruption,97058.88,0.0,97058.88,Settled,0,
CL005789,T0099,2026-08-27,2026-08-31,Energy,4119.5,137132.22,141251.72,Open,0,
CL001866,T0631,2023-06-30,2023-08-01,Cyber,3902.62,0.0,3902.62,Settled,0,
CL001955,T0393,2023-09-04,2023-09-06,Fire & Explosion,790.14,9420.85,10210.99,Open,0,
CL005510,T0182,2026-06-15,2026-06-17,Aviation,3807.18,116170.28,119977.45999999999,Open,0,
CL003918,T0226,2025-03-26,2025-04-29,Natural Catastrophe,84093.77,0.0,84093.77,Settled,0,
CL005021,T0227,2026-02-12,2026-02-17,Political Risk,88099.15,0.0,88099.15,Settled,0,
CL000937,T0250,2022-07-30,2022-10-16,Marine Hull,8902.3968,0.0,8902.3968,Settled,0,
CL001823,T0435,2023-07-10,2023-07-16,Cyber,79327.93,0.0,79327.93,Settled,0,
CL004447,T0400,2025-09-28,2025-09-29,Business Interruption,122016.65,0.0,122016.65,Settled,0,
CL002747,T0502,2024-05-18,2024-05-22,General Liability,14659.1466,0.0,14659.1466,Settled,0,
CL002964,T0165,2024-07-19,2024-08-01,Workers Compensation,130303.70640000001,0.0,130303.70640000001,Settled,0,
CL004708,T0209,2025-12-03,2025-12-03,Marine Hull,7175.58,24472.53,31648.11,Open,0,
CL002064,T0334,2023-09-26,2023-10-10,Fire & Explosion,24161.35,0.0,24161.35,Settled,0,
CL005676,T0182,2026-07-05,2026-07-31,Aviation,314084.22,0.0,314084.22,Settled,0,
CL000580,T0068,2022-04-29,2022-05-12,Fire & Explosion,184979.34,0.0,184979.34,Settled,0,
CL001873,T0624,2023-07-24,2023-08-03,Business Interruption,5154.44,0.0,5154.44,Settled,0,
CL003838,T0129,2025-04-06,2025-04-11,Workers Compensation,13598.63,0.0,13598.63,Settled,0,
CL005495,T0490,2026-06-07,2026-06-12,Marine Hull,5261.2848,9624.193200000002,14885.478000000003,Open,0,
CL004575,T0024,2025-10-30,2025-10-31,Aviation,17924.97,27442.67,45367.64,Open,0,
CL004476,T0646,2025-08-27,2025-10-08,Natural Catastrophe,126901.11240000001,0.0,126901.11240000001,Settled,0,
CL003848,T0291,2025-03-28,2025-04-14,Natural Catastrophe,76723.86,0.0,76723.86,Settled,0,
CL005171,T0344,2026-03-24,2026-03-25,Natural Catastrophe,26957.81,36404.91,63362.72,Open,0,
CL000182,T0333,2021-09-01,2021-09-09,Fire & Explosion,547508.02,0.0,547508.02,Settled,0,
CL005876,T0174,2026-09-26,2026-09-26,Auto Liability,164291.46,180687.57,344979.03,Open,0,
CL005695,T0312,2026-08-01,2026-08-05,Medical Malpractice,1246.1,2086.57,3332.67,Open,0,
CL002582,T0475,2024-03-08,2024-03-30,General Liability,37474.95,0.0,37474.95,Settled,0,
CL000604,T0588,2022-05-26,2022-05-28,Fire & Explosion,142202.06639999998,0.0,142202.06639999998,Settled,0,
CL002326,T0364,2023-12-04,2024-01-11,Aviation,142051.59,0.0,142051.59,Settled,0,
CL004625,T0388,2025-11-02,2025-11-11,Fire & Explosion,216143.72,0.0,216143.72,Settled,0,
CL002955,T0242,2024-07-07,2024-07-30,Energy,308880.44,0.0,308880.44,Settled,0,
CL002855,T0050,2024-04-22,2024-06-29,Workers Compensation,107526.52800000002,0.0,107526.52800000002,Settled,0,
CL005443,T0029,2026-01-21,2026-05-31,Marine Hull,26812.28,0.0,26812.28,Settled,0,
CL005855,T0046,2026-07-06,2026-09-21,Cyber,7504.930800000001,25390.141200000002,32895.072,Open,0,
CL003421,T0532,2024-12-14,2024-12-16,General Liability,34545.3876,0.0,34545.3876,Settled,0,
CL004118,T0496,2025-06-12,2025-06-29,Aviation,109415.55,0.0,109415.55,Settled,0,
CL001508,T0466,2023-04-03,2023-04-05,Natural Catastrophe,64926.43,0.0,64926.43,Settled,0,
CL005563,T0307,2026-06-27,2026-07-01,General Liability,205601.74,0.0,205601.74,Settled,0,
CL005032,T0198,2026-01-23,2026-02-19,Business Interruption,53882.91,102480.61,156363.52000000002,Open,0,
CL002257,T0611,2023-12-14,2023-12-20,Energy,592643.0,2370572.0,2963215.0,Open,1,
CL001791,T0193,2023-06-25,2023-07-09,Business Interruption,24212.64,0.0,24212.64,Settled,0,
CL004472,T0684,2025-08-31,2025-10-06,Workers Compensation,447.73,7949.68,8397.41,Open,0,
CL002140,T0137,2023-10-25,2023-11-03,Medical Malpractice,4597.07,0.0,4597.07,Settled,0,
CL004922,T0651,2026-01-03,2026-01-24,Cyber,11418.75,25347.94,36766.69,Open,0,
CL002073,T0323,2023-09-21,2023-10-12,Energy,109854.77,0.0,109854.77,Settled,0,
CL001487,T0518,2023-02-26,2023-03-30,Professional Indemnity,368134.53,0.0,368134.53,Settled,0,
CL001756,T0430,2023-04-26,2023-06-28,Natural Catastrophe,127646.52,0.0,127646.52,Settled,0,
CL003027,T0067,2024-08-13,2024-08-27,Fire & Explosion,337962.31116,0.0,337962.31116,Settled,0,
CL001905,T0193,2023-07-04,2023-08-16,Business Interruption,491501.12,0.0,491501.12,Settled,0,
CL000186,T0590,2021-09-05,2021-09-11,Directors & Officers,77668.98,92585.3,170254.28,Open,0,
CL003113,T0070,2024-09-19,2024-09-22,Business Interruption,4454.29,1908.98,6363.27,Reopened,0,
CL000093,T0558,2021-05-15,2021-06-19,Workers Compensation,104565.08,0.0,104565.08,Settled,0,
CL005364,T0162,2026-03-18,2026-05-11,Auto Liability,6489.79,19685.39,26175.18,Open,0,
CL004093,T0276,2025-06-19,2025-06-20,Cyber,72675.39,78401.73,151077.12,Open,0,
CL004156,T0600,2025-04-25,2025-07-10,Natural Catastrophe,97652.87,0.0,97652.87,Settled,0,
CL001915,T0677,2023-08-16,2023-08-19,Natural Catastrophe,71480.02,0.0,71480.02,Settled,0,
CL004149,T0079,2025-06-25,2025-07-10,Business Interruption,326173.47,1304693.9,1630867.3699999999,Open,1,
CL000238,T0140,2021-10-11,2021-10-17,Auto Liability,219.2832,75472.2144,75691.49759999999,Open,0,
CL005083,T0158,2026-02-01,2026-03-02,Auto Liability,17698.87,0.0,17698.87,Settled,0,
CL005787,T0667,2026-08-13,2026-08-30,Political Risk,9620.02,64309.17,73929.19,Open,0,
CL003449,T0302,2024-10-30,2024-12-24,Directors & Officers,36978.5736,0.0,36978.5736,Settled,0,
CL000377,T0548,2022-01-05,2022-01-18,Business Interruption,16571.22,0.0,16571.22,Settled,0,
CL003166,T0262,2024-09-18,2024-10-05,Cyber,42218.2368,0.0,42218.2368,Settled,0,
CL002021,T0480,2023-08-13,2023-09-26,Auto Liability,21304.5768,0.0,21304.5768,Settled,0,
CL001533,T0404,2023-04-05,2023-04-13,Fire & Explosion,56662.33,0.0,56662.33,Settled,0,
CL003130,T0330,2024-09-05,2024-09-26,Medical Malpractice,38035.22,0.0,38035.22,Settled,0,
CL004710,T0613,2025-11-22,2025-12-03,Professional Indemnity,16041.08,0.0,16041.08,Settled,0,
CL001910,T0034,2023-06-19,2023-08-19,Fire & Explosion,11451.32,0.0,11451.32,Settled,0,
CL003036,T0063,2024-08-09,2024-08-30,Cyber,14638.4928,0.0,14638.4928,Settled,0,
CL002976,T0253,2024-08-03,2024-08-07,Professional Indemnity,17596.95,0.0,17596.95,Settled,0,
CL002809,T0105,2024-06-11,2024-06-14,Workers Compensation,9221.67,13408.41,22630.08,Open,0,
CL005614,T0200,2026-07-07,2026-07-15,Aviation,56011.93,61993.22,118005.15,Open,0,
CL000490,T0349,2022-02-25,2022-03-28,Cyber,18001.8,0.0,18001.8,Settled,0,
CL000443,T0380,2022-02-10,2022-02-24,Natural Catastrophe,19806.3252,0.0,19806.3252,Settled,0,
CL002672,T0167,2024-04-03,2024-04-25,Professional Indemnity,59818.81,0.0,59818.81,Settled,0,
CL002961,T0348,2024-06-27,2024-07-31,Business Interruption,32458.36,0.0,32458.36,Settled,0,
CL002186,T0339,2023-10-08,2023-11-22,Fire & Explosion,20238.282000000003,0.0,20238.282000000003,Settled,0,
CL000307,T0230,2021-11-26,2021-12-08,Energy,188107.6,0.0,188107.6,Settled,0,
CL004571,T0095,2025-10-30,2025-10-30,Marine Hull,130535.57,0.0,130535.57,Settled,0,
CL004338,T0465,2025-08-28,2025-09-01,Natural Catastrophe,12503.26044,0.0,12503.26044,Settled,0,
CL004929,T0524,2026-01-12,2026-01-25,Workers Compensation,53436.79,66711.05,120147.84,Open,0,
CL003232,T0348,2024-10-03,2024-10-25,Business Interruption,14747.89,0.0,14747.89,Settled,0,
CL005780,T0681,2026-06-21,2026-08-27,Fire & Explosion,50958.27,0.0,50958.27,Settled,0,
CL002625,T0432,2024-02-09,2024-04-10,Marine Hull,25561.22484,130582.78584000001,156144.01068,Open,0,
CL003124,T0023,2024-08-26,2024-09-25,Fire & Explosion,97190.6394,0.0,97190.6394,Settled,0,
CL003506,T0440,2024-12-20,2025-01-08,Political Risk,10718.78,0.0,10718.78,Settled,0,
CL003343,T0402,2024-11-15,2024-11-25,Credit & Surety,73828.66824,0.0,73828.66824,Settled,0,
CL004859,T0488,2025-11-30,2026-01-12,Natural Catastrophe,51838.17,759206.02,811044.1900000001,Open,0,
CL002883,T0535,2024-06-30,2024-07-06,Political Risk,249408.78,0.0,249408.78,Settled,0,
CL005923,T0310,2026-09-12,2026-09-30,Business Interruption,8550.15,134738.23,143288.38,Open,0,
CL003439,T0237,2024-12-21,2024-12-22,Directors & Officers,648837.15,0.0,648837.15,Settled,0,
CL001754,T0315,2023-05-21,2023-06-27,Auto Liability,82269.52,0.0,82269.52,Settled,0,
CL005506,T0523,2026-01-21,2026-06-15,Fire & Explosion,6519.193200000001,8432.046,14951.2392,Open,0,
CL000552,T0468,2022-04-25,2022-04-25,Natural Catastrophe,96474.82,0.0,96474.82,Settled,0,
CL002025,T0678,2023-09-27,2023-09-27,Marine Hull,46606.7208,0.0,46606.7208,Settled,0,
CL003812,T0056,2025-03-18,2025-04-05,General Liability,127965.85,0.0,127965.85,Settled,0,
CL002060,T0512,2023-10-02,2023-10-09,Medical Malpractice,4598.0244,0.0,4598.0244,Settled,0,
CL004533,T0459,2025-10-09,2025-10-22,Political Risk,15567.83,0.0,15567.83,Settled,0,
CL004821,T0116,2025-12-26,2025-12-30,Political Risk,6313.097279999999,51899.61288,58212.710159999995,Open,0,
CL001494,T0610,2023-03-31,2023-03-31,Business Interruption,16400.96,0.0,16400.96,Settled,0,
CL002503,T0065,2024-03-01,2024-03-06,General Liability,54810.84756,0.0,54810.84756,Settled,0,
CL003514,T0288,2025-01-09,2025-01-11,General Liability,43176.46,0.0,43176.46,Settled,0,
CL005881,T0064,2026-09-16,2026-09-28,Natural Catastrophe,8495.43,15722.23,24217.66,Open,0,
CL003741,T0567,2025-03-09,2025-03-13,Natural Catastrophe,49704.92652,0.0,49704.92652,Settled,0,
CL004307,T0388,2025-08-13,2025-08-23,Business Interruption,14838.25,52165.06,67003.31,Open,0,
CL004135,T0366,2025-06-25,2025-07-07,Natural Catastrophe,27764.28,68276.34,96040.62,Open,0,
CL001690,T0337,2023-05-25,2023-06-06,Auto Liability,11350.72,0.0,11350.72,Settled,0,
CL004544,T0563,2025-09-25,2025-10-24,Credit & Surety,15019.03,0.0,15019.03,Settled,0,
CL004801,T0479,2025-11-17,2025-12-26,Workers Compensation,8996.6673,0.0,8996.6673,Settled,0,
CL004666,T0553,2025-09-20,2025-11-21,Cyber,1893.8,9975.37,11869.17,Open,0,
CL004638,T0479,2025-10-29,2025-11-15,Auto Liability,11830.4818,13442.1118,25272.5936,Open,0,
CL005066,T0263,2026-01-02,2026-02-26,Natural Catastrophe,14661.9612,110524.92120000001,125186.8824,Open,0,
CL002440,T0531,2024-01-24,2024-02-15,Medical Malpractice,7347.423600000001,0.0,7347.423600000001,Settled,0,
CL003351,T0091,2024-08-05,2024-11-27,Auto Liability,219672.93,0.0,219672.93,Settled,0,
CL001405,T0466,2023-02-09,2023-03-04,Business Interruption,10044.56,0.0,10044.56,Settled,0,
CL002733,T0304,2024-04-18,2024-05-17,Natural Catastrophe,67626.84,0.0,67626.84,Settled,0,
CL004286,T0114,2025-04-15,2025-08-17,Medical Malpractice,11596.38,829392.67,840989.05,Open,0,
CL005008,T0180,2025-09-29,2026-02-14,Auto Liability,800.4960000000001,21564.306,22364.802000000003,Open,0,
CL001296,T0363,2023-01-27,2023-02-02,Fire & Explosion,316807.5888,0.0,316807.5888,Settled,0,
CL002580,T0145,2024-03-05,2024-03-30,Natural Catastrophe,3495.04,0.0,3495.04,Settled,0,
CL000496,T0229,2022-03-22,2022-03-30,Fire & Explosion,46387.55,0.0,46387.55,Settled,0,
CL000785,T0672,2022-06-14,2022-08-23,Natural Catastrophe,662304.34,0.0,662304.34,Settled,0,
CL001993,T0145,2023-08-25,2023-09-21,Business Interruption,32139.79,0.0,32139.79,Settled,0,
CL003261,T0037,2024-10-14,2024-10-29,Credit & Surety,157194.054,0.0,157194.054,Settled,0,
CL000730,T0669,2022-07-22,2022-08-01,Natural Catastrophe,63823.31,0.0,63823.31,Settled,0,
CL000708,T0510,2022-06-27,2022-07-26,Auto Liability,173293.06,0.0,173293.06,Settled,0,
CL003330,T0164,2024-10-10,2024-11-22,Medical Malpractice,110583.03600000001,0.0,110583.03600000001,Settled,0,
CL001112,T0404,2022-11-30,2022-12-14,Fire & Explosion,458403.33,0.0,458403.33,Settled,0,
CL000111,T0314,2021-06-30,2021-07-03,Workers Compensation,80269.23,0.0,80269.23,Settled,0,
CL002134,T0238,2023-10-16,2023-11-01,Auto Liability,39212.25,0.0,39212.25,Settled,0,
CL001663,T0466,2023-05-21,2023-05-26,Business Interruption,34099.04,0.0,34099.04,Settled,0,
CL003284,T0535,2024-10-17,2024-11-05,Energy,20422.68,0.0,20422.68,Settled,0,
CL001134,T0467,2022-11-15,2022-12-19,Business Interruption,271004.8212,0.0,271004.8212,Settled,0,
CL005741,T0445,2026-07-11,2026-08-17,General Liability,37424.55,187632.75,225057.3,Open,0,
CL000167,T0380,2021-07-25,2021-08-26,Natural Catastrophe,7781.3460000000005,3334.8564,11116.2024,Reopened,0,
CL004986,T0234,2026-01-21,2026-02-09,Business Interruption,1879.67,7802.43,9682.1,Open,0,
CL001261,T0083,2022-11-13,2023-01-24,General Liability,31490.283,0.0,31490.283,Settled,0,
CL003725,T0450,2025-03-10,2025-03-10,Workers Compensation,1532376.68,0.0,1532376.68,Settled,0,
CL003126,T0271,2024-08-25,2024-09-25,Aviation,244079.8488,0.0,244079.8488,Settled,0,
CL001223,T0336,2023-01-01,2023-01-12,Natural Catastrophe,137487.73,0.0,137487.73,Settled,0,
CL001040,T0376,2022-11-15,2022-11-21,Natural Catastrophe,25837.22,0.0,25837.22,Settled,0,
CL002806,T0516,2024-06-07,2024-06-12,Medical Malpractice,539536.73,0.0,539536.73,Settled,0,
CL000358,T0159,2021-11-11,2022-01-07,Natural Catastrophe,72636.1344,0.0,72636.1344,Settled,0,
CL004312,T0303,2025-05-26,2025-08-26,Fire & Explosion,23733.84,84011.62,107745.45999999999,Open,0,
CL003620,T0521,2024-11-02,2025-02-10,Medical Malpractice,229976.13,0.0,229976.13,Settled,0,
CL002545,T0540,2024-03-18,2024-03-19,Energy,40189.92,0.0,40189.92,Settled,0,
CL003953,T0462,2025-04-29,2025-05-09,Natural Catastrophe,583198.6431,0.0,583198.6431,Settled,0,
CL003057,T0015,2024-09-02,2024-09-04,Fire & Explosion,33062.9,0.0,33062.9,Settled,0,
CL004171,T0020,2025-06-10,2025-07-16,Medical Malpractice,465131.41,1456602.98,1921734.39,Open,0,
CL001403,T0223,2022-09-19,2023-03-04,Fire & Explosion,251073.49,0.0,251073.49,Settled,0,
CL000803,T0210,2022-08-27,2022-08-29,Business Interruption,70115.89,0.0,70115.89,Settled,0,
CL005157,T0356,2025-12-24,2026-03-22,Workers Compensation,2293.79,10755.88,13049.669999999998,Open,0,
CL000527,T0068,2022-04-04,2022-04-14,Fire & Explosion,328812.58,0.0,328812.58,Settled,0,
CL002996,T0255,2024-07-01,2024-08-14,Aviation,8199.21996,0.0,8199.21996,Settled,0,
CL003003,T0424,2024-08-14,2024-08-17,Directors & Officers,74108.84,0.0,74108.84,Settled,0,
CL002194,T0025,2023-10-31,2023-11-25,Cyber,348588.25,0.0,348588.25,Settled,0,
CL005189,T0601,2026-01-18,2026-03-30,General Liability,154522.9548,256760.064,411283.0188,Open,0,
CL001574,T0036,2023-03-21,2023-04-26,Marine Hull,5159.24,8941.53,14100.77,Open,0,
CL002977,T0331,2024-06-19,2024-08-07,Business Interruption,76356.4,0.0,76356.4,Settled,0,
CL005941,T0470,2026-09-10,2026-09-30,Directors & Officers,182804.418,0.0,182804.418,Settled,0,
CL001521,T0281,2023-01-27,2023-04-09,Fire & Explosion,97413.4836,0.0,97413.4836,Settled,0,
CL003704,T0239,2025-01-27,2025-03-02,Medical Malpractice,79510.33,0.0,79510.33,Settled,0,
CL003590,T0303,2025-02-03,2025-02-04,Natural Catastrophe,21496.03,0.0,21496.03,Settled,0,
CL005533,T0403,2026-06-10,2026-06-25,Natural Catastrophe,38590.35,47713.95,86304.29999999999,Open,0,
CL004530,T0222,2025-10-20,2025-10-22,Business Interruption,40910.173200000005,0.0,40910.173200000005,Settled,0,
CL003170,T0169,2024-10-05,2024-10-06,Natural Catastrophe,122020.31160000002,0.0,122020.31160000002,Settled,0,
CL004680,T0372,2025-11-10,2025-11-24,Marine Hull,96079.01400000001,0.0,96079.01400000001,Settled,0,
CL002574,T0673,2024-02-16,2024-03-28,General Liability,161716.554,0.0,161716.554,Settled,0,
CL002586,T0587,2024-03-16,2024-03-31,Directors & Officers,52347.297600000005,0.0,52347.297600000005,Settled,0,
CL002931,T0516,2024-05-25,2024-07-23,Medical Malpractice,317753.81,0.0,317753.81,Settled,0,
CL000674,T0108,2022-06-19,2022-07-07,Medical Malpractice,866245.07,0.0,866245.07,Settled,0,
CL005091,T0660,2026-01-30,2026-03-03,Fire & Explosion,6708.79,17756.9,24465.690000000002,Open,0,
CL000139,T0159,2021-07-23,2021-07-27,Fire & Explosion,40928.0904,0.0,40928.0904,Settled,0,
CL004798,T0471,2025-12-25,2025-12-25,Business Interruption,19761.904800000004,96819.92640000001,116581.8312,Open,0,
CL003641,T0663,2024-10-07,2025-02-15,Workers Compensation,1216087.3332000002,0.0,1216087.3332000002,Settled,0,
CL000920,T0581,2022-10-07,2022-10-10,Natural Catastrophe,9213.1,3948.47,13161.57,Reopened,0,
CL002621,T0218,2024-03-19,2024-04-09,Fire & Explosion,3197.4696,0.0,3197.4696,Settled,0,
CL002474,T0405,2024-02-20,2024-02-25,Fire & Explosion,371143.34,0.0,371143.34,Settled,0,
CL003861,T0122,2025-03-25,2025-04-18,Fire & Explosion,122863.31,0.0,122863.31,Settled,0,
CL002875,T0540,2024-07-02,2024-07-04,Aviation,64485.37,0.0,64485.37,Settled,0,
CL005752,T0488,2026-08-06,2026-08-20,Business Interruption,14902.71,740068.29,754971.0,Open,0,
CL005050,T0146,2026-02-09,2026-02-23,Natural Catastrophe,67031.1936,0.0,67031.1936,Settled,0,
CL002759,T0699,2024-05-20,2024-05-26,Natural Catastrophe,121788.12,52194.91,173983.03,Reopened,0,
CL002959,T0562,2024-07-03,2024-07-30,Business Interruption,35234.88,63439.81,98674.69,Open,0,
CL005668,T0244,2026-07-25,2026-07-29,General Liability,2351.18,10709.76,13060.94,Open,0,
CL000096,T0277,2021-06-06,2021-06-21,General Liability,228199.03,0.0,228199.03,Settled,0,
CL003299,T0189,2024-11-02,2024-11-11,Business Interruption,13640.88,0.0,13640.88,Settled,0,
CL001665,T0538,2023-05-17,2023-05-26,Natural Catastrophe,67805.26,0.0,67805.26,Settled,0,
CL001246,T0044,2023-01-15,2023-01-19,Fire & Explosion,85395.47,0.0,85395.47,Settled,0,
CL002992,T0236,2024-05-19,2024-08-12,General Liability,22699.62,0.0,22699.62,Settled,0,
CL003044,T0360,2024-08-27,2024-09-01,Directors & Officers,267784.22,0.0,267784.22,Settled,0,
CL002900,T0181,2024-06-17,2024-07-14,General Liability,39806.23,0.0,39806.23,Settled,0,
CL004711,T0684,2025-12-01,2025-12-03,Workers Compensation,76205.81,0.0,76205.81,Settled,0,
CL003700,T0262,2025-01-01,2025-03-01,Cyber,172350.45,0.0,172350.45,Settled,0,
CL001466,T0434,2023-03-23,2023-03-25,Fire & Explosion,22686.3396,0.0,22686.3396,Settled,0,
CL001094,T0610,2022-11-19,2022-12-09,Business Interruption,39242.15,270406.55,309648.7,Open,0,
CL003716,T0164,2025-02-12,2025-03-07,Professional Indemnity,85013.7228,0.0,85013.7228,Settled,0,
CL003756,T0526,2025-02-02,2025-03-20,Professional Indemnity,83852.35560000001,0.0,83852.35560000001,Settled,0,
CL003533,T0118,2024-11-25,2025-01-16,Natural Catastrophe,59722.68,600140.18,659862.8600000001,Open,0,
CL000488,T0669,2022-03-11,2022-03-26,Business Interruption,79004.83,33859.21,112864.04000000001,Reopened,0,
CL003080,T0455,2024-07-14,2024-09-11,Natural Catastrophe,136870.54,0.0,136870.54,Settled,0,
CL002729,T0167,2024-04-21,2024-05-16,Medical Malpractice,190796.63,0.0,190796.63,Settled,0,
CL003271,T0015,2024-10-04,2024-11-01,Fire & Explosion,63276.66,0.0,63276.66,Settled,0,
CL004665,T0527,2025-11-20,2025-11-21,Cyber,15530.0436,20952.432000000004,36482.475600000005,Open,0,
CL000042,T0231,2021-04-23,2021-04-30,Workers Compensation,304187.93,130366.26,434554.19,Reopened,0,
CL001170,T0642,2022-12-25,2022-12-28,Marine Hull,322765.12799999997,0.0,322765.12799999997,Settled,0,
CL002315,T0023,2024-01-05,2024-01-09,Natural Catastrophe,74026.41636,0.0,74026.41636,Settled,0,
CL004980,T0436,2025-12-06,2026-02-07,Professional Indemnity,9476.56,65153.03,74629.59,Open,0,
CL002299,T0420,2023-12-17,2024-01-02,Natural Catastrophe,101614.7484,0.0,101614.7484,Settled,0,
CL003857,T0033,2025-01-19,2025-04-17,General Liability,66239.18,0.0,66239.18,Settled,0,
CL001931,T0142,2023-07-27,2023-08-26,Workers Compensation,15110.755200000001,0.0,15110.755200000001,Settled,0,
CL005940,T0461,2026-09-29,2026-09-30,Directors & Officers,12810.52,32587.35,45397.869999999995,Open,0,
CL000616,T0410,2022-06-01,2022-06-04,Cyber,388790.39,0.0,388790.39,Settled,0,
CL003281,T0127,2024-10-19,2024-11-05,General Liability,95234.68,0.0,95234.68,Settled,0,
CL003017,T0532,2024-07-25,2024-08-22,General Liability,35637.991200000004,0.0,35637.991200000004,Settled,0,
CL004228,T0030,2025-07-06,2025-08-01,Business Interruption,4758.36,7264.18,12022.54,Open,0,
CL004085,T0695,2025-06-16,2025-06-16,Natural Catastrophe,41900.922000000006,0.0,41900.922000000006,Settled,0,
CL002526,T0519,2024-03-05,2024-03-12,Natural Catastrophe,26670.2112,0.0,26670.2112,Settled,0,
CL000119,T0615,2021-06-24,2021-07-09,Professional Indemnity,1361102.9940000002,0.0,1361102.9940000002,Settled,0,
CL003772,T0275,2025-03-14,2025-03-23,Auto Liability,217830.03,0.0,217830.03,Settled,0,
CL003025,T0359,2024-08-24,2024-08-26,Auto Liability,16480.37,0.0,16480.37,Settled,0,
CL003047,T0141,2024-08-03,2024-09-02,Auto Liability,142722.63,0.0,142722.63,Settled,0,
CL000165,T0027,2021-08-16,2021-08-21,Natural Catastrophe,19880.55,152363.04,172243.59,Open,0,
CL005013,T0301,2026-02-07,2026-02-15,Workers Compensation,2993.7,0.0,2993.7,Settled,0,
CL004512,T0289,2025-10-02,2025-10-16,Marine Hull,69905.26,0.0,69905.26,Settled,0,
CL000854,T0151,2022-08-10,2022-09-15,General Liability,92079.85,0.0,92079.85,Settled,0,
CL004838,T0220,2025-12-25,2026-01-04,Workers Compensation,23260.8672,0.0,23260.8672,Settled,0,
CL001720,T0632,2023-05-28,2023-06-13,Natural Catastrophe,56038.16,0.0,56038.16,Settled,0,
CL005442,T0007,2026-05-26,2026-05-31,Auto Liability,19649.59,22796.41,42446.0,Open,0,
CL001164,T0528,2022-10-03,2022-12-27,Energy,9272.48,0.0,9272.48,Settled,0,
CL002470,T0699,2024-01-15,2024-02-24,Fire & Explosion,1692018.41,0.0,1692018.41,Settled,0,
CL001760,T0538,2023-05-31,2023-06-30,Natural Catastrophe,144221.88,0.0,144221.88,Settled,0,
CL003503,T0054,2025-01-05,2025-01-08,Workers Compensation,220968.72360000003,0.0,220968.72360000003,Settled,0,
CL005098,T0007,2026-02-20,2026-03-05,Auto Liability,3954.01,8717.53,12671.54,Open,0,
CL003780,T0552,2025-03-04,2025-03-25,Credit & Surety,17272.28,38198.8,55471.08,Open,0,
CL000057,T0230,2021-03-27,2021-05-13,Aviation,179304.58,0.0,179304.58,Settled,0,
CL003178,T0393,2024-08-02,2024-10-08,Natural Catastrophe,2534.63,0.0,2534.63,Settled,0,
CL004460,T0038,2025-09-02,2025-10-03,Natural Catastrophe,18165.99,0.0,18165.99,Settled,0,
CL003356,T0533,2024-11-21,2024-11-28,Workers Compensation,94666.57,0.0,94666.57,Settled,0,
CL004612,T0261,2025-10-26,2025-11-08,Auto Liability,4277.8908,192135.7368,196413.6276,Open,0,
CL005773,T0194,2026-07-19,2026-08-26,Natural Catastrophe,82951.93800000001,92126.65680000001,175078.59480000002,Open,0,
CL004643,T0233,2025-10-19,2025-11-16,Directors & Officers,43345.79,85667.05,129012.84,Open,0,
CL005200,T0444,2026-03-11,2026-04-02,Business Interruption,63546.57,0.0,63546.57,Settled,0,
CL003382,T0070,2024-12-02,2024-12-05,Natural Catastrophe,14771.56,0.0,14771.56,Settled,0,
CL000219,T0545,2021-09-23,2021-10-04,General Liability,684395.5464,0.0,684395.5464,Settled,0,
CL002347,T0031,2024-01-03,2024-01-16,Workers Compensation,40921.182,0.0,40921.182,Settled,0,
CL002218,T0430,2023-11-10,2023-12-05,Natural Catastrophe,74314.5,0.0,74314.5,Settled,0,
CL002370,T0415,2024-01-12,2024-01-24,Marine Hull,9024.28464,10587.900720000001,19612.18536,Open,0,
CL004860,T0563,2026-01-02,2026-01-12,Cyber,57624.76,82984.12,140608.88,Open,0,
CL002675,T0587,2024-04-16,2024-04-25,Directors & Officers,1467.99,11954.682,13422.672,Open,0,
CL004495,T0018,2025-09-28,2025-10-14,Auto Liability,119523.38,0.0,119523.38,Settled,0,
CL000174,T0558,2021-07-22,2021-09-01,General Liability,7141.08,0.0,7141.08,Settled,0,
CL005445,T0495,2026-05-29,2026-05-31,Fire & Explosion,21726.699,0.0,21726.699,Settled,0,
CL005765,T0389,2026-08-22,2026-08-24,Business Interruption,205345.49,344512.57,549858.06,Open,0,
CL000980,T0096,2022-10-30,2022-11-02,Medical Malpractice,9903.222,49712.6808,59615.90280000001,Open,0,
CL000128,T0277,2021-05-27,2021-07-18,General Liability,48149.59,0.0,48149.59,Settled,0,
CL000938,T0250,2022-10-16,2022-10-16,Political Risk,4094.9280000000003,0.0,4094.9280000000003,Settled,0,
CL000297,T0551,2021-11-05,2021-11-26,Fire & Explosion,28346.9652,0.0,28346.9652,Settled,0,
CL002954,T0181,2024-05-24,2024-07-30,Workers Compensation,37577.41,0.0,37577.41,Settled,0,
CL004932,T0089,2026-01-19,2026-01-26,Credit & Surety,21008.15,66037.08,87045.23000000001,Open,0,
CL004288,T0483,2025-07-27,2025-08-17,Auto Liability,8441.93,48620.15,57062.08,Open,0,
CL003534,T0262,2024-11-20,2025-01-16,Credit & Surety,20739.477600000002,0.0,20739.477600000002,Settled,0,
CL000546,T0619,2022-04-17,2022-04-23,Business Interruption,53385.51,0.0,53385.51,Settled,0,
CL000584,T0554,2022-04-04,2022-05-13,Political Risk,16212.4956,0.0,16212.4956,Settled,0,
CL005814,T0501,2026-08-09,2026-09-10,Cyber,1719.3,8779.13,10498.429999999998,Open,0,
CL001174,T0363,2022-12-29,2022-12-29,Business Interruption,18954.216,72110.7684,91064.9844,Open,0,
CL004581,T0244,2025-10-29,2025-11-01,General Liability,3048.08,356385.55,359433.63,Open,0,
CL002217,T0455,2023-11-23,2023-12-04,Business Interruption,37293.26,0.0,37293.26,Settled,0,
CL003204,T0562,2024-07-25,2024-10-16,Fire & Explosion,9607.8,0.0,9607.8,Settled,0,
CL003001,T0678,2024-08-12,2024-08-15,Marine Hull,52575.87072,0.0,52575.87072,Settled,0,
CL000510,T0522,2022-03-28,2022-04-04,Business Interruption,18445.25,0.0,18445.25,Settled,0,
CL005163,T0378,2026-01-29,2026-03-24,Professional Indemnity,561114.9798,2244459.9194400003,2805574.89924,Open,1,
CL004189,T0018,2025-07-21,2025-07-21,Workers Compensation,1187528.04,0.0,1187528.04,Settled,0,
CL005809,T0064,2026-08-30,2026-09-08,Natural Catastrophe,22125.92,291628.26,313754.18,Open,0,
CL002448,T0031,2024-01-21,2024-02-18,General Liability,19447.37916,0.0,19447.37916,Settled,0,
CL001819,T0454,2023-06-30,2023-07-15,Marine Hull,30409.7,42008.69,72418.39,Open,0,
CL002205,T0025,2023-11-25,2023-12-01,Directors & Officers,26801.13,0.0,26801.13,Settled,0,
CL004554,T0211,2025-09-30,2025-10-27,Directors & Officers,7639.95,0.0,7639.95,Settled,0,
CL002127,T0148,2023-09-22,2023-10-29,Workers Compensation,11241.38796,4817.73768,16059.12564,Reopened,0,
CL003464,T0071,2024-12-19,2024-12-28,Energy,6964.5636,0.0,6964.5636,Settled,0,
CL005860,T0494,2026-08-21,2026-09-22,Political Risk,3373.3486,21554.3511,24927.6997,Open,0,
CL000877,T0286,2022-09-01,2022-09-26,Aviation,251682.35760000002,0.0,251682.35760000002,Settled,0,
CL005767,T0046,2026-08-19,2026-08-25,Directors & Officers,17539.5132,44781.90840000001,62321.42160000001,Open,0,
CL001972,T0394,2023-07-29,2023-09-11,Natural Catastrophe,83227.93,0.0,83227.93,Settled,0,
CL004811,T0220,2025-12-28,2025-12-28,Workers Compensation,34755.1884,0.0,34755.1884,Settled,0,
CL003829,T0116,2025-03-05,2025-04-09,Political Risk,76054.37232000001,0.0,76054.37232000001,Settled,0,
CL004573,T0204,2025-10-22,2025-10-30,Fire & Explosion,10492.5,154064.17,164556.67,Open,0,
CL001106,T0416,2022-11-01,2022-12-12,Cyber,26563.0,0.0,26563.0,Settled,0,
CL003778,T0350,2025-03-23,2025-03-25,Workers Compensation,14896.91388,0.0,14896.91388,Settled,0,
CL003213,T0424,2024-09-22,2024-10-19,Credit & Surety,161622.07,0.0,161622.07,Settled,0,
CL001038,T0281,2022-11-21,2022-11-21,Natural Catastrophe,4189.0608,12018.099600000001,16207.160400000002,Open,0,
CL001676,T0296,2023-04-04,2023-06-01,Business Interruption,46636.78,46869.68,93506.45999999999,Open,0,
CL003666,T0288,2025-02-15,2025-02-22,Auto Liability,27133.26,0.0,27133.26,Settled,0,
CL004487,T0471,2025-09-05,2025-10-12,Fire & Explosion,125902.03680000002,0.0,125902.03680000002,Settled,0,
CL001695,T0171,2023-05-10,2023-06-07,Credit & Surety,13139.79,0.0,13139.79,Settled,0,
CL000001,T0544,2021-01-08,2021-01-27,Cyber,244041.18,359062.4,603103.5800000001,Open,0,
CL005177,T0110,2026-03-14,2026-03-27,Fire & Explosion,17518.17,75218.87,92737.04,Open,0,
CL005046,T0646,2026-02-13,2026-02-20,Business Interruption,46914.681599999996,251919.39600000004,298834.0776000001,Open,0,
CL005274,T0046,2026-03-19,2026-04-21,Credit & Surety,12815.560800000001,26314.7076,39130.26840000001,Open,0,
CL001580,T0432,2023-04-20,2023-04-29,Political Risk,29802.94428,116769.91619999999,146572.86048,Open,0,
CL005348,T0172,2026-04-27,2026-05-07,Political Risk,112192.6572,0.0,112192.6572,Settled,0,
CL000748,T0411,2022-06-04,2022-08-08,Fire & Explosion,13489.750800000002,0.0,13489.750800000002,Settled,0,
CL004901,T0183,2026-01-03,2026-01-20,Medical Malpractice,3852.26,58116.86,61969.12,Open,0,
CL002835,T0205,2024-06-11,2024-06-22,General Liability,136756.65,0.0,136756.65,Settled,0,
CL003811,T0019,2025-04-02,2025-04-04,Cyber,32004.27,35953.31,67957.58,Open,0,
CL005183,T0046,2026-03-02,2026-03-29,Directors & Officers,3554.7120000000004,14777.8884,18332.600400000003,Open,0,
CL002473,T0335,2024-01-15,2024-02-25,Energy,20652.4,0.0,20652.4,Settled,0,
CL001486,T0466,2023-03-18,2023-03-30,Fire & Explosion,97819.85,0.0,97819.85,Settled,0,
CL004937,T0133,2026-01-25,2026-01-27,Directors & Officers,1827.3827999999999,5063.89572,6891.27852,Open,0,
CL000682,T0196,2022-05-27,2022-07-11,Natural Catastrophe,18373.2084,0.0,18373.2084,Settled,0,
CL000209,T0418,2021-08-05,2021-09-28,General Liability,20930.35,0.0,20930.35,Settled,0,
CL005349,T0182,2026-05-06,2026-05-07,Political Risk,4487.53,8590.4,13077.93,Open,0,
CL002215,T0617,2023-12-01,2023-12-03,General Liability,16500.71112,0.0,16500.71112,Settled,0,
CL005744,T0579,2026-08-10,2026-08-18,Cyber,9582.2,18437.38,28019.58,Open,0,
CL005452,T0423,2026-05-25,2026-06-01,Cyber,281716.92,290931.49,572648.4099999999,Open,0,
CL005010,T0485,2026-02-12,2026-02-14,Credit & Surety,7423.5744,56313.7704,63737.3448,Open,0,
CL000639,T0437,2022-05-24,2022-06-16,Professional Indemnity,6941.16,2974.78,9915.94,Reopened,0,
CL004503,T0686,2025-10-09,2025-10-14,Marine Hull,42707.83,0.0,42707.83,Settled,0,
CL005928,T0344,2026-09-08,2026-09-30,Business Interruption,83.85,19336.77,19420.62,Open,0,
CL003742,T0125,2025-03-10,2025-03-14,Auto Liability,6476.5,18795.2,25271.7,Open,0,
CL001818,T0415,2023-07-08,2023-07-15,Aviation,901937.16924,0.0,901937.16924,Settled,0,
CL002725,T0455,2024-05-10,2024-05-14,Fire & Explosion,7081.74,44274.24,51355.979999999996,Open,0,
CL000414,T0332,2022-02-06,2022-02-10,Workers Compensation,43214.6124,0.0,43214.6124,Settled,0,
CL005969,T0623,2026-09-21,2026-09-30,Credit & Surety,1960.14,9786.5,11746.64,Open,0,
CL004799,T0563,2025-10-17,2025-12-25,Credit & Surety,39447.97,0.0,39447.97,Settled,0,
CL002178,T0105,2023-11-17,2023-11-19,Workers Compensation,475461.8,0.0,475461.8,Settled,0,
CL002837,T0516,2024-06-18,2024-06-22,Professional Indemnity,18913.77,0.0,18913.77,Settled,0,
CL000420,T0147,2022-01-28,2022-02-14,Medical Malpractice,58716.3,0.0,58716.3,Settled,0,
CL000747,T0680,2022-08-06,2022-08-07,Natural Catastrophe,47891.62,0.0,47891.62,Settled,0,
CL002461,T0216,2024-02-08,2024-02-23,Marine Hull,173272.18,0.0,173272.18,Settled,0,
CL001361,T0647,2022-11-12,2023-02-20,Medical Malpractice,238795.4,0.0,238795.4,Settled,0,
CL003169,T0663,2024-09-30,2024-10-05,Workers Compensation,88036.79400000001,0.0,88036.79400000001,Settled,0,
CL003668,T0635,2025-01-19,2025-02-22,Political Risk,113943.11040000002,0.0,113943.11040000002,Settled,0,
CL002094,T0421,2023-10-03,2023-10-18,Cyber,12432.85,0.0,12432.85,Settled,0,
CL000821,T0011,2022-08-13,2022-09-06,Auto Liability,258994.584,0.0,258994.584,Settled,0,
CL001916,T0421,2023-08-09,2023-08-20,Directors & Officers,93904.69,0.0,93904.69,Settled,0,
CL001670,T0039,2023-05-09,2023-05-29,Marine Hull,9788.99,0.0,9788.99,Settled,0,
CL003561,T0179,2025-01-24,2025-01-25,Workers Compensation,79335.1,0.0,79335.1,Settled,0,
CL003303,T0091,2024-11-06,2024-11-13,Workers Compensation,373288.45,0.0,373288.45,Settled,0,
CL002752,T0078,2024-05-19,2024-05-25,Directors & Officers,111431.96616,0.0,111431.96616,Settled,0,
CL003846,T0483,2025-03-07,2025-04-13,Auto Liability,67191.56,0.0,67191.56,Settled,0,
CL001029,T0507,2022-11-13,2022-11-18,Cyber,20619.31,0.0,20619.31,Settled,0,
CL001630,T0617,2023-05-06,2023-05-16,Workers Compensation,30292.714079999998,0.0,30292.714079999998,Settled,0,
CL001147,T0342,2022-11-10,2022-12-23,Credit & Surety,186038.88840000003,0.0,186038.88840000003,Settled,0,
CL002137,T0478,2023-11-01,2023-11-02,Natural Catastrophe,23082.79,0.0,23082.79,Settled,0,
CL003692,T0192,2025-02-18,2025-02-28,Credit & Surety,8785.95,0.0,8785.95,Settled,0,
CL005736,T0407,2026-06-08,2026-08-15,General Liability,38532.8668,71367.92940000001,109900.7962,Open,0,
CL001546,T0337,2023-02-14,2023-04-16,Workers Compensation,5664.82,0.0,5664.82,Settled,0,
CL004528,T0116,2025-08-26,2025-10-22,Marine Hull,15964.391039999999,22849.771320000003,38814.16236,Open,0,
CL005073,T0378,2026-02-08,2026-02-27,Medical Malpractice,6735.59664,11784.863519999999,18520.46016,Open,0,
CL005549,T0389,2026-06-22,2026-06-28,Business Interruption,64405.77,104434.93,168840.69999999998,Open,0,
CL000596,T0554,2022-05-16,2022-05-25,Aviation,3232.9044,0.0,3232.9044,Settled,0,
CL004231,T0012,2025-07-29,2025-08-02,General Liability,30406.19,593397.94,623804.1299999999,Open,0,
CL003438,T0169,2024-12-04,2024-12-21,Fire & Explosion,53682.0804,0.0,53682.0804,Settled,0,
CL002864,T0255,2024-06-24,2024-07-02,Aviation,3887.8642800000002,0.0,3887.8642800000002,Settled,0,
CL003123,T0019,2024-09-07,2024-09-25,Cyber,437.88,4398.62,4836.5,Open,0,
CL000295,T0675,2021-10-31,2021-11-25,Energy,70688.16,74273.28,144961.44,Open,0,
CL003490,T0426,2024-11-01,2025-01-04,Natural Catastrophe,122062.89,0.0,122062.89,Settled,0,
CL001030,T0610,2022-11-01,2022-11-18,Natural Catastrophe,11044.56,209879.29,220923.85,Open,0,
CL002125,T0260,2023-08-15,2023-10-28,Auto Liability,284871.87,0.0,284871.87,Settled,0,
CL001449,T0326,2023-02-05,2023-03-20,Marine Hull,35044.46,0.0,35044.46,Settled,0,
CL001142,T0622,2022-12-12,2022-12-21,Aviation,37816.94064,0.0,37816.94064,Settled,0,
CL002248,T0420,2023-10-15,2023-12-17,Business Interruption,34626.258,0.0,34626.258,Settled,0,
CL005585,T0099,2026-06-11,2026-07-07,Political Risk,22889.23,77134.76,100023.98999999999,Open,0,
CL002522,T0472,2024-01-24,2024-03-11,Business Interruption,126872.02,0.0,126872.02,Settled,0,
CL002450,T0608,2023-12-05,2024-02-18,Directors & Officers,6072.6,0.0,6072.6,Settled,0,
CL001297,T0612,2023-01-19,2023-02-02,General Liability,200614.25,0.0,200614.25,Settled,0,
CL001657,T0026,2023-05-14,2023-05-23,Auto Liability,88687.74,38009.03,126696.77,Reopened,0,
CL000244,T0674,2021-10-16,2021-10-20,Auto Liability,37920.3444,0.0,37920.3444,Settled,0,
CL005242,T0087,2026-03-04,2026-04-14,Business Interruption,3686.6,61084.27,64770.869999999995,Open,0,
CL002873,T0369,2024-05-06,2024-07-04,Workers Compensation,9970.83,0.0,9970.83,Settled,0,
CL005051,T0178,2026-02-20,2026-02-23,Cyber,16594.62,21321.19,37915.81,Open,0,
CL001027,T0317,2022-09-12,2022-11-17,Medical Malpractice,54394.81,0.0,54394.81,Settled,0,
CL004323,T0184,2025-08-28,2025-08-28,General Liability,101048.7636,0.0,101048.7636,Settled,0,
CL005082,T0038,2025-12-29,2026-03-02,Business Interruption,40940.82,0.0,40940.82,Settled,0,
CL002048,T0096,2023-09-01,2023-10-06,Professional Indemnity,12558.963600000001,0.0,12558.963600000001,Settled,0,
CL005682,T0501,2026-07-14,2026-08-02,Directors & Officers,3650.76,3903.06,7553.82,Open,0,
CL002849,T0302,2024-06-18,2024-06-27,Directors & Officers,3973.5468,0.0,3973.5468,Settled,0,
CL003515,T0486,2024-12-31,2025-01-11,Auto Liability,195469.55,0.0,195469.55,Settled,0,
CL002197,T0145,2023-11-22,2023-11-26,Natural Catastrophe,9488.44,0.0,9488.44,Settled,0,
CL005559,T0447,2026-06-20,2026-06-30,Marine Hull,23188.626000000004,9937.976400000001,33126.6024,Reopened,0,
CL003609,T0508,2025-02-01,2025-02-07,Marine Hull,156290.68,0.0,156290.68,Settled,0,
CL004796,T0233,2025-10-02,2025-12-25,Cyber,50979.27,0.0,50979.27,Settled,0,
CL005912,T0178,2026-09-28,2026-09-30,Directors & Officers,9914.84,10847.36,20762.2,Open,0,
CL004263,T0546,2025-07-08,2025-08-11,Fire & Explosion,113753.1,0.0,113753.1,Settled,0,
CL001898,T0626,2023-07-24,2023-08-13,Marine Hull,19483.7076,0.0,19483.7076,Settled,0,
CL004586,T0599,2025-10-04,2025-11-02,Workers Compensation,1300.42,0.0,1300.42,Settled,0,
CL002979,T0157,2024-07-12,2024-08-08,Political Risk,9282.62,0.0,9282.62,Settled,0,
CL001526,T0489,2023-04-08,2023-04-11,Auto Liability,169036.34040000002,0.0,169036.34040000002,Settled,0,
CL001149,T0493,2022-12-17,2022-12-24,Directors & Officers,922.77,0.0,922.77,Settled,0,
CL002751,T0299,2024-05-16,2024-05-24,Political Risk,81638.76864,34988.04372,116626.81236,Reopened,0,
CL000395,T0675,2022-01-22,2022-02-01,Energy,18592.12,0.0,18592.12,Settled,0,
CL005069,T0168,2026-02-17,2026-02-27,Credit & Surety,1511.64,3825.16,5336.8,Open,0,
CL005278,T0184,2026-04-07,2026-04-21,Workers Compensation,42522.74280000001,0.0,42522.74280000001,Settled,0,
CL003460,T0508,2024-12-08,2024-12-26,Aviation,85419.81,0.0,85419.81,Settled,0,
CL003089,T0666,2024-08-26,2024-09-15,Political Risk,22736.1496,0.0,22736.1496,Settled,0,
CL000495,T0281,2022-02-25,2022-03-29,Natural Catastrophe,9662.4684,4141.065600000001,13803.534,Reopened,0,
CL001701,T0041,2023-05-24,2023-06-09,Natural Catastrophe,174072.57,0.0,174072.57,Settled,0,
CL005947,T0515,2026-08-27,2026-09-30,Marine Hull,32740.912800000002,56605.3596,89346.2724,Open,0,
CL004229,T0079,2025-07-17,2025-08-01,Natural Catastrophe,597.34,1857.45,2454.79,Open,0,
CL000107,T0621,2021-06-16,2021-06-30,Business Interruption,46141.00200000001,0.0,46141.00200000001,Settled,0,
CL005791,T0537,2026-08-21,2026-08-31,Fire & Explosion,60592.02,70640.78,131232.8,Open,0,
CL003701,T0388,2025-02-16,2025-03-01,Business Interruption,77343.68,0.0,77343.68,Settled,0,
CL000432,T0399,2021-12-11,2022-02-18,Natural Catastrophe,528987.69,0.0,528987.69,Settled,0,
CL002528,T0205,2024-03-04,2024-03-13,Workers Compensation,66614.0,0.0,66614.0,Settled,0,
CL000734,T0108,2022-06-21,2022-08-03,Professional Indemnity,294145.4,661495.2,955640.6,Open,0,
CL004327,T0683,2025-08-10,2025-08-28,Workers Compensation,22668.09,0.0,22668.09,Settled,0,
CL001591,T0457,2023-04-14,2023-05-02,Fire & Explosion,46282.05,0.0,46282.05,Settled,0,
CL003835,T0143,2025-02-02,2025-04-10,Business Interruption,26684.28,0.0,26684.28,Settled,0,
CL005650,T0397,2026-07-23,2026-07-24,Business Interruption,1297.39008,90094.1394,91391.52948,Open,0,
CL001240,T0251,2022-12-12,2023-01-16,Workers Compensation,170416.6668,0.0,170416.6668,Settled,0,
CL001582,T0677,2023-03-13,2023-04-29,Fire & Explosion,350259.15,0.0,350259.15,Settled,0,
CL003454,T0262,2024-11-17,2024-12-25,Credit & Surety,69857.2296,0.0,69857.2296,Settled,0,
CL003300,T0328,2024-09-02,2024-11-11,General Liability,14567.44,0.0,14567.44,Settled,0,
CL003850,T0169,2024-12-09,2025-04-15,Business Interruption,20448.514800000004,0.0,20448.514800000004,Settled,0,
CL000453,T0229,2022-02-05,2022-03-08,Fire & Explosion,9958.66,0.0,9958.66,Settled,0,
CL002228,T0617,2023-12-03,2023-12-08,Auto Liability,33356.40672,0.0,33356.40672,Settled,0,
CL004443,T0189,2025-09-15,2025-09-27,Fire & Explosion,165020.71,0.0,165020.71,Settled,0,
CL002393,T0252,2023-12-31,2024-01-30,Energy,9378.78,0.0,9378.78,Settled,0,
CL004540,T0344,2025-10-20,2025-10-23,Business Interruption,7133.03,135466.41,142599.44,Open,0,
CL003686,T0360,2025-02-23,2025-02-26,Cyber,4284.69,0.0,4284.69,Settled,0,
CL002546,T0137,2024-03-19,2024-03-20,Professional Indemnity,40514.13,0.0,40514.13,Settled,0,
CL004772,T0436,2025-10-27,2025-12-19,Professional Indemnity,245449.33,0.0,245449.33,Settled,0,
CL001609,T0525,2023-04-01,2023-05-08,Medical Malpractice,322212.61,0.0,322212.61,Settled,0,
CL005927,T0325,2026-08-07,2026-09-30,Business Interruption,8080.51,16498.12,24578.629999999997,Open,0,
CL003430,T0255,2024-10-20,2024-12-18,Political Risk,34291.026359999996,0.0,34291.026359999996,Settled,0,
CL003459,T0370,2024-12-24,2024-12-26,Business Interruption,30900.1284,0.0,30900.1284,Settled,0,
CL000962,T0011,2022-10-19,2022-10-27,General Liability,23864.166,26168.8752,50033.0412,Open,0,
CL002303,T0186,2023-12-28,2024-01-04,Political Risk,102661.4088,0.0,102661.4088,Settled,0,
CL000993,T0171,2022-09-28,2022-11-04,Cyber,5339.74,0.0,5339.74,Settled,0,
CL000365,T0541,2022-01-12,2022-01-12,Energy,98213.74,0.0,98213.74,Settled,0,
CL002686,T0440,2024-04-21,2024-04-30,Energy,11268.79,0.0,11268.79,Settled,0,
CL004097,T0233,2025-06-15,2025-06-22,Directors & Officers,247011.74,0.0,247011.74,Settled,0,
CL000835,T0047,2022-08-28,2022-09-10,Political Risk,31209.82,0.0,31209.82,Settled,0,
CL004829,T0079,2025-11-20,2026-01-01,Natural Catastrophe,15711.87,0.0,15711.87,Settled,0,
CL003390,T0321,2024-10-16,2024-12-06,Workers Compensation,245002.76,0.0,245002.76,Settled,0,
CL003944,T0318,2025-04-30,2025-05-06,Fire & Explosion,39209.7348,99056.89800000002,138266.63280000002,Open,0,
CL005693,T0095,2026-07-31,2026-08-05,Political Risk,2944.11,8449.64,11393.75,Open,0,
CL005263,T0341,2026-03-22,2026-04-18,Marine Hull,237.83,931.46,1169.29,Open,0,
CL003538,T0030,2025-01-03,2025-01-18,Fire & Explosion,18607.91,0.0,18607.91,Settled,0,
CL001426,T0591,2023-03-08,2023-03-10,Marine Hull,56124.08,0.0,56124.08,Settled,0,
CL002911,T0121,2024-07-17,2024-07-17,Cyber,298411.58,0.0,298411.58,Settled,0,
CL004627,T0079,2025-10-09,2025-11-12,Business Interruption,2033.85,2361.64,4395.49,Open,0,
CL002894,T0460,2024-06-20,2024-07-12,General Liability,47214.36,0.0,47214.36,Settled,0,
CL004333,T0567,2025-07-28,2025-08-30,Business Interruption,10285.637040000001,13729.97376,24015.6108,Open,0,
CL001268,T0566,2023-01-09,2023-01-26,Natural Catastrophe,58063.1652,0.0,58063.1652,Settled,0,
CL002321,T0665,2024-01-09,2024-01-09,Credit & Surety,39374.12,46228.6,85602.72,Open,0,
CL002119,T0077,2023-10-23,2023-10-27,Workers Compensation,12807.51,0.0,12807.51,Settled,0,
CL003991,T0496,2025-05-10,2025-05-21,Energy,30643.49,41375.25,72018.74,Open,0,
CL005838,T0115,2026-08-15,2026-09-16,Cyber,9325.56,11420.86,20746.42,Open,0,
CL003418,T0321,2024-12-11,2024-12-16,Workers Compensation,564010.82,0.0,564010.82,Settled,0,
CL001834,T0569,2023-07-12,2023-07-20,Auto Liability,35222.17,0.0,35222.17,Settled,0,
CL004248,T0284,2025-05-23,2025-08-06,Credit & Surety,304290.3996,0.0,304290.3996,Settled,0,
CL000608,T0581,2022-04-28,2022-05-31,Business Interruption,29639.83,33495.22,63135.05,Open,0,
CL000634,T0411,2022-06-03,2022-06-14,Business Interruption,43608.391200000005,0.0,43608.391200000005,Settled,0,
CL004446,T0637,2025-09-01,2025-09-28,Aviation,1415.85,8818.22,10234.07,Open,0,
CL002482,T0531,2024-02-20,2024-02-27,Professional Indemnity,2324.5704,2808.27,5132.8404,Open,0,
CL000023,T0544,2021-03-21,2021-03-27,Directors & Officers,28015.11,0.0,28015.11,Settled,0,
CL000404,T0316,2021-12-25,2022-02-05,Fire & Explosion,112452.46,0.0,112452.46,Settled,0,
CL000906,T0510,2022-08-20,2022-10-05,Workers Compensation,44090.22,0.0,44090.22,Settled,0,
CL003078,T0023,2024-08-25,2024-09-11,Natural Catastrophe,13148.18388,5634.936,18783.119880000002,Reopened,0,
CL000436,T0522,2021-12-15,2022-02-21,Business Interruption,79814.75,0.0,79814.75,Settled,0,
CL000817,T0680,2022-08-23,2022-09-04,Business Interruption,46885.61,0.0,46885.61,Settled,0,
CL002449,T0369,2024-02-12,2024-02-18,Workers Compensation,125029.64,0.0,125029.64,Settled,0,
CL004440,T0684,2025-09-13,2025-09-26,General Liability,29397.88,46915.84,76313.72,Open,0,
CL000500,T0615,2022-03-25,2022-03-31,Professional Indemnity,12834.4284,26126.863200000003,38961.291600000004,Open,0,
CL005540,T0055,2026-06-21,2026-06-27,Medical Malpractice,6781.61,20104.14,26885.75,Open,0,
CL000917,T0083,2022-08-06,2022-10-10,Auto Liability,997810.7870400001,0.0,997810.7870400001,Settled,0,
CL002181,T0084,2023-11-20,2023-11-21,Energy,39240.01,136763.69,176003.7,Open,0,
CL001953,T0591,2023-08-31,2023-09-05,Marine Hull,195542.39,0.0,195542.39,Settled,0,
CL000759,T0581,2022-07-25,2022-08-11,Business Interruption,200195.86,0.0,200195.86,Settled,0,
CL004058,T0355,2025-06-02,2025-06-11,General Liability,30500.72,503416.52,533917.24,Open,0,
CL004805,T0182,2025-12-22,2025-12-27,Aviation,99542.41,0.0,99542.41,Settled,0,
CL002379,T0236,2024-01-15,2024-01-26,General Liability,15709.66,0.0,15709.66,Settled,0,
CL000523,T0206,2022-04-12,2022-04-12,Business Interruption,26746.075200000003,0.0,26746.075200000003,Settled,0,
CL003818,T0521,2025-04-04,2025-04-06,Professional Indemnity,98171.09,0.0,98171.09,Settled,0,
CL000724,T0672,2022-07-04,2022-07-30,Fire & Explosion,189465.63,0.0,189465.63,Settled,0,
CL000994,T0232,2022-08-29,2022-11-04,Business Interruption,23769.85,0.0,23769.85,Settled,0,
CL001319,T0656,2023-01-06,2023-02-09,Business Interruption,32873.07,0.0,32873.07,Settled,0,
CL002122,T0339,2023-10-12,2023-10-27,Natural Catastrophe,4955.007600000001,41917.8888,46872.896400000005,Open,0,
CL001822,T0345,2023-05-17,2023-07-16,Professional Indemnity,46231.1172,0.0,46231.1172,Settled,0,
CL001128,T0636,2022-11-14,2022-12-17,Workers Compensation,569.1600000000001,16681.788,17250.948,Open,0,
CL000702,T0672,2022-07-09,2022-07-25,Natural Catastrophe,348190.51,0.0,348190.51,Settled,0,
CL001918,T0645,2023-07-23,2023-08-20,Business Interruption,21713.5404,0.0,21713.5404,Settled,0,
CL005802,T0452,2026-08-13,2026-09-05,Medical Malpractice,22158.58,98521.99,120680.57,Open,0,
CL001244,T0150,2023-01-05,2023-01-18,General Liability,10224.17,0.0,10224.17,Settled,0,
CL001946,T0538,2023-07-13,2023-09-02,Natural Catastrophe,170701.06,0.0,170701.06,Settled,0,
CL001969,T0582,2023-08-13,2023-09-09,Fire & Explosion,68920.308,0.0,68920.308,Settled,0,
CL001001,T0011,2022-10-16,2022-11-07,General Liability,121439.3472,0.0,121439.3472,Settled,0,
CL002910,T0586,2024-06-22,2024-07-16,Medical Malpractice,31368.5136,0.0,31368.5136,Settled,0,
CL005143,T0062,2026-03-14,2026-03-17,Auto Liability,19417.27,84028.0,103445.27,Open,0,
CL000236,T0474,2021-08-14,2021-10-16,Workers Compensation,72807.94,0.0,72807.94,Settled,0,
CL003488,T0226,2025-01-03,2025-01-04,Fire & Explosion,16771.76,29027.3,45799.06,Open,0,
CL002063,T0045,2023-09-22,2023-10-10,Auto Liability,4935.42,0.0,4935.42,Settled,0,
CL004861,T0572,2026-01-09,2026-01-12,Workers Compensation,8590.752,34168.2516,42759.003600000004,Open,0,
CL000886,T0196,2022-09-11,2022-09-29,Fire & Explosion,6778.674000000001,0.0,6778.674000000001,Settled,0,
CL002689,T0181,2024-04-28,2024-05-01,General Liability,10898.38,0.0,10898.38,Settled,0,
CL001772,T0315,2023-07-05,2023-07-05,General Liability,5249.84,0.0,5249.84,Settled,0,
CL000646,T0507,2022-05-28,2022-06-21,Directors & Officers,52822.67,0.0,52822.67,Settled,0,
CL004377,T0276,2025-08-29,2025-09-12,Directors & Officers,224817.62,0.0,224817.62,Settled,0,
CL002770,T0009,2024-05-24,2024-05-31,Directors & Officers,553147.81,0.0,553147.81,Settled,0,
CL000883,T0457,2022-09-02,2022-09-27,Business Interruption,27260.48,11683.06,38943.54,Reopened,0,
CL001493,T0525,2023-03-20,2023-03-31,Professional Indemnity,536463.72,0.0,536463.72,Settled,0,
CL002180,T0031,2023-11-09,2023-11-21,General Liability,65508.15264,0.0,65508.15264,Settled,0,
CL001208,T0011,2023-01-03,2023-01-10,Workers Compensation,40143.794400000006,0.0,40143.794400000006,Settled,0,
CL001260,T0512,2023-01-11,2023-01-23,Professional Indemnity,15243.0984,0.0,15243.0984,Settled,0,
CL000073,T0541,2021-05-31,2021-06-01,Energy,2105.2,40254.32,42359.52,Open,0,
CL002500,T0142,2024-01-30,2024-03-05,General Liability,11211.609600000002,0.0,11211.609600000002,Settled,0,
CL002604,T0043,2024-04-03,2024-04-05,Directors & Officers,15370.592400000001,0.0,15370.592400000001,Settled,0,
CL002260,T0518,2023-12-15,2023-12-21,Professional Indemnity,423054.49,0.0,423054.49,Settled,0,
CL001821,T0315,2023-07-06,2023-07-16,Workers Compensation,31424.79,0.0,31424.79,Settled,0,
CL001463,T0296,2023-02-26,2023-03-24,Natural Catastrophe,32333.55,0.0,32333.55,Settled,0,
CL005580,T0427,2026-06-13,2026-07-05,Marine Hull,61261.04,131460.85,192721.89,Open,0,
CL001581,T0656,2023-03-02,2023-04-29,Natural Catastrophe,80610.93,0.0,80610.93,Settled,0,
CL003443,T0616,2024-12-21,2024-12-23,Aviation,2799.36,0.0,2799.36,Settled,0,
CL002216,T0618,2023-11-10,2023-12-03,Aviation,11128.698,0.0,11128.698,Settled,0,
CL004678,T0158,2025-11-19,2025-11-24,Workers Compensation,23028.99,0.0,23028.99,Settled,0,
CL001417,T0466,2023-02-15,2023-03-07,Fire & Explosion,6472.66,34292.83,40765.490000000005,Open,0,
CL001437,T0041,2023-03-01,2023-03-15,Fire & Explosion,258881.16,0.0,258881.16,Settled,0,
CL003976,T0063,2025-05-11,2025-05-17,Credit & Surety,35394.6024,0.0,35394.6024,Settled,0,
CL001559,T0247,2023-03-03,2023-04-20,Workers Compensation,45072.973099999996,0.0,45072.973099999996,Settled,0,
CL004735,T0124,2025-10-12,2025-12-09,Workers Compensation,360808.28,0.0,360808.28,Settled,0,
CL004655,T0222,2025-10-10,2025-11-18,Business Interruption,7393.8852,26606.556000000004,34000.4412,Open,0,
CL004983,T0403,2026-01-19,2026-02-08,Natural Catastrophe,11561.26,0.0,11561.26,Settled,0,
CL005234,T0234,2026-03-27,2026-04-10,Natural Catastrophe,12267.57,52070.4,64337.97,Open,0,
CL005068,T0018,2026-01-26,2026-02-27,General Liability,43868.55,0.0,43868.55,Settled,0,
CL001252,T0109,2022-12-23,2023-01-20,Natural Catastrophe,45665.46,0.0,45665.46,Settled,0,
CL002601,T0484,2024-02-17,2024-04-04,Business Interruption,142812.09360000002,0.0,142812.09360000002,Settled,0,
CL002235,T0077,2023-11-11,2023-12-11,Auto Liability,285583.37,0.0,285583.37,Settled,0,
CL002263,T0021,2023-12-16,2023-12-22,Professional Indemnity,40866.04,0.0,40866.04,Settled,0,
CL002148,T0238,2023-10-28,2023-11-04,Workers Compensation,2997.23,0.0,2997.23,Settled,0,
CL003032,T0185,2024-08-18,2024-08-29,Fire & Explosion,584923.8744000001,0.0,584923.8744000001,Settled,0,
CL001292,T0492,2022-12-30,2023-02-01,Medical Malpractice,162683.63,0.0,162683.63,Settled,0,
CL002786,T0650,2024-04-18,2024-06-07,Cyber,13859.52,0.0,13859.52,Settled,0,
CL002504,T0205,2024-01-06,2024-03-06,Workers Compensation,74793.04,0.0,74793.04,Settled,0,
CL000158,T0548,2021-07-22,2021-08-13,Fire & Explosion,70895.11,0.0,70895.11,Settled,0,
CL004080,T0311,2025-06-10,2025-06-16,Natural Catastrophe,22479.735360000002,0.0,22479.735360000002,Settled,0,
CL001290,T0337,2023-01-22,2023-02-01,Auto Liability,3647.35,0.0,3647.35,Settled,0,
CL001661,T0636,2023-03-26,2023-05-25,General Liability,19427.0508,37145.3148,56572.3656,Open,0,
CL005823,T0138,2026-09-09,2026-09-12,Marine Hull,793.16,4961.2,5754.36,Open,0,
CL003744,T0483,2025-02-27,2025-03-14,Auto Liability,10490.45,0.0,10490.45,Settled,0,
CL002170,T0339,2023-10-16,2023-11-16,Business Interruption,3332.5236000000004,0.0,3332.5236000000004,Settled,0,
CL005341,T0400,2026-05-05,2026-05-05,Fire & Explosion,42213.9,112150.18,154364.08,Open,0,
CL002169,T0121,2023-08-27,2023-11-16,Credit & Surety,74985.85,0.0,74985.85,Settled,0,
CL001991,T0647,2023-08-20,2023-09-18,Professional Indemnity,235811.53,0.0,235811.53,Settled,0,
CL004633,T0670,2025-10-20,2025-11-14,Aviation,31998.99,95552.76,127551.75,Open,0,
CL003568,T0155,2025-01-17,2025-01-28,Natural Catastrophe,26537.33,0.0,26537.33,Settled,0,
CL005503,T0154,2026-04-30,2026-06-15,Medical Malpractice,5379.66,6549.54,11929.2,Open,0,
CL003401,T0001,2024-12-03,2024-12-12,Fire & Explosion,794523.91,0.0,794523.91,Settled,0,
CL001451,T0492,2023-02-09,2023-03-20,Professional Indemnity,14880.39,0.0,14880.39,Settled,0,
CL002023,T0148,2023-09-21,2023-09-27,Auto Liability,23826.5928,0.0,23826.5928,Settled,0,
CL002177,T0039,2023-08-07,2023-11-19,Energy,5786.14,0.0,5786.14,Settled,0,
CL001457,T0464,2023-03-17,2023-03-21,Credit & Surety,66760.51,0.0,66760.51,Settled,0,
CL000865,T0466,2022-09-18,2022-09-20,Natural Catastrophe,70613.61,0.0,70613.61,Settled,0,
CL005810,T0209,2026-07-20,2026-09-09,Marine Hull,4717.83,6098.25,10816.08,Open,0,
CL001797,T0569,2023-06-20,2023-07-09,Workers Compensation,199119.66,0.0,199119.66,Settled,0,
CL002970,T0587,2024-06-22,2024-08-03,Cyber,7440.616800000001,0.0,7440.616800000001,Settled,0,
CL004591,T0356,2025-09-07,2025-11-03,Auto Liability,1489.25,11993.67,13482.92,Open,0,
CL002466,T0692,2024-02-07,2024-02-23,Cyber,15971.8176,0.0,15971.8176,Settled,0,
CL004700,T0200,2025-11-14,2025-12-01,Marine Hull,556837.79,1415607.64,1972445.43,Open,0,
CL002211,T0412,2023-11-19,2023-12-02,General Liability,82925.32680000001,196504.9848,279430.3116,Open,0,
CL001742,T0680,2023-03-31,2023-06-22,Fire & Explosion,15529.4,0.0,15529.4,Settled,0,
CL001635,T0593,2023-05-05,2023-05-17,Energy,247940.69,0.0,247940.69,Settled,0,
CL001414,T0193,2023-02-28,2023-03-07,Natural Catastrophe,57491.06,0.0,57491.06,Settled,0,
CL001324,T0612,2023-01-22,2023-02-10,Auto Liability,33209.71,0.0,33209.71,Settled,0,
CL002794,T0618,2024-06-01,2024-06-10,Aviation,11905.1316,0.0,11905.1316,Settled,0,
CL005768,T0341,2026-08-11,2026-08-25,Political Risk,17867.14,38493.07,56360.21,Open,0,
CL004325,T0318,2025-07-27,2025-08-28,Business Interruption,70913.34000000001,0.0,70913.34000000001,Settled,0,
CL002659,T0205,2024-04-07,2024-04-22,General Liability,29832.67,0.0,29832.67,Settled,0,
CL003288,T0618,2024-10-05,2024-11-06,Political Risk,4081.2228,7981.977600000001,12063.200400000002,Open,0,
CL002144,T0050,2023-10-19,2023-11-04,Workers Compensation,145264.2012,0.0,145264.2012,Settled,0,
CL005908,T0106,2026-09-25,2026-09-30,Medical Malpractice,10697.41,15726.21,26423.62,Open,0,
CL005458,T0423,2026-04-23,2026-06-02,Directors & Officers,26384.83,46362.77,72747.6,Open,0,
CL004408,T0549,2025-09-18,2025-09-18,Workers Compensation,1586.91,24887.64,26474.55,Open,0,
CL000830,T0232,2022-08-14,2022-09-08,Natural Catastrophe,63577.38,0.0,63577.38,Settled,0,
CL004650,T0097,2025-11-14,2025-11-17,Medical Malpractice,16833.430800000002,0.0,16833.430800000002,Settled,0,
CL003026,T0386,2024-07-26,2024-08-26,Fire & Explosion,23470.182000000004,0.0,23470.182000000004,Settled,0,
CL005678,T0537,2026-07-31,2026-07-31,Fire & Explosion,28460.59,140730.94,169191.53,Open,0,
CL000303,T0664,2021-11-27,2021-12-04,Medical Malpractice,73300.22,0.0,73300.22,Settled,0,
CL000441,T0088,2022-02-07,2022-02-24,Fire & Explosion,104233.58,0.0,104233.58,Settled,0,
CL003394,T0072,2024-08-29,2024-12-08,Fire & Explosion,57763.99,0.0,57763.99,Settled,0,
CL005673,T0543,2026-07-13,2026-07-30,Professional Indemnity,18367.3,0.0,18367.3,Settled,0,
CL003844,T0054,2025-04-07,2025-04-13,Workers Compensation,84478.032,0.0,84478.032,Settled,0,
CL003346,T0054,2024-10-30,2024-11-26,Auto Liability,19017.5904,0.0,19017.5904,Settled,0,
CL000108,T0551,2021-06-19,2021-07-01,Natural Catastrophe,6857.524800000001,37836.579600000005,44694.104400000004,Open,0,
CL000052,T0576,2021-04-28,2021-05-07,Marine Hull,5152.65,0.0,5152.65,Settled,0,
CL003340,T0195,2024-11-14,2024-11-25,Natural Catastrophe,132957.02076,0.0,132957.02076,Settled,0,
CL003858,T0155,2025-02-16,2025-04-17,Fire & Explosion,684.35,83072.03,83756.38,Open,0,
CL000446,T0615,2022-02-04,2022-02-26,Professional Indemnity,65438.77680000001,0.0,65438.77680000001,Settled,0,
CL002905,T0440,2024-07-06,2024-07-15,Energy,20099.06,0.0,20099.06,Settled,0,
CL004181,T0269,2025-07-17,2025-07-19,Business Interruption,55399.63,0.0,55399.63,Settled,0,
CL001792,T0247,2023-07-07,2023-07-09,Auto Liability,6522.7835000000005,0.0,6522.7835000000005,Settled,0,
CL000827,T0235,2022-08-06,2022-09-07,Energy,99872.9,0.0,99872.9,Settled,0,
CL003138,T0019,2024-09-08,2024-09-29,Directors & Officers,64162.05,0.0,64162.05,Settled,0,
CL004595,T0058,2025-10-25,2025-11-04,Marine Hull,8.76,4150.43,4159.1900000000005,Open,0,
CL003508,T0156,2024-12-12,2025-01-09,Natural Catastrophe,2687.28,0.0,2687.28,Settled,0,
CL001883,T0322,2023-08-08,2023-08-09,Professional Indemnity,648.2,0.0,648.2,Settled,0,
CL004132,T0646,2025-07-01,2025-07-05,Business Interruption,15596.28,0.0,15596.28,Settled,0,
CL003891,T0030,2025-04-16,2025-04-25,Natural Catastrophe,90914.81,0.0,90914.81,Settled,0,
CL002451,T0021,2024-01-07,2024-02-19,Professional Indemnity,56769.71,0.0,56769.71,Settled,0,
CL000800,T0669,2022-07-30,2022-08-28,Natural Catastrophe,41373.16,0.0,41373.16,Settled,0,
CL005146,T0640,2026-03-02,2026-03-17,Energy,33238.6848,48216.546,81455.2308,Open,0,
CL005968,T0623,2026-09-22,2026-09-30,Cyber,5176.17,17310.61,22486.78,Open,0,
CL000772,T0150,2022-08-09,2022-08-18,Auto Liability,64521.5,0.0,64521.5,Settled,0,
CL004784,T0651,2025-11-25,2025-12-21,Credit & Surety,2036.16,4596.34,6632.5,Open,0,
CL005371,T0074,2026-04-26,2026-05-14,Business Interruption,150610.29,641758.73,792369.02,Open,0,
CL004167,T0212,2025-06-22,2025-07-14,Workers Compensation,363311.0064,0.0,363311.0064,Settled,0,
CL000320,T0392,2021-12-05,2021-12-13,Political Risk,20258.16,100534.09,120792.25,Open,0,
CL002423,T0156,2024-01-20,2024-02-10,Natural Catastrophe,58443.34,0.0,58443.34,Settled,0,
CL000808,T0342,2022-07-30,2022-08-30,Directors & Officers,611721.5796,0.0,611721.5796,Settled,0,
CL002550,T0136,2024-03-12,2024-03-21,Workers Compensation,30189.86,0.0,30189.86,Settled,0,
CL001294,T0689,2022-12-31,2023-02-01,Directors & Officers,1024558.6442999999,0.0,1024558.6442999999,Settled,0,
CL003369,T0164,2024-10-15,2024-12-01,Professional Indemnity,53198.7912,128395.97280000002,181594.764,Open,0,
CL002715,T0009,2024-05-04,2024-05-12,Credit & Surety,159441.21,0.0,159441.21,Settled,0,
CL004831,T0116,2025-12-08,2026-01-02,Political Risk,1062.51744,12856.96416,13919.481599999997,Open,0,
CL003522,T0532,2024-12-26,2025-01-13,General Liability,66821.41440000001,0.0,66821.41440000001,Settled,0,
CL005241,T0075,2026-04-10,2026-04-14,Fire & Explosion,7008.19,94414.9,101423.09,Open,0,
CL001450,T0451,2023-03-04,2023-03-20,Energy,26546.45,0.0,26546.45,Settled,0,
CL000329,T0245,2021-11-14,2021-12-18,General Liability,39610.6524,0.0,39610.6524,Settled,0,
CL003652,T0498,2025-02-05,2025-02-18,Auto Liability,117328.01,0.0,117328.01,Settled,0,
CL000662,T0653,2022-06-17,2022-06-29,Business Interruption,332718.58,0.0,332718.58,Settled,0,
CL003456,T0081,2024-12-09,2024-12-26,Professional Indemnity,7558.0344000000005,0.0,7558.0344000000005,Settled,0,
CL003937,T0652,2025-04-30,2025-05-04,Political Risk,21221.52288,0.0,21221.52288,Settled,0,
CL000890,T0467,2022-09-24,2022-09-30,Fire & Explosion,116506.782,0.0,116506.782,Settled,0,
CL002622,T0241,2024-04-02,2024-04-09,Credit & Surety,22565.42,0.0,22565.42,Settled,0,
CL004374,T0572,2025-07-11,2025-09-11,Workers Compensation,81453.0816,0.0,81453.0816,Settled,0,
CL000379,T0317,2021-12-27,2022-01-20,Medical Malpractice,121697.11,0.0,121697.11,Settled,0,
CL004722,T0601,2025-12-02,2025-12-05,General Liability,1204535.8692,0.0,1204535.8692,Settled,0,
CL000091,T0073,2021-05-12,2021-06-18,General Liability,287096.7888,0.0,287096.7888,Settled,0,
CL002838,T0433,2024-06-21,2024-06-23,Workers Compensation,201332.55,226905.12,428237.67,Open,0,
CL003597,T0328,2025-01-26,2025-02-05,Workers Compensation,21952.84,0.0,21952.84,Settled,0,
CL005207,T0406,2026-03-17,2026-04-03,Energy,1408.2141,136430.6771,137838.8912,Open,0,
CL004826,T0423,2025-12-17,2025-12-31,Directors & Officers,12179.02,196664.38,208843.4,Open,0,
CL005518,T0579,2026-06-15,2026-06-19,Credit & Surety,446.32,0.0,446.32,Settled,0,
CL001980,T0045,2023-07-17,2023-09-15,Workers Compensation,22959.0,0.0,22959.0,Settled,0,
CL005569,T0427,2026-06-04,2026-07-02,Aviation,642216.77,0.0,642216.77,Settled,0,
CL001166,T0017,2022-12-28,2022-12-28,Fire & Explosion,23503.8456,0.0,23503.8456,Settled,0,
CL000973,T0096,2022-10-17,2022-10-31,Medical Malpractice,7236.6156,0.0,7236.6156,Settled,0,
CL002893,T0185,2024-05-11,2024-07-12,Fire & Explosion,312427.06560000003,0.0,312427.06560000003,Settled,0,
CL000364,T0392,2022-01-01,2022-01-12,Marine Hull,617843.65,0.0,617843.65,Settled,0,
CL004531,T0280,2025-08-15,2025-10-22,Fire & Explosion,14563.32,0.0,14563.32,Settled,0,
CL004037,T0685,2025-05-30,2025-06-05,General Liability,40200.948000000004,75253.15800000001,115454.10600000001,Open,0,
CL005197,T0613,2026-02-16,2026-04-01,Professional Indemnity,12333.55,39524.93,51858.479999999996,Open,0,
CL004086,T0284,2025-04-14,2025-06-17,Credit & Surety,185262.89760000003,0.0,185262.89760000003,Settled,0,
CL004498,T0233,2025-09-01,2025-10-14,Credit & Surety,460585.33,0.0,460585.33,Settled,0,
CL004270,T0634,2025-08-12,2025-08-12,Cyber,14300.25,0.0,14300.25,Settled,0,
CL000333,T0437,2021-12-06,2021-12-20,Professional Indemnity,35284.15,0.0,35284.15,Settled,0,
CL005179,T0243,2026-03-15,2026-03-28,Energy,36074.68,0.0,36074.68,Settled,0,
CL005131,T0188,2026-02-21,2026-03-14,General Liability,67.96,1340.98,1408.94,Open,0,
CL002189,T0678,2023-09-28,2023-11-23,Aviation,242659.82652,0.0,242659.82652,Settled,0,
CL004237,T0465,2025-05-22,2025-08-02,Natural Catastrophe,7649.87988,76597.599,84247.47888000001,Open,0,
CL005089,T0536,2026-02-10,2026-03-03,Medical Malpractice,250819.34,0.0,250819.34,Settled,0,
CL001356,T0434,2023-02-15,2023-02-19,Business Interruption,19920.502800000002,0.0,19920.502800000002,Settled,0,
CL003758,T0181,2025-03-04,2025-03-21,Workers Compensation,55273.04,0.0,55273.04,Settled,0,
CL001037,T0258,2022-10-30,2022-11-21,Energy,188174.43,0.0,188174.43,Settled,0,
CL001506,T0404,2023-03-30,2023-04-05,Business Interruption,53256.81,0.0,53256.81,Settled,0,
CL003788,T0071,2025-03-08,2025-03-28,Energy,10362.2868,0.0,10362.2868,Settled,0,
CL003984,T0695,2025-03-31,2025-05-19,Business Interruption,328125.1788,0.0,328125.1788,Settled,0,
CL004703,T0200,2025-11-29,2025-12-02,Aviation,1609066.66,0.0,1609066.66,Settled,0,
CL002043,T0145,2023-08-21,2023-10-04,Natural Catastrophe,23934.71,0.0,23934.71,Settled,0,
CL000068,T0231,2021-05-17,2021-05-28,Workers Compensation,7023.52,0.0,7023.52,Settled,0,
CL000629,T0139,2022-06-12,2022-06-12,Directors & Officers,26398.580400000003,0.0,26398.580400000003,Settled,0,
CL005161,T0182,2026-03-16,2026-03-23,Aviation,21089.68,105002.86,126092.54000000001,Open,0,
CL001212,T0286,2022-11-29,2023-01-10,Marine Hull,98250.3108,0.0,98250.3108,Settled,0,
CL002419,T0455,2023-12-01,2024-02-08,Fire & Explosion,58420.98,106144.18,164565.16,Open,0,
CL003739,T0668,2025-03-03,2025-03-12,Aviation,151646.73552000002,0.0,151646.73552000002,Settled,0,
CL002878,T0119,2024-05-21,2024-07-05,Workers Compensation,3561.77,6470.39,10032.16,Open,0,
CL002158,T0421,2023-06-07,2023-11-09,Cyber,53711.97,0.0,53711.97,Settled,0,
CL003024,T0205,2024-08-07,2024-08-26,Workers Compensation,120927.5,0.0,120927.5,Settled,0,
CL002322,T0622,2023-10-31,2024-01-10,Aviation,1184.64288,1548.36336,2733.00624,Open,0,
CL004119,T0284,2025-05-20,2025-06-30,Directors & Officers,545466.9276,927155.2032000001,1472622.1308000002,Open,0,
CL004294,T0599,2025-08-07,2025-08-19,General Liability,2095.17,0.0,2095.17,Settled,0,
CL004045,T0355,2025-05-21,2025-06-07,Auto Liability,191224.24,0.0,191224.24,Settled,0,
CL004251,T0395,2025-08-05,2025-08-07,Workers Compensation,5899.32,0.0,5899.32,Settled,0,
CL005391,T0005,2026-05-16,2026-05-18,Fire & Explosion,46768.14,106020.88,152789.02000000002,Open,0,
CL003391,T0355,2024-11-30,2024-12-06,Auto Liability,111426.4,0.0,111426.4,Settled,0,
CL001360,T0509,2023-02-04,2023-02-20,Professional Indemnity,13691.81,0.0,13691.81,Settled,0,
CL001057,T0229,2022-11-26,2022-11-27,Business Interruption,28202.72,0.0,28202.72,Settled,0,
CL004451,T0603,2025-09-27,2025-09-30,General Liability,81281.76732,103763.83368000001,185045.601,Open,0,
CL005467,T0198,2026-05-28,2026-06-06,Natural Catastrophe,3843.04,65863.62,69706.65999999999,Open,0,
CL005738,T0248,2026-07-26,2026-08-16,Political Risk,8251.93,62681.47,70933.4,Open,0,
CL001726,T0096,2023-05-26,2023-06-15,Medical Malpractice,24174.504,0.0,24174.504,Settled,0,
CL000374,T0161,2021-08-30,2022-01-18,Directors & Officers,2488.5036000000005,0.0,2488.5036000000005,Settled,0,
CL004659,T0116,2025-09-20,2025-11-20,Political Risk,311208.14016,0.0,311208.14016,Settled,0,
CL002740,T0598,2024-05-03,2024-05-19,Workers Compensation,288130.99,0.0,288130.99,Settled,0,
CL005948,T0523,2026-09-08,2026-09-30,Natural Catastrophe,500.05080000000004,2300.13,2800.1808000000005,Open,0,
CL001453,T0098,2023-03-07,2023-03-21,Fire & Explosion,116576.15040000001,0.0,116576.15040000001,Settled,0,
CL002284,T0186,2023-12-12,2023-12-29,Energy,61618.12560000001,438984.414,500602.5396,Open,0,
CL004668,T0681,2025-11-20,2025-11-21,Natural Catastrophe,17127.51,40696.76,57824.270000000004,Open,0,
CL001703,T0017,2023-04-24,2023-06-10,Natural Catastrophe,15616.3464,0.0,15616.3464,Settled,0,
CL005127,T0256,2026-03-12,2026-03-13,Marine Hull,102895.26,168306.85,271202.11,Open,0,
CL005899,T0053,2026-09-17,2026-09-30,Business Interruption,41624.58,69157.94,110782.52,Open,0,
CL005226,T0200,2026-01-24,2026-04-08,Political Risk,1679625.07,0.0,1679625.07,Settled,0,
CL002532,T0205,2024-02-03,2024-03-15,Auto Liability,72115.46,0.0,72115.46,Settled,0,
CL000507,T0197,2022-02-11,2022-04-04,Cyber,47395.34,185925.66,233321.0,Open,0,
CL004372,T0246,2025-08-27,2025-09-11,Auto Liability,235351.71000000002,390369.30480000004,625721.0148000001,Open,0,
CL000361,T0073,2022-01-05,2022-01-10,Auto Liability,1488952.5840000003,638122.536,2127075.12,Reopened,0,
CL003109,T0696,2024-07-29,2024-09-20,Auto Liability,1226152.99,0.0,1226152.99,Settled,0,
CL001682,T0031,2023-05-18,2023-06-03,General Liability,2030.11056,3189.207,5219.31756,Open,0,
CL004569,T0651,2025-10-28,2025-10-29,Credit & Surety,12268.45,0.0,12268.45,Settled,0,
CL000881,T0283,2022-09-21,2022-09-27,Auto Liability,681910.7256,0.0,681910.7256,Settled,0,
CL001934,T0489,2023-08-25,2023-08-29,Auto Liability,40163.8824,0.0,40163.8824,Settled,0,
CL003728,T0116,2025-01-14,2025-03-11,Energy,30760.14456,0.0,30760.14456,Settled,0,
CL002227,T0352,2023-11-12,2023-12-08,Credit & Surety,24298.61,90751.43,115050.04,Open,0,
CL005365,T0187,2026-04-23,2026-05-11,Natural Catastrophe,37045.9116,119298.98064000001,156344.89224,Open,0,
CL002314,T0650,2023-12-18,2024-01-08,Credit & Surety,67490.75,0.0,67490.75,Settled,0,
CL000619,T0669,2022-05-25,2022-06-05,Natural Catastrophe,161229.15,0.0,161229.15,Settled,0,
CL001817,T0376,2023-06-29,2023-07-15,Business Interruption,23017.64,0.0,23017.64,Settled,0,
CL000582,T0392,2022-05-02,2022-05-12,Marine Hull,357589.86,0.0,357589.86,Settled,0,
CL003070,T0023,2024-07-06,2024-09-07,Natural Catastrophe,20233.958039999998,0.0,20233.958039999998,Settled,0,
CL002406,T0649,2023-12-21,2024-02-03,Fire & Explosion,146376.42,0.0,146376.42,Settled,0,
CL001600,T0126,2023-04-25,2023-05-06,Natural Catastrophe,27133.94,0.0,27133.94,Settled,0,
CL004936,T0029,2026-01-18,2026-01-27,Marine Hull,9395.92,19404.37,28800.29,Open,0,
CL004658,T0311,2025-11-11,2025-11-19,Fire & Explosion,11631.34596,33782.637,45413.98296,Open,0,
CL000855,T0416,2022-08-04,2022-09-15,Credit & Surety,23341.89,0.0,23341.89,Settled,0,
CL000210,T0458,2021-09-23,2021-09-29,Aviation,108868.59,0.0,108868.59,Settled,0,
CL003086,T0127,2024-09-15,2024-09-15,Workers Compensation,70941.46,0.0,70941.46,Settled,0,
CL002296,T0130,2023-10-31,2024-01-02,General Liability,35229.22,0.0,35229.22,Settled,0,
CL000907,T0619,2022-08-21,2022-10-05,Natural Catastrophe,48954.55,0.0,48954.55,Settled,0,
CL004468,T0276,2025-09-01,2025-10-06,Cyber,89077.12,203912.13,292989.25,Open,0,
CL000795,T0422,2022-07-15,2022-08-26,Business Interruption,204232.44,407026.04,611258.48,Open,0,
CL003969,T0032,2025-04-28,2025-05-15,Fire & Explosion,104643.74,0.0,104643.74,Settled,0,
CL003680,T0321,2025-02-17,2025-02-25,Workers Compensation,238131.48,0.0,238131.48,Settled,0,
CL003336,T0129,2024-11-17,2024-11-23,General Liability,42083.73,0.0,42083.73,Settled,0,
CL001688,T0238,2023-05-05,2023-06-06,General Liability,27248.4,0.0,27248.4,Settled,0,
CL002508,T0086,2024-01-23,2024-03-07,Credit & Surety,19674.71,0.0,19674.71,Settled,0,
CL000181,T0514,2021-08-04,2021-09-07,Aviation,44015.12,0.0,44015.12,Settled,0,
CL003887,T0001,2025-04-12,2025-04-24,Natural Catastrophe,138151.16,569987.61,708138.77,Open,0,
CL000852,T0698,2022-08-23,2022-09-14,Medical Malpractice,1667.5,0.0,1667.5,Settled,0,
CL004709,T0257,2025-10-06,2025-12-03,Professional Indemnity,61573.23,0.0,61573.23,Settled,0,
CL004905,T0633,2025-12-27,2026-01-20,Professional Indemnity,55048.98,0.0,55048.98,Settled,0,
CL004345,T0663,2025-08-05,2025-09-02,Workers Compensation,74586.53880000001,117134.4348,191720.9736,Open,0,
CL005223,T0403,2026-03-30,2026-04-06,Business Interruption,151709.05,0.0,151709.05,Settled,0,
CL004810,T0188,2025-12-27,2025-12-28,Workers Compensation,15643.16,0.0,15643.16,Settled,0,
CL004786,T0572,2025-12-15,2025-12-22,Auto Liability,27696.027600000005,0.0,27696.027600000005,Settled,0,
CL004161,T0249,2025-07-05,2025-07-12,Political Risk,58955.17,25266.5,84221.67,Reopened,0,
CL004782,T0356,2025-11-30,2025-12-21,Auto Liability,3913.51,0.0,3913.51,Settled,0,
CL003447,T0284,2024-10-24,2024-12-24,Credit & Surety,95000.87160000001,0.0,95000.87160000001,Settled,0,
CL000900,T0229,2022-09-21,2022-10-04,Business Interruption,22650.17,0.0,22650.17,Settled,0,
CL004765,T0099,2025-12-03,2025-12-17,Aviation,14113.48,94929.33,109042.81,Open,0,
CL005734,T0028,2026-07-29,2026-08-15,Auto Liability,2117.6,9456.24,11573.84,Open,0,
CL002489,T0119,2024-02-04,2024-03-01,Workers Compensation,5008.68,0.0,5008.68,Settled,0,
CL001857,T0631,2023-06-16,2023-07-27,Credit & Surety,1993.57,0.0,1993.57,Settled,0,
CL000606,T0411,2022-05-21,2022-05-29,Business Interruption,13870.4508,0.0,13870.4508,Settled,0,
CL001348,T0039,2022-12-18,2023-02-17,Aviation,20775.96,0.0,20775.96,Settled,0,
CL002403,T0618,2024-01-06,2024-02-02,Aviation,112369.2912,0.0,112369.2912,Settled,0,
CL002716,T0010,2024-04-24,2024-05-12,Business Interruption,21196.15,0.0,21196.15,Settled,0,
CL005025,T0485,2026-02-10,2026-02-17,Cyber,44945.7768,51294.4812,96240.25800000002,Open,0,
CL005228,T0064,2026-03-19,2026-04-09,Business Interruption,3794.21,21401.37,25195.579999999998,Open,0,
CL001610,T0113,2023-04-12,2023-05-09,Medical Malpractice,6862.9252799999995,0.0,6862.9252799999995,Settled,0,
CL003015,T0517,2024-08-17,2024-08-22,Directors & Officers,25782.7428,45236.858400000005,71019.6012,Open,0,
CL003207,T0216,2024-08-05,2024-10-18,Energy,33676.05,57902.24,91578.29000000001,Open,0,
CL000838,T0177,2022-08-29,2022-09-11,Medical Malpractice,8438.75,0.0,8438.75,Settled,0,
CL000163,T0674,2021-08-17,2021-08-18,Auto Liability,14510.7504,25202.8908,39713.641200000005,Open,0,
CL004230,T0226,2025-07-31,2025-08-01,Natural Catastrophe,30313.6,63968.81,94282.41,Open,0,
CL002084,T0251,2023-10-10,2023-10-15,Workers Compensation,24832.494000000002,0.0,24832.494000000002,Settled,0,
CL003125,T0141,2024-09-11,2024-09-25,Workers Compensation,355437.75,0.0,355437.75,Settled,0,
CL000753,T0281,2022-08-08,2022-08-10,Natural Catastrophe,69241.0356,0.0,69241.0356,Settled,0,
CL002833,T0025,2024-04-02,2024-06-22,Credit & Surety,105318.37,0.0,105318.37,Settled,0,
CL001622,T0510,2023-05-11,2023-05-13,Auto Liability,112927.47,317125.49,430052.95999999996,Open,0,
CL004182,T0285,2025-05-22,2025-07-19,Energy,87869.77,0.0,87869.77,Settled,0,
CL000857,T0109,2022-09-06,2022-09-16,Business Interruption,91337.14,0.0,91337.14,Settled,0,
CL005795,T0439,2026-05-29,2026-09-02,Professional Indemnity,67508.45,450554.8,518063.25,Open,0,
CL002593,T0218,2024-03-23,2024-04-02,Fire & Explosion,9943.1712,0.0,9943.1712,Settled,0,
CL001961,T0384,2023-07-20,2023-09-07,Political Risk,23089.384800000003,0.0,23089.384800000003,Settled,0,
CL004955,T0503,2026-01-24,2026-01-31,Aviation,15459.17,50745.49,66204.66,Open,0,
CL004993,T0298,2026-01-31,2026-02-11,Auto Liability,2221.0524000000005,0.0,2221.0524000000005,Settled,0,
CL000004,T0231,2021-01-20,2021-02-01,Auto Liability,396720.85,0.0,396720.85,Settled,0,
CL004362,T0270,2025-08-28,2025-09-06,General Liability,31436.703700000002,13472.8712,44909.57490000001,Reopened,0,
CL005078,T0575,2026-02-26,2026-02-28,Fire & Explosion,155.85,1448.8,1604.6499999999999,Open,0,
CL001376,T0421,2023-02-15,2023-02-25,Directors & Officers,67327.08,0.0,67327.08,Settled,0,
CL003231,T0473,2024-08-23,2024-10-24,Business Interruption,20646.7329,0.0,20646.7329,Settled,0,
CL002405,T0608,2024-01-13,2024-02-03,Credit & Surety,14858.57,0.0,14858.57,Settled,0,
CL001285,T0286,2022-11-22,2023-01-31,Energy,60651.061200000004,0.0,60651.061200000004,Settled,0,
CL005975,T0679,2026-09-13,2026-09-30,Natural Catastrophe,810.24,10215.77,11026.01,Open,0,
CL005511,T0307,2026-06-10,2026-06-17,General Liability,75682.72,80829.72,156512.44,Open,0,
CL004989,T0379,2026-02-09,2026-02-10,Credit & Surety,412.93,5176.12,5589.05,Open,0,
CL001325,T0647,2022-12-11,2023-02-10,Professional Indemnity,49802.17,0.0,49802.17,Settled,0,
CL004032,T0534,2025-05-27,2025-06-04,Marine Hull,92196.87,0.0,92196.87,Settled,0,
CL002797,T0393,2024-04-12,2024-06-11,Fire & Explosion,21935.96,0.0,21935.96,Settled,0,
CL003306,T0456,2024-09-12,2024-11-13,Fire & Explosion,62888.71,0.0,62888.71,Settled,0,
CL002361,T0472,2024-01-17,2024-01-22,Natural Catastrophe,13861.3,0.0,13861.3,Settled,0,
CL003521,T0360,2024-12-14,2025-01-13,Cyber,74091.38,0.0,74091.38,Settled,0,
CL005640,T0062,2026-07-12,2026-07-21,Workers Compensation,125.38,21985.74,22111.120000000003,Open,0,
CL004190,T0054,2025-07-18,2025-07-21,General Liability,31741.6428,0.0,31741.6428,Settled,0,
CL005382,T0543,2026-05-11,2026-05-16,Medical Malpractice,151.27,206.83,358.1,Open,0,
CL001454,T0219,2023-03-16,2023-03-21,Business Interruption,11466.84,0.0,11466.84,Settled,0,
CL004728,T0564,2025-11-22,2025-12-07,Credit & Surety,226418.74368,261296.37804000004,487715.12172000005,Open,0,
CL002570,T0665,2024-03-13,2024-03-27,Directors & Officers,166058.82,0.0,166058.82,Settled,0,
CL000124,T0419,2021-06-14,2021-07-14,Natural Catastrophe,292.77,1014.9,1307.67,Open,0,
CL002357,T0574,2024-01-20,2024-01-20,Auto Liability,3436.1064,36198.9972,39635.1036,Open,0,
CL005339,T0596,2026-04-25,2026-05-03,Medical Malpractice,13445.492400000001,72605.1384,86050.6308,Open,0,
CL004496,T0168,2025-08-22,2025-10-14,Cyber,24549.22,0.0,24549.22,Settled,0,
CL004497,T0215,2025-10-09,2025-10-14,Business Interruption,708605.45,0.0,708605.45,Settled,0,
CL005698,T0403,2026-07-29,2026-08-05,Business Interruption,39150.94,0.0,39150.94,Settled,0,
CL002298,T0295,2023-12-22,2024-01-02,Natural Catastrophe,73934.97,0.0,73934.97,Settled,0,
CL001516,T0467,2023-03-31,2023-04-07,Fire & Explosion,377163.9936,0.0,377163.9936,Settled,0,
CL001433,T0698,2023-03-04,2023-03-12,Professional Indemnity,4252.06,0.0,4252.06,Settled,0,
CL002819,T0043,2024-05-28,2024-06-17,Directors & Officers,16835.3208,0.0,16835.3208,Settled,0,
CL005353,T0543,2026-04-09,2026-05-08,Professional Indemnity,1159.64,0.0,1159.64,Settled,0,
CL002266,T0677,2023-12-14,2023-12-22,Natural Catastrophe,83961.44,0.0,83961.44,Settled,0,
CL000649,T0235,2022-05-20,2022-06-23,Energy,27670.17,0.0,27670.17,Settled,0,
CL000293,T0380,2021-11-22,2021-11-24,Business Interruption,29297.3112,0.0,29297.3112,Settled,0,
CL003004,T0063,2024-08-10,2024-08-18,Credit & Surety,9025.560000000001,0.0,9025.560000000001,Settled,0,
CL000050,T0361,2021-05-04,2021-05-07,Workers Compensation,2609.33,0.0,2609.33,Settled,0,
CL005843,T0555,2026-05-14,2026-09-17,Professional Indemnity,12766.44,19000.68,31767.120000000003,Open,0,
CL004356,T0400,2025-09-01,2025-09-05,Business Interruption,357923.68,0.0,357923.68,Settled,0,
CL003323,T0382,2024-11-15,2024-11-19,General Liability,10653.498000000001,0.0,10653.498000000001,Settled,0,
CL003974,T0553,2025-05-04,2025-05-16,Cyber,202923.97,0.0,202923.97,Settled,0,
CL005168,T0684,2026-03-19,2026-03-24,Auto Liability,2334.23,8885.76,11219.99,Open,0,
CL000034,T0361,2021-04-12,2021-04-17,General Liability,7113.64,0.0,7113.64,Settled,0,
CL003051,T0473,2024-08-30,2024-09-02,Business Interruption,241238.786,0.0,241238.786,Settled,0,
CL000884,T0223,2022-09-14,2022-09-28,Natural Catastrophe,47528.12,0.0,47528.12,Settled,0,
CL003550,T0353,2024-12-13,2025-01-21,Business Interruption,39340.78,0.0,39340.78,Settled,0,
CL004943,T0495,2026-01-20,2026-01-27,Natural Catastrophe,192626.28624,0.0,192626.28624,Settled,0,
CL002821,T0086,2024-05-20,2024-06-17,Credit & Surety,507640.97,0.0,507640.97,Settled,0,
CL004115,T0556,2025-06-19,2025-06-28,Business Interruption,2473.22,2774.1,5247.32,Open,0,
CL004639,T0661,2025-11-07,2025-11-15,Workers Compensation,27310.7052,31317.2352,58627.9404,Open,0,
CL001452,T0647,2023-02-14,2023-03-20,Medical Malpractice,38246.52,0.0,38246.52,Settled,0,
CL004350,T0683,2025-08-06,2025-09-04,General Liability,4890.79,18901.87,23792.66,Open,0,
CL005634,T0095,2026-07-08,2026-07-19,Aviation,21985.43,44979.83,66965.26000000001,Open,0,
CL000866,T0619,2022-09-16,2022-09-20,Fire & Explosion,11476.55,0.0,11476.55,Settled,0,
CL003041,T0195,2024-08-16,2024-09-01,Business Interruption,48238.130880000004,75307.041,123545.17188000001,Open,0,
CL003225,T0533,2024-10-14,2024-10-22,Workers Compensation,1832545.81,0.0,1832545.81,Settled,0,
CL004660,T0233,2025-11-19,2025-11-20,Directors & Officers,39469.52,0.0,39469.52,Settled,0,
CL000868,T0229,2022-09-15,2022-09-21,Business Interruption,95288.08,0.0,95288.08,Settled,0,
CL004697,T0651,2025-11-22,2025-11-29,Credit & Surety,4930.32,0.0,4930.32,Settled,0,
CL004822,T0261,2025-09-25,2025-12-30,General Liability,329548.0788,0.0,329548.0788,Settled,0,
CL005196,T0564,2026-01-31,2026-04-01,Cyber,621225.65328,0.0,621225.65328,Settled,0,
CL004511,T0633,2025-10-12,2025-10-15,Professional Indemnity,170263.26,0.0,170263.26,Settled,0,
CL004160,T0199,2025-06-20,2025-07-12,Aviation,89649.91176,0.0,89649.91176,Settled,0,
CL005247,T0413,2026-03-31,2026-04-15,Natural Catastrophe,4267.0476,39156.7416,43423.7892,Open,0,
CL003907,T0114,2025-04-12,2025-04-28,Medical Malpractice,145967.61,0.0,145967.61,Settled,0,
CL001340,T0538,2023-02-02,2023-02-13,Fire & Explosion,672128.73,0.0,672128.73,Settled,0,
CL003766,T0498,2025-03-06,2025-03-22,Auto Liability,7308.72,0.0,7308.72,Settled,0,
CL005732,T0605,2026-08-10,2026-08-14,General Liability,8178.8,35703.81,43882.61,Open,0,
CL003214,T0533,2024-10-03,2024-10-19,Auto Liability,545997.68,0.0,545997.68,Settled,0,
CL003746,T0603,2025-01-21,2025-03-15,Workers Compensation,26149.512720000002,0.0,26149.512720000002,Settled,0,
CL000380,T0437,2021-12-30,2022-01-20,Medical Malpractice,39013.02,0.0,39013.02,Settled,0,
CL000889,T0610,2022-09-15,2022-09-29,Natural Catastrophe,311768.5,0.0,311768.5,Settled,0,
CL002383,T0271,2023-12-21,2024-01-27,Marine Hull,224244.81720000002,0.0,224244.81720000002,Settled,0,
CL005028,T0378,2026-02-16,2026-02-18,Medical Malpractice,52316.60808,0.0,52316.60808,Settled,0,
CL001110,T0292,2022-12-11,2022-12-13,Medical Malpractice,19850.940000000002,0.0,19850.940000000002,Settled,0,
CL000367,T0558,2022-01-05,2022-01-13,Auto Liability,147436.76,0.0,147436.76,Settled,0,
CL004001,T0438,2025-04-21,2025-05-24,Credit & Surety,229432.37,0.0,229432.37,Settled,0,
CL001473,T0371,2023-02-28,2023-03-27,Auto Liability,56452.93,0.0,56452.93,Settled,0,
CL004467,T0097,2025-09-28,2025-10-05,Medical Malpractice,8983.202400000002,26594.3736,35577.576,Open,0,
CL001826,T0039,2023-07-08,2023-07-17,Political Risk,84389.09,0.0,84389.09,Settled,0,
CL003467,T0233,2024-12-20,2024-12-28,Credit & Surety,155590.95,0.0,155590.95,Settled,0,
CL003649,T0195,2025-01-15,2025-02-18,Business Interruption,186924.951,0.0,186924.951,Settled,0,
CL003322,T0189,2024-11-17,2024-11-19,Natural Catastrophe,60615.76,0.0,60615.76,Settled,0,
CL000691,T0437,2022-07-19,2022-07-20,Medical Malpractice,58682.15,0.0,58682.15,Settled,0,
CL001499,T0435,2023-03-29,2023-04-04,Cyber,15491.32,0.0,15491.32,Settled,0,
CL001881,T0421,2023-07-19,2023-08-07,Cyber,31140.36,13345.87,44486.23,Reopened,0,
CL004301,T0644,2025-08-12,2025-08-21,General Liability,92069.77,0.0,92069.77,Settled,0,
CL004923,T0008,2025-11-08,2026-01-25,Natural Catastrophe,130095.95,0.0,130095.95,Settled,0,
CL005472,T0099,2026-05-22,2026-06-07,Aviation,27905.31,0.0,27905.31,Settled,0,
CL005914,T0188,2026-08-16,2026-09-30,Auto Liability,244.45,2776.54,3020.99,Open,0,
CL000444,T0453,2021-11-18,2022-02-25,Medical Malpractice,1817642.4,0.0,1817642.4,Settled,0,
CL000989,T0281,2022-10-07,2022-11-03,Fire & Explosion,123872.59800000001,0.0,123872.59800000001,Settled,0,
CL000008,T0140,2021-01-26,2021-02-24,Workers Compensation,29252.9772,0.0,29252.9772,Settled,0,
CL001422,T0467,2023-02-28,2023-03-09,Business Interruption,27883.440000000002,11950.048800000002,39833.48880000001,Reopened,0,
CL001007,T0588,2022-11-07,2022-11-09,Fire & Explosion,335111.1156,0.0,335111.1156,Settled,0,
CL000130,T0159,2021-06-28,2021-07-19,Fire & Explosion,25193.689200000004,0.0,25193.689200000004,Settled,0,
CL003496,T0629,2024-12-18,2025-01-05,Aviation,45164.43,96831.88,141996.31,Open,0,
CL005949,T0523,2026-08-15,2026-09-30,Natural Catastrophe,402.22440000000006,5843.944800000001,6246.169200000001,Open,0,
CL000201,T0140,2021-09-15,2021-09-25,General Liability,224585.2764,0.0,224585.2764,Settled,0,
CL005201,T0613,2026-03-20,2026-04-02,Professional Indemnity,16537.33,34548.57,51085.9,Open,0,
CL005683,T0549,2026-07-17,2026-08-02,Workers Compensation,8804.6,16089.19,24893.79,Open,0,
CL004004,T0237,2025-03-04,2025-05-25,Directors & Officers,444659.71,0.0,444659.71,Settled,0,
CL000742,T0042,2022-07-24,2022-08-05,Aviation,20108.844,0.0,20108.844,Settled,0,
CL003909,T0125,2025-04-20,2025-04-28,Auto Liability,412363.4,0.0,412363.4,Settled,0,
CL002639,T0009,2024-03-25,2024-04-14,Credit & Surety,126858.97,0.0,126858.97,Settled,0,
CL001888,T0671,2023-08-10,2023-08-10,Workers Compensation,10251.42,0.0,10251.42,Settled,0,
CL000992,T0108,2022-11-03,2022-11-04,Medical Malpractice,49951.77,0.0,49951.77,Settled,0,
CL002036,T0010,2023-09-10,2023-10-02,Business Interruption,15428.11,40956.33,56384.44,Open,0,
CL003688,T0533,2025-01-15,2025-02-26,General Liability,228304.55,0.0,228304.55,Settled,0,
CL005483,T0194,2026-03-30,2026-06-09,Business Interruption,96667.00920000001,0.0,96667.00920000001,Settled,0,
CL000123,T0332,2021-06-18,2021-07-14,Workers Compensation,3086.1000000000004,10448.481600000001,13534.581600000001,Open,0,
CL004594,T0007,2025-11-03,2025-11-04,Workers Compensation,11943.15,0.0,11943.15,Settled,0,
CL003715,T0033,2025-02-15,2025-03-07,General Liability,22104.76,0.0,22104.76,Settled,0,
CL001374,T0287,2023-01-16,2023-02-25,Energy,278576.226,0.0,278576.226,Settled,0,
CL004424,T0220,2025-09-09,2025-09-22,General Liability,14344.678800000002,58535.568,72880.2468,Open,0,
CL000828,T0354,2022-06-18,2022-09-07,General Liability,12613.84,0.0,12613.84,Settled,0,
CL003398,T0262,2024-11-26,2024-12-10,Directors & Officers,180851.20560000002,0.0,180851.20560000002,Settled,0,
CL001796,T0371,2023-06-11,2023-07-09,Workers Compensation,52936.81,0.0,52936.81,Settled,0,
CL001175,T0061,2022-12-09,2022-12-30,Workers Compensation,9980.16,32242.61,42222.770000000004,Open,0,
CL003272,T0331,2024-10-16,2024-11-01,Fire & Explosion,263971.93,0.0,263971.93,Settled,0,
CL002907,T0486,2024-06-14,2024-07-15,General Liability,73616.42,0.0,73616.42,Settled,0,
CL001977,T0574,2023-09-05,2023-09-13,General Liability,30787.1712,0.0,30787.1712,Settled,0,
CL004756,T0564,2025-11-17,2025-12-13,Cyber,435441.35975999996,0.0,435441.35975999996,Settled,0,
CL002499,T0127,2024-02-19,2024-03-05,Auto Liability,277018.11,0.0,277018.11,Settled,0,
CL001874,T0295,2023-07-13,2023-08-04,Natural Catastrophe,78755.19,0.0,78755.19,Settled,0,
CL005217,T0297,2026-03-25,2026-04-05,Credit & Surety,419048.92,0.0,419048.92,Settled,0,
CL005836,T0549,2026-08-12,2026-09-15,General Liability,944562.62,3778250.49,4722813.11,Open,1,
CL001265,T0292,2022-12-23,2023-01-24,Professional Indemnity,36999.288,0.0,36999.288,Settled,0,
CL000127,T0576,2021-05-30,2021-07-16,Political Risk,4052.51,0.0,4052.51,Settled,0,
CL001484,T0698,2023-03-02,2023-03-29,Professional Indemnity,25688.7,0.0,25688.7,Settled,0,
CL003957,T0684,2025-05-08,2025-05-10,Auto Liability,6158.03,40902.43,47060.46,Open,0,
CL005946,T0503,2026-08-25,2026-09-30,Marine Hull,43768.67,0.0,43768.67,Settled,0,
CL002162,T0648,2023-09-19,2023-11-10,Fire & Explosion,69596.2476,0.0,69596.2476,Settled,0,
CL003248,T0242,2024-10-24,2024-10-27,Aviation,291837.51,0.0,291837.51,Settled,0,
CL003559,T0381,2024-12-31,2025-01-24,Fire & Explosion,194684.92,0.0,194684.92,Settled,0,
CL004007,T0388,2025-02-16,2025-05-25,Fire & Explosion,277413.55,0.0,277413.55,Settled,0,
CL003385,T0353,2024-11-26,2024-12-05,Business Interruption,60815.75,0.0,60815.75,Settled,0,
CL002909,T0262,2024-06-17,2024-07-16,Cyber,157244.97600000002,67390.70400000001,224635.68000000002,Reopened,0,
CL003852,T0212,2025-03-31,2025-04-15,General Liability,261841.11840000004,0.0,261841.11840000004,Settled,0,
CL002116,T0505,2023-09-04,2023-10-25,Natural Catastrophe,558291.66,0.0,558291.66,Settled,0,
CL003082,T0284,2024-08-14,2024-09-13,Cyber,23397.9408,0.0,23397.9408,Settled,0,
CL001543,T0610,2023-03-22,2023-04-15,Natural Catastrophe,77088.15,33037.78,110125.93,Reopened,0,
CL004969,T0079,2026-02-02,2026-02-04,Business Interruption,313323.87,1253295.47,1566619.3399999999,Open,1,
CL005414,T0007,2026-05-15,2026-05-22,Workers Compensation,13142.94,16063.24,29206.18,Open,0,
CL001860,T0566,2023-07-29,2023-07-30,Business Interruption,37626.67080000001,0.0,37626.67080000001,Settled,0,
CL001048,T0108,2022-11-13,2022-11-24,Medical Malpractice,261326.51,0.0,261326.51,Settled,0,
CL001379,T0384,2022-12-28,2023-02-26,Energy,48033.550800000005,0.0,48033.550800000005,Settled,0,
CL001769,T0357,2023-06-29,2023-07-04,Marine Hull,312759.36048,0.0,312759.36048,Settled,0,
CL000885,T0177,2022-09-29,2022-09-29,Professional Indemnity,21359.04,0.0,21359.04,Settled,0,
CL003612,T0382,2024-11-17,2025-02-08,General Liability,2523.7332,21476.156400000003,23999.889600000006,Open,0,
CL003736,T0338,2025-02-23,2025-03-12,Natural Catastrophe,2747.14,66188.38,68935.52,Open,0,
CL001766,T0026,2023-06-13,2023-07-04,Auto Liability,16849.34,0.0,16849.34,Settled,0,
CL003629,T0072,2025-01-24,2025-02-12,Natural Catastrophe,14232.54,0.0,14232.54,Settled,0,
CL000575,T0139,2022-02-23,2022-05-09,Credit & Surety,1936.6668000000002,0.0,1936.6668000000002,Settled,0,
CL003378,T0598,2024-10-18,2024-12-03,Auto Liability,66983.92,0.0,66983.92,Settled,0,
CL004830,T0173,2025-12-08,2026-01-01,Medical Malpractice,3385.17,8001.26,11386.43,Open,0,
CL005273,T0005,2026-03-26,2026-04-21,Business Interruption,120571.96,0.0,120571.96,Settled,0,
CL002942,T0254,2024-06-16,2024-07-26,Medical Malpractice,76953.95,0.0,76953.95,Settled,0,
CL003554,T0141,2025-01-18,2025-01-23,General Liability,141261.01,0.0,141261.01,Settled,0,
CL001368,T0654,2023-01-06,2023-02-22,Natural Catastrophe,56149.56,69976.0,126125.56,Open,0,
CL001349,T0528,2023-01-26,2023-02-17,Aviation,35171.1,0.0,35171.1,Settled,0,
CL005156,T0564,2026-01-17,2026-03-21,Directors & Officers,10092.597,73924.9092,84017.5062,Open,0,
CL002437,T0255,2024-02-13,2024-02-14,Energy,35632.4274,0.0,35632.4274,Settled,0,
CL005542,T0559,2026-05-17,2026-06-27,Natural Catastrophe,349239.38,1016832.1,1366071.48,Open,0,
CL002430,T0043,2024-02-09,2024-02-12,Directors & Officers,16143.7212,0.0,16143.7212,Settled,0,
CL000392,T0474,2022-01-12,2022-01-31,Auto Liability,206068.86,0.0,206068.86,Settled,0,
CL004679,T0288,2025-11-17,2025-11-24,General Liability,468550.8,0.0,468550.8,Settled,0,
CL005556,T0306,2026-06-23,2026-06-30,Political Risk,12272.74,22887.54,35160.28,Open,0,
CL004525,T0192,2025-10-20,2025-10-21,Credit & Surety,826186.95,0.0,826186.95,Settled,0,
CL000990,T0376,2022-10-30,2022-11-03,Natural Catastrophe,17671.0,0.0,17671.0,Settled,0,
CL005779,T0407,2026-08-09,2026-08-27,Auto Liability,4634.103,25353.225899999998,29987.3289,Open,0,
CL004704,T0685,2025-11-20,2025-12-02,Auto Liability,1195.02,23951.516400000004,25146.536400000005,Open,0,
CL002755,T0164,2024-04-20,2024-05-26,Professional Indemnity,42184.8648,0.0,42184.8648,Settled,0,
CL002171,T0454,2023-10-29,2023-11-16,Political Risk,29132.62,0.0,29132.62,Settled,0,
CL005340,T0373,2026-04-22,2026-05-04,Aviation,442667.15,0.0,442667.15,Settled,0,
CL003513,T0284,2024-12-22,2025-01-11,Directors & Officers,100794.8448,0.0,100794.8448,Settled,0,
CL004192,T0222,2025-07-18,2025-07-21,Fire & Explosion,28990.785600000003,0.0,28990.785600000003,Settled,0,
CL001203,T0345,2023-01-03,2023-01-07,Medical Malpractice,69716.8944,0.0,69716.8944,Settled,0,
CL003920,T0360,2025-03-05,2025-04-29,Cyber,19872.33,0.0,19872.33,Settled,0,
CL001023,T0229,2022-09-29,2022-11-16,Natural Catastrophe,5789.73,0.0,5789.73,Settled,0,
CL002863,T0205,2024-06-28,2024-07-02,Auto Liability,245345.98,0.0,245345.98,Settled,0,
CL000880,T0698,2022-09-25,2022-09-26,Medical Malpractice,129159.2,0.0,129159.2,Settled,0,
CL003922,T0550,2025-03-30,2025-04-29,Medical Malpractice,70268.74,0.0,70268.74,Settled,0,
CL000283,T0590,2021-11-09,2021-11-15,Directors & Officers,6352.46,0.0,6352.46,Settled,0,
CL005746,T0209,2026-07-27,2026-08-19,Marine Hull,90.39,5427.24,5517.63,Open,0,
CL000423,T0139,2022-01-27,2022-02-15,Credit & Surety,22119.544800000003,0.0,22119.544800000003,Settled,0,
CL001951,T0351,2023-08-30,2023-09-05,Natural Catastrophe,117531.76176000001,0.0,117531.76176000001,Settled,0,
CL002488,T0692,2024-01-30,2024-02-29,Credit & Surety,76782.3408,0.0,76782.3408,Settled,0,
CL001549,T0113,2023-03-20,2023-04-17,Medical Malpractice,3831.1002,0.0,3831.1002,Settled,0,
CL004081,T0552,2025-05-26,2025-06-16,Directors & Officers,31826.45,109008.8,140835.25,Open,0,
CL001680,T0422,2023-04-21,2023-06-02,Natural Catastrophe,626007.11,0.0,626007.11,Settled,0,
CL003607,T0690,2025-01-09,2025-02-06,Aviation,108686.34,0.0,108686.34,Unmapped,0,unmapped_status
CL004842,T0269,2026-01-07,2026-01-07,Fire & Explosion,71005.09,180434.66,251439.75,Open,0,
CL003774,T0663,2025-02-17,2025-03-23,Workers Compensation,264138.88320000004,0.0,264138.88320000004,Settled,0,
CL005267,T0596,2026-04-16,2026-04-19,Medical Malpractice,9393.84,99732.0816,109125.92160000002,Open,0,
CL000002,T0544,2021-01-17,2021-01-31,Cyber,63669.86,0.0,63669.86,Settled,0,
CL004577,T0344,2025-09-19,2025-10-31,Fire & Explosion,96216.84,107984.22,204201.06,Open,0,
CL004538,T0204,2025-08-14,2025-10-23,Natural Catastrophe,168230.61,742204.3,910434.91,Open,0,
CL001692,T0394,2023-05-20,2023-06-06,Business Interruption,10102.09,0.0,10102.09,Settled,0,
CL005513,T0485,2026-06-09,2026-06-17,Directors & Officers,220485.5748,0.0,220485.5748,Settled,0,
CL000612,T0419,2022-02-23,2022-06-03,Business Interruption,29040.92,0.0,29040.92,Settled,0,
CL000013,T0159,2021-02-10,2021-03-03,Fire & Explosion,65572.5672,0.0,65572.5672,Settled,0,
CL002783,T0587,2024-05-29,2024-06-04,Credit & Surety,35021.0952,0.0,35021.0952,Settled,0,
CL005455,T0095,2026-05-29,2026-06-02,Marine Hull,17647.68,0.0,17647.68,Settled,0,
CL005246,T0407,2026-04-15,2026-04-15,General Liability,392335.4231,0.0,392335.4231,Settled,0,
CL000184,T0418,2021-09-09,2021-09-10,General Liability,94318.94,0.0,94318.94,Settled,0,
CL002769,T0369,2024-05-21,2024-05-30,Workers Compensation,25522.99,0.0,25522.99,Settled,0,
CL003042,T0305,2024-08-03,2024-09-01,Auto Liability,1356356.64,0.0,1356356.64,Settled,0,
CL001219,T0342,2023-01-11,2023-01-11,Cyber,60818.310000000005,0.0,60818.310000000005,Settled,0,
CL000425,T0139,2022-02-16,2022-02-16,Credit & Surety,1630.7676000000001,0.0,1630.7676000000001,Settled,0,
CL005368,T0320,2026-05-11,2026-05-12,Medical Malpractice,23709.87,0.0,23709.87,Settled,0,
CL001527,T0422,2023-03-12,2023-04-12,Natural Catastrophe,2479969.82,0.0,2479969.82,Settled,0,
CL001752,T0238,2023-03-31,2023-06-27,Workers Compensation,3861.81,0.0,3861.81,Settled,0,
CL002988,T0369,2024-07-18,2024-08-10,Auto Liability,127877.97,0.0,127877.97,Settled,0,
CL000199,T0468,2021-08-13,2021-09-23,Business Interruption,277970.35,0.0,277970.35,Settled,0,
CL000465,T0541,2022-02-23,2022-03-13,Energy,306539.98,0.0,306539.98,Settled,0,
CL004752,T0183,2025-12-03,2025-12-12,Professional Indemnity,3305.0,14548.67,17853.67,Open,0,
CL005243,T0442,2026-04-14,2026-04-14,Natural Catastrophe,41773.35,344034.4,385807.75,Open,0,
CL001371,T0219,2023-02-12,2023-02-24,Fire & Explosion,124850.2,0.0,124850.2,Settled,0,
CL005628,T0580,2026-07-02,2026-07-17,Energy,31675.1796,73211.9796,104887.1592,Open,0,
CL003097,T0225,2024-07-17,2024-09-17,Political Risk,4890.780000000001,0.0,4890.780000000001,Settled,0,
CL005721,T0132,2026-07-25,2026-08-10,Business Interruption,590213.65,2360854.59,2951068.2399999998,Open,1,
CL000813,T0011,2022-08-31,2022-09-02,General Liability,202178.8188,0.0,202178.8188,Settled,0,
CL000562,T0210,2022-04-10,2022-04-29,Fire & Explosion,52457.95,22481.98,74939.93,Reopened,0,
CL004739,T0114,2025-11-22,2025-12-10,Medical Malpractice,50838.67,0.0,50838.67,Settled,0,
CL004203,T0184,2025-07-07,2025-07-24,Workers Compensation,3836.5812,15258.9204,19095.501600000003,Open,0,
CL000362,T0217,2022-01-04,2022-01-11,Aviation,51323.338800000005,0.0,51323.338800000005,Settled,0,
CL000521,T0504,2022-01-04,2022-04-10,General Liability,221640.55,0.0,221640.55,Settled,0,
CL004894,T0124,2025-12-31,2026-01-19,General Liability,3076.48,0.0,3076.48,Settled,0,
CL001589,T0041,2023-05-01,2023-05-02,Fire & Explosion,86791.44,0.0,86791.44,Settled,0,
CL004148,T0012,2025-06-29,2025-07-10,General Liability,4140.89,0.0,4140.89,Settled,0,
CL004919,T0483,2025-12-24,2026-01-24,Auto Liability,12907.51,0.0,12907.51,Settled,0,
CL000911,T0689,2022-09-20,2022-10-07,Directors & Officers,58850.9618,0.0,58850.9618,Settled,0,
CL004560,T0508,2025-09-27,2025-10-27,Aviation,2564.97,34858.19,37423.16,Open,0,
CL001868,T0432,2023-07-29,2023-08-02,Political Risk,102501.43116,0.0,102501.43116,Settled,0,
CL000697,T0144,2022-05-12,2022-07-24,General Liability,27015.22,0.0,27015.22,Settled,0,
CL001558,T0144,2023-04-04,2023-04-20,Auto Liability,88892.88,0.0,88892.88,Settled,0,
CL004504,T0022,2025-10-15,2025-10-15,Professional Indemnity,1023259.9293600001,0.0,1023259.9293600001,Settled,0,
CL001681,T0614,2023-05-06,2023-06-02,Natural Catastrophe,27366.11,0.0,27366.11,Settled,0,
CL002225,T0093,2023-11-25,2023-12-08,Cyber,29432.27,0.0,29432.27,Settled,0,
CL000703,T0098,2022-07-19,2022-07-26,Fire & Explosion,17153.424,0.0,17153.424,Settled,0,
CL003440,T0246,2024-11-30,2024-12-22,Auto Liability,893747.4876,0.0,893747.4876,Settled,0,
CL003093,T0497,2024-07-20,2024-09-16,General Liability,317739.74,0.0,317739.74,Settled,0,
CL003417,T0513,2024-12-03,2024-12-15,Cyber,304780.63,0.0,304780.63,Settled,0,
CL003255,T0226,2024-10-24,2024-10-28,Natural Catastrophe,65975.34,0.0,65975.34,Settled,0,
CL005321,T0407,2026-04-05,2026-04-29,Workers Compensation,141626.42489999998,0.0,141626.42489999998,Settled,0,
CL003805,T0388,2025-03-04,2025-04-02,Natural Catastrophe,654932.41,0.0,654932.41,Settled,0,
CL001812,T0258,2023-06-15,2023-07-14,Political Risk,45436.9,19472.96,64909.86,Reopened,0,
CL001579,T0345,2023-04-23,2023-04-29,Medical Malpractice,20104.8264,0.0,20104.8264,Settled,0,
CL001746,T0538,2023-06-19,2023-06-24,Business Interruption,77450.26,0.0,77450.26,Settled,0,
CL004388,T0521,2025-05-23,2025-09-13,Medical Malpractice,2060.02,71901.82,73961.84000000001,Open,0,
CL004819,T0318,2025-12-13,2025-12-29,Natural Catastrophe,639317.5236000001,0.0,639317.5236000001,Settled,0,
CL000934,T0196,2022-10-11,2022-10-15,Natural Catastrophe,983.8800000000001,3325.3632000000002,4309.2432,Open,0,
CL003634,T0438,2024-09-02,2025-02-13,Directors & Officers,241258.72,0.0,241258.72,Settled,0,
CL001986,T0632,2023-09-11,2023-09-15,Business Interruption,22152.18,0.0,22152.18,Settled,0,
CL001999,T0142,2023-09-01,2023-09-22,Auto Liability,83742.73560000001,0.0,83742.73560000001,Settled,0,
CL003028,T0502,2024-08-19,2024-08-27,Auto Liability,1159.06296,0.0,1159.06296,Settled,0,
CL005461,T0103,2026-05-11,2026-06-03,Natural Catastrophe,186797.772,208596.40560000003,395394.1776,Open,0,
CL001117,T0102,2022-11-24,2022-12-16,Medical Malpractice,21638.88,0.0,21638.88,Settled,0,
CL003942,T0168,2025-05-04,2025-05-06,Directors & Officers,3372.06,7993.42,11365.48,Open,0,
CL000654,T0682,2022-05-13,2022-06-23,Workers Compensation,107349.76,0.0,107349.76,Settled,0,
CL003038,T0405,2024-08-24,2024-08-30,Fire & Explosion,1281096.27,0.0,1281096.27,Settled,0,
CL005102,T0523,2026-02-13,2026-03-05,Business Interruption,13072.644,28935.63,42008.274000000005,Open,0,
CL001326,T0672,2022-12-29,2023-02-10,Fire & Explosion,73914.3,0.0,73914.3,Settled,0,
CL002932,T0520,2024-06-28,2024-07-23,Energy,33510.1212,0.0,33510.1212,Settled,0,
CL003241,T0242,2024-10-25,2024-10-26,Marine Hull,484935.57,0.0,484935.57,Settled,0,
CL000056,T0576,2021-04-09,2021-05-09,Energy,51847.92,0.0,51847.92,Settled,0,
CL005268,T0004,2026-04-08,2026-04-20,Fire & Explosion,41622.464640000006,0.0,41622.464640000006,Settled,0,
CL005859,T0358,2026-09-08,2026-09-21,Cyber,318374.7,592383.69,910758.3899999999,Open,0,
CL005438,T0661,2026-03-15,2026-05-29,Auto Liability,143707.5324,191873.6316,335581.164,Open,0,
CL005428,T0379,2026-05-18,2026-05-27,Directors & Officers,25009.58,10718.39,35727.97,Reopened,0,
CL005815,T0681,2026-08-10,2026-09-10,Natural Catastrophe,1549.99,37817.25,39367.24,Open,0,
CL001036,T0206,2022-11-06,2022-11-21,Business Interruption,59874.03048,0.0,59874.03048,Settled,0,
CL001920,T0480,2023-06-07,2023-08-21,Auto Liability,14468.6628,0.0,14468.6628,Settled,0,
CL000528,T0619,2022-04-08,2022-04-14,Business Interruption,27345.8,0.0,27345.8,Settled,0,
CL000752,T0642,2022-06-05,2022-08-09,Energy,222622.36560000002,0.0,222622.36560000002,Settled,0,
CL002256,T0518,2023-12-16,2023-12-20,Medical Malpractice,159804.93,0.0,159804.93,Settled,0,
CL004957,T0318,2025-12-13,2026-02-01,Fire & Explosion,32339.412000000004,48341.178,80680.59000000001,Open,0,
CL000287,T0545,2021-10-29,2021-11-17,Auto Liability,826906.4280000001,0.0,826906.4280000001,Settled,0,
CL001312,T0283,2023-01-17,2023-02-07,General Liability,2485590.3648,0.0,2485590.3648,Settled,0,
CL003480,T0381,2024-12-16,2025-01-02,Business Interruption,321289.37,0.0,321289.37,Settled,0,
CL005187,T0004,2026-03-19,2026-03-30,Business Interruption,2538.13128,11538.45288,14076.58416,Open,0,
CL000368,T0197,2021-10-27,2022-01-14,Credit & Surety,29139.56,0.0,29139.56,Settled,0,
CL005193,T0391,2026-02-25,2026-03-31,Natural Catastrophe,4267.07856,24264.6264,28531.704960000003,Open,0,
CL000478,T0383,2022-03-21,2022-03-22,Medical Malpractice,104121.84,0.0,104121.84,Settled,0,
CL005929,T0346,2026-09-10,2026-09-30,Workers Compensation,15638.378400000001,45314.6076,60952.986000000004,Open,0,
CL005543,T0563,2026-06-19,2026-06-27,Cyber,2578.12,5108.43,7686.55,Open,0,
CL001287,T0357,2023-01-29,2023-01-31,Aviation,1480654.07592,0.0,1480654.07592,Settled,0,
CL005475,T0407,2026-05-03,2026-06-07,Auto Liability,5223.9418000000005,20970.8877,26194.8295,Open,0,
CL005954,T0555,2026-09-27,2026-09-30,Medical Malpractice,1267.0,13143.73,14410.73,Open,0,
CL000617,T0232,2022-03-26,2022-06-05,Business Interruption,32144.61,0.0,32144.61,Settled,0,
CL004276,T0382,2025-07-10,2025-08-13,Workers Compensation,74324.12040000001,76892.02560000001,151216.14600000004,Open,0,
CL005626,T0162,2026-07-12,2026-07-17,Auto Liability,24735.4,44763.82,69499.22,Open,0,
CL003425,T0586,2024-11-21,2024-12-17,Medical Malpractice,1459.1016000000002,2538.6264,3997.728,Open,0,
CL002904,T0205,2024-07-11,2024-07-15,Auto Liability,86322.97,0.0,86322.97,Settled,0,
CL001858,T0561,2023-07-20,2023-07-28,Natural Catastrophe,152139.38,391707.98,543847.36,Open,0,
CL004892,T0124,2026-01-17,2026-01-18,Auto Liability,2397.42,14957.88,17355.3,Open,0,
CL004997,T0146,2025-12-28,2026-02-12,Fire & Explosion,47234.35080000001,68444.5032,115678.854,Open,0,
CL003610,T0285,2025-01-31,2025-02-08,Energy,22842.31,0.0,22842.31,Settled,0,
CL002703,T0547,2024-04-28,2024-05-04,Workers Compensation,21680.568,0.0,21680.568,Settled,0,
CL004421,T0198,2025-09-13,2025-09-21,Fire & Explosion,178490.22,0.0,178490.22,Settled,0,
CL005888,T0501,2026-09-15,2026-09-29,Credit & Surety,187.02,7706.83,7893.85,Open,0,
CL000072,T0309,2021-04-30,2021-06-01,Auto Liability,78589.2132,0.0,78589.2132,Settled,0,
CL000771,T0522,2022-07-26,2022-08-17,Fire & Explosion,15914.23,0.0,15914.23,Settled,0,
CL005301,T0307,2026-04-16,2026-04-25,Auto Liability,12292.98,49434.49,61727.47,Open,0,
CL001654,T0404,2023-05-14,2023-05-22,Business Interruption,54556.11,0.0,54556.11,Settled,0,
CL002958,T0519,2024-06-03,2024-07-30,Fire & Explosion,1076.2632,2075.7168,3151.98,Open,0,
CL002202,T0624,2023-11-19,2023-11-27,Business Interruption,6410.58,0.0,6410.58,Settled,0,
CL004108,T0398,2025-06-16,2025-06-25,Fire & Explosion,102510.31680000002,0.0,102510.31680000002,Settled,0,
CL001937,T0387,2023-07-11,2023-08-30,Fire & Explosion,86815.39,0.0,86815.39,Settled,0,
CL004974,T0224,2026-01-22,2026-02-05,Cyber,133436.02,156333.27,289769.29,Open,0,
CL002584,T0624,2024-03-30,2024-03-30,Business Interruption,8413.3,0.0,8413.3,Settled,0,
CL005962,T0605,2026-08-11,2026-09-30,General Liability,38641.21,52889.43,91530.64,Open,0,
CL004764,T0446,2025-11-28,2025-12-16,Business Interruption,8039.55,0.0,8039.55,Settled,0,
CL001222,T0267,2022-12-29,2023-01-12,Energy,13866.55,0.0,13866.55,Unmapped,0,unmapped_status
CL001749,T0026,2023-06-25,2023-06-26,Auto Liability,23085.14,0.0,23085.14,Settled,0,
CL000595,T0108,2022-04-08,2022-05-25,Professional Indemnity,242555.01,0.0,242555.01,Settled,0,
CL004555,T0220,2025-09-24,2025-10-27,Auto Liability,1528.2972,5459.5728,6987.870000000001,Open,0,
CL000290,T0621,2021-09-28,2021-11-19,Natural Catastrophe,24569.244000000002,0.0,24569.244000000002,Settled,0,
CL005777,T0243,2026-08-25,2026-08-27,Political Risk,169309.11,223403.36,392712.47,Open,0,
CL003931,T0070,2025-02-22,2025-05-02,Business Interruption,320538.63,0.0,320538.63,Settled,0,
CL000172,T0003,2021-07-23,2021-08-31,Credit & Surety,53008.7868,0.0,53008.7868,Settled,0,
CL002774,T0218,2024-05-11,2024-06-03,Fire & Explosion,1611.7596,0.0,1611.7596,Settled,0,
CL000903,T0206,2022-09-23,2022-10-05,Business Interruption,40542.87408,0.0,40542.87408,Settled,0,
CL002429,T0010,2024-01-24,2024-02-12,Fire & Explosion,172956.78,0.0,172956.78,Settled,0,
CL003081,T0255,2024-09-06,2024-09-13,Political Risk,32089.142880000003,0.0,32089.142880000003,Settled,0,
CL004448,T0428,2025-08-05,2025-09-29,General Liability,433066.17,0.0,433066.17,Settled,0,
CL005385,T0089,2026-05-13,2026-05-17,Cyber,4967.21,18511.53,23478.739999999998,Open,0,
CL001445,T0672,2023-03-15,2023-03-17,Fire & Explosion,16801.14,50034.26,66835.4,Open,0,
CL000633,T0235,2022-06-14,2022-06-14,Political Risk,24990.04,0.0,24990.04,Settled,0,
CL000142,T0545,2021-06-22,2021-07-28,General Liability,1261160.712,0.0,1261160.712,Settled,0,
CL003693,T0203,2025-01-15,2025-02-28,Political Risk,90462.68172,0.0,90462.68172,Settled,0,
CL001236,T0144,2023-01-14,2023-01-15,General Liability,7133.65,0.0,7133.65,Settled,0,
CL000239,T0217,2021-10-16,2021-10-17,Energy,162040.94280000002,0.0,162040.94280000002,Settled,0,
CL002966,T0535,2024-07-18,2024-08-01,Aviation,56803.29,0.0,56803.29,Settled,0,
CL000666,T0590,2022-04-15,2022-07-01,Credit & Surety,2691.08,0.0,2691.08,Settled,0,
CL001800,T0260,2023-06-16,2023-07-10,Workers Compensation,169438.38,0.0,169438.38,Settled,0,
CL002651,T0415,2024-04-13,2024-04-17,Political Risk,67472.18172,0.0,67472.18172,Settled,0,
CL000931,T0286,2022-09-25,2022-10-14,Energy,12313.814400000001,41242.08960000001,53555.90400000001,Open,0,
CL002372,T0618,2023-12-23,2024-01-24,Political Risk,29035.206000000002,0.0,29035.206000000002,Settled,0,
CL001644,T0337,2023-04-25,2023-05-19,Auto Liability,9297.92,0.0,9297.92,Settled,0,
CL001902,T0059,2023-08-01,2023-08-15,Marine Hull,40062.93,0.0,40062.93,Settled,0,
CL001803,T0512,2023-06-23,2023-07-11,Medical Malpractice,47621.22840000001,0.0,47621.22840000001,Settled,0,
CL002567,T0569,2024-03-11,2024-03-25,Auto Liability,131408.56,0.0,131408.56,Settled,0,
CL001925,T0593,2023-06-26,2023-08-23,Energy,68173.94,0.0,68173.94,Settled,0,
CL004881,T0057,2025-12-18,2026-01-17,Fire & Explosion,2926.53,6347.862,9274.392,Open,0,
CL000036,T0506,2021-04-19,2021-04-23,Medical Malpractice,11742.408000000001,0.0,11742.408000000001,Settled,0,
CL004607,T0269,2025-11-07,2025-11-07,Business Interruption,28013.72,0.0,28013.72,Settled,0,
CL000768,T0464,2022-08-11,2022-08-16,Directors & Officers,129258.96,0.0,129258.96,Settled,0,
CL003422,T0595,2024-11-22,2024-12-16,Credit & Surety,31811.4108,0.0,31811.4108,Settled,0,
CL002390,T0067,2023-12-24,2024-01-29,Natural Catastrophe,261948.98832,0.0,261948.98832,Settled,0,
CL002333,T0093,2023-10-25,2024-01-13,Directors & Officers,90602.93,0.0,90602.93,Settled,0,
CL000850,T0232,2022-09-13,2022-09-14,Business Interruption,795.89,65674.62,66470.51,Open,0,
CL002377,T0065,2023-12-12,2024-01-26,Auto Liability,14018.752320000001,0.0,14018.752320000001,Settled,0,
CL004109,T0575,2025-06-20,2025-06-25,Natural Catastrophe,13968.85,0.0,13968.85,Settled,0,
CL003637,T0595,2025-02-07,2025-02-14,Credit & Surety,129240.8784,0.0,129240.8784,Settled,0,
CL003643,T0616,2025-01-12,2025-02-16,Political Risk,3069.3816,0.0,3069.3816,Settled,0,
CL004088,T0180,2025-06-10,2025-06-18,General Liability,28561.107600000003,39562.603200000005,68123.7108,Open,0,
CL001185,T0659,2022-12-22,2022-12-31,Natural Catastrophe,16404.6168,24433.866,40838.482800000005,Open,0,
CL000601,T0383,2022-05-18,2022-05-27,Medical Malpractice,263318.77,0.0,263318.77,Settled,0,
CL000044,T0073,2021-04-30,2021-05-01,Auto Liability,1504491.3648,0.0,1504491.3648,Settled,0,
CL001816,T0357,2023-07-15,2023-07-15,Marine Hull,98908.07592,0.0,98908.07592,Settled,0,
CL005658,T0188,2026-07-22,2026-07-27,Auto Liability,2725.91,18212.92,20938.829999999998,Open,0,
CL003145,T0567,2024-09-17,2024-09-29,Business Interruption,115541.34072000001,49517.7174,165059.05812000003,Reopened,0,
CL003326,T0237,2024-11-17,2024-11-20,Directors & Officers,84654.85,0.0,84654.85,Settled,0,
CL000247,T0314,2021-09-10,2021-10-23,General Liability,38944.61,0.0,38944.61,Settled,0,
CL005649,T0691,2026-07-23,2026-07-23,Medical Malpractice,33389.3,113066.1,146455.40000000002,Open,0,
CL004635,T0224,2025-11-09,2025-11-15,Directors & Officers,336329.86,0.0,336329.86,Settled,0,
CL003069,T0696,2024-09-05,2024-09-06,Workers Compensation,23592.27,59826.96,83419.23,Open,0,
CL001281,T0282,2022-11-29,2023-01-30,Natural Catastrophe,9604.29,0.0,9604.29,Settled,0,
CL004039,T0284,2025-06-01,2025-06-06,Credit & Surety,57546.644400000005,0.0,57546.644400000005,Settled,0,
CL000461,T0073,2022-02-08,2022-03-11,Workers Compensation,521559.9072000001,556931.4516,1078491.3588000003,Open,0,
CL002609,T0308,2024-03-30,2024-04-06,Cyber,57719.31,0.0,57719.31,Settled,0,
CL002183,T0112,2023-11-21,2023-11-21,Natural Catastrophe,46578.0,0.0,46578.0,Settled,0,
CL001293,T0512,2023-01-28,2023-02-01,Medical Malpractice,319626.95040000003,0.0,319626.95040000003,Settled,0,
CL003599,T0091,2025-02-03,2025-02-06,Workers Compensation,194430.09,0.0,194430.09,Settled,0,
CL000743,T0278,2022-07-11,2022-08-05,Workers Compensation,376597.59,0.0,376597.59,Settled,0,
CL005468,T0596,2026-05-20,2026-06-06,Professional Indemnity,41381.2368,84698.17920000001,126079.41600000003,Open,0,
CL005853,T0606,2026-09-19,2026-09-19,Business Interruption,1464.3354,14894.1282,16358.463600000001,Open,0,
CL005705,T0479,2026-07-12,2026-08-06,Auto Liability,1621.4852,13468.5913,15090.076500000001,Open,0,
CL003747,T0015,2025-03-13,2025-03-16,Business Interruption,67448.27,0.0,67448.27,Settled,0,
CL002425,T0253,2024-01-29,2024-02-10,Medical Malpractice,1732.91,0.0,1732.91,Settled,0,
CL005176,T0408,2026-03-17,2026-03-26,Professional Indemnity,172181.0,0.0,172181.0,Settled,0,
CL003626,T0448,2024-12-25,2025-02-11,Political Risk,4695.084000000001,17850.9312,22546.0152,Open,0,
CL005617,T0479,2026-07-01,2026-07-15,Workers Compensation,422.1226,87375.33959999999,87797.46220000001,Open,0,
CL003535,T0335,2024-11-18,2025-01-16,Marine Hull,76173.18,0.0,76173.18,Settled,0,
CL002259,T0505,2023-10-30,2023-12-21,Natural Catastrophe,388805.2,0.0,388805.2,Settled,0,
CL005939,T0449,2026-09-22,2026-09-30,Directors & Officers,16962.701399999998,22809.59436,39772.29576,Open,0,
CL003228,T0638,2024-10-09,2024-10-23,Auto Liability,5934.33,23818.77,29753.1,Open,0,
CL000895,T0151,2022-09-26,2022-10-03,Workers Compensation,127059.99,0.0,127059.99,Settled,0,
CL002914,T0078,2024-06-24,2024-07-18,Cyber,529852.07616,0.0,529852.07616,Settled,0,
CL005277,T0178,2026-03-17,2026-04-21,Credit & Surety,3983.89,7127.75,11111.64,Open,0,
CL001132,T0561,2022-12-03,2022-12-18,Fire & Explosion,72890.27,0.0,72890.27,Settled,0,
CL004303,T0685,2025-08-13,2025-08-21,Workers Compensation,51927.83640000001,0.0,51927.83640000001,Settled,0,
CL002717,T0241,2024-03-16,2024-05-12,Directors & Officers,120425.26,0.0,120425.26,Settled,0,
CL003254,T0122,2024-10-20,2024-10-28,Fire & Explosion,276087.75,0.0,276087.75,Settled,0,
CL002431,T0274,2023-12-21,2024-02-12,Political Risk,25302.931200000003,0.0,25302.931200000003,Settled,0,
CL000400,T0506,2022-01-10,2022-02-03,Professional Indemnity,30986.085600000002,0.0,30986.085600000002,Settled,0,
CL005827,T0090,2026-07-04,2026-09-13,Marine Hull,2439.57,847246.86,849686.4299999999,Open,0,
CL003773,T0385,2025-03-11,2025-03-23,Cyber,88907.06,0.0,88907.06,Settled,0,
CL005480,T0447,2026-05-31,2026-06-08,Political Risk,11345.497200000002,0.0,11345.497200000002,Settled,0,
CL001576,T0478,2023-03-20,2023-04-26,Natural Catastrophe,7605.74,0.0,7605.74,Settled,0,
CL000778,T0144,2022-08-08,2022-08-20,General Liability,28493.4,0.0,28493.4,Settled,0,
CL001903,T0367,2023-08-08,2023-08-15,Auto Liability,66936.19,194464.34,261400.53,Open,0,
CL004873,T0536,2025-12-20,2026-01-15,Professional Indemnity,24867.85,0.0,24867.85,Settled,0,
CL000671,T0108,2022-06-07,2022-07-05,Professional Indemnity,14252.31,0.0,14252.31,Settled,0,
CL001779,T0376,2023-04-19,2023-07-07,Fire & Explosion,4413.19,0.0,4413.19,Settled,0,
CL000628,T0006,2022-06-02,2022-06-11,Medical Malpractice,40868.74,0.0,40868.74,Settled,0,
CL001165,T0619,2022-12-17,2022-12-27,Fire & Explosion,40743.71,0.0,40743.71,Settled,0,
CL000823,T0390,2022-08-24,2022-09-06,Auto Liability,19492.10052,38196.06504,57688.16556,Open,0,
CL000304,T0314,2021-10-09,2021-12-06,Auto Liability,70273.82,0.0,70273.82,Settled,0,
CL003867,T0289,2025-04-02,2025-04-19,Marine Hull,67536.64,0.0,67536.64,Settled,0,
CL000978,T0451,2022-09-29,2022-11-01,Marine Hull,473.12,3550.36,4023.48,Open,0,
CL000818,T0390,2022-08-01,2022-09-05,Workers Compensation,202327.93620000003,0.0,202327.93620000003,Settled,0,
CL004824,T0585,2025-12-28,2025-12-30,Workers Compensation,126121.16880000001,0.0,126121.16880000001,Settled,0,
CL005457,T0407,2026-05-25,2026-06-02,Workers Compensation,83974.9654,0.0,83974.9654,Settled,0,
CL005918,T0213,2026-09-14,2026-09-30,Natural Catastrophe,895.81,1296.4,2192.21,Open,0,
CL004848,T0559,2026-01-02,2026-01-08,Fire & Explosion,496812.91,0.0,496812.91,Settled,0,
CL002881,T0472,2024-06-04,2024-07-05,Natural Catastrophe,45192.98,0.0,45192.98,Settled,0,
CL001300,T0466,2023-01-13,2023-02-03,Natural Catastrophe,48504.99,0.0,48504.99,Settled,0,
CL005846,T0092,2026-08-20,2026-09-18,Auto Liability,42726.9816,49902.2856,92629.2672,Open,0,
CL005607,T0257,2026-06-11,2026-07-13,Professional Indemnity,11516.27,0.0,11516.27,Settled,0,
CL000754,T0411,2022-08-03,2022-08-10,Fire & Explosion,39498.6456,0.0,39498.6456,Settled,0,
CL002478,T0268,2024-02-23,2024-02-26,Aviation,111984.07,0.0,111984.07,Settled,0,
CL001892,T0193,2023-08-11,2023-08-12,Business Interruption,116107.39,0.0,116107.39,Settled,0,
CL003770,T0063,2025-03-20,2025-03-23,Cyber,1539.2268000000001,0.0,1539.2268000000001,Settled,0,
CL000680,T0100,2022-06-14,2022-07-09,Medical Malpractice,286545.42,0.0,286545.42,Settled,0,
CL003898,T0347,2025-03-08,2025-04-26,General Liability,13085.863200000002,116697.1536,129783.0168,Open,0,
CL005670,T0375,2026-07-21,2026-07-29,Marine Hull,726.89,42864.63,43591.52,Open,0,
CL001066,T0036,2022-11-09,2022-12-01,Marine Hull,67512.99,0.0,67512.99,Settled,0,
CL000929,T0150,2022-10-14,2022-10-14,Workers Compensation,201299.6,0.0,201299.6,Settled,0,
CL004141,T0643,2025-06-13,2025-07-08,Natural Catastrophe,6144.606,0.0,6144.606,Settled,0,
CL002365,T0273,2024-01-22,2024-01-23,Medical Malpractice,47266.912800000006,0.0,47266.912800000006,Settled,0,
CL002811,T0456,2024-05-30,2024-06-14,Business Interruption,170768.06,0.0,170768.06,Settled,0,
CL000863,T0653,2022-09-13,2022-09-19,Business Interruption,10059.61,4311.26,14370.87,Reopened,0,
CL005841,T0103,2026-08-02,2026-09-17,Business Interruption,71813.0772,167744.6388,239557.716,Open,0,
CL000369,T0333,2022-01-12,2022-01-14,Natural Catastrophe,208791.35,0.0,208791.35,Settled,0,
CL004611,T0220,2025-09-28,2025-11-08,Workers Compensation,27528.822000000004,0.0,27528.822000000004,Settled,0,
CL002698,T0586,2024-04-28,2024-05-03,Professional Indemnity,17305.4016,0.0,17305.4016,Settled,0,
CL003954,T0585,2025-04-07,2025-05-09,Workers Compensation,901.0116,2101.4316000000003,3002.4432,Open,0,
CL000445,T0506,2021-12-05,2022-02-25,Professional Indemnity,3637.3428,0.0,3637.3428,Settled,0,
CL003675,T0347,2024-10-19,2025-02-24,Workers Compensation,16408.3104,0.0,16408.3104,Settled,0,
CL002334,T0322,2024-01-13,2024-01-13,Professional Indemnity,10439.78,0.0,10439.78,Settled,0,
CL003478,T0015,2024-11-25,2025-01-02,Natural Catastrophe,155724.61,0.0,155724.61,Settled,0,
CL002933,T0119,2024-05-15,2024-07-24,Workers Compensation,15204.89,0.0,15204.89,Settled,0,
CL005151,T0439,2026-03-20,2026-03-20,Professional Indemnity,12153.77,0.0,12153.77,Settled,0,
CL000438,T0147,2022-02-21,2022-02-23,Medical Malpractice,12985.38,14354.48,27339.86,Open,0,
CL001653,T0096,2023-04-28,2023-05-22,Medical Malpractice,27485.3736,0.0,27485.3736,Settled,0,
CL004890,T0559,2025-12-30,2026-01-17,Natural Catastrophe,84169.68,106941.22,191110.9,Open,0,
CL003803,T0226,2025-03-02,2025-04-01,Fire & Explosion,164542.28,0.0,164542.28,Settled,0,
CL000037,T0332,2021-04-24,2021-04-24,Auto Liability,370111.8204,0.0,370111.8204,Settled,0,
CL001811,T0096,2023-06-26,2023-07-14,Medical Malpractice,15840.586800000001,0.0,15840.586800000001,Settled,0,
CL001342,T0102,2023-02-08,2023-02-15,Professional Indemnity,4845.74,0.0,4845.74,Settled,0,
CL003463,T0639,2024-12-11,2024-12-27,Aviation,95590.44,0.0,95590.44,Settled,0,
CL005440,T0201,2026-05-04,2026-05-30,Fire & Explosion,20630.72,8841.74,29472.46,Reopened,0,
CL004144,T0212,2025-06-29,2025-07-09,Auto Liability,59605.092000000004,0.0,59605.092000000004,Settled,0,
CL005785,T0494,2026-08-27,2026-08-29,Marine Hull,44940.728,0.0,44940.728,Settled,0,
CL000598,T0210,2022-05-13,2022-05-26,Business Interruption,4469.67,0.0,4469.67,Settled,0,
CL003764,T0460,2025-01-27,2025-03-22,General Liability,2080.5876000000003,223171.524,225252.1116,Open,0,
CL002229,T0364,2023-09-29,2023-12-09,Aviation,20324.5308,40134.1392,60458.670000000006,Open,0,
CL000032,T0277,2021-03-31,2021-04-16,Auto Liability,182016.76,0.0,182016.76,Settled,0,
CL005740,T0182,2026-08-08,2026-08-17,Marine Hull,10680.22,49630.63,60310.85,Open,0,
CL005271,T0403,2026-03-31,2026-04-20,Business Interruption,60834.51,71090.12,131924.63,Open,0,
CL000760,T0210,2022-08-10,2022-08-12,Natural Catastrophe,19004.7,29846.38,48851.08,Open,0,
CL000422,T0399,2022-02-14,2022-02-14,Business Interruption,292211.58,0.0,292211.58,Settled,0,
CL004300,T0436,2025-08-13,2025-08-21,Medical Malpractice,21932.68,29445.04,51377.72,Open,0,
CL004018,T0276,2025-05-25,2025-05-30,Directors & Officers,29295.52,0.0,29295.52,Settled,0,
CL000114,T0621,2021-07-03,2021-07-04,Natural Catastrophe,92205.3888,0.0,92205.3888,Settled,0,
CL004868,T0557,2025-12-03,2026-01-13,Marine Hull,15217.416000000001,15240.9168,30458.3328,Open,0,
CL000323,T0293,2021-11-26,2021-12-15,Business Interruption,255482.78040000002,0.0,255482.78040000002,Settled,0,
CL005622,T0449,2026-07-04,2026-07-16,Directors & Officers,183466.96824,0.0,183466.96824,Settled,0,
CL004477,T0575,2025-09-13,2025-10-09,Business Interruption,35231.76,0.0,35231.76,Settled,0,
CL003943,T0262,2025-05-06,2025-05-06,Credit & Surety,186833.9088,80071.67520000001,266905.58400000003,Reopened,0,
CL000561,T0044,2022-04-20,2022-04-29,Fire & Explosion,85411.68,0.0,85411.68,Settled,0,
CL002617,T0415,2024-03-27,2024-04-08,Political Risk,17716.25328,0.0,17716.25328,Settled,0,
CL003197,T0584,2024-08-28,2024-10-12,General Liability,5000.74,0.0,5000.74,Settled,0,
CL003759,T0311,2025-01-28,2025-03-21,Natural Catastrophe,171117.1938,0.0,171117.1938,Settled,0,
CL004771,T0471,2025-12-04,2025-12-18,Fire & Explosion,4469.450400000001,6632.4528,11101.903200000002,Open,0,
CL001131,T0149,2022-12-13,2022-12-18,General Liability,27077.69,0.0,27077.69,Settled,0,
CL004628,T0341,2025-10-28,2025-11-12,Political Risk,1026.64,21693.43,22720.07,Open,0,
CL003505,T0128,2024-12-24,2025-01-08,Professional Indemnity,161783.80560000002,0.0,161783.80560000002,Settled,0,
CL002535,T0608,2024-03-02,2024-03-16,Credit & Surety,4030.87,0.0,4030.87,Settled,0,
CL001850,T0126,2023-05-19,2023-07-26,Natural Catastrophe,42734.64,0.0,42734.64,Settled,0,
CL000567,T0278,2022-04-24,2022-05-03,Auto Liability,116346.02,0.0,116346.02,Settled,0,
CL000230,T0309,2021-10-13,2021-10-14,Workers Compensation,2825.0748000000003,0.0,2825.0748000000003,Unmapped,0,unmapped_status
CL005932,T0375,2026-08-21,2026-09-30,Aviation,1253.95,3863.11,5117.06,Open,0,
CL004195,T0275,2025-06-19,2025-07-22,Auto Liability,12882.24,0.0,12882.24,Settled,0,
CL002305,T0021,2023-12-06,2024-01-05,Professional Indemnity,8072.69,10687.35,18760.04,Open,0,
CL002086,T0205,2023-09-17,2023-10-16,Auto Liability,9506.75,0.0,9506.75,Settled,0,
CL005067,T0280,2026-01-10,2026-02-26,Fire & Explosion,1052.86,8437.86,9490.720000000001,Open,0,
CL005644,T0605,2026-07-17,2026-07-22,Workers Compensation,799.64,4884.52,5684.160000000001,Open,0,
CL001947,T0045,2023-08-07,2023-09-03,Auto Liability,26821.44,0.0,26821.44,Settled,0,
CL005426,T0184,2026-03-17,2026-05-27,Workers Compensation,3850.8804000000005,190744.03800000003,194594.91840000002,Open,0,
CL000196,T0693,2021-09-01,2021-09-19,Political Risk,13262.93,0.0,13262.93,Settled,0,
CL005570,T0200,2026-06-15,2026-07-03,Aviation,30879.44,0.0,30879.44,Settled,0,
CL005416,T0557,2026-04-18,2026-05-22,Marine Hull,23725.558800000003,68330.02320000001,92055.582,Open,0,
CL003615,T0129,2025-01-08,2025-02-09,General Liability,4485.15,0.0,4485.15,Settled,0,
CL002820,T0081,2024-06-07,2024-06-17,Medical Malpractice,7946.834400000001,0.0,7946.834400000001,Settled,0,
CL001431,T0480,2023-03-08,2023-03-12,General Liability,42999.012,0.0,42999.012,Settled,0,
CL002941,T0105,2024-07-11,2024-07-26,Auto Liability,155001.47,0.0,155001.47,Settled,0,
CL003541,T0560,2025-01-12,2025-01-18,Natural Catastrophe,210811.59444000002,0.0,210811.59444000002,Settled,0,
CL002694,T0264,2024-04-16,2024-05-02,Medical Malpractice,319478.04000000004,0.0,319478.04000000004,Settled,0,
CL004341,T0172,2025-08-24,2025-09-02,Political Risk,109029.9636,0.0,109029.9636,Settled,0,
CL001051,T0680,2022-10-11,2022-11-25,Business Interruption,50632.93,0.0,50632.93,Settled,0,
CL003264,T0520,2024-09-20,2024-10-29,Energy,65596.3056,0.0,65596.3056,Settled,0,
CL000650,T0266,2022-06-16,2022-06-23,Fire & Explosion,136461.24,0.0,136461.24,Settled,0,
CL004154,T0556,2025-02-22,2025-07-10,Fire & Explosion,25893.78,0.0,25893.78,Settled,0,
CL001998,T0112,2023-09-18,2023-09-22,Natural Catastrophe,31891.88,0.0,31891.88,Settled,0,
CL003132,T0155,2024-09-16,2024-09-27,Fire & Explosion,5268.61,0.0,5268.61,Settled,0,
CL004726,T0224,2025-11-27,2025-12-07,Directors & Officers,67343.0,0.0,67343.0,Settled,0,
CL000076,T0230,2021-05-26,2021-06-08,Marine Hull,1226723.88,0.0,1226723.88,Settled,0,
CL001813,T0322,2023-06-25,2023-07-14,Medical Malpractice,4241.45,0.0,4241.45,Settled,0,
CL001033,T0196,2022-11-10,2022-11-19,Business Interruption,1671.678,0.0,1671.678,Settled,0,
CL002789,T0624,2024-04-14,2024-06-08,Natural Catastrophe,2189.13,0.0,2189.13,Settled,0,
CL002070,T0478,2023-09-07,2023-10-11,Business Interruption,27754.36,0.0,27754.36,Settled,0,
CL002674,T0498,2024-03-24,2024-04-25,Auto Liability,459834.7,0.0,459834.7,Settled,0,
CL001270,T0390,2023-01-24,2023-01-27,General Liability,33376.3146,0.0,33376.3146,Settled,0,
CL003085,T0015,2024-08-20,2024-09-15,Fire & Explosion,60223.25,0.0,60223.25,Settled,0,
CL002748,T0253,2024-05-18,2024-05-23,Medical Malpractice,6209.03,0.0,6209.03,Settled,0,
CL005900,T0062,2026-08-26,2026-09-30,Auto Liability,3455.05,9053.36,12508.41,Open,0,
CL002496,T0241,2024-02-10,2024-03-04,Cyber,20138.41,0.0,20138.41,Settled,0,
CL003670,T0305,2024-12-29,2025-02-23,Auto Liability,9172.43,106769.23,115941.66,Open,0,
CL005842,T0375,2026-08-15,2026-09-17,Aviation,1024.24,2379.97,3404.21,Open,0,
CL003703,T0651,2025-02-25,2025-03-01,Cyber,4762.63,0.0,4762.63,Settled,0,
CL005122,T0124,2026-02-10,2026-03-11,General Liability,25811.4,41932.56,67743.95999999999,Open,0,
CL000563,T0581,2022-04-14,2022-04-29,Fire & Explosion,129721.89,0.0,129721.89,Settled,0,
CL005026,T0684,2026-01-20,2026-02-17,General Liability,816.32,1330.37,2146.69,Open,0,
CL002067,T0241,2023-10-11,2023-10-11,Credit & Surety,361556.93,0.0,361556.93,Settled,0,
CL000458,T0506,2021-11-07,2022-03-10,Medical Malpractice,1558.4940000000001,0.0,1558.4940000000001,Settled,0,
CL003986,T0328,2025-05-14,2025-05-20,Workers Compensation,2828.89,6219.09,9047.98,Open,0,
CL000705,T0150,2022-07-11,2022-07-26,Auto Liability,9796.25,26680.48,36476.729999999996,Open,0,
CL002813,T0236,2024-05-04,2024-06-15,Auto Liability,31572.15,0.0,31572.15,Settled,0,
CL003528,T0284,2025-01-02,2025-01-15,Credit & Surety,160374.8376,0.0,160374.8376,Settled,0,
CL001153,T0499,2022-12-07,2022-12-25,Medical Malpractice,79207.3296,0.0,79207.3296,Settled,0,
CL003684,T0081,2025-02-10,2025-02-26,Medical Malpractice,1978.9704000000002,0.0,1978.9704000000002,Settled,0,
CL002221,T0274,2023-09-22,2023-12-06,Marine Hull,55034.078400000006,0.0,55034.078400000006,Settled,0,
CL000115,T0293,2021-07-08,2021-07-08,Natural Catastrophe,184867.6716,0.0,184867.6716,Settled,0,
CL001439,T0387,2023-02-17,2023-03-15,Natural Catastrophe,79768.02,0.0,79768.02,Settled,0,
CL001704,T0434,2023-06-09,2023-06-10,Fire & Explosion,82817.6508,0.0,82817.6508,Settled,0,
CL005776,T0162,2026-06-20,2026-08-27,Workers Compensation,84224.62,154956.81,239181.43,Open,0,
CL001511,T0609,2023-02-20,2023-04-06,Business Interruption,28275.8,0.0,28275.8,Settled,0,
CL003013,T0128,2024-08-20,2024-08-22,Medical Malpractice,4897.6164,0.0,4897.6164,Settled,0,
CL005875,T0089,2026-09-18,2026-09-26,Cyber,24459.43,43484.94,67944.37,Open,0,
CL004413,T0646,2025-08-14,2025-09-19,Business Interruption,33956.323200000006,123292.95120000001,157249.2744,Open,0,
CL004159,T0644,2025-06-09,2025-07-11,Workers Compensation,26300.22,0.0,26300.22,Settled,0,
CL001596,T0489,2023-02-16,2023-05-04,Workers Compensation,61679.599200000004,0.0,61679.599200000004,Settled,0,
CL004216,T0284,2025-07-06,2025-07-29,Directors & Officers,543767.3856,0.0,543767.3856,Settled,0,
CL005464,T0379,2026-05-22,2026-06-04,Credit & Surety,3603.62,5005.28,8608.9,Open,0,
CL001026,T0669,2022-10-09,2022-11-16,Natural Catastrophe,156797.9,0.0,156797.9,Settled,0,
CL001471,T0219,2023-03-22,2023-03-27,Fire & Explosion,14108.43,0.0,14108.43,Settled,0,
CL002615,T0255,2024-04-02,2024-04-08,Marine Hull,42256.05576,0.0,42256.05576,Settled,0,
CL005266,T0184,2026-04-05,2026-04-19,Workers Compensation,3039.7032000000004,3877.3944,6917.0976,Open,0,
CL002960,T0666,2024-07-01,2024-07-30,Political Risk,92056.9025,0.0,92056.9025,Settled,0,
CL000343,T0675,2021-12-08,2021-12-27,Energy,40912.94,0.0,40912.94,Settled,0,
CL002986,T0195,2024-06-20,2024-08-10,Natural Catastrophe,86919.34692000001,0.0,86919.34692000001,Settled,0,
CL004985,T0565,2026-02-08,2026-02-08,Auto Liability,21854.03,23344.29,45198.32,Open,0,
CL002008,T0518,2023-09-20,2023-09-23,Medical Malpractice,344788.88,0.0,344788.88,Settled,0,
CL002160,T0142,2023-10-06,2023-11-10,Workers Compensation,4538.797200000001,0.0,4538.797200000001,Settled,0,
CL004600,T0646,2025-08-04,2025-11-05,Business Interruption,71333.6652,0.0,71333.6652,Settled,0,
CL001215,T0581,2022-12-31,2023-01-10,Natural Catastrophe,282.27,2966.61,3248.88,Open,0,
CL000887,T0258,2022-08-17,2022-09-29,Marine Hull,47736.91,0.0,47736.91,Settled,0,
CL000656,T0108,2022-05-18,2022-06-25,Medical Malpractice,353462.0,0.0,353462.0,Settled,0,
CL001618,T0647,2023-02-28,2023-05-10,Professional Indemnity,178361.17,0.0,178361.17,Settled,0,
CL002656,T0236,2024-02-21,2024-04-20,General Liability,3660.75,0.0,3660.75,Settled,0,
CL002850,T0475,2024-05-13,2024-06-27,Workers Compensation,38800.85,0.0,38800.85,Settled,0,
CL000161,T0474,2021-08-11,2021-08-15,General Liability,40846.19,0.0,40846.19,Settled,0,
CL002854,T0454,2024-05-26,2024-06-28,Marine Hull,73546.37,0.0,73546.37,Settled,0,
CL000516,T0410,2022-03-21,2022-04-08,Cyber,300350.75,0.0,300350.75,Settled,0,
CL003216,T0128,2024-10-14,2024-10-20,Medical Malpractice,3690.2844,0.0,3690.2844,Settled,0,
CL002663,T0078,2024-03-17,2024-04-23,Credit & Surety,73528.75464,0.0,73528.75464,Settled,0,
CL000205,T0314,2021-08-24,2021-09-27,General Liability,81172.3,0.0,81172.3,Settled,0,
CL000898,T0017,2022-09-26,2022-10-04,Fire & Explosion,9816.2604,0.0,9816.2604,Settled,0,
CL002427,T0587,2024-01-21,2024-02-10,Directors & Officers,77278.104,0.0,77278.104,Settled,0,
CL001761,T0609,2023-04-22,2023-06-30,Fire & Explosion,43983.07,0.0,43983.07,Settled,0,
CL002684,T0218,2024-03-21,2024-04-30,Business Interruption,2407.1796,0.0,2407.1796,Settled,0,
CL001435,T0296,2023-02-08,2023-03-14,Fire & Explosion,54938.64,0.0,54938.64,Settled,0,
CL002493,T0216,2024-01-30,2024-03-03,Aviation,122114.43,0.0,122114.43,Settled,0,
CL004242,T0448,2025-06-03,2025-08-05,Political Risk,88551.1116,0.0,88551.1116,Settled,0,
CL002455,T0611,2023-12-31,2024-02-19,Energy,144030.12,0.0,144030.12,Settled,0,
CL001059,T0654,2022-11-20,2022-11-27,Fire & Explosion,132172.59,0.0,132172.59,Settled,0,
CL003648,T0192,2025-01-27,2025-02-18,Credit & Surety,32713.1,134143.46,166856.56,Open,0,
CL000825,T0151,2022-08-24,2022-09-07,Workers Compensation,186113.47,0.0,186113.47,Settled,0,
CL004475,T0637,2025-09-23,2025-10-08,Aviation,12328.06,0.0,12328.06,Settled,0,
CL005931,T0374,2026-09-11,2026-09-30,Business Interruption,139.104,4473.8460000000005,4612.950000000001,Open,0,
CL002176,T0650,2023-11-04,2023-11-18,Directors & Officers,3626.48,0.0,3626.48,Settled,0,
CL003992,T0552,2025-05-20,2025-05-21,Credit & Surety,45135.88,0.0,45135.88,Settled,0,
CL002984,T0386,2024-08-06,2024-08-09,Business Interruption,150244.2324,0.0,150244.2324,Settled,0,
CL004583,T0032,2025-10-13,2025-11-02,Fire & Explosion,54271.64,0.0,54271.64,Settled,0,
CL002220,T0130,2023-12-06,2023-12-06,Auto Liability,131295.23,0.0,131295.23,Settled,0,
CL001313,T0345,2023-01-22,2023-02-07,Medical Malpractice,2143.53,0.0,2143.53,Settled,0,
CL003681,T0414,2025-02-25,2025-02-25,Auto Liability,5690.45,0.0,5690.45,Settled,0,
CL003304,T0101,2024-11-13,2024-11-13,Cyber,92205.68,0.0,92205.68,Settled,0,
CL000131,T0217,2021-05-27,2021-07-21,Marine Hull,22947.634800000003,30026.2896,52973.9244,Open,0,
CL004063,T0546,2025-04-24,2025-06-13,Fire & Explosion,148911.55,0.0,148911.55,Settled,0,
CL003474,T0599,2024-11-28,2024-12-29,Workers Compensation,195.18,525.6,720.78,Open,0,
CL001420,T0286,2023-02-04,2023-03-08,Energy,286878.456,0.0,286878.456,Settled,0,
CL001102,T0034,2022-12-01,2022-12-12,Fire & Explosion,140381.01,0.0,140381.01,Settled,0,
CL005406,T0200,2026-04-02,2026-05-20,Political Risk,202198.12,0.0,202198.12,Settled,0,
CL004975,T0087,2025-11-07,2026-02-06,Natural Catastrophe,441367.24,0.0,441367.24,Settled,0,
CL003945,T0534,2025-05-06,2025-05-06,Marine Hull,17423.07,24983.86,42406.93,Open,0,
CL004006,T0360,2025-05-10,2025-05-25,Credit & Surety,134970.63,0.0,134970.63,Settled,0,
CL003309,T0519,2024-11-08,2024-11-14,Business Interruption,7931.628000000001,0.0,7931.628000000001,Settled,0,
CL002702,T0475,2024-04-19,2024-05-04,Workers Compensation,60150.11,0.0,60150.11,Settled,0,
CL000767,T0250,2022-07-19,2022-08-16,Energy,19198.188,0.0,19198.188,Settled,0,
CL004188,T0627,2025-07-05,2025-07-20,General Liability,55054.25,0.0,55054.25,Settled,0,
CL002155,T0591,2023-09-21,2023-11-07,Energy,3210.0,0.0,3210.0,Settled,0,
CL004543,T0557,2025-09-27,2025-10-24,Aviation,22903.992000000002,40557.6072,63461.599200000004,Open,0,
CL001519,T0376,2023-04-04,2023-04-08,Natural Catastrophe,8083.22,0.0,8083.22,Settled,0,
CL004247,T0204,2025-07-18,2025-08-06,Fire & Explosion,38046.78,0.0,38046.78,Settled,0,
CL000918,T0457,2022-09-14,2022-10-10,Fire & Explosion,9873.16,0.0,9873.16,Settled,0,
CL002816,T0129,2024-06-04,2024-06-16,Workers Compensation,1678.79,0.0,1678.79,Settled,0,
CL005504,T0257,2026-06-10,2026-06-15,Professional Indemnity,64339.12,0.0,64339.12,Settled,0,
CL003705,T0143,2025-01-27,2025-03-03,Fire & Explosion,115834.07,0.0,115834.07,Settled,0,
CL005796,T0543,2026-08-31,2026-09-02,Professional Indemnity,4475.67,25877.74,30353.410000000003,Open,0,
CL002825,T0025,2024-04-11,2024-06-19,Credit & Surety,14410.95,0.0,14410.95,Settled,0,
CL005310,T0200,2026-04-22,2026-04-27,Marine Hull,893503.77,0.0,893503.77,Settled,0,
CL001773,T0477,2023-06-29,2023-07-05,Fire & Explosion,15229.857600000001,0.0,15229.857600000001,Settled,0,
CL004316,T0483,2025-08-18,2025-08-26,General Liability,30443.63,0.0,30443.63,Settled,0,
CL003993,T0599,2025-04-05,2025-05-21,Workers Compensation,14944.92,0.0,14944.92,Settled,0,
CL000257,T0674,2021-08-19,2021-10-29,Auto Liability,94188.1392,0.0,94188.1392,Settled,0,
CL000804,T0354,2022-08-11,2022-08-29,Workers Compensation,117449.05,0.0,117449.05,Settled,0,
CL002386,T0435,2023-09-09,2024-01-27,Cyber,13064.41,0.0,13064.41,Settled,0,
CL000027,T0558,2021-02-02,2021-04-02,General Liability,30193.31,0.0,30193.31,Settled,0,
CL000984,T0467,2022-10-31,2022-11-02,Business Interruption,28102.215600000003,0.0,28102.215600000003,Settled,0,
CL005551,T0700,2026-05-28,2026-06-28,Natural Catastrophe,10659.2976,138288.7296,148948.0272,Open,0,
CL001585,T0371,2023-04-28,2023-04-30,General Liability,92949.26,152740.75,245690.01,Open,0,
CL003077,T0239,2024-09-10,2024-09-10,Professional Indemnity,56328.38,0.0,56328.38,Settled,0,
CL003822,T0169,2025-02-27,2025-04-07,Natural Catastrophe,1875.5064,3086.046,4961.5524000000005,Open,0,
CL002792,T0236,2024-06-10,2024-06-10,Workers Compensation,23724.77,0.0,23724.77,Settled,0,
CL000246,T0042,2021-10-19,2021-10-22,Energy,27828.014400000004,0.0,27828.014400000004,Settled,0,
CL000551,T0410,2022-04-24,2022-04-25,Credit & Surety,13591.53,0.0,13591.53,Settled,0,
CL005042,T0446,2026-02-19,2026-02-20,Natural Catastrophe,18218.55,21586.51,39805.06,Open,0,
CL004385,T0215,2025-08-28,2025-09-13,Natural Catastrophe,329287.08,515841.94,845129.02,Open,0,
CL003720,T0261,2025-02-22,2025-03-09,General Liability,44802.730800000005,0.0,44802.730800000005,Settled,0,
CL004865,T0269,2025-12-14,2026-01-13,Business Interruption,44022.8,18866.92,62889.72,Reopened,0,
CL005522,T0523,2026-06-20,2026-06-21,Fire & Explosion,234.2412,1480.0212000000001,1714.2624000000003,Open,0,
CL003961,T0695,2025-05-06,2025-05-12,Fire & Explosion,5663.4336,459361.854,465025.2876,Open,0,
CL000964,T0610,2022-09-21,2022-10-27,Business Interruption,94296.49,0.0,94296.49,Settled,0,
CL000607,T0150,2022-05-12,2022-05-30,General Liability,24579.36,0.0,24579.36,Settled,0,
CL002642,T0475,2024-04-05,2024-04-14,Workers Compensation,22583.27,0.0,22583.27,Settled,0,
CL002039,T0659,2023-09-24,2023-10-02,Natural Catastrophe,162689.6016,0.0,162689.6016,Settled,0,
CL003762,T0157,2025-03-18,2025-03-22,Aviation,960424.37,3841697.49,4802121.86,Open,1,
CL004267,T0355,2025-08-04,2025-08-12,Auto Liability,106966.57,0.0,106966.57,Settled,0,
CL005206,T0307,2026-01-29,2026-04-03,General Liability,34534.02,179641.64,214175.66,Open,0,
CL001611,T0113,2023-04-23,2023-05-09,Professional Indemnity,6925.55808,0.0,6925.55808,Settled,0,
CL005239,T0643,2026-02-23,2026-04-12,Business Interruption,62914.36320000001,0.0,62914.36320000001,Settled,0,
CL004439,T0572,2025-09-02,2025-09-26,General Liability,203999.73120000004,0.0,203999.73120000004,Settled,0,
CL000505,T0098,2022-04-02,2022-04-03,Business Interruption,12975.984,0.0,12975.984,Settled,0,
CL005208,T0409,2026-03-29,2026-04-03,Auto Liability,9293.994,47698.8804,56992.87439999999,Open,0,
CL003084,T0534,2024-09-10,2024-09-14,Political Risk,255829.48,0.0,255829.48,Settled,0,
CL002385,T0393,2024-01-09,2024-01-27,Natural Catastrophe,3434.88,0.0,3434.88,Settled,0,
CL005287,T0606,2026-04-14,2026-04-22,Natural Catastrophe,1173.4038,44715.760200000004,45889.164000000004,Open,0,
CL004020,T0462,2025-05-08,2025-05-31,Natural Catastrophe,3496.2464999999997,170438.3688,173934.61530000003,Open,0,
CL003502,T0388,2024-12-01,2025-01-07,Fire & Explosion,292525.93,0.0,292525.93,Settled,0,
CL002709,T0009,2024-03-08,2024-05-09,Directors & Officers,117179.36,0.0,117179.36,Settled,0,
CL005742,T0563,2026-08-17,2026-08-17,Cyber,12975.34,84348.62,97323.95999999999,Open,0,
CL005870,T0248,2026-07-27,2026-09-25,Aviation,25288.25,89146.09,114434.34,Open,0,
CL000664,T0422,2022-06-24,2022-06-30,Fire & Explosion,31082.2,1334272.97,1365355.17,Open,0,
CL000936,T0207,2022-10-06,2022-10-16,Aviation,146723.7348,366586.4736,513310.2084,Open,0,
CL003183,T0226,2024-10-04,2024-10-09,Fire & Explosion,349182.69,0.0,349182.69,Settled,0,
CL003295,T0070,2024-11-03,2024-11-10,Business Interruption,8346.6,3577.11,11923.710000000001,Reopened,0,
CL001189,T0292,2022-11-26,2023-01-03,Medical Malpractice,2311.9775999999997,17891.6256,20203.6032,Open,0,
CL003964,T0496,2025-05-01,2025-05-13,Aviation,882.14,14968.71,15850.849999999999,Open,0,
CL001073,T0466,2022-10-27,2022-12-02,Natural Catastrophe,40246.49,0.0,40246.49,Settled,0,
CL005370,T0471,2026-04-21,2026-05-13,Business Interruption,3617.8596000000002,10146.340800000002,13764.200400000002,Open,0,
CL003472,T0239,2024-10-26,2024-12-29,Professional Indemnity,30673.38,0.0,30673.38,Settled,0,
CL003517,T0311,2024-12-07,2025-01-12,Natural Catastrophe,91843.57332000001,0.0,91843.57332000001,Settled,0,
CL000537,T0630,2022-04-12,2022-04-17,Auto Liability,6387.23,28036.69,34423.92,Open,0,
CL004672,T0016,2025-10-01,2025-11-23,Natural Catastrophe,1315.42,301650.81,302966.23,Open,0,
CL000066,T0175,2021-05-17,2021-05-26,Auto Liability,23075.22,0.0,23075.22,Settled,0,
CL000475,T0675,2022-03-14,2022-03-20,Political Risk,19417.16,29635.32,49052.479999999996,Open,0,
CL003753,T0567,2025-03-09,2025-03-17,Fire & Explosion,298261.6524,0.0,298261.6524,Settled,0,
CL004587,T0133,2025-10-14,2025-11-03,Cyber,538.13364,1344.46224,1882.5958799999999,Open,0,
CL004719,T0087,2025-10-15,2025-12-05,Fire & Explosion,8533.23,28488.15,37021.380000000005,Open,0,
CL003806,T0436,2025-03-29,2025-04-02,Medical Malpractice,5903.56,19420.32,25323.88,Open,0,
CL001757,T0039,2023-06-17,2023-06-30,Aviation,53905.04,0.0,53905.04,Settled,0,
CL005747,T0536,2026-07-31,2026-08-19,Medical Malpractice,119988.91,508223.73,628212.64,Open,0,
CL002631,T0586,2024-04-01,2024-04-11,Professional Indemnity,26355.769200000002,0.0,26355.769200000002,Settled,0,
CL001830,T0512,2023-06-09,2023-07-18,Medical Malpractice,14192.172,0.0,14192.172,Settled,0,
CL004177,T0428,2025-04-29,2025-07-18,Auto Liability,170461.97,0.0,170461.97,Settled,0,
CL004847,T0463,2025-12-26,2026-01-08,Natural Catastrophe,626212.92,0.0,626212.92,Settled,0,
CL005691,T0379,2026-08-04,2026-08-04,Directors & Officers,940.9,13677.0,14617.9,Open,0,
CL001104,T0223,2022-11-20,2022-12-12,Business Interruption,34458.47,0.0,34458.47,Settled,0,
CL002793,T0271,2024-06-04,2024-06-10,Aviation,41699.93400000001,0.0,41699.93400000001,Settled,0,
CL002784,T0240,2024-06-06,2024-06-07,Natural Catastrophe,93065.8788,0.0,93065.8788,Settled,0,
CL001469,T0641,2023-03-16,2023-03-26,Cyber,5780.69,0.0,5780.69,Settled,0,
CL003377,T0192,2024-11-26,2024-12-03,Cyber,21370.69,0.0,21370.69,Settled,0,
CL002402,T0475,2024-01-09,2024-02-02,General Liability,236753.66,0.0,236753.66,Settled,0,
CL003054,T0033,2024-08-28,2024-09-03,Workers Compensation,43225.54,0.0,43225.54,Settled,0,
CL000798,T0642,2022-07-04,2022-08-26,Energy,65007.4248,0.0,65007.4248,Settled,0,
CL005526,T0201,2026-06-21,2026-06-23,Natural Catastrophe,1420.37,1575.02,2995.39,Open,0,
CL001712,T0034,2023-05-16,2023-06-12,Natural Catastrophe,21194.74,0.0,21194.74,Settled,0,
CL003416,T0299,2024-11-27,2024-12-15,Marine Hull,179822.05524,77066.59512,256888.65036000003,Reopened,0,
CL002027,T0323,2023-09-10,2023-09-28,Energy,38569.81,0.0,38569.81,Settled,0,
CL002885,T0021,2024-06-21,2024-07-07,Medical Malpractice,26893.47,0.0,26893.47,Settled,0,
CL005564,T0344,2026-06-01,2026-07-01,Natural Catastrophe,74421.81,0.0,74421.81,Settled,0,
CL001334,T0296,2023-01-29,2023-02-12,Business Interruption,36259.03,0.0,36259.03,Settled,0,
CL001906,T0315,2023-08-07,2023-08-16,Workers Compensation,3292.83,0.0,3292.83,Settled,0,
CL000060,T0458,2021-03-14,2021-05-19,Aviation,357846.37,0.0,357846.37,Settled,0,
CL002666,T0498,2024-04-03,2024-04-23,Workers Compensation,41874.01,0.0,41874.01,Settled,0,
CL005486,T0596,2026-05-17,2026-06-09,Professional Indemnity,5822.5608,44083.3104,49905.8712,Open,0,
CL005006,T0543,2026-02-06,2026-02-13,Professional Indemnity,14519.49,21248.47,35767.96,Open,0,
CL002276,T0254,2023-12-21,2023-12-26,Professional Indemnity,24740.85,0.0,24740.85,Settled,0,
CL004454,T0124,2025-09-21,2025-10-01,Auto Liability,770362.5,0.0,770362.5,Settled,0,
CL003012,T0472,2024-08-11,2024-08-21,Natural Catastrophe,33881.17,0.0,33881.17,Settled,0,
CL001247,T0176,2022-12-29,2023-01-19,Medical Malpractice,103599.19,0.0,103599.19,Settled,0,
CL002862,T0205,2024-06-02,2024-07-01,Auto Liability,54482.29,0.0,54482.29,Settled,0,
CL002207,T0608,2023-11-27,2023-12-01,Cyber,6542.2,0.0,6542.2,Settled,0,
CL000971,T0266,2022-09-16,2022-10-30,Fire & Explosion,222821.54,359668.5,582490.04,Open,0,
CL003660,T0556,2025-02-07,2025-02-20,Natural Catastrophe,15623.9,0.0,15623.9,Settled,0,
CL001781,T0631,2023-05-24,2023-07-07,Credit & Surety,234.18,1353.59,1587.77,Open,0,
CL002057,T0009,2023-10-02,2023-10-09,Cyber,63065.23,0.0,63065.23,Settled,0,
CL000483,T0317,2022-03-19,2022-03-24,Professional Indemnity,28733.17,0.0,28733.17,Settled,0,
CL004652,T0391,2025-07-02,2025-11-17,Fire & Explosion,73829.36940000001,0.0,73829.36940000001,Settled,0,
CL004412,T0215,2025-09-07,2025-09-19,Fire & Explosion,4674.85,54027.3,58702.15,Open,0,
CL001824,T0617,2023-06-28,2023-07-16,General Liability,103880.81916,0.0,103880.81916,Settled,0,
CL003484,T0156,2024-12-12,2025-01-03,Business Interruption,91464.05,0.0,91464.05,Settled,0,
CL003979,T0329,2025-05-13,2025-05-18,Business Interruption,19436.64,110266.62,129703.26,Open,0,
CL000511,T0399,2022-03-29,2022-04-06,Business Interruption,39335.04,16857.88,56192.92,Reopened,0,
CL003655,T0033,2025-02-18,2025-02-20,Auto Liability,192132.18,351654.28,543786.46,Open,0,
CL002233,T0357,2023-12-10,2023-12-10,Aviation,273970.33716,0.0,273970.33716,Settled,0,
CL001917,T0609,2023-08-01,2023-08-20,Business Interruption,4566.95,0.0,4566.95,Settled,0,
CL000251,T0314,2021-09-20,2021-10-27,Auto Liability,13883.47,0.0,13883.47,Settled,0,
CL003539,T0398,2025-01-07,2025-01-18,Natural Catastrophe,140086.7028,0.0,140086.7028,Settled,0,
CL000197,T0340,2021-09-16,2021-09-20,Natural Catastrophe,13420.74,0.0,13420.74,Settled,0,
CL005577,T0058,2026-06-17,2026-07-05,Aviation,9039.48,0.0,9039.48,Settled,0,
CL003339,T0443,2024-10-22,2024-11-24,Fire & Explosion,16916.02,0.0,16916.02,Settled,0,
CL005520,T0224,2026-04-27,2026-06-21,Directors & Officers,176487.14,0.0,176487.14,Settled,0,
CL000216,T0104,2021-09-23,2021-10-03,Professional Indemnity,49036.94,0.0,49036.94,Settled,0,
CL003366,T0359,2024-11-22,2024-11-30,Workers Compensation,52894.78,0.0,52894.78,Settled,0,
CL004973,T0601,2026-01-31,2026-02-04,General Liability,43566.9948,242383.94640000002,285950.94120000006,Open,0,
CL001271,T0512,2022-12-06,2023-01-27,Professional Indemnity,58485.434400000006,0.0,58485.434400000006,Settled,0,
CL003269,T0472,2024-10-15,2024-10-30,Business Interruption,204298.26,0.0,204298.26,Settled,0,
CL003893,T0233,2025-03-24,2025-04-25,Cyber,51754.04,0.0,51754.04,Settled,0,
CL003565,T0078,2024-11-26,2025-01-27,Directors & Officers,62599.609679999994,0.0,62599.609679999994,Settled,0,
CL001535,T0682,2023-01-30,2023-04-13,Auto Liability,5269.38,0.0,5269.38,Settled,0,
CL004318,T0635,2025-08-24,2025-08-26,Aviation,92021.5512,0.0,92021.5512,Settled,0,
CL005874,T0060,2026-09-06,2026-09-26,Medical Malpractice,572.99,1540.1,2113.09,Open,0,
CL002380,T0334,2024-01-16,2024-01-26,Business Interruption,51432.05,0.0,51432.05,Settled,0,
CL005973,T0660,2026-09-25,2026-09-30,Fire & Explosion,2239.34,58266.71,60506.05,Open,0,
CL004233,T0249,2025-07-16,2025-08-02,Energy,1439559.54,0.0,1439559.54,Settled,0,
CL001024,T0336,2022-11-09,2022-11-16,Fire & Explosion,675.25,53219.26,53894.51,Open,0,
CL004366,T0192,2025-08-23,2025-09-08,Directors & Officers,17943.53,0.0,17943.53,Settled,0,
CL002273,T0119,2023-12-25,2023-12-25,Auto Liability,9487.84,0.0,9487.84,Settled,0,
CL005935,T0439,2026-08-20,2026-09-30,Professional Indemnity,11588.45,71946.11,83534.56,Open,0,
CL004941,T0256,2026-01-01,2026-01-27,Marine Hull,10033.51,45235.86,55269.37,Open,0,
CL005269,T0032,2026-02-02,2026-04-20,Fire & Explosion,18389.32,0.0,18389.32,Settled,0,
CL002017,T0251,2023-08-31,2023-09-25,Auto Liability,8227.764000000001,33430.6224,41658.3864,Open,0,
CL001120,T0614,2022-12-01,2022-12-16,Natural Catastrophe,2082.89,0.0,2082.89,Settled,0,
CL004011,T0584,2025-05-24,2025-05-26,General Liability,3214.84,7701.13,10915.970000000001,Open,0,
CL002128,T0193,2023-10-11,2023-10-29,Fire & Explosion,53241.38,0.0,53241.38,Settled,0,
CL005679,T0557,2026-06-30,2026-07-31,Energy,2110.6440000000002,35652.0852,37762.72920000001,Open,0,
CL004450,T0224,2025-09-14,2025-09-30,Credit & Surety,465954.84,0.0,465954.84,Settled,0,
CL002418,T0156,2024-01-28,2024-02-08,Natural Catastrophe,156634.65,0.0,156634.65,Settled,0,
CL003617,T0343,2024-12-07,2025-02-09,Fire & Explosion,759544.74,0.0,759544.74,Settled,0,
CL004592,T0428,2025-10-23,2025-11-03,General Liability,388106.16,0.0,388106.16,Settled,0,
CL001152,T0223,2022-12-21,2022-12-25,Natural Catastrophe,62118.31,0.0,62118.31,Settled,0,
CL000406,T0392,2022-01-12,2022-02-06,Marine Hull,1289168.69,0.0,1289168.69,Settled,0,
CL003358,T0535,2024-11-19,2024-11-29,Political Risk,31551.51,0.0,31551.51,Settled,0,
CL004347,T0280,2025-07-25,2025-09-03,Fire & Explosion,23347.33,26285.54,49632.87,Open,0,
CL000719,T0354,2022-06-25,2022-07-29,Auto Liability,30143.63,0.0,30143.63,Settled,0,
CL003987,T0599,2025-04-22,2025-05-20,Auto Liability,9768.62,0.0,9768.62,Settled,0,
CL002799,T0608,2024-03-31,2024-06-11,Credit & Surety,30483.33,0.0,30483.33,Settled,0,
CL004748,T0564,2025-12-05,2025-12-11,Cyber,143930.4102,61684.46148,205614.87168,Reopened,0,
CL000592,T0196,2022-05-15,2022-05-23,Fire & Explosion,2197.4976,0.0,2197.4976,Settled,0,
CL000067,T0314,2021-05-05,2021-05-27,Workers Compensation,59250.94,25393.26,84644.2,Reopened,0,
CL003055,T0339,2024-06-09,2024-09-03,Fire & Explosion,13758.757200000002,5896.6056,19655.362800000003,Reopened,0,
CL004566,T0529,2025-10-03,2025-10-28,Political Risk,1868.59,285781.23,287649.82,Open,0,
CL002339,T0650,2024-01-05,2024-01-14,Cyber,8498.75,0.0,8498.75,Settled,0,
CL005546,T0089,2026-05-29,2026-06-28,Credit & Surety,8722.6,11485.84,20208.440000000002,Open,0,
CL001587,T0656,2023-04-11,2023-04-30,Business Interruption,29406.72,0.0,29406.72,Settled,0,
CL002035,T0566,2023-09-30,2023-10-01,Natural Catastrophe,60403.1472,0.0,60403.1472,Settled,0,
CL002950,T0368,2024-07-24,2024-07-28,Cyber,153714.069,0.0,153714.069,Settled,0,
CL000410,T0576,2022-01-13,2022-02-07,Aviation,39877.53,0.0,39877.53,Settled,0,
CL001643,T0031,2023-05-07,2023-05-19,General Liability,21818.102039999998,0.0,21818.102039999998,Settled,0,
CL004147,T0644,2025-05-01,2025-07-09,Auto Liability,2445.88,3586.17,6032.05,Open,0,
CL002268,T0322,2023-11-25,2023-12-23,Professional Indemnity,3885.08,0.0,3885.08,Settled,0,
CL004420,T0180,2025-09-15,2025-09-21,Auto Liability,7195.953600000001,14345.5104,21541.464,Open,0,
CL005840,T0444,2026-08-17,2026-09-16,Natural Catastrophe,102244.57,277213.05,379457.62,Open,0,
CL003674,T0195,2025-02-13,2025-02-24,Natural Catastrophe,676240.64844,0.0,676240.64844,Settled,0,
CL005229,T0204,2026-02-15,2026-04-09,Fire & Explosion,12047.43,0.0,12047.43,Settled,0,
CL004730,T0132,2025-11-09,2025-12-08,Natural Catastrophe,22931.35,0.0,22931.35,Settled,0,
CL005579,T0373,2026-06-25,2026-07-05,Energy,12859.74,14090.12,26949.86,Open,0,
CL002650,T0121,2024-04-07,2024-04-17,Directors & Officers,400737.1,467809.14,868546.24,Open,0,
CL001343,T0186,2023-02-14,2023-02-15,Marine Hull,31039.1136,0.0,31039.1136,Settled,0,
CL003592,T0395,2025-02-03,2025-02-04,Auto Liability,14128.49,0.0,14128.49,Settled,0,
CL005548,T0306,2026-06-13,2026-06-28,Marine Hull,6466.89,15723.6,22190.49,Open,0,
CL005882,T0391,2026-06-21,2026-09-28,Fire & Explosion,17728.34196,32061.47004,49789.812,Open,0,
CL000180,T0468,2021-09-02,2021-09-06,Business Interruption,38613.06,0.0,38613.06,Settled,0,
CL003371,T0532,2024-10-26,2024-12-01,Workers Compensation,59630.245200000005,0.0,59630.245200000005,Settled,0,
CL002648,T0165,2024-03-26,2024-04-16,General Liability,183604.4604,0.0,183604.4604,Settled,0,
CL005711,T0515,2026-07-18,2026-08-08,Political Risk,12199.161600000001,18661.7736,30860.9352,Open,0,
CL001434,T0061,2023-03-04,2023-03-14,General Liability,11447.81,0.0,11447.81,Settled,0,
CL003452,T0155,2024-11-13,2024-12-25,Natural Catastrophe,6504.75,0.0,6504.75,Settled,0,
CL003262,T0081,2024-10-24,2024-10-29,Medical Malpractice,4090.3704000000002,0.0,4090.3704000000002,Settled,0,
CL001424,T0480,2023-02-20,2023-03-09,General Liability,15298.459200000001,0.0,15298.459200000001,Settled,0,
CL004924,T0082,2025-11-08,2026-01-25,Natural Catastrophe,347941.41,0.0,347941.41,Settled,0,
CL003435,T0033,2024-12-07,2024-12-20,General Liability,167311.1,0.0,167311.1,Settled,0,
CL001634,T0421,2023-04-25,2023-05-17,Directors & Officers,24806.09,0.0,24806.09,Settled,0,
CL004340,T0054,2025-07-23,2025-09-02,General Liability,28553.31,0.0,28553.31,Settled,0,
CL005862,T0310,2026-09-18,2026-09-23,Natural Catastrophe,1326.9,50693.17,52020.07,Open,0,
CL001352,T0017,2023-02-18,2023-02-19,Natural Catastrophe,6829.5960000000005,0.0,6829.5960000000005,Settled,0,
CL002509,T0145,2024-02-25,2024-03-07,Business Interruption,693.89,7298.06,7991.950000000001,Open,0,
CL001840,T0034,2023-06-06,2023-07-22,Fire & Explosion,31654.45,0.0,31654.45,Settled,0,
CL001331,T0144,2023-01-08,2023-02-12,General Liability,78251.14,0.0,78251.14,Settled,0,
CL001959,T0295,2023-08-31,2023-09-07,Business Interruption,550540.76,0.0,550540.76,Settled,0,
CL005343,T0423,2026-03-04,2026-05-06,Directors & Officers,12045.34,141819.22,153864.56,Open,0,
CL000315,T0066,2021-11-11,2021-12-12,Business Interruption,125837.21,0.0,125837.21,Settled,0,
CL003020,T0598,2024-08-22,2024-08-23,General Liability,52770.13,0.0,52770.13,Settled,0,
CL003450,T0329,2024-12-13,2024-12-24,Fire & Explosion,32652.83,0.0,32652.83,Settled,0,
CL004121,T0487,2025-06-27,2025-06-30,Natural Catastrophe,283348.1,0.0,283348.1,Settled,0,
CL003579,T0192,2024-12-22,2025-02-01,Cyber,41975.69,0.0,41975.69,Settled,0,
CL003722,T0491,2025-03-08,2025-03-09,Energy,392686.1,0.0,392686.1,Settled,0,
CL002022,T0123,2023-08-22,2023-09-27,Business Interruption,137048.54,0.0,137048.54,Settled,0,
CL004379,T0646,2025-08-30,2025-09-12,Business Interruption,96625.76400000001,0.0,96625.76400000001,Settled,0,
CL001597,T0186,2023-04-12,2023-05-05,Marine Hull,204315.804,0.0,204315.804,Settled,0,
CL002906,T0460,2024-06-06,2024-07-15,Workers Compensation,54206.9388,0.0,54206.9388,Settled,0,
CL002238,T0421,2023-10-03,2023-12-12,Directors & Officers,42824.42,0.0,42824.42,Settled,0,
CL003237,T0534,2024-10-12,2024-10-25,Political Risk,49445.69,0.0,49445.69,Settled,0,
CL001588,T0384,2023-04-29,2023-05-01,Political Risk,214507.9476,0.0,214507.9476,Settled,0,
CL005530,T0375,2026-06-17,2026-06-24,Marine Hull,36694.09,0.0,36694.09,Settled,0,
CL000970,T0061,2022-10-17,2022-10-30,Workers Compensation,117841.37,50503.44,168344.81,Reopened,0,
CL004090,T0414,2025-05-27,2025-06-19,Workers Compensation,1468.39,7533.82,9002.21,Open,0,
CL002807,T0533,2024-04-20,2024-06-12,Workers Compensation,189881.32,0.0,189881.32,Settled,0,
CL004763,T0406,2025-11-18,2025-12-16,Energy,110123.33829999999,0.0,110123.33829999999,Settled,0,
CL001178,T0287,2022-11-16,2022-12-30,Energy,251972.6292,0.0,251972.6292,Settled,0,
CL001254,T0630,2022-11-06,2023-01-20,Auto Liability,22281.56,0.0,22281.56,Settled,0,
CL005337,T0297,2026-04-30,2026-05-03,Cyber,399.93,2235.24,2635.1699999999996,Open,0,
CL001709,T0357,2023-05-23,2023-06-11,Energy,259921.0314,0.0,259921.0314,Settled,0,
CL005313,T0406,2026-04-17,2026-04-27,Energy,18966.4594,0.0,18966.4594,Settled,0,
CL002436,T0241,2024-02-03,2024-02-14,Directors & Officers,70664.43,0.0,70664.43,Settled,0,
CL004214,T0646,2025-07-14,2025-07-28,Business Interruption,16685.0604,0.0,16685.0604,Settled,0,
CL001250,T0554,2022-12-01,2023-01-19,Marine Hull,4248.1368,0.0,4248.1368,Settled,0,
CL000434,T0431,2021-12-29,2022-02-20,Professional Indemnity,10054.96,16704.18,26759.14,Open,0,
CL005215,T0085,2026-03-18,2026-04-05,Credit & Surety,91342.55268,0.0,91342.55268,Settled,0,
CL003201,T0185,2024-09-11,2024-10-16,Fire & Explosion,940577.5944000001,0.0,940577.5944000001,Settled,0,
CL001386,T0177,2023-01-08,2023-03-01,Professional Indemnity,11072.96,0.0,11072.96,Settled,0,
CL001042,T0630,2022-10-07,2022-11-21,Workers Compensation,16980.75,0.0,16980.75,Settled,0,
CL000689,T0522,2022-07-07,2022-07-18,Business Interruption,20735.09,0.0,20735.09,Settled,0,
CL001780,T0604,2023-05-26,2023-07-07,Political Risk,114340.1184,0.0,114340.1184,Settled,0,
CL001047,T0504,2022-11-20,2022-11-23,Workers Compensation,120170.98,0.0,120170.98,Settled,0,
CL005584,T0549,2026-07-05,2026-07-06,Auto Liability,1042044.26,4168177.05,5210221.31,Open,1,
CL002972,T0608,2024-07-09,2024-08-04,Credit & Surety,4832.78,0.0,4832.78,Settled,0,
CL004019,T0169,2025-05-25,2025-05-31,Natural Catastrophe,3330.6444,4253.7636,7584.408000000001,Open,0,
CL000262,T0027,2021-09-30,2021-11-01,Fire & Explosion,86656.53,0.0,86656.53,Settled,0,
CL000350,T0674,2021-12-08,2021-12-31,Workers Compensation,41381.01,0.0,41381.01,Settled,0,
CL002765,T0426,2024-05-06,2024-05-28,Business Interruption,5065.11,0.0,5065.11,Settled,0,
CL005772,T0154,2026-08-13,2026-08-26,Professional Indemnity,79686.32,0.0,79686.32,Settled,0,
CL000168,T0506,2021-07-01,2021-08-26,Medical Malpractice,6889.2552,11651.526000000002,18540.7812,Open,0,
CL001151,T0655,2022-12-24,2022-12-24,Aviation,70532.9532,0.0,70532.9532,Settled,0,
CL003157,T0540,2024-09-05,2024-10-02,Marine Hull,23103.13,9901.34,33004.47,Reopened,0,
CL004677,T0661,2025-11-23,2025-11-23,Auto Liability,90644.50800000002,0.0,90644.50800000002,Settled,0,
CL003139,T0076,2024-09-10,2024-09-29,Workers Compensation,87784.29000000001,0.0,87784.29000000001,Settled,0,
CL002387,T0127,2024-01-08,2024-01-28,General Liability,329109.84,0.0,329109.84,Settled,0,
CL004510,T0563,2025-10-02,2025-10-15,Cyber,175721.84,0.0,175721.84,Settled,0,
CL002588,T0153,2024-03-28,2024-04-01,General Liability,236913.02,0.0,236913.02,Settled,0,
CL004812,T0459,2025-12-27,2025-12-28,Political Risk,42693.28,0.0,42693.28,Settled,0,
CL003814,T0465,2025-03-27,2025-04-05,Business Interruption,28564.240680000003,0.0,28564.240680000003,Settled,0,
CL004908,T0428,2026-01-22,2026-01-22,Workers Compensation,513998.37,0.0,513998.37,Settled,0,
CL002294,T0031,2023-10-21,2023-12-31,General Liability,16290.32928,0.0,16290.32928,Settled,0,
CL002800,T0649,2024-02-10,2024-06-11,Business Interruption,76673.03,0.0,76673.03,Settled,0,
CL003492,T0616,2024-11-23,2025-01-04,Energy,8406.579600000001,0.0,8406.579600000001,Settled,0,
CL000284,T0332,2021-10-10,2021-11-16,General Liability,24599.7216,0.0,24599.7216,Settled,0,
CL002037,T0084,2023-08-29,2023-10-02,Aviation,71746.31,0.0,71746.31,Settled,0,
CL001404,T0394,2023-02-28,2023-03-04,Natural Catastrophe,171915.14,0.0,171915.14,Settled,0,
CL000517,T0588,2022-03-19,2022-04-08,Business Interruption,81833.20920000001,0.0,81833.20920000001,Settled,0,
CL002065,T0126,2023-09-16,2023-10-11,Fire & Explosion,68500.83,0.0,68500.83,Settled,0,
CL005262,T0201,2026-04-13,2026-04-18,Business Interruption,4045.93,41397.49,45443.42,Open,0,
CL004142,T0133,2025-04-04,2025-07-09,Cyber,9021.541079999999,0.0,9021.541079999999,Settled,0,
CL000657,T0292,2022-06-10,2022-06-26,Medical Malpractice,94635.84240000001,0.0,94635.84240000001,Settled,0,
CL002477,T0167,2024-02-02,2024-02-26,Professional Indemnity,91855.73,0.0,91855.73,Settled,0,
CL003807,T0157,2025-04-02,2025-04-03,Political Risk,20557.4,8810.31,29367.71,Reopened,0,
CL002537,T0119,2024-02-04,2024-03-17,Auto Liability,3943.14,0.0,3943.14,Settled,0,
CL004260,T0019,2025-07-09,2025-08-10,Directors & Officers,2330.83,0.0,2330.83,Settled,0,
CL001798,T0144,2023-04-20,2023-07-10,General Liability,277127.83,0.0,277127.83,Settled,0,
CL002902,T0105,2024-07-08,2024-07-15,Auto Liability,13461.1,0.0,13461.1,Settled,0,
CL001065,T0510,2022-11-10,2022-11-29,General Liability,122812.57,0.0,122812.57,Settled,0,
CL000963,T0232,2022-10-12,2022-10-27,Natural Catastrophe,33974.92,0.0,33974.92,Settled,0,
CL003913,T0684,2025-04-17,2025-04-28,Workers Compensation,533027.91,0.0,533027.91,Settled,0,
CL001571,T0123,2023-04-03,2023-04-25,Business Interruption,273967.13,0.0,273967.13,Settled,0,
CL001192,T0061,2022-12-06,2023-01-04,Workers Compensation,17876.93,0.0,17876.93,Settled,0,
CL003061,T0540,2024-08-21,2024-09-04,Aviation,46025.77,0.0,46025.77,Settled,0,
CL005437,T0407,2026-05-16,2026-05-29,General Liability,46.8249,13446.4806,13493.305500000002,Open,0,
CL004492,T0448,2025-07-02,2025-10-13,Political Risk,1560.2112000000002,19598.846400000002,21159.057600000004,Open,0,
CL005825,T0344,2026-08-22,2026-09-12,Natural Catastrophe,79629.17,0.0,79629.17,Settled,0,
CL001541,T0083,2023-04-09,2023-04-15,Auto Liability,17940.931320000003,82042.0224,99982.95372,Open,0,
CL003575,T0584,2025-01-10,2025-01-29,Auto Liability,15480.01,0.0,15480.01,Settled,0,
CL003823,T0417,2025-03-20,2025-04-07,Business Interruption,837258.822,0.0,837258.822,Settled,0,
CL004912,T0154,2025-12-22,2026-01-23,Medical Malpractice,1221.86,3084.23,4306.09,Open,0,
CL003902,T0269,2025-04-25,2025-04-27,Fire & Explosion,2229.51,5592.66,7822.17,Open,0,
CL004754,T0444,2025-11-28,2025-12-13,Fire & Explosion,85095.04,0.0,85095.04,Settled,0,
CL003510,T0107,2024-12-09,2025-01-10,Business Interruption,163904.87,0.0,163904.87,Settled,0,
CL002515,T0304,2024-02-29,2024-03-09,Fire & Explosion,193814.1,0.0,193814.1,Settled,0,
CL004416,T0300,2025-09-19,2025-09-20,Marine Hull,27861.56,67043.35,94904.91,Open,0,
CL005020,T0575,2026-01-13,2026-02-16,Business Interruption,4798.61,13615.48,18414.09,Open,0,
CL002681,T0264,2024-03-08,2024-04-28,Medical Malpractice,119309.8788,0.0,119309.8788,Settled,0,
CL003413,T0370,2024-12-11,2024-12-14,Business Interruption,62771.446800000005,0.0,62771.446800000005,Settled,0,
CL001983,T0432,2023-09-10,2023-09-15,Political Risk,13922.317440000003,0.0,13922.317440000003,Settled,0,
CL000807,T0151,2022-08-28,2022-08-30,Auto Liability,268914.81,0.0,268914.81,Settled,0,
CL001269,T0698,2023-01-04,2023-01-26,Medical Malpractice,3349.23,9556.55,12905.779999999999,Open,0,
CL005396,T0601,2026-04-24,2026-05-18,General Liability,29674.08,85407.6312,115081.7112,Open,0,
CL000756,T0206,2022-07-26,2022-08-11,Business Interruption,49545.15036,0.0,49545.15036,Settled,0,
CL003043,T0305,2024-08-29,2024-09-01,Workers Compensation,555569.31,0.0,555569.31,Settled,0,
CL001171,T0653,2022-10-02,2022-12-28,Business Interruption,240935.33,0.0,240935.33,Settled,0,
CL003361,T0101,2024-11-05,2024-11-30,Credit & Surety,734246.8,0.0,734246.8,Settled,0,
CL001889,T0026,2023-06-26,2023-08-11,General Liability,80874.67,0.0,80874.67,Settled,0,
CL005921,T0297,2026-09-21,2026-09-30,Directors & Officers,1790.63,17359.71,19150.34,Open,0,
CL000566,T0425,2022-04-28,2022-05-02,Workers Compensation,195361.97,0.0,195361.97,Settled,0,
CL003647,T0122,2025-01-24,2025-02-18,Business Interruption,60772.6,0.0,60772.6,Settled,0,
CL004907,T0391,2026-01-10,2026-01-22,Fire & Explosion,1180.0248,15487.83468,16667.85948,Open,0,
CL001441,T0250,2023-03-13,2023-03-16,Political Risk,17725.8888,0.0,17725.8888,Settled,0,
CL001849,T0480,2023-05-13,2023-07-25,Workers Compensation,46059.3216,0.0,46059.3216,Settled,0,
CL001504,T0376,2023-04-03,2023-04-05,Fire & Explosion,16933.15,0.0,16933.15,Settled,0,
CL004484,T0124,2025-09-28,2025-10-12,Auto Liability,29357.85,0.0,29357.85,Settled,0,
CL001777,T0430,2023-06-22,2023-07-06,Business Interruption,147702.28,0.0,147702.28,Settled,0,
CL005961,T0594,2026-09-10,2026-09-30,Natural Catastrophe,11869.858800000002,19052.226000000002,30922.084800000004,Open,0,
CL004173,T0640,2025-07-08,2025-07-16,Aviation,378045.39240000007,0.0,378045.39240000007,Settled,0,
CL004389,T0557,2025-08-08,2025-09-13,Political Risk,19960.776,8554.6152,28515.391200000002,Reopened,0,
CL002513,T0415,2024-01-11,2024-03-08,Marine Hull,46637.2482,0.0,46637.2482,Settled,0,
CL003497,T0639,2025-01-04,2025-01-05,Aviation,116407.85,0.0,116407.85,Settled,0,
CL003631,T0141,2025-01-08,2025-02-12,Auto Liability,626139.05,0.0,626139.05,Settled,0,
CL005937,T0442,2026-06-17,2026-09-30,Business Interruption,20481.42,91048.73,111530.15,Open,0,
CL005389,T0683,2026-03-11,2026-05-17,Workers Compensation,1223.16,3076.12,4299.28,Open,0,
CL005680,T0095,2026-07-21,2026-08-02,Aviation,874.01,54607.13,55481.14,Open,0,
CL005735,T0400,2026-06-01,2026-08-15,Business Interruption,68237.05,407662.18,475899.23,Open,0,
CL002956,T0417,2024-07-23,2024-07-30,Business Interruption,670457.5092000001,0.0,670457.5092000001,Settled,0,
CL001958,T0254,2023-08-31,2023-09-07,Professional Indemnity,43135.15,0.0,43135.15,Settled,0,
CL001604,T0525,2023-04-08,2023-05-06,Medical Malpractice,10759.13,0.0,10759.13,Settled,0,
CL005162,T0400,2026-03-05,2026-03-23,Business Interruption,387641.22,439659.44,827300.6599999999,Open,0,
CL001637,T0432,2023-05-18,2023-05-18,Energy,59930.79156,0.0,59930.79156,Settled,0,
CL004605,T0163,2025-10-08,2025-11-07,Natural Catastrophe,165686.37,0.0,165686.37,Settled,0,
CL004875,T0058,2026-01-14,2026-01-16,Marine Hull,3399.46,11863.62,15263.080000000002,Open,0,
CL002292,T0367,2023-12-23,2023-12-30,Workers Compensation,61142.64,0.0,61142.64,Settled,0,
CL004889,T0553,2026-01-13,2026-01-17,Directors & Officers,3519.28,105863.56,109382.84,Open,0,
CL004393,T0259,2025-09-11,2025-09-14,Workers Compensation,2098067.4972,0.0,2098067.4972,Settled,0,
CL004502,T0599,2025-10-13,2025-10-14,Auto Liability,4630.1,0.0,4630.1,Settled,0,
CL002310,T0240,2024-01-07,2024-01-07,Business Interruption,35939.1924,515405.3976,551344.5900000001,Open,0,
CL005799,T0320,2026-09-03,2026-09-04,Professional Indemnity,16657.31,38755.83,55413.14,Open,0,
CL002742,T0497,2024-04-15,2024-05-20,Workers Compensation,181611.5,0.0,181611.5,Settled,0,
CL000678,T0437,2022-07-06,2022-07-08,Professional Indemnity,13316.01,33721.18,47037.19,Open,0,
CL003056,T0491,2024-08-07,2024-09-03,Energy,47375.57,0.0,47375.57,Settled,0,
CL001161,T0698,2022-12-19,2022-12-26,Professional Indemnity,728.14,0.0,728.14,Settled,0,
CL005588,T0407,2026-06-24,2026-07-07,General Liability,6751.027900000001,16821.1754,23572.2033,Open,0,
CL002713,T0535,2024-05-06,2024-05-10,Energy,7730.2,23476.12,31206.32,Open,0,
CL000401,T0073,2022-01-30,2022-02-04,Auto Liability,9822.826799999999,53540.84880000001,63363.6756,Open,0,
CL000540,T0176,2022-04-10,2022-04-19,Professional Indemnity,18205.43,0.0,18205.43,Settled,0,
CL004013,T0124,2025-05-22,2025-05-29,Workers Compensation,14241.19,0.0,14241.19,Settled,0,
CL005236,T0523,2026-03-31,2026-04-12,Business Interruption,13131.3636,423117.60480000003,436248.9684,Open,0,
CL002990,T0236,2024-07-19,2024-08-11,General Liability,58800.85,0.0,58800.85,Settled,0,
CL004324,T0270,2025-08-12,2025-08-28,General Liability,38896.1757,0.0,38896.1757,Settled,0,
CL005064,T0138,2026-02-19,2026-02-26,Energy,155447.54,0.0,155447.54,Settled,0,
CL002404,T0137,2024-01-31,2024-02-03,Medical Malpractice,245884.71,0.0,245884.71,Settled,0,
CL004465,T0670,2025-09-18,2025-10-04,Aviation,18593.85,32291.99,50885.84,Open,0,
CL005221,T0087,2026-04-06,2026-04-06,Business Interruption,663498.38,0.0,663498.38,Settled,0,
CL004417,T0327,2025-07-25,2025-09-20,Credit & Surety,13311.34272,138235.71816,151547.06088,Open,0,
CL002001,T0324,2023-09-21,2023-09-22,Cyber,310117.5,0.0,310117.5,Settled,0,
CL004150,T0107,2025-07-10,2025-07-10,Business Interruption,71195.03,0.0,71195.03,Settled,0,
CL005327,T0613,2026-04-06,2026-04-30,Professional Indemnity,8106.01,38034.84,46140.85,Open,0,
CL005582,T0005,2026-06-30,2026-07-06,Natural Catastrophe,35742.82,158642.04,194384.86000000002,Open,0,
CL001982,T0149,2023-09-09,2023-09-15,Auto Liability,138367.75,0.0,138367.75,Settled,0,
CL004021,T0262,2025-04-14,2025-06-01,Credit & Surety,12126.078000000001,20252.181600000004,32378.259600000005,Open,0,
CL005251,T0058,2026-01-26,2026-04-16,Political Risk,419.72,1370.91,1790.63,Open,0,
CL005347,T0085,2026-04-13,2026-05-07,Cyber,36134.286,54623.61684,90757.90284000001,Open,0,
CL002834,T0156,2024-05-02,2024-06-22,Natural Catastrophe,46757.71,0.0,46757.71,Settled,0,
CL002696,T0364,2024-04-04,2024-05-03,Energy,120674.4912,0.0,120674.4912,Settled,0,
CL002607,T0440,2024-03-23,2024-04-05,Political Risk,78006.53,0.0,78006.53,Settled,0,
CL000952,T0229,2022-10-22,2022-10-22,Natural Catastrophe,229517.98,0.0,229517.98,Settled,0,
CL001305,T0636,2023-01-30,2023-02-05,General Liability,76543.61760000001,0.0,76543.61760000001,Settled,0,
CL003696,T0508,2025-01-04,2025-02-28,Energy,23931.05,0.0,23931.05,Settled,0,
CL003864,T0195,2025-03-28,2025-04-19,Fire & Explosion,66461.30172,0.0,66461.30172,Settled,0,
CL003100,T0119,2024-08-21,2024-09-18,General Liability,10294.55,0.0,10294.55,Settled,0,
CL005175,T0172,2026-03-06,2026-03-26,Energy,2953.5840000000003,68313.996,71267.58,Open,0,
CL004022,T0203,2025-05-03,2025-06-02,Marine Hull,43325.26788000001,0.0,43325.26788000001,Settled,0,
CL002153,T0105,2023-10-28,2023-11-07,General Liability,34399.82,0.0,34399.82,Settled,0,
CL002330,T0271,2023-11-17,2024-01-12,Aviation,90874.36439999999,0.0,90874.36439999999,Settled,0,
CL002239,T0456,2023-12-01,2023-12-12,Business Interruption,60962.41,0.0,60962.41,Settled,0,
CL001524,T0098,2023-03-04,2023-04-11,Natural Catastrophe,16638.231600000003,0.0,16638.231600000003,Settled,0,
CL000413,T0545,2022-01-31,2022-02-09,Workers Compensation,317299.2588,861065.6724,1178364.9312000002,Open,0,
CL003083,T0081,2024-07-20,2024-09-14,Professional Indemnity,20801.1996,0.0,20801.1996,Settled,0,
CL004519,T0448,2025-07-04,2025-10-19,Energy,31439.9016,0.0,31439.9016,Settled,0,
CL002897,T0498,2024-06-30,2024-07-13,Workers Compensation,17851.56,0.0,17851.56,Settled,0,
CL005160,T0087,2026-03-21,2026-03-23,Business Interruption,44059.98,157525.39,201585.37000000002,Open,0,
CL000312,T0675,2021-12-10,2021-12-10,Marine Hull,9874.98,0.0,9874.98,Settled,0,
CL000638,T0108,2022-06-14,2022-06-16,Medical Malpractice,33049.53,0.0,33049.53,Settled,0,
CL003630,T0072,2024-11-11,2025-02-12,Natural Catastrophe,4940.73,0.0,4940.73,Settled,0,
CL000005,T0548,2021-02-02,2021-02-11,Natural Catastrophe,6601.7,34046.07,40647.77,Open,0,
CL003635,T0054,2025-02-06,2025-02-14,General Liability,11871.673200000001,0.0,11871.673200000001,Settled,0,
CL002093,T0478,2023-08-05,2023-10-17,Fire & Explosion,19648.22,0.0,19648.22,Settled,0,
CL003624,T0284,2025-02-04,2025-02-11,Directors & Officers,149538.2688,0.0,149538.2688,Settled,0,
CL001782,T0031,2023-06-20,2023-07-08,General Liability,9101.122800000001,0.0,9101.122800000001,Settled,0,
CL001391,T0404,2023-02-05,2023-03-01,Natural Catastrophe,315964.34,0.0,315964.34,Settled,0,
CL002879,T0271,2024-03-24,2024-07-05,Aviation,34331.796,0.0,34331.796,Settled,0,
CL004815,T0007,2025-12-08,2025-12-29,Workers Compensation,14045.14,234425.72,248470.86,Open,0,
CL005934,T0429,2026-09-25,2026-09-30,Cyber,25659.72,99959.39,125619.11,Open,0,
CL003150,T0540,2024-08-07,2024-09-30,Marine Hull,441828.93,0.0,441828.93,Settled,0,
CL005031,T0018,2026-01-05,2026-02-19,General Liability,263710.76,0.0,263710.76,Settled,0,
CL005871,T0660,2026-09-23,2026-09-25,Natural Catastrophe,6095.65,599647.33,605742.98,Open,0,
CL003683,T0532,2024-12-23,2025-02-25,Auto Liability,20635.3872,0.0,20635.3872,Settled,0,
CL001193,T0354,2022-12-24,2023-01-04,General Liability,142383.78,0.0,142383.78,Settled,0,
CL001184,T0390,2022-12-31,2022-12-31,Auto Liability,15124.176720000001,0.0,15124.176720000001,Settled,0,
CL000986,T0614,2022-09-02,2022-11-02,Natural Catastrophe,52018.4,0.0,52018.4,Settled,0,
CL005885,T0138,2026-09-04,2026-09-29,Political Risk,204703.27,0.0,204703.27,Settled,0,
CL005955,T0555,2026-09-25,2026-09-30,Professional Indemnity,8250.08,0.0,8250.08,Settled,0,
CL001891,T0096,2023-07-14,2023-08-12,Medical Malpractice,57617.5572,0.0,57617.5572,Settled,0,
CL003338,T0125,2024-11-19,2024-11-24,General Liability,57457.96,0.0,57457.96,Settled,0,
CL001032,T0151,2022-10-29,2022-11-19,General Liability,155636.32,0.0,155636.32,Settled,0,
CL000727,T0196,2022-07-22,2022-08-01,Business Interruption,10145.379600000002,0.0,10145.379600000002,Settled,0,
CL005507,T0075,2026-06-06,2026-06-16,Fire & Explosion,12826.37,27605.6,40431.97,Open,0,
CL004988,T0338,2025-10-01,2026-02-10,Fire & Explosion,20335.14,21800.99,42136.130000000005,Open,0,
CL001375,T0315,2022-12-15,2023-02-25,Auto Liability,2189.11,0.0,2189.11,Settled,0,
CL004551,T0338,2025-08-16,2025-10-26,Business Interruption,73217.12,0.0,73217.12,Settled,0,
CL000007,T0542,2021-02-07,2021-02-14,Aviation,71391.95,0.0,71391.95,Settled,0,
CL001525,T0477,2023-03-31,2023-04-11,Fire & Explosion,4274.791200000001,0.0,4274.791200000001,Settled,0,
CL002049,T0252,2023-09-18,2023-10-06,Political Risk,21616.19,0.0,21616.19,Settled,0,
CL005316,T0069,2026-04-03,2026-04-28,Directors & Officers,6527.62,30282.11,36809.73,Open,0,
CL001745,T0113,2023-06-24,2023-06-24,Medical Malpractice,32063.040960000002,0.0,32063.040960000002,Settled,0,
CL003998,T0360,2025-04-30,2025-05-23,Cyber,19129.48,80994.86,100124.34,Open,0,
CL000535,T0139,2022-04-10,2022-04-17,Credit & Surety,10595.988000000001,0.0,10595.988000000001,Settled,0,
CL004040,T0524,2025-06-04,2025-06-06,Workers Compensation,9695.57,0.0,9695.57,Settled,0,
CL002957,T0443,2024-05-22,2024-07-30,Fire & Explosion,208479.43,0.0,208479.43,Settled,0,
CL005022,T0243,2026-01-26,2026-02-17,Aviation,1004.24,13691.06,14695.3,Open,0,
CL002771,T0205,2024-04-13,2024-05-31,Workers Compensation,93219.55,0.0,93219.55,Settled,0,
CL000658,T0316,2022-06-03,2022-06-26,Fire & Explosion,54071.67,0.0,54071.67,Settled,0,
CL002398,T0043,2024-01-11,2024-02-01,Cyber,31073.328,0.0,31073.328,Settled,0,
CL001668,T0059,2023-05-05,2023-05-28,Aviation,495570.43,0.0,495570.43,Settled,0,
CL001919,T0394,2023-07-10,2023-08-21,Natural Catastrophe,18931.16,0.0,18931.16,Settled,0,
CL001649,T0432,2023-05-02,2023-05-21,Marine Hull,18624.366,48713.44476,67337.81076000001,Open,0,
CL000620,T0108,2022-05-31,2022-06-06,Professional Indemnity,243954.25,0.0,243954.25,Settled,0,
CL001537,T0148,2023-03-30,2023-04-14,Workers Compensation,10461.36096,4483.4403600000005,14944.801319999999,Reopened,0,
CL001976,T0149,2023-09-10,2023-09-13,Auto Liability,217.25,22238.06,22455.31,Open,0,
CL002817,T0136,2024-02-16,2024-06-16,General Liability,585.87,2960.67,3546.54,Open,0,
CL001496,T0612,2023-03-13,2023-04-02,Workers Compensation,91283.33,0.0,91283.33,Settled,0,
CL002901,T0264,2024-07-09,2024-07-14,Medical Malpractice,502155.13680000004,0.0,502155.13680000004,Settled,0,
CL003627,T0644,2025-02-01,2025-02-11,Workers Compensation,176686.2,0.0,176686.2,Settled,0,
CL005436,T0243,2026-04-16,2026-05-29,Aviation,4587.26,44312.82,48900.08,Open,0,
CL003860,T0644,2025-04-16,2025-04-17,Workers Compensation,10151.86,0.0,10151.86,Settled,0,
CL002511,T0440,2024-02-10,2024-03-07,Marine Hull,1682.1,0.0,1682.1,Settled,0,
CL003195,T0456,2024-07-24,2024-10-11,Natural Catastrophe,3442803.59,0.0,3442803.59,Settled,0,
CL003808,T0221,2025-03-30,2025-04-03,Workers Compensation,216429.79,0.0,216429.79,Settled,0,
CL005675,T0055,2026-06-17,2026-07-31,Medical Malpractice,24210.48,70891.72,95102.2,Open,0,
CL003079,T0440,2024-09-06,2024-09-11,Energy,4472.08,0.0,4472.08,Settled,0,
CL003128,T0305,2024-09-15,2024-09-25,General Liability,29823.19,0.0,29823.19,Settled,0,
CL000185,T0511,2021-07-18,2021-09-11,Business Interruption,25856.99,0.0,25856.99,Settled,0,
CL003190,T0076,2024-08-25,2024-10-11,Auto Liability,31732.2144,0.0,31732.2144,Settled,0,
CL004499,T0257,2025-09-27,2025-10-14,Professional Indemnity,85447.05,0.0,85447.05,Settled,0,
CL005612,T0095,2026-07-13,2026-07-15,Aviation,3370.63,20194.67,23565.3,Open,0,
CL000977,T0396,2022-08-14,2022-11-01,Energy,167824.42,0.0,167824.42,Settled,0,
CL003870,T0192,2025-04-04,2025-04-20,Cyber,68871.12,0.0,68871.12,Settled,0,
CL002705,T0205,2024-04-19,2024-05-05,Workers Compensation,6950.38,0.0,6950.38,Settled,0,
CL003797,T0595,2025-03-30,2025-03-30,Cyber,32829.7428,109034.5752,141864.31800000003,Open,0,
CL005788,T0007,2026-07-15,2026-08-31,Workers Compensation,2623.68,8130.35,10754.03,Open,0,
CL000744,T0581,2022-07-19,2022-08-05,Natural Catastrophe,15722.44,0.0,15722.44,Settled,0,
CL004691,T0599,2025-10-06,2025-11-27,Auto Liability,10.3,66.03,76.33,Open,0,
CL004727,T0485,2025-09-28,2025-12-07,Directors & Officers,491901.5628,1045315.5948000001,1537217.1576,Open,0,
CL005019,T0503,2026-02-03,2026-02-16,Energy,695.99,13949.62,14645.61,Open,0,
CL005535,T0135,2026-06-25,2026-06-26,Auto Liability,3737.286,5317.304400000001,9054.590400000001,Open,0,
CL004866,T0298,2026-01-08,2026-01-13,General Liability,214018.84800000003,0.0,214018.84800000003,Settled,0,
CL005224,T0132,2026-04-04,2026-04-07,Business Interruption,4595.41,149365.33,153960.74,Open,0,
CL004642,T0079,2025-11-04,2025-11-16,Fire & Explosion,5937.24,0.0,5937.24,Settled,0,
CL001491,T0250,2023-03-30,2023-03-31,Political Risk,17180.9748,0.0,17180.9748,Settled,0,
CL001118,T0196,2022-12-05,2022-12-16,Fire & Explosion,6148.083600000001,0.0,6148.083600000001,Settled,0,
CL005469,T0658,2026-04-21,2026-06-06,Professional Indemnity,14104.34,68278.0,82382.34,Open,0,
CL001419,T0238,2023-02-06,2023-03-08,Workers Compensation,11098.84,0.0,11098.84,Settled,0,
CL000833,T0680,2022-08-04,2022-09-08,Natural Catastrophe,93801.34,0.0,93801.34,Settled,0,
CL005258,T0133,2026-02-13,2026-04-17,Credit & Surety,10533.345,0.0,10533.345,Settled,0,
CL002068,T0351,2023-08-12,2023-10-11,Business Interruption,718716.72444,0.0,718716.72444,Settled,0,
CL002510,T0271,2024-02-04,2024-03-07,Energy,3886.8984000000005,7601.580000000001,11488.4784,Open,0,
CL005086,T0446,2025-12-30,2026-03-03,Natural Catastrophe,22197.09,0.0,22197.09,Settled,0,
CL002512,T0086,2024-02-29,2024-03-08,Directors & Officers,84167.12,36071.62,120238.73999999999,Reopened,0,
CL000265,T0340,2021-10-31,2021-11-02,Business Interruption,77184.41,0.0,77184.41,Settled,0,
CL005829,T0170,2026-08-18,2026-09-13,Aviation,111486.63,0.0,111486.63,Settled,0,
CL002572,T0547,2024-01-24,2024-03-28,General Liability,59303.815200000005,0.0,59303.815200000005,Settled,0,
CL002224,T0649,2023-12-01,2023-12-06,Business Interruption,409081.24,0.0,409081.24,Settled,0,
CL004084,T0651,2025-06-09,2025-06-16,Credit & Surety,2463.72,0.0,2463.72,Settled,0,
CL001570,T0034,2023-04-16,2023-04-25,Fire & Explosion,4589.27,0.0,4589.27,Settled,0,
CL002101,T0611,2023-10-10,2023-10-20,Aviation,14577.12,0.0,14577.12,Settled,0,
CL003433,T0484,2024-11-18,2024-12-19,Fire & Explosion,260729.2368,0.0,260729.2368,Settled,0,
CL004130,T0414,2025-06-28,2025-07-05,General Liability,56433.19,0.0,56433.19,Settled,0,
CL001258,T0148,2023-01-07,2023-01-23,Auto Liability,13537.28304,0.0,13537.28304,Settled,0,
CL002210,T0142,2023-11-02,2023-12-02,General Liability,876.3012,8940.952800000001,9817.253999999999,Open,0,
CL001067,T0113,2022-12-01,2022-12-01,Medical Malpractice,13349.29836,0.0,13349.29836,Settled,0,
CL000278,T0161,2021-11-13,2021-11-13,Cyber,21538.494000000002,28804.6908,50343.1848,Open,0,
CL003372,T0215,2024-11-25,2024-12-02,Natural Catastrophe,247259.5,0.0,247259.5,Settled,0,
CL002779,T0156,2024-05-09,2024-06-04,Natural Catastrophe,13658.01,0.0,13658.01,Settled,0,
CL000215,T0231,2021-08-11,2021-10-02,Workers Compensation,68497.66,0.0,68497.66,Settled,0,
CL003985,T0180,2025-04-09,2025-05-20,Workers Compensation,152555.3028,0.0,152555.3028,Settled,0,
CL005967,T0623,2026-08-05,2026-09-30,Credit & Surety,3956.13,22097.35,26053.48,Open,0,
CL000357,T0551,2021-12-20,2022-01-05,Fire & Explosion,19441.544400000002,0.0,19441.544400000002,Settled,0,
CL004335,T0640,2025-08-13,2025-08-30,Political Risk,790750.1340000001,0.0,790750.1340000001,Settled,0,
CL004814,T0577,2025-12-09,2025-12-28,Fire & Explosion,1666695.582,0.0,1666695.582,Settled,0,
CL000661,T0675,2022-06-28,2022-06-28,Energy,196840.87,0.0,196840.87,Settled,0,
CL001283,T0632,2022-12-19,2023-01-30,Fire & Explosion,82539.0,0.0,82539.0,Settled,0,
CL001481,T0569,2023-03-24,2023-03-29,Workers Compensation,510847.16,0.0,510847.16,Settled,0,
CL005045,T0605,2026-02-02,2026-02-20,Workers Compensation,50011.79,59649.17,109660.95999999999,Open,0,
CL002611,T0078,2024-03-31,2024-04-07,Directors & Officers,672438.57384,0.0,672438.57384,Settled,0,
CL005903,T0075,2026-09-27,2026-09-30,Fire & Explosion,5937.66,9418.39,15356.05,Open,0,
CL000667,T0232,2022-05-26,2022-07-02,Business Interruption,469.3,68090.96,68560.26000000001,Open,0,
CL003230,T0348,2024-10-17,2024-10-24,Fire & Explosion,8742.55,0.0,8742.55,Settled,0,
CL005060,T0407,2026-02-02,2026-02-25,Auto Liability,8252.6378,83332.4343,91585.07209999999,Open,0,
CL001735,T0142,2023-06-08,2023-06-19,Workers Compensation,160768.746,0.0,160768.746,Settled,0,
CL005185,T0444,2026-02-13,2026-03-29,Natural Catastrophe,87956.96,0.0,87956.96,Settled,0,
CL002636,T0505,2024-04-07,2024-04-12,Fire & Explosion,1127817.59,0.0,1127817.59,Settled,0,
CL000770,T0278,2022-08-14,2022-08-17,General Liability,142136.93,0.0,142136.93,Settled,0,
CL005254,T0447,2026-02-20,2026-04-16,Aviation,226445.6088,0.0,226445.6088,Settled,0,
CL000816,T0410,2022-06-06,2022-09-04,Credit & Surety,97661.39,0.0,97661.39,Settled,0,
CL001966,T0352,2023-09-04,2023-09-09,Cyber,8355.73,0.0,8355.73,Settled,0,
CL005058,T0220,2026-02-17,2026-02-25,Workers Compensation,178.5672,2580.3900000000003,2758.9572000000003,Open,0,
CL001304,T0554,2023-01-17,2023-02-05,Energy,619.3152000000001,0.0,619.3152000000001,Settled,0,
CL004479,T0414,2025-10-05,2025-10-10,Workers Compensation,45685.26,70046.58,115731.84,Open,0,
CL000769,T0636,2022-08-11,2022-08-16,General Liability,33401.16,0.0,33401.16,Settled,0,
CL005498,T0170,2026-05-13,2026-06-14,Energy,28085.72,0.0,28085.72,Settled,0,
CL001765,T0273,2023-05-09,2023-07-03,Professional Indemnity,21016.767600000003,0.0,21016.767600000003,Settled,0,
CL000862,T0612,2022-09-04,2022-09-19,Workers Compensation,101019.95,0.0,101019.95,Settled,0,
CL004513,T0495,2025-09-18,2025-10-16,Natural Catastrophe,74520.70584000001,0.0,74520.70584000001,Settled,0,
CL000328,T0066,2021-12-16,2021-12-18,Fire & Explosion,80838.14,0.0,80838.14,Settled,0,
CL004442,T0132,2025-08-28,2025-09-27,Business Interruption,7776.18,0.0,7776.18,Settled,0,
CL002166,T0455,2023-10-23,2023-11-12,Fire & Explosion,63887.93,0.0,63887.93,Settled,0,
CL002272,T0582,2023-11-21,2023-12-24,Fire & Explosion,5052.672,242235.4572,247288.1292,Open,0,
CL001235,T0655,2023-01-05,2023-01-14,Energy,54290.1312,0.0,54290.1312,Settled,0,
CL004712,T0087,2025-10-14,2025-12-04,Natural Catastrophe,180654.72,0.0,180654.72,Settled,0,
CL000117,T0551,2021-04-16,2021-07-08,Natural Catastrophe,122153.1624,0.0,122153.1624,Settled,0,
CL001217,T0117,2022-12-23,2023-01-11,Natural Catastrophe,454466.79,0.0,454466.79,Settled,0,
CL002056,T0609,2023-09-20,2023-10-08,Business Interruption,92164.73,0.0,92164.73,Settled,0,
CL001968,T0482,2023-08-17,2023-09-09,General Liability,180145.57,0.0,180145.57,Settled,0,
CL004328,T0018,2025-08-23,2025-08-29,Workers Compensation,36221.53,15523.52,51745.05,Reopened,0,
CL000796,T0588,2022-08-12,2022-08-26,Natural Catastrophe,98030.33640000001,0.0,98030.33640000001,Settled,0,
CL003718,T0122,2024-12-31,2025-03-09,Fire & Explosion,1330178.14,0.0,1330178.14,Settled,0,
CL003205,T0180,2024-10-14,2024-10-17,General Liability,158904.0072,0.0,158904.0072,Settled,0,
CL000896,T0171,2022-09-25,2022-10-03,Directors & Officers,766131.2,3064524.79,3830655.99,Open,1,
CL005492,T0312,2026-05-31,2026-06-11,Professional Indemnity,3069.53,5639.91,8709.44,Open,0,
CL001182,T0177,2022-11-20,2022-12-31,Medical Malpractice,1167.73,0.0,1167.73,Settled,0,
CL002010,T0466,2023-07-26,2023-09-24,Business Interruption,6631.6,0.0,6631.6,Settled,0,
CL002937,T0160,2024-07-12,2024-07-25,General Liability,782601.24,0.0,782601.24,Settled,0,
CL005500,T0447,2026-06-01,2026-06-14,Political Risk,572093.7876,850263.6096000001,1422357.3972,Open,0,
CL002968,T0486,2024-06-03,2024-08-02,Workers Compensation,316030.17,0.0,316030.17,Settled,0,
CL005384,T0681,2026-04-27,2026-05-16,Fire & Explosion,21119.22,24045.71,45164.93,Open,0,
CL000366,T0541,2021-12-25,2022-01-13,Energy,329271.92,0.0,329271.92,Settled,0,
CL000243,T0548,2021-10-05,2021-10-20,Fire & Explosion,105693.36,0.0,105693.36,Settled,0,
CL004176,T0652,2025-07-03,2025-07-17,Aviation,88478.18304,0.0,88478.18304,Settled,0,
CL000359,T0175,2022-01-04,2022-01-07,General Liability,67692.59,0.0,67692.59,Settled,0,
CL005894,T0013,2026-08-11,2026-09-30,Natural Catastrophe,7078.81,0.0,7078.81,Settled,0,
CL004791,T0212,2025-12-09,2025-12-24,Workers Compensation,59541.92280000001,0.0,59541.92280000001,Settled,0,
CL004427,T0124,2025-09-21,2025-09-23,Workers Compensation,40440.58,0.0,40440.58,Settled,0,
CL000723,T0258,2022-07-28,2022-07-30,Marine Hull,257605.99,0.0,257605.99,Settled,0,
CL004548,T0291,2025-10-11,2025-10-25,Natural Catastrophe,924272.93,0.0,924272.93,Settled,0,
CL000955,T0232,2022-10-19,2022-10-23,Natural Catastrophe,27722.2,0.0,27722.2,Settled,0,
CL003410,T0690,2024-12-09,2024-12-13,Political Risk,4000.53,0.0,4000.53,Settled,0,
CL004155,T0556,2025-05-23,2025-07-10,Natural Catastrophe,11875.77,0.0,11875.77,Settled,0,
CL005080,T0168,2025-11-30,2026-03-01,Credit & Surety,4789.82,7532.86,12322.68,Open,0,
CL003606,T0657,2024-11-09,2025-02-06,Energy,21278.68,66896.98,88175.66,Open,0,
CL005040,T0201,2026-01-05,2026-02-20,Business Interruption,10126.13,0.0,10126.13,Settled,0,
CL003869,T0022,2025-03-21,2025-04-20,Professional Indemnity,201352.38024,0.0,201352.38024,Settled,0,
CL000991,T0509,2022-10-28,2022-11-03,Professional Indemnity,216522.62,0.0,216522.62,Settled,0,
CL005124,T0064,2026-03-02,2026-03-12,Business Interruption,30698.87,163621.26,194320.13,Open,0,
CL004662,T0018,2025-11-15,2025-11-21,Auto Liability,129827.42,0.0,129827.42,Settled,0,
CL005454,T0028,2026-05-30,2026-06-02,Workers Compensation,2457.22,8872.09,11329.31,Open,0,
CL001963,T0421,2023-09-01,2023-09-08,Credit & Surety,84312.65,0.0,84312.65,Settled,0,
CL001867,T0153,2023-07-21,2023-08-02,Auto Liability,8731.89,0.0,8731.89,Settled,0,
CL005704,T0325,2026-07-28,2026-08-06,Business Interruption,8862.72,18320.65,27183.370000000003,Open,0,
CL002527,T0076,2023-12-24,2024-03-13,General Liability,10672.646400000001,0.0,10672.646400000001,Settled,0,
CL005184,T0138,2026-03-14,2026-03-29,Political Risk,337951.84,0.0,337951.84,Settled,0,
CL005942,T0470,2026-09-28,2026-09-30,Credit & Surety,16528.9032,115168.83480000001,131697.738,Open,0,
CL005537,T0178,2026-06-09,2026-06-26,Credit & Surety,23789.61,38875.33,62664.94,Open,0,
CL000241,T0332,2021-09-30,2021-10-18,Auto Liability,11771.2116,0.0,11771.2116,Settled,0,
CL002141,T0137,2023-10-16,2023-11-03,Professional Indemnity,27483.24,0.0,27483.24,Settled,0,
CL001764,T0481,2023-06-09,2023-07-02,Political Risk,73909.19,0.0,73909.19,Settled,0,
CL005922,T0306,2026-09-23,2026-09-30,Energy,2804.37,11306.87,14111.240000000002,Open,0,
CL004514,T0553,2025-10-10,2025-10-16,Directors & Officers,10616.34,4549.86,15166.2,Reopened,0,
CL000491,T0545,2022-02-18,2022-03-28,Auto Liability,386524.66680000006,0.0,386524.66680000006,Settled,0,
CL004562,T0087,2025-10-26,2025-10-28,Natural Catastrophe,9404.14,0.0,9404.14,Settled,0,
CL002435,T0186,2023-12-10,2024-02-14,Political Risk,188301.9744,0.0,188301.9744,Settled,0,
CL005552,T0213,2026-06-28,2026-06-29,Fire & Explosion,2071.07,3183.19,5254.26,Open,0,
CL002523,T0480,2024-01-24,2024-03-11,General Liability,25398.9216,0.0,25398.9216,Settled,0,
CL000430,T0576,2022-02-15,2022-02-17,Energy,4269.95,0.0,4269.95,Settled,0,
CL004438,T0485,2025-09-13,2025-09-26,Cyber,98281.67400000001,0.0,98281.67400000001,Settled,0,
CL004656,T0596,2025-11-18,2025-11-18,Professional Indemnity,6459.264000000001,55725.969600000004,62185.23360000001,Open,0,
CL000506,T0349,2022-03-31,2022-04-03,Directors & Officers,47176.61,0.0,47176.61,Settled,0,
CL000331,T0088,2021-10-19,2021-12-20,Business Interruption,36902.95,0.0,36902.95,Settled,0,
CL003316,T0262,2024-11-04,2024-11-16,Directors & Officers,167846.11560000002,0.0,167846.11560000002,Settled,0,
CL005126,T0110,2026-03-04,2026-03-13,Business Interruption,93.1,65033.02,65126.119999999995,Open,0,
CL003801,T0091,2025-02-05,2025-04-01,Workers Compensation,656367.18,0.0,656367.18,Settled,0,
CL005061,T0553,2026-02-22,2026-02-25,Credit & Surety,29844.35,0.0,29844.35,Settled,0,
CL000668,T0011,2022-06-16,2022-07-03,Auto Liability,210294.93240000002,0.0,210294.93240000002,Settled,0,
CL001711,T0489,2023-06-03,2023-06-11,Workers Compensation,14769.27,71107.9344,85877.2044,Open,0,
CL001204,T0588,2022-12-05,2023-01-07,Natural Catastrophe,15480.903600000001,0.0,15480.903600000001,Settled,0,
CL005304,T0209,2026-04-19,2026-04-26,Aviation,27481.64,65692.21,93173.85,Open,0,
CL002887,T0454,2024-05-27,2024-07-07,Political Risk,16592.75,205241.19,221833.94,Open,0,
CL004689,T0408,2025-11-18,2025-11-27,Professional Indemnity,14959.17,214799.85,229759.02000000002,Open,0,
CL000882,T0336,2022-09-17,2022-09-27,Business Interruption,86037.52,0.0,86037.52,Settled,0,
CL001284,T0247,2023-01-17,2023-01-31,Workers Compensation,29045.7128,74243.3999,103289.11270000001,Open,0,
CL005516,T0607,2026-05-16,2026-06-18,Credit & Surety,81628.31160000002,0.0,81628.31160000002,Settled,0,
CL003841,T0169,2025-03-03,2025-04-12,Natural Catastrophe,84237.4188,0.0,84237.4188,Settled,0,
CL005012,T0013,2026-02-07,2026-02-15,Natural Catastrophe,3301.03,3842.96,7143.99,Open,0,
CL005865,T0146,2026-09-01,2026-09-24,Fire & Explosion,1070.4744,20018.664,21089.1384,Open,0,
CL004282,T0289,2025-08-11,2025-08-16,Marine Hull,209532.78,0.0,209532.78,Settled,0,
CL001846,T0274,2023-07-24,2023-07-25,Aviation,66640.8492,0.0,66640.8492,Settled,0,
CL001608,T0609,2023-05-01,2023-05-07,Natural Catastrophe,13185.72,0.0,13185.72,Settled,0,
CL005392,T0007,2026-05-16,2026-05-18,Workers Compensation,13207.9,24265.37,37473.27,Open,0,
CL003365,T0350,2024-11-02,2024-11-30,Workers Compensation,97523.26632000001,0.0,97523.26632000001,Settled,0,
CL004882,T0158,2026-01-04,2026-01-17,General Liability,5418.64,22248.55,27667.19,Open,0,
CL003825,T0487,2025-03-06,2025-04-07,Natural Catastrophe,162636.73,0.0,162636.73,Settled,0,
CL002045,T0252,2023-09-05,2023-10-04,Political Risk,151285.77,0.0,151285.77,Settled,0,
CL004768,T0700,2025-10-21,2025-12-17,Natural Catastrophe,554.0292000000001,8056.314,8610.343200000001,Open,0,
CL001323,T0566,2022-12-24,2023-02-10,Natural Catastrophe,416702.55600000004,0.0,416702.55600000004,Settled,0,
CL002732,T0253,2024-03-14,2024-05-17,Professional Indemnity,28107.07,0.0,28107.07,Settled,0,
CL005248,T0549,2026-04-03,2026-04-15,Workers Compensation,8723.78,140209.14,148932.92,Open,0,
CL000923,T0698,2022-09-26,2022-10-11,Medical Malpractice,7419.03,17239.58,24658.61,Open,0,
CL001003,T0177,2022-10-26,2022-11-08,Professional Indemnity,64589.17,0.0,64589.17,Settled,0,
CL002487,T0587,2024-02-15,2024-02-29,Credit & Surety,177433.6644,0.0,177433.6644,Settled,0,
CL002182,T0093,2023-11-20,2023-11-21,Cyber,229199.21,0.0,229199.21,Settled,0,
CL002002,T0404,2023-09-15,2023-09-22,Natural Catastrophe,58685.29,0.0,58685.29,Settled,0,
CL004539,T0270,2025-09-10,2025-10-23,General Liability,7822.361800000001,14348.091699999999,22170.4535,Open,0,
CL000951,T0260,2022-10-14,2022-10-21,Auto Liability,73208.33,74620.03,147828.36,Open,0,
CL000225,T0073,2021-10-07,2021-10-11,Workers Compensation,556328.7792,0.0,556328.7792,Settled,0,
CL000790,T0411,2022-08-08,2022-08-24,Natural Catastrophe,162128.05560000002,0.0,162128.05560000002,Settled,0,
CL005105,T0684,2026-01-04,2026-03-06,Auto Liability,40354.28,77447.15,117801.43,Open,0,
CL004494,T0549,2025-09-08,2025-10-13,Auto Liability,26132.36,0.0,26132.36,Settled,0,
CL005568,T0341,2026-05-14,2026-07-02,Political Risk,5792.31,0.0,5792.31,Settled,0,
CL004474,T0338,2025-09-13,2025-10-08,Natural Catastrophe,111738.44,0.0,111738.44,Settled,0,
CL005393,T0008,2026-05-07,2026-05-18,Natural Catastrophe,8655.3,0.0,8655.3,Settled,0,
CL005925,T0313,2026-09-14,2026-09-30,Auto Liability,33467.28,195245.8,228713.08,Open,0,
CL004392,T0180,2025-08-27,2025-09-14,Auto Liability,246138.38280000002,0.0,246138.38280000002,Settled,0,
CL005723,T0449,2026-06-03,2026-08-10,Credit & Surety,19728.8778,296282.78124,316011.65904,Open,0,
CL002896,T0335,2024-05-26,2024-07-13,Aviation,26604.85,0.0,26604.85,Settled,0,
CL001699,T0412,2023-06-05,2023-06-08,General Liability,87818.8284,0.0,87818.8284,Settled,0,
CL003654,T0644,2025-02-14,2025-02-19,Auto Liability,59796.75,0.0,59796.75,Settled,0,
CL000529,T0047,2022-03-12,2022-04-15,Energy,11598.23,0.0,11598.23,Settled,0,
CL001411,T0223,2023-02-21,2023-03-06,Fire & Explosion,159464.98,0.0,159464.98,Settled,0,
CL000120,T0104,2021-06-15,2021-07-10,Medical Malpractice,9493.71,0.0,9493.71,Settled,0,
CL005314,T0409,2026-04-27,2026-04-27,General Liability,6334.6104000000005,132152.85,138487.4604,Open,0,
CL003448,T0302,2024-11-27,2024-12-24,Directors & Officers,10668.078000000001,0.0,10668.078000000001,Settled,0,
CL000701,T0390,2022-07-21,2022-07-25,General Liability,301117.72944,0.0,301117.72944,Settled,0,
CL004246,T0179,2025-08-05,2025-08-06,Workers Compensation,3973.81,184387.23,188361.04,Open,0,
CL000851,T0363,2022-08-28,2022-09-14,Business Interruption,53431.4556,0.0,53431.4556,Settled,0,
CL000622,T0621,2022-03-21,2022-06-06,Fire & Explosion,39764.260800000004,587041.1928000001,626805.4536000001,Open,0,
CL000045,T0314,2021-03-24,2021-05-01,Auto Liability,69500.66,0.0,69500.66,Settled,0,
CL002091,T0167,2023-10-06,2023-10-17,Professional Indemnity,128610.99,0.0,128610.99,Settled,0,
CL001309,T0604,2023-01-03,2023-02-06,Marine Hull,30673.566000000003,0.0,30673.566000000003,Settled,0,
CL001370,T0619,2023-01-18,2023-02-23,Business Interruption,86108.33,0.0,86108.33,Settled,0,
CL004414,T0012,2025-08-11,2025-09-20,Auto Liability,12874.45,0.0,12874.45,Settled,0,
CL004893,T0374,2025-12-21,2026-01-18,Natural Catastrophe,763.3116,5143.953600000001,5907.265200000001,Open,0,
CL000636,T0061,2022-05-28,2022-06-15,General Liability,60032.07,0.0,60032.07,Settled,0,
CL001162,T0039,2022-12-10,2022-12-27,Aviation,28061.72,0.0,28061.72,Settled,0,
CL004078,T0143,2025-05-22,2025-06-16,Business Interruption,4286.19,30768.31,35054.5,Open,0,
CL003400,T0440,2024-12-01,2024-12-11,Aviation,123552.25,0.0,123552.25,Settled,0,
CL002777,T0010,2024-05-12,2024-06-04,Natural Catastrophe,4989.66,0.0,4989.66,Settled,0,
CL005456,T0310,2026-05-25,2026-06-02,Business Interruption,78621.85,0.0,78621.85,Settled,0,
CL004174,T0124,2025-07-17,2025-07-17,General Liability,401.8,19640.39,20042.19,Open,0,
CL002540,T0010,2024-02-14,2024-03-18,Fire & Explosion,3013.55,12180.6,15194.150000000001,Open,0,
CL005446,T0529,2026-05-15,2026-05-31,Marine Hull,91095.09,239730.78,330825.87,Open,0,
CL000630,T0590,2022-05-05,2022-06-12,Directors & Officers,2879.06,0.0,2879.06,Settled,0,
CL001640,T0561,2023-05-16,2023-05-18,Natural Catastrophe,48034.24,0.0,48034.24,Settled,0,
CL003350,T0638,2024-11-23,2024-11-26,Auto Liability,17100.19,0.0,17100.19,Settled,0,
CL002727,T0516,2024-05-09,2024-05-15,Medical Malpractice,65788.45,0.0,65788.45,Settled,0,
CL005620,T0346,2026-07-13,2026-07-16,General Liability,23701.3452,29622.488400000002,53323.8336,Open,0,
CL003199,T0666,2024-08-03,2024-10-14,Political Risk,19304.2032,0.0,19304.2032,Settled,0,
CL004049,T0179,2025-05-24,2025-06-09,General Liability,4911.03,24295.87,29206.899999999998,Open,0,
CL002553,T0570,2024-02-04,2024-03-21,Cyber,25693.25232,0.0,25693.25232,Settled,0,
CL003545,T0141,2025-01-02,2025-01-20,General Liability,1166690.16,0.0,1166690.16,Settled,0,
CL002115,T0351,2023-10-22,2023-10-25,Natural Catastrophe,30265.231200000002,0.0,30265.231200000002,Settled,0,
CL005971,T0628,2026-09-24,2026-09-30,General Liability,774649.7640000001,0.0,774649.7640000001,Settled,0,
CL005590,T0660,2026-06-18,2026-07-07,Fire & Explosion,1801.03,140204.48,142005.51,Open,0,
CL002479,T0432,2024-02-16,2024-02-26,Aviation,29849.191440000002,0.0,29849.191440000002,Settled,0,
CL001021,T0396,2022-10-13,2022-11-15,Aviation,119390.65,0.0,119390.65,Settled,0,
CL001218,T0193,2023-01-10,2023-01-11,Natural Catastrophe,108712.38,0.0,108712.38,Settled,0,
CL004258,T0565,2025-06-19,2025-08-08,Workers Compensation,54660.87,0.0,54660.87,Settled,0,
CL001942,T0077,2023-07-22,2023-09-01,Auto Liability,35130.06,0.0,35130.06,Settled,0,
CL005643,T0494,2026-06-12,2026-07-22,Energy,22622.6878,35643.9343,58266.62209999999,Open,0,
CL002872,T0190,2024-05-02,2024-07-04,Auto Liability,26875.79,0.0,26875.79,Settled,0,
CL001652,T0647,2023-05-14,2023-05-21,Medical Malpractice,114511.41,0.0,114511.41,Settled,0,
CL000711,T0416,2022-07-19,2022-07-27,Credit & Surety,14368.89,14920.81,29289.699999999997,Open,0,
CL005272,T0700,2026-03-30,2026-04-20,Fire & Explosion,17106.3684,21024.6084,38130.976800000004,Open,0,
CL004426,T0589,2025-08-31,2025-09-22,Business Interruption,74163.1572,0.0,74163.1572,Settled,0,
CL004221,T0180,2025-07-13,2025-07-30,Auto Liability,36819.1116,0.0,36819.1116,Unmapped,0,unmapped_status
CL003302,T0639,2024-09-28,2024-11-12,Marine Hull,41027.54,41732.85,82760.39,Open,0,
CL000725,T0061,2022-07-09,2022-07-31,General Liability,124793.85,0.0,124793.85,Settled,0,
CL001159,T0357,2022-12-24,2022-12-26,Marine Hull,161729.51724,0.0,161729.51724,Settled,0,
CL001744,T0123,2023-06-06,2023-06-23,Business Interruption,48641.91,0.0,48641.91,Settled,0,
CL001273,T0619,2022-10-28,2023-01-27,Natural Catastrophe,401263.69,0.0,401263.69,Settled,0,
CL004151,T0291,2025-06-22,2025-07-10,Fire & Explosion,463454.18,0.0,463454.18,Settled,0,
CL005926,T0325,2026-09-01,2026-09-30,Natural Catastrophe,1233.77,7126.44,8360.21,Open,0,
CL003275,T0513,2024-10-31,2024-11-03,Credit & Surety,216784.31,0.0,216784.31,Settled,0,
CL003455,T0329,2024-11-06,2024-12-25,Natural Catastrophe,15420.61,0.0,15420.61,Settled,0,
CL002823,T0025,2024-04-15,2024-06-18,Credit & Surety,5488.86,0.0,5488.86,Settled,0,
CL000627,T0340,2022-06-06,2022-06-10,Fire & Explosion,27180.91,0.0,27180.91,Settled,0,
CL005730,T0555,2026-08-11,2026-08-13,Professional Indemnity,2910.05,5859.27,8769.32,Open,0,
CL003473,T0261,2024-12-27,2024-12-29,Workers Compensation,227809.30320000002,0.0,227809.30320000002,Settled,0,
CL005753,T0606,2026-08-10,2026-08-20,Business Interruption,52772.754499999995,102815.9234,155588.67789999998,Open,0,
CL002870,T0299,2024-06-19,2024-07-03,Aviation,53772.42828000001,0.0,53772.42828000001,Settled,0,
CL000306,T0674,2021-11-28,2021-12-07,Auto Liability,13568.4504,0.0,13568.4504,Settled,0,
CL004482,T0459,2025-09-25,2025-10-11,Aviation,53118.56,0.0,53118.56,Settled,0,
CL004856,T0470,2026-01-09,2026-01-10,Directors & Officers,1083092.5044000002,0.0,1083092.5044000002,Settled,0,
CL005153,T0684,2026-03-19,2026-03-20,General Liability,23267.69,0.0,23267.69,Settled,0,
CL001388,T0219,2023-02-18,2023-03-01,Fire & Explosion,21029.43,0.0,21029.43,Settled,0,
CL002501,T0324,2024-02-13,2024-03-05,Cyber,314646.06,0.0,314646.06,Settled,0,
CL001485,T0112,2023-03-20,2023-03-30,Business Interruption,1456.97,32452.87,33909.84,Open,0,
CL004614,T0414,2025-09-02,2025-11-08,Auto Liability,25559.9,10954.24,36514.14,Reopened,0,
CL003210,T0657,2024-10-02,2024-10-18,Energy,84007.49,0.0,84007.49,Settled,0,
CL004255,T0329,2025-07-25,2025-08-08,Business Interruption,2777.59,3177.24,5954.83,Open,0,
CL004559,T0428,2025-10-25,2025-10-27,Auto Liability,77970.32,33415.85,111386.17000000001,Reopened,0,
CL005377,T0358,2026-04-26,2026-05-15,Credit & Surety,91381.92,141599.43,232981.34999999998,Open,0,
CL001853,T0367,2023-07-18,2023-07-27,General Liability,580828.84,0.0,580828.84,Settled,0,
CL003348,T0348,2024-11-23,2024-11-26,Fire & Explosion,19188.48,0.0,19188.48,Settled,0,
CL001768,T0096,2023-05-22,2023-07-04,Professional Indemnity,72235.4976,0.0,72235.4976,Settled,0,
CL005524,T0429,2026-06-21,2026-06-22,Credit & Surety,3060.64,15662.4,18723.04,Open,0,
CL002597,T0253,2024-03-28,2024-04-03,Medical Malpractice,58922.78,0.0,58922.78,Settled,0,
CL002564,T0608,2024-03-24,2024-03-24,Directors & Officers,6422.95,0.0,6422.95,Settled,0,
CL000099,T0693,2021-06-06,2021-06-22,Marine Hull,7253.22,0.0,7253.22,Settled,0,
CL003141,T0253,2024-09-10,2024-09-29,Professional Indemnity,49729.72,0.0,49729.72,Settled,0,
CL000922,T0371,2022-09-29,2022-10-11,Auto Liability,6481.25,0.0,6481.25,Settled,0,
CL004461,T0695,2025-09-06,2025-10-03,Fire & Explosion,46039.546800000004,140067.6408,186107.1876,Open,0,
CL003154,T0663,2024-08-28,2024-10-01,Auto Liability,119445.87240000001,0.0,119445.87240000001,Settled,0,
CL001794,T0322,2023-07-09,2023-07-09,Professional Indemnity,1587.93,0.0,1587.93,Settled,0,
CL001890,T0648,2023-07-28,2023-08-11,Fire & Explosion,44167.31280000001,65525.490000000005,109692.8028,Open,0,
CL004205,T0496,2025-07-03,2025-07-24,Aviation,12330.68,21758.52,34089.2,Open,0,
CL003071,T0081,2024-08-13,2024-09-08,Medical Malpractice,24329.030400000003,0.0,24329.030400000003,Settled,0,
CL001243,T0047,2023-01-16,2023-01-18,Marine Hull,10369.73,0.0,10369.73,Settled,0,
CL000538,T0504,2022-02-28,2022-04-18,General Liability,100097.87,0.0,100097.87,Settled,0,
CL003360,T0673,2024-11-27,2024-11-29,Auto Liability,211570.26120000004,0.0,211570.26120000004,Settled,0,
CL004663,T0224,2025-10-05,2025-11-21,Credit & Surety,21359.41,233121.56,254480.97,Open,0,
CL002069,T0364,2023-08-15,2023-10-11,Political Risk,358643.3328,0.0,358643.3328,Settled,0,
CL000144,T0431,2021-07-16,2021-07-29,Professional Indemnity,464478.44,0.0,464478.44,Settled,0,
CL000372,T0511,2021-12-10,2022-01-16,Natural Catastrophe,853691.1,0.0,853691.1,Settled,0,
CL003709,T0054,2025-01-21,2025-03-04,Auto Liability,141809.77800000002,0.0,141809.77800000002,Settled,0,
CL001385,T0034,2022-12-09,2023-03-01,Fire & Explosion,17903.41,0.0,17903.41,Settled,0,
CL002351,T0412,2024-01-15,2024-01-18,Workers Compensation,164867.8428,0.0,164867.8428,Settled,0,
CL000819,T0653,2022-09-05,2022-09-05,Natural Catastrophe,125954.91,0.0,125954.91,Settled,0,
CL005484,T0201,2026-05-15,2026-06-09,Fire & Explosion,24033.17,0.0,24033.17,Settled,0,
CL002041,T0624,2023-09-20,2023-10-03,Fire & Explosion,6795.09,0.0,6795.09,Settled,0,
CL005320,T0064,2026-04-29,2026-04-29,Natural Catastrophe,2886.49,10970.34,13856.83,Open,0,
CL005505,T0301,2026-02-03,2026-06-15,Workers Compensation,501.06,32878.46,33379.52,Open,0,
CL004716,T0298,2025-12-01,2025-12-04,Workers Compensation,4817.9988,0.0,4817.9988,Settled,0,
CL003726,T0560,2025-02-19,2025-03-10,Fire & Explosion,285070.82436,0.0,285070.82436,Settled,0,
CL005044,T0575,2026-02-06,2026-02-20,Fire & Explosion,46350.14,0.0,46350.14,Settled,0,
CL005751,T0444,2026-08-04,2026-08-20,Natural Catastrophe,38479.8,76462.4,114942.2,Open,0,
CL004359,T0069,2025-09-01,2025-09-06,Cyber,2762.33,6322.41,9084.74,Open,0,
CL000943,T0342,2022-08-01,2022-10-18,Cyber,165944.5596,0.0,165944.5596,Settled,0,
CL005830,T0379,2026-07-25,2026-09-13,Credit & Surety,25070.29,61705.28,86775.57,Open,0,
CL003223,T0164,2024-10-22,2024-10-22,Medical Malpractice,83392.23240000001,0.0,83392.23240000001,Settled,0,
CL005688,T0628,2026-07-30,2026-08-03,Workers Compensation,2385.0828,6049.274400000001,8434.3572,Open,0,
CL005121,T0103,2026-02-08,2026-03-11,Business Interruption,4258.8936,147390.9804,151649.87400000004,Open,0,
CL005671,T0579,2026-07-29,2026-07-29,Directors & Officers,3784.0,25207.73,28991.73,Open,0,
CL004965,T0212,2026-01-13,2026-02-03,Auto Liability,27635.526,85370.47920000002,113006.00520000001,Open,0,
CL002840,T0136,2024-06-24,2024-06-25,General Liability,7822.6,0.0,7822.6,Settled,0,
CL001346,T0034,2023-01-26,2023-02-16,Business Interruption,5921.41,0.0,5921.41,Settled,0,
CL005972,T0660,2026-07-26,2026-09-30,Business Interruption,24402.98,276300.74,300703.72,Open,0,
CL002360,T0086,2024-01-11,2024-01-22,Directors & Officers,33262.72,43822.11,77084.83,Open,0,
CL001755,T0113,2023-06-26,2023-06-28,Medical Malpractice,18945.104760000002,0.0,18945.104760000002,Settled,0,
CL002394,T0252,2023-12-03,2024-01-30,Marine Hull,240157.53,0.0,240157.53,Settled,0,
CL003552,T0603,2025-01-13,2025-01-22,Workers Compensation,98395.13748,0.0,98395.13748,Settled,0,
CL001707,T0149,2023-05-23,2023-06-11,Auto Liability,19195.14,0.0,19195.14,Settled,0,
CL002652,T0086,2024-04-13,2024-04-18,Directors & Officers,128526.44,0.0,128526.44,Settled,0,
CL005465,T0062,2026-05-26,2026-06-05,General Liability,16774.22,98648.94,115423.16,Open,0,
CL003023,T0010,2024-07-21,2024-08-25,Natural Catastrophe,7722.98,0.0,7722.98,Settled,0,
CL004903,T0406,2026-01-20,2026-01-20,Political Risk,523.4686,11539.067599999998,12062.536199999999,Open,0,
CL004170,T0189,2025-07-13,2025-07-15,Natural Catastrophe,84237.89,0.0,84237.89,Settled,0,
CL000541,T0265,2022-03-07,2022-04-19,Natural Catastrophe,86934.02,0.0,86934.02,Settled,0,
CL003958,T0500,2025-04-07,2025-05-11,Cyber,47247.42,0.0,47247.42,Settled,0,
CL004295,T0163,2025-04-15,2025-08-20,Business Interruption,25888.63,0.0,25888.63,Settled,0,
CL004166,T0690,2025-06-02,2025-07-13,Marine Hull,78.72,39554.28,39633.0,Open,0,
CL005282,T0428,2026-04-15,2026-04-21,Workers Compensation,41458.17,71865.89,113324.06,Open,0,
CL004038,T0261,2025-05-22,2025-06-06,Workers Compensation,992640.42,0.0,992640.42,Settled,0,
CL005158,T0374,2025-12-24,2026-03-22,Business Interruption,8706.0852,0.0,8706.0852,Settled,0,
CL005312,T0344,2026-03-10,2026-04-27,Natural Catastrophe,7621.66,20609.02,28230.68,Open,0,
CL000497,T0316,2022-02-28,2022-03-30,Natural Catastrophe,51941.23,0.0,51941.23,Settled,0,
CL000145,T0230,2021-07-24,2021-07-31,Energy,187204.27,0.0,187204.27,Settled,0,
CL001355,T0144,2023-02-12,2023-02-19,General Liability,24989.74,25464.37,50454.11,Open,0,
CL001201,T0292,2023-01-03,2023-01-06,Medical Malpractice,8044.920000000001,0.0,8044.920000000001,Settled,0,
CL005632,T0579,2026-07-14,2026-07-18,Credit & Surety,9557.49,23898.73,33456.22,Open,0,
CL004365,T0029,2025-07-19,2025-09-08,Political Risk,329767.88,0.0,329767.88,Settled,0,
CL004823,T0495,2025-12-29,2025-12-30,Fire & Explosion,64481.94156,0.0,64481.94156,Settled,0,
CL004891,T0057,2026-01-18,2026-01-18,Fire & Explosion,10174.2156,0.0,10174.2156,Settled,0,
CL001327,T0315,2023-02-08,2023-02-11,Workers Compensation,2787.77,0.0,2787.77,Settled,0,
CL000116,T0506,2021-07-01,2021-07-08,Professional Indemnity,21848.4324,0.0,21848.4324,Settled,0,
CL004099,T0311,2025-05-07,2025-06-22,Natural Catastrophe,198620.42460000003,0.0,198620.42460000003,Settled,0,
CL001456,T0416,2023-02-15,2023-03-21,Directors & Officers,29834.11,0.0,29834.11,Settled,0,
CL002683,T0571,2024-04-18,2024-04-29,Natural Catastrophe,2532.82,0.0,2532.82,Settled,0,
CL001912,T0489,2023-07-11,2023-08-19,Auto Liability,369611.93160000007,0.0,369611.93160000007,Settled,0,
CL002922,T0426,2024-07-09,2024-07-20,Business Interruption,175134.05,0.0,175134.05,Settled,0,
CL005797,T0131,2026-08-24,2026-09-03,Directors & Officers,14175.162,22364.586000000003,36539.748,Open,0,
CL002095,T0678,2023-09-20,2023-10-18,Marine Hull,96790.34304,0.0,96790.34304,Settled,0,
CL002107,T0240,2023-10-17,2023-10-24,Fire & Explosion,21038.2812,9016.401600000001,30054.682800000002,Reopened,0,
CL002486,T0520,2024-02-23,2024-02-29,Energy,70510.3488,0.0,70510.3488,Settled,0,
CL002606,T0393,2024-03-14,2024-04-05,Natural Catastrophe,46827.45,0.0,46827.45,Settled,0,
CL001357,T0672,2023-01-20,2023-02-19,Natural Catastrophe,66884.74,0.0,66884.74,Settled,0,
CL001039,T0326,2022-10-31,2022-11-21,Marine Hull,249874.48,0.0,249874.48,Settled,0,
CL000975,T0390,2022-09-27,2022-10-31,Auto Liability,41616.29076,0.0,41616.29076,Settled,0,
CL003106,T0350,2024-08-12,2024-09-19,Workers Compensation,13513.58916,0.0,13513.58916,Settled,0,
CL002743,T0105,2024-05-21,2024-05-21,General Liability,166332.93,0.0,166332.93,Settled,0,
CL003501,T0321,2024-12-06,2025-01-07,Workers Compensation,172373.49,0.0,172373.49,Settled,0,
CL004348,T0553,2025-08-24,2025-09-03,Directors & Officers,838.77,12955.3,13794.07,Open,0,
CL004647,T0529,2025-11-13,2025-11-16,Energy,846820.11,922033.13,1768853.24,Open,0,
CL002731,T0167,2024-05-15,2024-05-17,Medical Malpractice,23068.4,0.0,23068.4,Settled,0,
CL000428,T0418,2022-01-30,2022-02-16,Workers Compensation,32965.2,0.0,32965.2,Settled,0,
CL000524,T0232,2022-04-11,2022-04-12,Fire & Explosion,15332.84,0.0,15332.84,Settled,0,
CL001459,T0591,2023-03-03,2023-03-21,Energy,39393.53,0.0,39393.53,Settled,0,
CL005764,T0344,2026-08-16,2026-08-24,Business Interruption,19398.99,38904.43,58303.42,Open,0,
CL000509,T0287,2022-03-26,2022-04-04,Political Risk,230486.51520000002,0.0,230486.51520000002,Settled,0,
CL001784,T0093,2023-05-08,2023-07-08,Credit & Surety,5699.63,2442.7,8142.33,Reopened,0,
CL002507,T0050,2024-02-21,2024-03-07,Auto Liability,21165.289200000003,0.0,21165.289200000003,Settled,0,
CL005038,T0079,2026-02-20,2026-02-20,Fire & Explosion,24179.63,54959.62,79139.25,Open,0,
CL001573,T0672,2023-04-12,2023-04-25,Natural Catastrophe,79233.78,0.0,79233.78,Settled,0,
CL005295,T0495,2026-04-09,2026-04-24,Natural Catastrophe,19651.408320000002,27774.456599999998,47425.86492,Open,0,
CL003035,T0673,2024-07-15,2024-08-29,Auto Liability,91357.45920000001,0.0,91357.45920000001,Settled,0,
CL001221,T0655,2022-12-13,2023-01-11,Political Risk,28027.3608,0.0,28027.3608,Settled,0,
CL003486,T0475,2024-11-08,2025-01-03,General Liability,8760.16,160260.82,169020.98,Open,0,
CL003399,T0359,2024-11-07,2024-12-11,Auto Liability,5970.85,0.0,5970.85,Settled,0,
CL002313,T0525,2023-12-16,2024-01-07,Medical Malpractice,5777.55,6608.52,12386.07,Open,0,
CL005048,T0479,2026-02-06,2026-02-21,Auto Liability,23824.9841,60839.32460000001,84664.3087,Open,0,
CL003663,T0215,2024-12-28,2025-02-21,Fire & Explosion,169335.5,0.0,169335.5,Settled,0,
CL003427,T0071,2024-11-12,2024-12-18,Aviation,462181.09680000006,0.0,462181.09680000006,Settled,0,
CL003111,T0271,2024-09-07,2024-09-21,Political Risk,2774.6388,9233.7192,12008.358000000002,Open,0,
CL001542,T0093,2023-04-07,2023-04-15,Cyber,33662.8,0.0,33662.8,Settled,0,
CL000875,T0654,2022-09-19,2022-09-24,Business Interruption,54796.82,0.0,54796.82,Settled,0,
CL003947,T0204,2025-04-20,2025-05-07,Business Interruption,41340.79,279143.13,320483.92,Open,0,
CL004436,T0032,2025-08-04,2025-09-26,Fire & Explosion,2091.55,123239.99,125331.54000000001,Open,0,
CL001155,T0566,2022-12-06,2022-12-25,Natural Catastrophe,117357.876,0.0,117357.876,Settled,0,
CL000590,T0210,2022-04-21,2022-05-22,Fire & Explosion,8745.07,72597.57,81342.64000000001,Open,0,
CL002154,T0384,2023-10-31,2023-11-07,Marine Hull,48694.6944,0.0,48694.6944,Settled,0,
CL001877,T0659,2023-07-30,2023-08-05,Natural Catastrophe,75385.7496,0.0,75385.7496,Settled,0,
CL004186,T0298,2025-07-10,2025-07-20,Workers Compensation,9978.973200000002,19108.602000000003,29087.575200000003,Open,0,
CL000354,T0541,2021-12-31,2022-01-04,Marine Hull,84668.4,0.0,84668.4,Settled,0,
CL004358,T0529,2025-07-29,2025-09-05,Political Risk,101381.18,125733.41,227114.59,Open,0,
CL005532,T0301,2026-05-20,2026-06-25,General Liability,178.76,1820.44,1999.2,Open,0,
CL001367,T0434,2023-02-11,2023-02-22,Natural Catastrophe,82630.72439999999,0.0,82630.72439999999,Settled,0,
CL002826,T0516,2024-06-09,2024-06-19,Medical Malpractice,405316.44,0.0,405316.44,Settled,0,
CL000292,T0418,2021-11-10,2021-11-22,Auto Liability,24422.82,0.0,24422.82,Settled,0,
CL004636,T0280,2025-11-01,2025-11-15,Fire & Explosion,560.18,3713.86,4274.04,Open,0,
CL001299,T0363,2022-12-21,2023-02-03,Natural Catastrophe,586539.7596,0.0,586539.7596,Settled,0,
CL001783,T0034,2023-06-21,2023-07-08,Business Interruption,716.58,769.62,1486.2,Open,0,
CL000393,T0551,2022-01-23,2022-01-31,Natural Catastrophe,76937.06160000002,0.0,76937.06160000002,Settled,0,
CL003059,T0353,2024-07-25,2024-09-04,Fire & Explosion,606869.7,0.0,606869.7,Settled,0,
CL001979,T0308,2023-09-01,2023-09-14,Directors & Officers,199398.24,0.0,199398.24,Settled,0,
CL000253,T0230,2021-10-15,2021-10-28,Political Risk,210805.74,0.0,210805.74,Settled,0,
CL003445,T0657,2024-12-21,2024-12-23,Political Risk,220259.69,0.0,220259.69,Settled,0,
CL004375,T0056,2025-08-04,2025-09-12,General Liability,17082.14,21471.02,38553.16,Open,0,
CL004218,T0385,2025-05-09,2025-07-29,Directors & Officers,237453.76,0.0,237453.76,Settled,0,
CL003694,T0359,2025-01-30,2025-02-28,General Liability,84401.99,295745.84,380147.83,Open,0,
CL002274,T0304,2023-12-14,2023-12-25,Business Interruption,146346.54,0.0,146346.54,Settled,0,
CL002641,T0065,2024-03-22,2024-04-14,Workers Compensation,9316.626600000001,44898.84828,54215.47488,Open,0,
CL003270,T0644,2024-10-25,2024-10-31,Auto Liability,22189.65,9509.85,31699.5,Reopened,0,
CL003257,T0402,2024-10-23,2024-10-28,Cyber,12954.577320000002,0.0,12954.577320000002,Settled,0,
CL002562,T0105,2024-03-20,2024-03-24,Workers Compensation,166156.08,0.0,166156.08,Settled,0,
CL001436,T0687,2023-03-05,2023-03-14,Auto Liability,49368.88,0.0,49368.88,Settled,0,
CL002997,T0402,2024-07-28,2024-08-14,Credit & Surety,24843.44196,0.0,24843.44196,Settled,0,
CL003749,T0508,2025-02-25,2025-03-16,Political Risk,48532.64,0.0,48532.64,Settled,0,
CL001211,T0193,2023-01-10,2023-01-10,Natural Catastrophe,332235.53,0.0,332235.53,Settled,0,
CL000870,T0612,2022-09-10,2022-09-22,Auto Liability,103557.29,0.0,103557.29,Settled,0,
CL004428,T0249,2025-09-10,2025-09-23,Marine Hull,46223.96,0.0,46223.96,Settled,0,
CL005817,T0320,2026-07-26,2026-09-11,Medical Malpractice,7018.38,54117.87,61136.25,Open,0,
CL003775,T0037,2025-03-14,2025-03-25,Credit & Surety,7509.726000000001,0.0,7509.726000000001,Settled,0,
CL004400,T0288,2025-09-10,2025-09-15,Auto Liability,38406.63,0.0,38406.63,Settled,0,
CL005374,T0344,2026-04-20,2026-05-14,Fire & Explosion,3905.68,14248.55,18154.23,Open,0,
CL004521,T0670,2025-09-09,2025-10-19,Energy,55104.21,0.0,55104.21,Settled,0,
CL002594,T0236,2024-01-28,2024-04-02,General Liability,779.07,1543.13,2322.2000000000003,Open,0,
CL001279,T0507,2022-11-10,2023-01-28,Directors & Officers,87679.51,0.0,87679.51,Settled,0,
CL002458,T0273,2024-02-08,2024-02-22,Medical Malpractice,1133.4492,7249.7592,8383.2084,Open,0,
CL000709,T0687,2022-06-23,2022-07-26,Auto Liability,106843.7,0.0,106843.7,Settled,0,
CL005362,T0213,2026-05-05,2026-05-10,Fire & Explosion,8111.67,11511.31,19622.98,Open,0,
CL004326,T0355,2025-08-18,2025-08-28,Auto Liability,528331.44,0.0,528331.44,Settled,0,
CL004354,T0188,2025-08-31,2025-09-05,General Liability,1052.94,2520.5,3573.44,Open,0,
CL003530,T0321,2025-01-09,2025-01-15,General Liability,96561.49,0.0,96561.49,Settled,0,
CL000745,T0047,2022-06-06,2022-08-06,Aviation,24435.56,0.0,24435.56,Settled,0,
CL000455,T0161,2022-03-02,2022-03-09,Directors & Officers,6860.592,0.0,6860.592,Settled,0,
CL003888,T0080,2025-04-22,2025-04-24,Fire & Explosion,81138.402,84474.8244,165613.22639999999,Open,0,
CL001602,T0425,2023-01-14,2023-05-06,General Liability,98489.94,695887.36,794377.3,Open,0,
CL005555,T0138,2026-05-03,2026-06-30,Marine Hull,193.23,105666.56,105859.79,Open,0,
CL002397,T0119,2023-12-03,2024-01-31,Auto Liability,3616.65,0.0,3616.65,Settled,0,
CL000035,T0161,2021-04-07,2021-04-20,Cyber,13329.694800000001,23738.0868,37067.7816,Open,0,
CL004051,T0221,2025-05-07,2025-06-09,Workers Compensation,87665.43,37570.9,125236.32999999999,Reopened,0,
CL005943,T0490,2026-09-01,2026-09-30,Marine Hull,1312.6428,24135.786000000004,25448.4288,Open,0,
CL003632,T0462,2025-01-16,2025-02-12,Fire & Explosion,58945.5133,0.0,58945.5133,Settled,0,
CL000518,T0177,2022-03-20,2022-04-09,Professional Indemnity,12998.87,0.0,12998.87,Settled,0,
CL001802,T0219,2023-05-14,2023-07-11,Business Interruption,1582.86,0.0,1582.86,Settled,0,
CL002364,T0119,2024-01-07,2024-01-23,General Liability,37332.41,0.0,37332.41,Settled,0,
CL000028,T0159,2021-03-25,2021-04-08,Fire & Explosion,30426.5052,0.0,30426.5052,Settled,0,
CL001862,T0096,2023-04-09,2023-08-01,Medical Malpractice,997.4448,9707.428800000002,10704.8736,Open,0,
CL003940,T0657,2025-04-20,2025-05-05,Political Risk,110818.92,0.0,110818.92,Settled,0,
CL000316,T0104,2021-12-02,2021-12-12,Professional Indemnity,36492.76,0.0,36492.76,Settled,0,
CL004701,T0208,2025-10-03,2025-12-01,Fire & Explosion,23566.69,198310.65,221877.34,Open,0,
CL004852,T0013,2026-01-09,2026-01-10,Natural Catastrophe,25346.37,0.0,25346.37,Settled,0,
CL002457,T0290,2024-01-30,2024-02-21,General Liability,119651.6,0.0,119651.6,Settled,0,
CL003903,T0513,2025-03-12,2025-04-27,Cyber,174630.16,74841.49,249471.65000000002,Reopened,0,
CL002206,T0324,2023-11-30,2023-12-01,Credit & Surety,526147.7,0.0,526147.7,Settled,0,
CL004995,T0563,2025-10-26,2026-02-11,Credit & Surety,54481.19,946698.7,1001179.8899999999,Open,0,
CL001345,T0477,2023-02-13,2023-02-15,Fire & Explosion,3285.3816,0.0,3285.3816,Settled,0,
CL002543,T0236,2024-03-17,2024-03-19,Auto Liability,3474.43,0.0,3474.43,Settled,0,
CL000431,T0245,2022-02-08,2022-02-18,General Liability,22455.5112,0.0,22455.5112,Settled,0,
CL003691,T0369,2025-02-08,2025-02-27,General Liability,17882.53,0.0,17882.53,Settled,0,
CL003116,T0343,2024-08-25,2024-09-23,Fire & Explosion,5678.02,37677.45,43355.47,Open,0,
CL002245,T0455,2023-12-13,2023-12-16,Natural Catastrophe,76388.75,0.0,76388.75,Settled,0,
CL003095,T0160,2024-09-09,2024-09-17,Auto Liability,74287.31,31837.42,106124.73,Reopened,0,
CL001975,T0148,2023-08-21,2023-09-13,General Liability,34339.62912,0.0,34339.62912,Settled,0,
CL000242,T0542,2021-09-22,2021-10-18,Aviation,38322.55,0.0,38322.55,Settled,0,
CL002236,T0699,2023-11-28,2023-12-11,Fire & Explosion,194125.47,0.0,194125.47,Settled,0,
CL002791,T0608,2024-05-29,2024-06-09,Directors & Officers,131354.68,0.0,131354.68,Settled,0,
CL004949,T0224,2026-01-23,2026-01-29,Credit & Surety,124044.11,0.0,124044.11,Settled,0,
CL004391,T0627,2025-09-08,2025-09-13,Workers Compensation,27416.01,0.0,27416.01,Settled,0,
CL003355,T0381,2024-11-28,2024-11-28,Business Interruption,475839.18,0.0,475839.18,Settled,0,
CL004125,T0356,2025-06-27,2025-07-02,Workers Compensation,10435.14,0.0,10435.14,Settled,0,
CL003843,T0012,2025-02-23,2025-04-13,Workers Compensation,2472.65,0.0,2472.65,Settled,0,
CL000761,T0342,2022-07-08,2022-08-12,Credit & Surety,674488.5768,0.0,674488.5768,Settled,0,
CL005033,T0224,2026-02-14,2026-02-19,Cyber,8048.64,63170.65,71219.29000000001,Open,0,
CL005249,T0563,2026-04-06,2026-04-15,Cyber,50020.96,0.0,50020.96,Settled,0,
CL005596,T0537,2026-06-28,2026-07-08,Business Interruption,102365.91,0.0,102365.91,Settled,0,
CL001109,T0282,2022-12-11,2022-12-13,Natural Catastrophe,185730.98,0.0,185730.98,Settled,0,
CL003970,T0079,2025-05-10,2025-05-15,Business Interruption,10377.13,0.0,10377.13,Settled,0,
CL003236,T0533,2024-10-08,2024-10-25,Workers Compensation,182340.46,0.0,182340.46,Settled,0,
CL001725,T0656,2023-05-16,2023-06-14,Business Interruption,90684.94,0.0,90684.94,Settled,0,
CL000300,T0476,2021-11-25,2021-11-29,Auto Liability,75474.3744,0.0,75474.3744,Settled,0,
CL004613,T0301,2025-09-12,2025-11-08,General Liability,532.77,1249.21,1781.98,Open,0,
CL004743,T0192,2025-10-21,2025-12-11,Credit & Surety,3266.73,9546.33,12813.06,Open,0,
CL002270,T0420,2023-12-13,2023-12-24,Business Interruption,176120.49240000002,0.0,176120.49240000002,Settled,0,
CL005360,T0018,2026-04-28,2026-05-10,General Liability,1066.5,59095.88,60162.38,Open,0,
CL003934,T0214,2025-04-08,2025-05-03,Workers Compensation,7138.19,16176.98,23315.17,Open,0,
CL000159,T0674,2021-08-03,2021-08-13,General Liability,48867.85080000001,0.0,48867.85080000001,Settled,0,
CL000054,T0693,2021-04-30,2021-05-08,Energy,142550.5,0.0,142550.5,Settled,0,
CL002581,T0205,2024-03-18,2024-03-30,Auto Liability,37882.61,0.0,37882.61,Settled,0,
CL001408,T0451,2023-01-27,2023-03-05,Political Risk,12350.36,0.0,12350.36,Settled,0,
CL002890,T0157,2024-07-06,2024-07-10,Marine Hull,154731.77,0.0,154731.77,Settled,0,
CL002812,T0574,2024-05-29,2024-06-14,Workers Compensation,136903.662,0.0,136903.662,Settled,0,
CL000463,T0551,2022-02-19,2022-03-12,Business Interruption,8035.189200000001,0.0,8035.189200000001,Settled,0,
CL003862,T0221,2025-04-13,2025-04-18,General Liability,71309.03,0.0,71309.03,Settled,0,
CL005692,T0495,2026-06-22,2026-08-04,Business Interruption,86338.59972,0.0,86338.59972,Settled,0,
CL001490,T0186,2023-02-16,2023-03-31,Energy,146428.47360000003,0.0,146428.47360000003,Settled,0,
CL003172,T0448,2024-09-11,2024-10-06,Marine Hull,14248.4292,0.0,14248.4292,Settled,0,
CL003933,T0276,2025-02-22,2025-05-02,Credit & Surety,26039.76,11159.9,37199.659999999996,Reopened,0,
CL000779,T0340,2022-07-12,2022-08-21,Fire & Explosion,53133.13,0.0,53133.13,Settled,0,
CL004485,T0301,2025-09-06,2025-10-12,Auto Liability,1727.68,7813.31,9540.99,Open,0,
CL003153,T0339,2024-07-29,2024-10-01,Natural Catastrophe,25091.251200000002,0.0,25091.251200000002,Settled,0,
CL003529,T0299,2024-12-23,2025-01-15,Political Risk,16666.70676,0.0,16666.70676,Settled,0,
CL000985,T0489,2022-09-30,2022-11-02,Auto Liability,59864.670000000006,0.0,59864.670000000006,Settled,0,
CL002548,T0386,2024-03-15,2024-03-20,Fire & Explosion,5955.7032,0.0,5955.7032,Settled,0,
CL004067,T0082,2025-05-29,2025-06-14,Business Interruption,137933.75,59114.47,197048.22,Reopened,0,
CL001306,T0098,2023-01-31,2023-02-06,Business Interruption,152977.2372,0.0,152977.2372,Settled,0,
CL001675,T0626,2023-05-19,2023-05-31,Energy,125588.05920000002,0.0,125588.05920000002,Settled,0,
CL002411,T0145,2024-01-25,2024-02-05,Business Interruption,8149.96,0.0,8149.96,Settled,0,
CL000090,T0066,2021-05-18,2021-06-18,Business Interruption,70313.85,0.0,70313.85,Settled,0,
CL005601,T0174,2026-06-23,2026-07-10,Workers Compensation,513047.63,1611625.93,2124673.56,Open,0,
CL001447,T0404,2023-03-09,2023-03-18,Business Interruption,428193.2,0.0,428193.2,Settled,0,
CL000166,T0511,2021-08-11,2021-08-24,Business Interruption,247650.72,0.0,247650.72,Settled,0,
CL001739,T0112,2023-05-09,2023-06-21,Natural Catastrophe,45241.22,0.0,45241.22,Settled,0,
CL002301,T0482,2024-01-03,2024-01-03,Auto Liability,518715.09,0.0,518715.09,Settled,0,
CL001607,T0477,2023-03-29,2023-05-07,Business Interruption,4121.7228000000005,6515.564400000001,10637.2872,Open,0,
CL003751,T0652,2025-03-16,2025-03-16,Political Risk,3658.5909600000005,0.0,3658.5909600000005,Settled,0,
CL003956,T0552,2025-03-20,2025-05-10,Directors & Officers,19798.78,0.0,19798.78,Settled,0,
CL003978,T0635,2025-05-07,2025-05-17,Energy,13299.0444,0.0,13299.0444,Settled,0,
CL002538,T0540,2024-03-13,2024-03-17,Political Risk,26988.56,0.0,26988.56,Settled,0,
CL003076,T0218,2024-09-06,2024-09-10,Natural Catastrophe,6717.751200000001,0.0,6717.751200000001,Settled,0,
CL004075,T0318,2025-06-09,2025-06-15,Natural Catastrophe,30126.1896,117227.6928,147353.8824,Open,0,
CL001829,T0045,2023-07-18,2023-07-18,General Liability,60103.16,0.0,60103.16,Settled,0,
CL002052,T0611,2023-08-15,2023-10-07,Political Risk,771.6,0.0,771.6,Settled,0,
CL001231,T0689,2022-11-10,2023-01-13,Credit & Surety,4307.205,281939.4539,286246.65890000004,Open,0,
CL003685,T0143,2025-02-09,2025-02-26,Natural Catastrophe,9934.58,0.0,9934.58,Settled,0,
CL001879,T0478,2023-07-30,2023-08-06,Business Interruption,4792.05,5117.55,9909.6,Open,0,
CL003039,T0460,2024-08-28,2024-08-31,Workers Compensation,1065354.7464,456580.6056,1521935.352,Reopened,0,
CL002327,T0009,2023-12-27,2024-01-12,Cyber,34132.06,356669.31,390801.37,Open,0,
CL005014,T0018,2025-12-30,2026-02-16,Auto Liability,165777.7,0.0,165777.7,Settled,0,
CL003312,T0275,2024-11-08,2024-11-15,Auto Liability,376493.51,0.0,376493.51,Settled,0,
CL000398,T0380,2021-12-21,2022-02-02,Natural Catastrophe,4667.641200000001,12050.1108,16717.752000000004,Open,0,
CL005872,T0667,2026-09-24,2026-09-25,Energy,870.67,28192.71,29063.379999999997,Open,0,
CL001272,T0528,2023-01-14,2023-01-27,Aviation,37646.28,0.0,37646.28,Settled,0,
CL005317,T0201,2026-04-08,2026-04-28,Fire & Explosion,11388.39,26046.82,37435.21,Open,0,
CL001627,T0612,2023-05-12,2023-05-15,Workers Compensation,16527.45,0.0,16527.45,Settled,0,
CL003229,T0125,2024-10-14,2024-10-24,Auto Liability,162055.86,1270929.87,1432985.73,Open,0,
CL004380,T0082,2025-09-03,2025-09-13,Business Interruption,168903.87,0.0,168903.87,Settled,0,
CL004807,T0079,2025-12-11,2025-12-28,Fire & Explosion,2666.17,0.0,2666.17,Settled,0,
CL003754,T0600,2025-03-04,2025-03-17,Natural Catastrophe,242425.52,0.0,242425.52,Settled,0,
CL004523,T0222,2025-08-21,2025-10-20,Fire & Explosion,30149.7768,112173.2712,142323.048,Open,0,
CL001409,T0636,2023-02-07,2023-03-05,General Liability,5700.391200000001,9583.747200000002,15284.1384,Open,0,
CL003905,T0638,2025-03-29,2025-04-27,General Liability,19999.85,8571.37,28571.22,Reopened,0,
CL001468,T0149,2022-12-29,2023-03-26,General Liability,16760.23,7182.95,23943.18,Reopened,0,
CL001245,T0604,2023-01-17,2023-01-18,Marine Hull,79028.73000000001,0.0,79028.73000000001,Settled,0,
CL002519,T0078,2024-03-06,2024-03-11,Directors & Officers,92927.71308,231859.88628000004,324787.59936,Open,0,
CL002919,T0533,2024-06-20,2024-07-19,Workers Compensation,65773.46,0.0,65773.46,Settled,0,
CL003646,T0114,2025-01-30,2025-02-18,Medical Malpractice,11191.47,21002.35,32193.82,Open,0,
CL001684,T0622,2023-06-01,2023-06-04,Energy,1635.0350400000002,0.0,1635.0350400000002,Settled,0,
CL000531,T0615,2022-04-04,2022-04-15,Medical Malpractice,45945.6192,0.0,45945.6192,Settled,0,
CL002555,T0482,2024-03-17,2024-03-22,Auto Liability,50522.14,0.0,50522.14,Settled,0,
CL004568,T0355,2025-10-01,2025-10-29,Auto Liability,41859.17,0.0,41859.17,Settled,0,
CL005749,T0099,2026-07-14,2026-08-20,Aviation,2447.68,44160.36,46608.04,Open,0,
CL004529,T0188,2025-09-15,2025-10-22,General Liability,1353.24,6837.67,8190.91,Open,0,
CL002788,T0205,2024-04-29,2024-06-08,Workers Compensation,27433.95,0.0,27433.95,Settled,0,
CL003915,T0070,2025-04-18,2025-04-29,Business Interruption,11543.74,0.0,11543.74,Settled,0,
CL000874,T0410,2022-09-17,2022-09-24,Cyber,247950.6,0.0,247950.6,Settled,0,
CL001070,T0656,2022-10-15,2022-12-01,Natural Catastrophe,117847.37,0.0,117847.37,Settled,0,
CL001696,T0457,2023-06-07,2023-06-07,Business Interruption,5947.59,0.0,5947.59,Settled,0,
CL001713,T0059,2023-06-02,2023-06-12,Political Risk,7540.12,0.0,7540.12,Settled,0,
CL004657,T0600,2025-11-02,2025-11-18,Natural Catastrophe,684425.52,0.0,684425.52,Settled,0,
CL000675,T0317,2022-06-30,2022-07-07,Medical Malpractice,78321.27,0.0,78321.27,Settled,0,
CL002472,T0130,2024-02-12,2024-02-25,Auto Liability,42883.54,86754.14,129637.68,Open,0,
CL000313,T0676,2021-12-09,2021-12-10,General Liability,303675.59,0.0,303675.59,Settled,0,
CL005898,T0053,2026-09-19,2026-09-30,Business Interruption,1470.0,5188.16,6658.16,Open,0,
CL004751,T0683,2025-12-04,2025-12-11,Workers Compensation,11186.14,0.0,11186.14,Settled,0,
CL005259,T0403,2026-04-16,2026-04-17,Natural Catastrophe,3365.3,16247.87,19613.170000000002,Open,0,
CL005586,T0227,2026-06-18,2026-07-07,Aviation,26520.07,103277.08,129797.15,Open,0,
CL002558,T0569,2024-03-11,2024-03-22,Workers Compensation,621607.97,0.0,621607.97,Settled,0,
CL000471,T0100,2022-03-08,2022-03-19,Medical Malpractice,13122.39,165606.18,178728.57,Open,0,
CL000871,T0422,2022-09-09,2022-09-23,Fire & Explosion,4351650.38,0.0,4351650.38,Settled,0,
CL002344,T0475,2023-12-18,2024-01-15,General Liability,129506.22,0.0,129506.22,Settled,0,
CL003431,T0328,2024-11-03,2024-12-18,General Liability,16259.62,0.0,16259.62,Settled,0,
CL004641,T0057,2025-10-11,2025-11-16,Business Interruption,1260.8460000000002,0.0,1260.8460000000002,Settled,0,
CL005637,T0188,2026-07-10,2026-07-20,General Liability,1864.8,2018.38,3883.1800000000003,Open,0,
CL001845,T0130,2023-06-27,2023-07-25,General Liability,128765.39,0.0,128765.39,Settled,0,
CL005296,T0565,2026-04-23,2026-04-24,General Liability,2028.66,40959.54,42988.200000000004,Open,0,
CL005063,T0700,2026-02-23,2026-02-25,Business Interruption,13183.2036,16475.4108,29658.614400000002,Open,0,
CL000824,T0612,2022-08-07,2022-09-06,General Liability,68065.14,0.0,68065.14,Settled,0,
CL002375,T0351,2024-01-03,2024-01-25,Business Interruption,39004.798200000005,0.0,39004.798200000005,Settled,0,
CL003173,T0692,2024-09-01,2024-10-06,Credit & Surety,2166.8688,0.0,2166.8688,Settled,0,
CL003653,T0595,2025-02-02,2025-02-19,Credit & Surety,43916.526,0.0,43916.526,Settled,0,
CL005297,T0633,2026-04-04,2026-04-24,Professional Indemnity,13811.27,66287.73,80099.0,Open,0,
CL005276,T0133,2026-02-23,2026-04-21,Directors & Officers,1716.3766800000003,2049.2748,3765.6514800000004,Open,0,
CL003142,T0328,2024-09-17,2024-09-29,Workers Compensation,2321.68,0.0,2321.68,Settled,0,
CL001799,T0153,2023-07-07,2023-07-10,General Liability,13934.68,5972.01,19906.690000000002,Reopened,0,
CL004648,T0546,2025-11-16,2025-11-16,Business Interruption,36803.25,93987.75,130791.0,Open,0,
CL002226,T0121,2023-11-05,2023-12-08,Credit & Surety,293016.77,0.0,293016.77,Settled,0,
CL001495,T0336,2023-03-30,2023-04-02,Fire & Explosion,82324.47,0.0,82324.47,Settled,0,
CL000071,T0066,2021-04-20,2021-05-31,Fire & Explosion,55753.56,61788.66,117542.22,Open,0,
CL002066,T0190,2023-09-21,2023-10-11,General Liability,17910.14,0.0,17910.14,Settled,0,
CL005250,T0607,2026-04-01,2026-04-15,Credit & Surety,259938.7416,0.0,259938.7416,Settled,0,
CL005916,T0209,2026-07-07,2026-09-30,Political Risk,3885.72,0.0,3885.72,Settled,0,
CL002928,T0225,2024-07-12,2024-07-22,Energy,3180.6972000000005,4244.5944,7425.291600000001,Open,0,
CL004699,T0495,2025-11-23,2025-11-30,Natural Catastrophe,103752.99012,0.0,103752.99012,Settled,0,
CL003787,T0663,2025-03-08,2025-03-27,Workers Compensation,924205.1292000001,0.0,924205.1292000001,Settled,0,
CL005873,T0028,2026-09-18,2026-09-26,General Liability,7874.0,10251.95,18125.95,Open,0,
CL000285,T0175,2021-10-25,2021-11-17,Workers Compensation,27237.88,0.0,27237.88,Settled,0,
CL002613,T0304,2024-03-31,2024-04-07,Natural Catastrophe,169832.58,0.0,169832.58,Settled,0,
CL000956,T0113,2022-10-24,2022-10-24,Professional Indemnity,321387.91812000005,0.0,321387.91812000005,Settled,0,
CL002560,T0454,2024-03-19,2024-03-23,Political Risk,14099.32,0.0,14099.32,Settled,0,
CL005270,T0172,2026-03-16,2026-04-20,Marine Hull,34723.998,0.0,34723.998,Settled,0,
CL004833,T0187,2025-12-21,2026-01-03,Business Interruption,390735.2298,0.0,390735.2298,Settled,0,
CL001301,T0672,2022-12-30,2023-02-03,Fire & Explosion,10612.28,55015.49,65627.77,Open,0,
CL000901,T0588,2022-09-22,2022-10-04,Natural Catastrophe,89164.1844,0.0,89164.1844,Settled,0,
CL002492,T0050,2024-02-22,2024-03-03,General Liability,19198.674,0.0,19198.674,Settled,0,
CL000334,T0551,2021-11-21,2021-12-22,Fire & Explosion,134833.8096,0.0,134833.8096,Settled,0,
CL002963,T0517,2024-07-14,2024-07-31,Credit & Surety,14443.488000000001,0.0,14443.488000000001,Settled,0,
CL000442,T0309,2021-09-27,2022-02-24,Auto Liability,4129.5960000000005,0.0,4129.5960000000005,Settled,0,
CL004644,T0289,2025-10-12,2025-11-16,Energy,430944.0,0.0,430944.0,Settled,0,
CL004617,T0189,2025-10-29,2025-11-09,Fire & Explosion,28081.82,0.0,28081.82,Settled,0,
CL001105,T0286,2022-10-22,2022-12-12,Aviation,47502.298800000004,269133.5592,316635.858,Open,0,
CL005603,T0667,2026-05-27,2026-07-10,Political Risk,9999.9,27951.28,37951.18,Open,0,
CL001825,T0632,2023-06-13,2023-07-16,Fire & Explosion,3480.74,0.0,3480.74,Settled,0,
CL004162,T0284,2025-06-25,2025-07-12,Credit & Surety,18440.568,7903.094400000001,26343.6624,Reopened,0,
CL000652,T0509,2022-05-28,2022-06-23,Medical Malpractice,66938.0,0.0,66938.0,Settled,0,
CL005205,T0259,2025-12-12,2026-04-03,Workers Compensation,2956220.7984,0.0,2956220.7984,Settled,0,
CL005808,T0035,2026-08-31,2026-09-08,Natural Catastrophe,51282.14,131568.31,182850.45,Open,0,
CL001878,T0130,2023-07-19,2023-08-06,Auto Liability,179600.19,0.0,179600.19,Settled,0,
CL005096,T0483,2026-02-15,2026-03-04,Auto Liability,14099.12,0.0,14099.12,Settled,0,
CL004841,T0074,2026-01-05,2026-01-07,Natural Catastrophe,686462.87,0.0,686462.87,Settled,0,
CL005760,T0188,2026-08-18,2026-08-22,Auto Liability,23201.13,24217.32,47418.45,Open,0,
CL002973,T0532,2024-07-07,2024-08-05,Workers Compensation,10176.84,0.0,10176.84,Settled,0,
CL000047,T0506,2021-04-26,2021-05-04,Professional Indemnity,15506.1864,0.0,15506.1864,Settled,0,
CL005306,T0490,2026-04-26,2026-04-26,Energy,8178.9372,11848.7772,20027.7144,Open,0,
CL000062,T0576,2021-04-28,2021-05-20,Political Risk,1509.45,0.0,1509.45,Settled,0,
CL001034,T0235,2022-07-26,2022-11-19,Aviation,6679.23,0.0,6679.23,Settled,0,
CL003719,T0215,2025-01-17,2025-03-09,Business Interruption,119520.02,0.0,119520.02,Settled,0,
CL002989,T0638,2024-07-26,2024-08-10,Workers Compensation,295982.62,0.0,295982.62,Settled,0,
CL001497,T0641,2023-03-06,2023-04-02,Credit & Surety,50071.81,21459.35,71531.16,Reopened,0,
CL005889,T0539,2026-09-21,2026-09-29,Aviation,29797.78,64426.66,94224.44,Open,0,
CL002442,T0105,2024-02-15,2024-02-17,Workers Compensation,97363.52,41727.23,139090.75,Reopened,0,
CL005113,T0490,2026-02-01,2026-03-09,Aviation,10685.034,37007.377199999995,47692.4112,Open,0,
CL000121,T0506,2021-06-27,2021-07-10,Professional Indemnity,15869.822400000001,0.0,15869.822400000001,Settled,0,
CL003752,T0491,2024-12-26,2025-03-17,Energy,21354.66,0.0,21354.66,Settled,0,
CL000203,T0340,2021-09-02,2021-09-26,Business Interruption,9385.84,0.0,9385.84,Settled,0,
CL005180,T0244,2026-02-20,2026-03-28,Workers Compensation,844081.31,0.0,844081.31,Settled,0,
CL000809,T0680,2022-08-27,2022-08-30,Natural Catastrophe,47834.38,0.0,47834.38,Settled,0,
CL002174,T0415,2023-10-02,2023-11-18,Marine Hull,13741.90188,0.0,13741.90188,Settled,0,
CL003711,T0214,2025-02-12,2025-03-05,Workers Compensation,83220.53,0.0,83220.53,Settled,0,
CL005115,T0032,2026-02-05,2026-03-10,Natural Catastrophe,4230.78,4503.46,8734.24,Open,0,
CL001776,T0412,2023-05-28,2023-07-06,Workers Compensation,2922.2532,0.0,2922.2532,Settled,0,
CL000773,T0680,2022-08-14,2022-08-18,Natural Catastrophe,129802.29,0.0,129802.29,Settled,0,
CL001970,T0065,2023-05-19,2023-09-10,Auto Liability,34991.21328,0.0,34991.21328,Settled,0,
CL000876,T0144,2022-08-09,2022-09-25,Auto Liability,50958.09,0.0,50958.09,Settled,0,
CL000029,T0230,2021-03-17,2021-04-09,Marine Hull,20372.83,0.0,20372.83,Settled,0,
CL003099,T0533,2024-08-12,2024-09-17,Auto Liability,285452.28,0.0,285452.28,Settled,0,
CL002329,T0253,2024-01-05,2024-01-12,Medical Malpractice,23843.82,36000.41,59844.23,Open,0,
CL004869,T0577,2025-11-23,2026-01-13,Fire & Explosion,510925.428,0.0,510925.428,Settled,0,
CL003379,T0426,2024-11-29,2024-12-04,Fire & Explosion,89120.67,0.0,89120.67,Settled,0,
CL004223,T0365,2025-07-25,2025-07-30,Political Risk,24964.794,60349.935600000004,85314.7296,Open,0,
CL001885,T0467,2023-07-06,2023-08-09,Natural Catastrophe,327252.744,0.0,327252.744,Settled,0,
CL005257,T0110,2026-02-06,2026-04-17,Fire & Explosion,90442.66,118237.93,208680.59,Open,0,
CL000417,T0476,2022-02-03,2022-02-10,Workers Compensation,121440.6324,0.0,121440.6324,Settled,0,
CL004296,T0300,2025-08-14,2025-08-20,Marine Hull,299509.62,0.0,299509.62,Settled,0,
CL005363,T0536,2026-03-20,2026-05-10,Medical Malpractice,67625.26,0.0,67625.26,Settled,0,
CL003881,T0534,2025-03-25,2025-04-22,Energy,205902.99,0.0,205902.99,Settled,0,
CL003854,T0141,2025-02-05,2025-04-16,Auto Liability,68202.1,0.0,68202.1,Settled,0,
CL005541,T0346,2026-06-12,2026-06-27,Auto Liability,5060.3508,10755.741600000001,15816.092400000001,Open,0,
CL001078,T0489,2022-10-29,2022-12-03,General Liability,436172.78520000004,0.0,436172.78520000004,Settled,0,
CL003886,T0584,2024-11-25,2025-04-23,General Liability,3346.04,1434.01,4780.05,Reopened,0,
CL002889,T0440,2024-05-03,2024-07-09,Political Risk,12427.48,0.0,12427.48,Settled,0,
CL003817,T0486,2025-04-04,2025-04-06,General Liability,19602.29,0.0,19602.29,Settled,0,
CL004336,T0276,2025-08-11,2025-08-31,Credit & Surety,114631.42,0.0,114631.42,Settled,0,
CL002624,T0426,2024-03-05,2024-04-10,Fire & Explosion,232674.45,0.0,232674.45,Settled,0,
CL004954,T0182,2025-11-22,2026-01-31,Aviation,36565.44,0.0,36565.44,Settled,0,
CL001465,T0622,2023-02-24,2023-03-24,Political Risk,65319.07956,0.0,65319.07956,Settled,0,
CL000260,T0551,2021-10-16,2021-10-30,Natural Catastrophe,46246.302,0.0,46246.302,Settled,0,
CL001948,T0569,2023-07-19,2023-09-03,Auto Liability,455183.44,0.0,455183.44,Settled,0,
CL005298,T0661,2026-04-10,2026-04-24,General Liability,116945.1864,0.0,116945.1864,Settled,0,
CL000999,T0171,2022-09-25,2022-11-06,Cyber,1395.11,1602.17,2997.2799999999997,Open,0,
CL001844,T0093,2023-06-01,2023-07-24,Credit & Surety,54690.93,0.0,54690.93,Settled,0,
CL002055,T0236,2023-10-04,2023-10-08,General Liability,37255.58,0.0,37255.58,Settled,0,
CL002261,T0574,2023-12-10,2023-12-21,Workers Compensation,4170.6684000000005,0.0,4170.6684000000005,Settled,0,
CL001987,T0351,2023-08-08,2023-09-16,Business Interruption,13521.56556,73872.96888,87394.53444,Open,0,
CL003451,T0359,2024-12-13,2024-12-24,Auto Liability,38017.35,0.0,38017.35,Settled,0,
CL001107,T0499,2022-10-26,2022-12-12,Medical Malpractice,18275.749200000002,18362.8512,36638.60040000001,Open,0,
CL003531,T0388,2025-01-01,2025-01-15,Fire & Explosion,130119.75,0.0,130119.75,Settled,0,
CL003324,T0101,2024-11-17,2024-11-20,Credit & Surety,53842.08,0.0,53842.08,Settled,0,
CL000391,T0217,2022-01-18,2022-01-31,Energy,134634.744,0.0,134634.744,Settled,0,
CL000548,T0511,2022-02-04,2022-04-24,Fire & Explosion,106529.84,0.0,106529.84,Settled,0,
CL000508,T0232,2022-03-15,2022-04-04,Fire & Explosion,82697.49,0.0,82697.49,Settled,0,
CL004334,T0603,2025-08-02,2025-08-30,General Liability,446940.7224,0.0,446940.7224,Settled,0,
CL004622,T0054,2025-08-25,2025-11-11,Workers Compensation,35443.4184,0.0,35443.4184,Settled,0,
CL004041,T0595,2025-05-27,2025-06-06,Cyber,12317.194800000001,0.0,12317.194800000001,Settled,0,
CL004563,T0095,2025-10-22,2025-10-28,Political Risk,10797.44,0.0,10797.44,Settled,0,
CL002209,T0665,2023-11-17,2023-12-01,Directors & Officers,8044.34,0.0,8044.34,Settled,0,
CL002682,T0330,2024-04-10,2024-04-29,Professional Indemnity,45461.4,0.0,45461.4,Settled,0,
CL005857,T0201,2026-08-19,2026-09-21,Business Interruption,3051.86,20688.05,23739.91,Open,0,
CL003308,T0426,2024-11-09,2024-11-14,Business Interruption,94026.41,0.0,94026.41,Settled,0,
CL002277,T0505,2023-11-24,2023-12-26,Natural Catastrophe,164149.94,0.0,164149.94,Settled,0,
CL005591,T0002,2026-06-08,2026-07-08,Business Interruption,36132.0461,0.0,36132.0461,Settled,0,
CL002533,T0339,2023-10-23,2024-03-15,Fire & Explosion,34990.9308,0.0,34990.9308,Settled,0,
CL003999,T0652,2025-03-22,2025-05-23,Marine Hull,198712.2636,0.0,198712.2636,Settled,0,
CL000095,T0514,2021-06-10,2021-06-20,Aviation,29371.13,0.0,29371.13,Settled,0,
CL000648,T0100,2022-06-16,2022-06-22,Professional Indemnity,59850.02,0.0,59850.02,Settled,0,
CL005401,T0444,2026-04-27,2026-05-19,Fire & Explosion,3968.83,23878.66,27847.489999999998,Open,0,
CL000925,T0177,2022-10-04,2022-10-12,Professional Indemnity,1524.8,0.0,1524.8,Settled,0,
CL000202,T0522,2021-09-18,2021-09-25,Business Interruption,1009.45,67581.79,68591.23999999999,Open,0,
CL005567,T0633,2026-06-25,2026-07-01,Medical Malpractice,7063.18,52095.99,59159.17,Open,0,
CL000079,T0073,2021-05-20,2021-06-09,Auto Liability,1132828.092,0.0,1132828.092,Settled,0,
CL001606,T0351,2023-05-01,2023-05-07,Business Interruption,140049.40008,0.0,140049.40008,Settled,0,
CL004378,T0284,2025-07-28,2025-09-12,Directors & Officers,587045.2428000001,0.0,587045.2428000001,Settled,0,
CL005915,T0209,2026-09-22,2026-09-30,Aviation,2872.43,7558.55,10430.98,Open,0,
CL002352,T0126,2024-01-14,2024-01-19,Business Interruption,46998.51,0.0,46998.51,Settled,0,
CL002264,T0238,2023-12-08,2023-12-22,Auto Liability,35081.69,0.0,35081.69,Settled,0,
CL003219,T0484,2024-09-18,2024-10-20,Business Interruption,190272.12120000002,0.0,190272.12120000002,Settled,0,
CL002796,T0254,2024-06-01,2024-06-11,Professional Indemnity,19643.43,0.0,19643.43,Settled,0,
CL001004,T0411,2022-07-07,2022-11-08,Fire & Explosion,14790.6648,0.0,14790.6648,Settled,0,
CL000231,T0104,2021-10-05,2021-10-15,Medical Malpractice,26830.65,0.0,26830.65,Settled,0,
CL002097,T0420,2023-10-13,2023-10-19,Business Interruption,9572.202000000001,4102.3692,13674.5712,Reopened,0,
CL004590,T0200,2025-10-09,2025-11-03,Political Risk,351465.25,0.0,351465.25,Settled,0,
CL002032,T0367,2023-09-25,2023-09-30,General Liability,100214.89,0.0,100214.89,Settled,0,
CL003387,T0443,2024-11-06,2024-12-05,Business Interruption,31361.13,0.0,31361.13,Settled,0,
CL003389,T0598,2024-12-02,2024-12-05,Workers Compensation,36171.85,0.0,36171.85,Settled,0,
CL003246,T0629,2024-10-18,2024-10-26,Aviation,21528.41,0.0,21528.41,Settled,0,
CL002252,T0699,2023-11-19,2023-12-19,Business Interruption,570889.8,0.0,570889.8,Settled,0,
CL001863,T0096,2023-07-28,2023-08-01,Medical Malpractice,3601.7352,0.0,3601.7352,Settled,0,
CL005141,T0579,2026-02-25,2026-03-16,Directors & Officers,311.54,990.08,1301.6200000000001,Open,0,
CL001467,T0659,2023-03-24,2023-03-25,Natural Catastrophe,3097.2132,0.0,3097.2132,Settled,0,
CL005441,T0662,2026-05-22,2026-05-30,Fire & Explosion,5917.8,11124.68,17042.48,Open,0,
CL002126,T0268,2023-09-25,2023-10-28,Aviation,16821.56,0.0,16821.56,Settled,0,
CL004981,T0564,2026-01-04,2026-02-07,Cyber,130757.09304,0.0,130757.09304,Settled,0,
CL003973,T0575,2025-05-05,2025-05-15,Business Interruption,1900.5,3791.85,5692.35,Open,0,
CL000459,T0551,2022-01-20,2022-03-10,Business Interruption,7537.9356,3230.55,10768.4856,Reopened,0,
CL005238,T0583,2026-03-25,2026-04-12,Fire & Explosion,1906.6383,16652.303499999998,18558.9418,Open,0,
CL002161,T0434,2023-09-16,2023-11-10,Business Interruption,7927.0272,0.0,7927.0272,Settled,0,
CL004031,T0406,2025-05-15,2025-06-04,Political Risk,11805.0818,13706.7798,25511.861600000004,Open,0,
CL003392,T0211,2024-12-01,2024-12-07,Directors & Officers,7351.21,0.0,7351.21,Settled,0,
CL001413,T0026,2023-02-10,2023-03-07,Workers Compensation,607630.78,0.0,607630.78,Settled,0,
CL000018,T0431,2021-03-15,2021-03-20,Medical Malpractice,47336.62,0.0,47336.62,Settled,0,
CL005743,T0046,2026-07-10,2026-08-18,Credit & Surety,5769.3060000000005,18531.536400000005,24300.842400000005,Open,0,
CL002156,T0254,2023-11-05,2023-11-08,Medical Malpractice,588496.92,0.0,588496.92,Settled,0,
CL004098,T0270,2025-06-18,2025-06-22,Auto Liability,26988.5541,0.0,26988.5541,Settled,0,
CL002318,T0190,2023-12-06,2024-01-09,Auto Liability,124809.06,0.0,124809.06,Settled,0,
CL002078,T0421,2023-10-02,2023-10-13,Directors & Officers,6783.51,0.0,6783.51,Settled,0,
CL001895,T0566,2023-07-11,2023-08-12,Business Interruption,193342.38840000003,0.0,193342.38840000003,Settled,0,
CL001995,T0190,2023-09-07,2023-09-21,General Liability,6991.69,0.0,6991.69,Settled,0,
CL005578,T0085,2026-06-22,2026-07-05,Cyber,74109.38796000001,0.0,74109.38796000001,Settled,0,
CL002062,T0659,2023-08-05,2023-10-09,Fire & Explosion,13139.3016,0.0,13139.3016,Settled,0,
CL004880,T0005,2026-01-02,2026-01-17,Natural Catastrophe,11806.51,0.0,11806.51,Settled,0,
CL004688,T0133,2025-11-08,2025-11-27,Directors & Officers,17098.78584,40027.57056,57126.356400000004,Open,0,
CL001730,T0282,2023-05-14,2023-06-16,Business Interruption,183475.75,0.0,183475.75,Settled,0,
CL003217,T0299,2024-10-19,2024-10-20,Aviation,177503.59764000002,0.0,177503.59764000002,Settled,0,
CL001259,T0466,2022-12-25,2023-01-23,Business Interruption,359889.0,0.0,359889.0,Settled,0,
CL005901,T0064,2026-07-06,2026-09-30,Natural Catastrophe,23118.16,62517.99,85636.15,Open,0,
CL001624,T0137,2023-05-01,2023-05-14,Professional Indemnity,6686.28,0.0,6686.28,Settled,0,
CL001341,T0337,2023-01-18,2023-02-14,General Liability,6111.98,0.0,6111.98,Settled,0,
CL004900,T0154,2026-01-07,2026-01-20,Professional Indemnity,23524.34,0.0,23524.34,Settled,0,
CL003525,T0239,2024-12-06,2025-01-15,Professional Indemnity,29148.62,0.0,29148.62,Settled,0,
CL001981,T0130,2023-09-03,2023-09-15,Auto Liability,381600.02,0.0,381600.02,Settled,0,
CL005326,T0446,2026-04-30,2026-04-30,Fire & Explosion,2823.86,41884.9,44708.76,Open,0,
CL005733,T0688,2026-07-24,2026-08-14,Fire & Explosion,5831.6749,7373.4929999999995,13205.1679,Open,0,
CL004403,T0269,2025-09-16,2025-09-17,Fire & Explosion,120073.66,0.0,120073.66,Settled,0,
CL002720,T0519,2024-05-08,2024-05-12,Business Interruption,1795.2516,0.0,1795.2516,Settled,0,
CL005375,T0055,2026-05-13,2026-05-15,Medical Malpractice,50470.17,58904.64,109374.81,Open,0,
CL005378,T0374,2026-05-03,2026-05-15,Business Interruption,879.9084,4593.974400000001,5473.8828,Open,0,
CL005336,T0234,2026-04-25,2026-05-03,Business Interruption,5219.53,15036.07,20255.6,Open,0,
CL002915,T0473,2024-07-16,2024-07-18,Fire & Explosion,3571.7988,0.0,3571.7988,Settled,0,
CL004008,T0627,2025-05-12,2025-05-25,Workers Compensation,76320.04,400635.33,476955.37,Open,0,
CL002699,T0598,2024-04-09,2024-05-03,General Liability,9328.21,114638.72,123966.93,Open,0,
CL002692,T0582,2024-04-28,2024-05-01,Natural Catastrophe,28188.680400000005,0.0,28188.680400000005,Settled,0,
CL001669,T0357,2023-03-15,2023-05-28,Aviation,69990.18192,0.0,69990.18192,Settled,0,
CL003263,T0347,2024-08-28,2024-10-29,General Liability,25728.764400000004,0.0,25728.764400000004,Settled,0,
CL002289,T0574,2023-10-09,2023-12-29,General Liability,40037.490000000005,0.0,40037.490000000005,Settled,0,
CL002949,T0072,2024-07-19,2024-07-28,Business Interruption,113499.37,0.0,113499.37,Settled,0,
CL003872,T0143,2025-04-11,2025-04-21,Fire & Explosion,530041.32,0.0,530041.32,Unmapped,0,unmapped_status
CL000576,T0333,2022-01-10,2022-05-09,Business Interruption,313252.91,0.0,313252.91,Settled,0,
CL001086,T0292,2022-12-02,2022-12-07,Professional Indemnity,11783.286000000002,0.0,11783.286000000002,Settled,0,
CL001737,T0193,2023-06-11,2023-06-20,Fire & Explosion,49990.57,0.0,49990.57,Settled,0,
CL002618,T0547,2024-03-28,2024-04-08,General Liability,49608.6768,0.0,49608.6768,Settled,0,
CL004567,T0549,2025-10-05,2025-10-28,Auto Liability,154951.96,0.0,154951.96,Settled,0,
CL002011,T0466,2023-08-24,2023-09-24,Business Interruption,312567.62,0.0,312567.62,Settled,0,
CL004036,T0643,2025-05-09,2025-06-05,Natural Catastrophe,138464.69400000002,171965.8728,310430.56680000003,Open,0,
CL001731,T0671,2023-05-24,2023-06-16,General Liability,90663.24,0.0,90663.24,Settled,0,
CL002735,T0067,2024-04-26,2024-05-18,Fire & Explosion,157251.81396,1256261.89704,1413513.7110000001,Open,0,
CL002349,T0456,2023-12-31,2024-01-17,Business Interruption,137633.2,0.0,137633.2,Settled,0,
CL005027,T0341,2025-11-08,2026-02-18,Marine Hull,245.34,2659.93,2905.27,Open,0,
CL002389,T0430,2024-01-05,2024-01-28,Business Interruption,226196.39,0.0,226196.39,Settled,0,
CL005790,T0248,2026-07-29,2026-08-31,Political Risk,5066.17,43721.38,48787.549999999996,Open,0,
CL001671,T0149,2023-04-28,2023-05-29,General Liability,98767.69,0.0,98767.69,Settled,0,
CL003226,T0255,2024-10-15,2024-10-23,Aviation,5127.29664,0.0,5127.29664,Settled,0,
CL005920,T0294,2026-08-16,2026-09-30,Credit & Surety,22732.3368,74112.20280000001,96844.5396,Open,0,
CL003885,T0572,2025-04-09,2025-04-23,General Liability,278957.5416,0.0,278957.5416,Settled,0,
CL004918,T0459,2025-12-25,2026-01-24,Political Risk,23619.93,0.0,23619.93,Settled,0,
CL005748,T0579,2026-08-14,2026-08-19,Directors & Officers,2107.46,15626.77,17734.23,Open,0,
CL003544,T0070,2024-11-09,2025-01-20,Business Interruption,3200.69,0.0,3200.69,Settled,0,
CL000227,T0576,2021-09-06,2021-10-12,Energy,35727.68,0.0,35727.68,Settled,0,
CL001532,T0186,2023-03-30,2023-04-13,Energy,195978.204,0.0,195978.204,Settled,0,
CL005288,T0633,2026-03-16,2026-04-22,Professional Indemnity,19.08,102270.34,102289.42,Open,0,
CL002230,T0587,2023-12-02,2023-12-09,Credit & Surety,21106.396800000002,0.0,21106.396800000002,Settled,0,
CL001539,T0636,2023-04-12,2023-04-14,General Liability,10561.438800000002,0.0,10561.438800000002,Settled,0,
CL003553,T0114,2024-12-23,2025-01-23,Professional Indemnity,29539.02,0.0,29539.02,Settled,0,
CL001144,T0061,2022-12-09,2022-12-22,Auto Liability,102051.2,0.0,102051.2,Settled,0,
CL002524,T0077,2024-03-09,2024-03-12,Auto Liability,15378.64,0.0,15378.64,Settled,0,
CL005646,T0138,2026-07-12,2026-07-23,Aviation,14506.77,0.0,14506.77,Settled,0,
CL002590,T0252,2024-03-30,2024-04-01,Political Risk,15941.62,74150.31,90091.93,Open,0,
CL003457,T0291,2024-11-11,2024-12-26,Natural Catastrophe,56860.81,0.0,56860.81,Settled,0,
CL004244,T0124,2025-07-28,2025-08-06,Auto Liability,38751.15,0.0,38751.15,Settled,0,
CL003353,T0532,2024-11-15,2024-11-27,Workers Compensation,10210.4064,0.0,10210.4064,Settled,0,
CL003498,T0366,2024-11-24,2025-01-06,Fire & Explosion,244344.84,0.0,244344.84,Settled,0,
CL001191,T0036,2022-11-16,2023-01-04,Energy,49378.73,0.0,49378.73,Settled,0,
CL005094,T0694,2026-01-03,2026-03-03,Aviation,49455.79,0.0,49455.79,Settled,0,
CL002874,T0424,2024-06-29,2024-07-04,Cyber,1036897.98,0.0,1036897.98,Settled,0,
CL003279,T0402,2024-11-01,2024-11-04,Directors & Officers,1383.22236,40552.07712,41935.299479999994,Open,0,
CL002795,T0121,2024-05-30,2024-06-11,Cyber,256868.19,0.0,256868.19,Settled,0,
CL004277,T0204,2025-06-18,2025-08-14,Natural Catastrophe,242989.2,431488.07,674477.27,Open,0,
CL005388,T0488,2026-04-20,2026-05-17,Natural Catastrophe,197822.47,1277724.67,1475547.14,Open,0,
CL004014,T0239,2025-05-10,2025-05-29,Medical Malpractice,12373.15,0.0,12373.15,Settled,0,
CL003065,T0331,2024-04-14,2024-09-05,Business Interruption,78865.78,0.0,78865.78,Settled,0,
CL002112,T0025,2023-10-08,2023-10-25,Credit & Surety,22342.3,0.0,22342.3,Settled,0,
CL004816,T0124,2025-11-11,2025-12-29,General Liability,14542.2,30468.76,45010.96,Open,0,
CL004429,T0311,2025-08-29,2025-09-23,Natural Catastrophe,29686.37196,0.0,29686.37196,Settled,0,
CL003119,T0023,2024-09-18,2024-09-24,Fire & Explosion,2954.80452,0.0,2954.80452,Settled,0,
CL001365,T0096,2023-02-05,2023-02-22,Medical Malpractice,9721.5552,0.0,9721.5552,Settled,0,
CL003740,T0070,2025-03-12,2025-03-13,Business Interruption,75471.99,0.0,75471.99,Settled,0,
CL002454,T0252,2024-02-12,2024-02-19,Aviation,68965.47,0.0,68965.47,Settled,0,
CL004732,T0395,2025-12-07,2025-12-08,Workers Compensation,498.41,0.0,498.41,Settled,0,
CL001907,T0671,2023-08-09,2023-08-16,Auto Liability,39739.09,0.0,39739.09,Settled,0,
CL003328,T0067,2024-09-30,2024-11-22,Natural Catastrophe,343911.32712000003,0.0,343911.32712000003,Settled,0,
CL004012,T0032,2025-04-23,2025-05-28,Natural Catastrophe,114035.86,0.0,114035.86,Settled,0,
CL000346,T0068,2021-11-19,2021-12-29,Fire & Explosion,166135.23,0.0,166135.23,Settled,0,
CL005699,T0452,2026-07-25,2026-08-05,Medical Malpractice,12715.82,141315.8,154031.62,Open,0,
CL002953,T0136,2024-06-21,2024-07-30,Workers Compensation,194285.47,0.0,194285.47,Settled,0,
CL004773,T0103,2025-12-04,2025-12-20,Business Interruption,11756.0592,148088.0124,159844.0716,Open,0,
CL005477,T0135,2026-04-01,2026-06-08,Auto Liability,35776.3176,45465.6888,81242.00640000001,Open,0,
CL000449,T0003,2022-01-10,2022-03-03,Credit & Surety,441730.368,0.0,441730.368,Settled,0,
CL002661,T0350,2024-04-18,2024-04-22,Auto Liability,10928.35212,12623.76216,23552.11428,Open,0,
CL003899,T0462,2025-03-17,2025-04-26,Natural Catastrophe,65431.289,0.0,65431.289,Settled,0,
CL000480,T0333,2022-02-22,2022-03-23,Fire & Explosion,125946.38,0.0,125946.38,Settled,0,
CL001904,T0649,2023-07-03,2023-08-15,Natural Catastrophe,781168.23,0.0,781168.23,Settled,0,
CL003468,T0275,2024-12-26,2024-12-28,Auto Liability,304357.65,0.0,304357.65,Settled,0,
CL003982,T0168,2025-04-12,2025-05-19,Credit & Surety,257572.56,0.0,257572.56,Settled,0,
CL005101,T0344,2026-02-06,2026-03-05,Fire & Explosion,3013.34,7674.91,10688.25,Open,0,
CL002985,T0473,2024-08-03,2024-08-09,Business Interruption,24629.884700000002,0.0,24629.884700000002,Settled,0,
CL000969,T0653,2022-10-18,2022-10-29,Fire & Explosion,46049.67,0.0,46049.67,Settled,0,
CL001666,T0467,2023-03-31,2023-05-27,Business Interruption,536308.3872000001,0.0,536308.3872000001,Settled,0,
CL005120,T0008,2026-03-02,2026-03-11,Natural Catastrophe,2075.64,22098.72,24174.36,Open,0,
CL002145,T0126,2023-09-20,2023-11-04,Business Interruption,29551.62,0.0,29551.62,Settled,0,
CL004552,T0661,2025-10-23,2025-10-26,General Liability,65096.7732,168782.184,233878.9572,Open,0,
CL002304,T0247,2023-12-07,2024-01-04,General Liability,41432.2895,0.0,41432.2895,Settled,0,
CL001884,T0454,2023-07-18,2023-08-09,Marine Hull,234162.71,0.0,234162.71,Settled,0,
CL005515,T0018,2026-05-01,2026-06-18,Auto Liability,12814.72,0.0,12814.72,Settled,0,
CL002886,T0156,2024-05-21,2024-07-07,Natural Catastrophe,55924.69,0.0,55924.69,Settled,0,
CL001146,T0286,2022-11-28,2022-12-23,Energy,1025136.1188,0.0,1025136.1188,Settled,0,
CL004302,T0683,2025-07-02,2025-08-21,Auto Liability,135953.47,0.0,135953.47,Settled,0,
CL003851,T0192,2025-03-03,2025-04-15,Directors & Officers,23544.29,0.0,23544.29,Settled,0,
CL003240,T0070,2024-10-08,2024-10-26,Natural Catastrophe,9378.55,0.0,9378.55,Settled,0,
CL005355,T0170,2026-04-06,2026-05-09,Energy,5485.12,7834.23,13319.349999999999,Open,0,
CL001238,T0619,2022-12-14,2023-01-15,Business Interruption,8679.92,0.0,8679.92,Settled,0,
CL003278,T0285,2024-09-26,2024-11-04,Aviation,1523.32,12213.85,13737.17,Open,0,
CL004105,T0395,2025-05-30,2025-06-24,Workers Compensation,26625.82,0.0,26625.82,Settled,0,
CL000338,T0134,2021-11-16,2021-12-24,Business Interruption,7543.78,0.0,7543.78,Settled,0,
CL002741,T0673,2024-05-03,2024-05-19,Workers Compensation,3010.4352000000003,19516.399200000003,22526.834400000003,Open,0,
CL004775,T0162,2025-12-20,2025-12-20,General Liability,47023.39,127070.59,174093.97999999998,Open,0,
CL001512,T0612,2023-02-09,2023-04-06,Workers Compensation,22831.82,0.0,22831.82,Settled,0,
CL000766,T0476,2022-07-26,2022-08-15,Workers Compensation,11237.292,0.0,11237.292,Settled,0,
CL001740,T0525,2023-06-18,2023-06-22,Medical Malpractice,222426.61,0.0,222426.61,Settled,0,
CL002801,T0070,2024-06-10,2024-06-12,Natural Catastrophe,18494.15,0.0,18494.15,Settled,0,
CL003667,T0519,2025-01-13,2025-02-22,Fire & Explosion,156325.22639999999,0.0,156325.22639999999,Settled,0,
CL001990,T0611,2023-09-11,2023-09-17,Energy,2987.18,0.0,2987.18,Settled,0,
CL000481,T0100,2022-01-21,2022-03-24,Professional Indemnity,69288.63,0.0,69288.63,Settled,0,
CL005502,T0106,2026-06-06,2026-06-15,Professional Indemnity,222302.42,0.0,222302.42,Settled,0,
CL005430,T0470,2026-04-30,2026-05-27,Directors & Officers,453241.50480000005,0.0,453241.50480000005,Settled,0,
CL005613,T0162,2026-07-10,2026-07-15,General Liability,3853.19,12794.4,16647.59,Open,0,
CL003407,T0071,2024-12-12,2024-12-13,Aviation,3326.886,0.0,3326.886,Settled,0,
CL004390,T0559,2025-08-06,2025-09-13,Natural Catastrophe,11788.93,57071.89,68860.82,Open,0,
CL000737,T0612,2022-07-31,2022-08-04,General Liability,23836.33,0.0,23836.33,Settled,0,
CL003397,T0211,2024-12-09,2024-12-10,Directors & Officers,10334.9,0.0,10334.9,Settled,0,
CL003695,T0436,2025-01-18,2025-02-28,Medical Malpractice,1814.57,2790.06,4604.63,Open,0,
CL000921,T0232,2022-09-21,2022-10-11,Natural Catastrophe,136779.16,0.0,136779.16,Settled,0,
CL002358,T0586,2024-01-18,2024-01-20,Medical Malpractice,1848.5928000000001,0.0,1848.5928000000001,Settled,0,
CL003564,T0552,2024-12-25,2025-01-26,Directors & Officers,9553.7,0.0,9553.7,Settled,0,
CL002756,T0205,2024-04-09,2024-05-26,Workers Compensation,7506.84,0.0,7506.84,Settled,0,
CL004046,T0249,2025-05-14,2025-06-08,Political Risk,19089.96,28813.59,47903.55,Open,0,
CL000154,T0104,2021-08-08,2021-08-08,Medical Malpractice,29713.55,0.0,29713.55,Settled,0,
CL005134,T0184,2026-02-06,2026-03-15,General Liability,1473.6384,1941.246,3414.8844000000004,Open,0,
CL001770,T0610,2023-03-02,2023-07-04,Business Interruption,183619.47,0.0,183619.47,Settled,0,
CL002446,T0472,2024-02-12,2024-02-17,Natural Catastrophe,22032.01,0.0,22032.01,Settled,0,
CL003614,T0598,2025-02-02,2025-02-08,Auto Liability,25134.74,0.0,25134.74,Settled,0,
CL005342,T0400,2026-04-21,2026-05-06,Business Interruption,734980.8,0.0,734980.8,Settled,0,
CL001402,T0219,2023-02-04,2023-03-04,Fire & Explosion,33388.27,0.0,33388.27,Settled,0,
CL001647,T0591,2023-04-08,2023-05-20,Energy,69697.52,0.0,69697.52,Settled,0,
CL003103,T0129,2024-08-16,2024-09-19,General Liability,8993.5,0.0,8993.5,Settled,0,
CL001514,T0345,2023-03-11,2023-04-07,Professional Indemnity,22810.6044,0.0,22810.6044,Settled,0,
CL001567,T0632,2023-04-12,2023-04-23,Business Interruption,68384.86,0.0,68384.86,Settled,0,
CL004661,T0465,2025-11-16,2025-11-20,Natural Catastrophe,7667.1766800000005,49353.16176,57020.33844,Open,0,
CL003098,T0239,2024-09-05,2024-09-17,Medical Malpractice,15084.09,0.0,15084.09,Settled,0,
CL003504,T0056,2025-01-07,2025-01-08,General Liability,38907.2,0.0,38907.2,Settled,0,
CL000484,T0361,2021-12-09,2022-03-24,General Liability,2243.65,0.0,2243.65,Settled,0,
CL002861,T0330,2024-06-04,2024-06-30,Professional Indemnity,70971.77,0.0,70971.77,Settled,0,
CL003258,T0484,2024-10-11,2024-10-28,Business Interruption,649658.8692000001,0.0,649658.8692000001,Settled,0,
CL002004,T0136,2023-08-11,2023-09-23,General Liability,814.09,348.89,1162.98,Reopened,0,
CL005775,T0379,2026-08-21,2026-08-26,Cyber,2970.6,9316.44,12287.04,Open,0,
CL002614,T0153,2024-03-30,2024-04-08,Workers Compensation,257886.0,0.0,257886.0,Settled,0,
CL003760,T0657,2025-01-19,2025-03-21,Marine Hull,18624.24,0.0,18624.24,Settled,0,
CL005476,T0444,2026-04-16,2026-06-07,Business Interruption,26583.84,185090.2,211674.04,Open,0,
CL000340,T0231,2021-11-14,2021-12-24,Workers Compensation,160473.28,0.0,160473.28,Settled,0,
CL000014,T0544,2021-02-28,2021-03-09,Directors & Officers,220532.9,0.0,220532.9,Settled,0,
CL002059,T0352,2023-08-31,2023-10-09,Cyber,453593.82,0.0,453593.82,Settled,0,
CL001565,T0509,2023-04-22,2023-04-23,Medical Malpractice,34447.72,0.0,34447.72,Settled,0,
CL003021,T0205,2024-07-17,2024-08-24,General Liability,34615.98,0.0,34615.98,Settled,0,
CL001897,T0435,2023-08-01,2023-08-13,Credit & Surety,28617.3,0.0,28617.3,Settled,0,
CL004445,T0577,2025-09-08,2025-09-28,Business Interruption,39501.226800000004,0.0,39501.226800000004,Settled,0,
CL003253,T0076,2024-10-26,2024-10-28,Workers Compensation,106945.31520000001,0.0,106945.31520000001,Settled,0,
CL004781,T0341,2025-12-19,2025-12-21,Aviation,10789.24,0.0,10789.24,Settled,0,
CL002808,T0611,2023-12-10,2024-06-13,Aviation,12602.49,0.0,12602.49,Settled,0,
CL002975,T0167,2024-06-13,2024-08-07,Professional Indemnity,23621.5,0.0,23621.5,Settled,0,
CL004129,T0684,2025-06-28,2025-07-04,Auto Liability,108083.48,0.0,108083.48,Settled,0,
CL005573,T0075,2026-05-09,2026-07-04,Business Interruption,59267.88,25400.52,84668.4,Reopened,0,
CL000024,T0104,2021-03-18,2021-03-29,Professional Indemnity,8439.03,0.0,8439.03,Settled,0,
CL004463,T0427,2025-09-22,2025-10-04,Aviation,1642957.89,0.0,1642957.89,Settled,0,
CL001721,T0149,2023-04-22,2023-06-14,Auto Liability,47178.84,0.0,47178.84,Settled,0,
CL003594,T0500,2025-01-11,2025-02-04,Credit & Surety,262179.55,112362.67,374542.22,Reopened,0,
CL005150,T0391,2026-01-24,2026-03-18,Natural Catastrophe,30483.87156,0.0,30483.87156,Settled,0,
CL005198,T0683,2026-03-19,2026-04-01,Workers Compensation,28754.12,0.0,28754.12,Settled,0,
CL001838,T0260,2023-06-24,2023-07-21,General Liability,276427.15,0.0,276427.15,Settled,0,
CL000560,T0309,2022-02-02,2022-04-28,Workers Compensation,1433.268,0.0,1433.268,Settled,0,
CL001139,T0258,2022-12-06,2022-12-20,Political Risk,908984.65,0.0,908984.65,Settled,0,
CL004169,T0187,2025-06-27,2025-07-15,Fire & Explosion,28394.91024,98040.47004,126435.38028,Open,0,
CL005727,T0408,2026-06-24,2026-08-11,Professional Indemnity,27043.29,48471.96,75515.25,Open,0,
CL002090,T0059,2023-09-30,2023-10-17,Political Risk,208954.97,0.0,208954.97,Settled,0,
CL000363,T0159,2021-12-17,2022-01-12,Natural Catastrophe,42011.8596,0.0,42011.8596,Settled,0,
CL001960,T0296,2023-08-06,2023-09-07,Business Interruption,86237.85,0.0,86237.85,Settled,0,
CL005423,T0138,2026-05-20,2026-05-26,Political Risk,1320.66,11634.46,12955.119999999999,Open,0,
CL000136,T0134,2021-07-21,2021-07-24,Fire & Explosion,25734.53,0.0,25734.53,Settled,0,
CL000660,T0655,2022-06-12,2022-06-28,Political Risk,13179.7152,0.0,13179.7152,Settled,0,
CL002967,T0460,2024-07-05,2024-08-02,General Liability,838103.0256,0.0,838103.0256,Unmapped,0,unmapped_status
CL005897,T0035,2026-08-26,2026-09-30,Fire & Explosion,13380.94,209795.49,223176.43,Open,0,
CL000189,T0506,2021-09-13,2021-09-16,Medical Malpractice,100149.35040000001,0.0,100149.35040000001,Settled,0,
CL003658,T0291,2024-12-06,2025-02-20,Natural Catastrophe,199746.45,0.0,199746.45,Settled,0,
CL005275,T0089,2026-04-08,2026-04-21,Directors & Officers,18152.53,97389.24,115541.77,Open,0,
CL005227,T0035,2026-02-16,2026-04-09,Natural Catastrophe,41779.22,197173.92,238953.14,Open,0,
CL004546,T0651,2025-09-29,2025-10-24,Credit & Surety,6645.63,0.0,6645.63,Settled,0,
CL002728,T0067,2024-05-08,2024-05-16,Natural Catastrophe,237712.51212000003,0.0,237712.51212000003,Settled,0,
CL000806,T0108,2022-08-30,2022-08-30,Professional Indemnity,64948.84,0.0,64948.84,Settled,0,
CL003194,T0402,2024-08-23,2024-10-11,Directors & Officers,153428.80044,0.0,153428.80044,Settled,0,
CL001076,T0036,2022-09-27,2022-12-03,Political Risk,408786.26,0.0,408786.26,Settled,0,
CL003785,T0627,2025-03-17,2025-03-26,Auto Liability,88427.61,0.0,88427.61,Settled,0,
CL005220,T0087,2026-03-11,2026-04-06,Natural Catastrophe,53873.48,512611.53,566485.01,Open,0,
CL004048,T0359,2025-04-05,2025-06-08,Workers Compensation,12303.13,36998.88,49302.009999999995,Open,0,
CL002152,T0671,2023-09-28,2023-11-06,Workers Compensation,326721.99,0.0,326721.99,Settled,0,
CL002015,T0126,2023-09-14,2023-09-25,Fire & Explosion,16035.78,0.0,16035.78,Settled,0,
CL001398,T0061,2023-02-23,2023-03-03,Workers Compensation,5852.39,0.0,5852.39,Settled,0,
CL000474,T0014,2022-02-24,2022-03-20,Energy,344.51,3565.4,3909.91,Open,0,
CL005604,T0670,2026-05-21,2026-07-10,Marine Hull,167999.28,172322.12,340321.4,Open,0,
CL000419,T0314,2021-12-31,2022-02-12,General Liability,6170.77,0.0,6170.77,Settled,0,
CL000840,T0337,2022-08-26,2022-09-11,Workers Compensation,4439.16,0.0,4439.16,Settled,0,
CL003315,T0071,2024-11-15,2024-11-16,Energy,7881.9264,0.0,7881.9264,Settled,0,
CL003603,T0388,2025-01-13,2025-02-06,Business Interruption,176949.04,0.0,176949.04,Settled,0,
CL002348,T0323,2024-01-05,2024-01-17,Political Risk,47692.28,0.0,47692.28,Settled,0,
CL001227,T0677,2023-01-05,2023-01-12,Business Interruption,16735.68,34251.5,50987.18,Open,0,
CL003878,T0221,2025-04-09,2025-04-22,Workers Compensation,23510.61,162699.83,186210.44,Open,0,
CL000968,T0260,2022-09-01,2022-10-29,General Liability,29798.21,0.0,29798.21,Settled,0,
CL001321,T0292,2023-02-08,2023-02-10,Medical Malpractice,10337.976,0.0,10337.976,Settled,0,
CL004280,T0032,2025-08-01,2025-08-15,Natural Catastrophe,37931.17,0.0,37931.17,Settled,0,
CL000386,T0468,2022-01-04,2022-01-26,Fire & Explosion,26800.02,145571.79,172371.81,Open,0,
CL000916,T0044,2022-10-09,2022-10-10,Fire & Explosion,9798.92,0.0,9798.92,Settled,0,
CL000533,T0522,2022-02-17,2022-04-16,Fire & Explosion,14168.26,0.0,14168.26,Settled,0,
CL003352,T0160,2024-10-15,2024-11-27,General Liability,300173.65,0.0,300173.65,Settled,0,
CL003198,T0063,2024-10-10,2024-10-13,Credit & Surety,50654.656800000004,0.0,50654.656800000004,Settled,0,
CL000676,T0061,2022-07-03,2022-07-08,Auto Liability,101360.19,0.0,101360.19,Settled,0,
CL004444,T0370,2025-09-13,2025-09-28,Business Interruption,50662.098,60024.0672,110686.1652,Open,0,
CL002222,T0323,2023-11-03,2023-12-06,Aviation,78821.63,0.0,78821.63,Settled,0,
CL005252,T0209,2026-03-30,2026-04-16,Marine Hull,5159.13,6083.3,11242.43,Open,0,
CL003429,T0122,2024-11-20,2024-12-18,Fire & Explosion,65043.32,0.0,65043.32,Settled,0,
CL003939,T0327,2025-03-08,2025-05-05,Cyber,59503.084440000006,0.0,59503.084440000006,Settled,0,
CL004580,T0685,2025-10-21,2025-10-31,Workers Compensation,285163.86960000003,0.0,285163.86960000003,Settled,0,
CL004074,T0160,2025-05-04,2025-06-15,Workers Compensation,276829.28,0.0,276829.28,Settled,0,
CL002579,T0086,2024-01-18,2024-03-30,Cyber,33872.46,0.0,33872.46,Settled,0,
CL002407,T0649,2024-01-30,2024-02-03,Business Interruption,12186.07,5222.6,17408.67,Reopened,0,
CL005345,T0572,2026-03-20,2026-05-06,Workers Compensation,4414.1004,26361.6984,30775.798800000004,Open,0,
CL002704,T0665,2024-04-03,2024-05-04,Credit & Surety,206008.01,0.0,206008.01,Settled,0,
CL002414,T0273,2023-12-08,2024-02-05,Medical Malpractice,12960.2916,0.0,12960.2916,Settled,0,
CL002951,T0598,2024-07-14,2024-07-29,General Liability,18982.4,0.0,18982.4,Settled,0,
CL000721,T0687,2022-07-01,2022-07-29,General Liability,47765.27,0.0,47765.27,Settled,0,
CL004506,T0179,2025-09-22,2025-10-15,Auto Liability,316574.29,0.0,316574.29,Settled,0,
CL003052,T0516,2024-08-05,2024-09-02,Medical Malpractice,47120.97,0.0,47120.97,Settled,0,
CL004355,T0395,2025-09-03,2025-09-05,General Liability,7549.85,7741.74,15291.59,Open,0,
CL000534,T0682,2022-04-12,2022-04-16,Workers Compensation,5900.43,0.0,5900.43,Settled,0,
CL005858,T0244,2026-09-19,2026-09-21,General Liability,10926.36,76242.78,87169.14,Open,0,
CL005963,T0606,2026-09-13,2026-09-30,Natural Catastrophe,2147.9764,4227.9316,6375.907999999999,Open,0,
CL003621,T0037,2025-02-01,2025-02-11,Directors & Officers,11078.4348,0.0,11078.4348,Settled,0,
CL003921,T0370,2025-04-15,2025-04-29,Fire & Explosion,5971.0068,0.0,5971.0068,Settled,0,
CL002494,T0531,2024-02-22,2024-03-03,Medical Malpractice,107754.95880000001,0.0,107754.95880000001,Settled,0,
CL004349,T0483,2025-08-18,2025-09-04,Workers Compensation,2269.92,4498.87,6768.79,Open,0,
CL003143,T0353,2024-09-07,2024-09-29,Business Interruption,29162.33,0.0,29162.33,Settled,0,
CL005508,T0051,2026-06-11,2026-06-17,Fire & Explosion,90280.86,94404.02,184684.88,Open,0,
CL005745,T0002,2026-06-15,2026-08-19,Fire & Explosion,2020.9383,6688.3026,8709.2409,Open,0,
CL004984,T0553,2026-02-07,2026-02-08,Directors & Officers,30164.49,0.0,30164.49,Settled,0,
CL000839,T0196,2022-07-21,2022-09-11,Business Interruption,12748.6872,0.0,12748.6872,Settled,0,
CL004669,T0681,2025-11-09,2025-11-21,Natural Catastrophe,24105.21,0.0,24105.21,Settled,0,
CL000861,T0676,2022-07-16,2022-09-17,Auto Liability,189446.56,81191.39,270637.95,Reopened,0,
CL004072,T0012,2025-06-09,2025-06-15,Workers Compensation,11611.08,0.0,11611.08,Settled,0,
CL001545,T0655,2023-04-10,2023-04-15,Aviation,36527.19840000001,0.0,36527.19840000001,Settled,0,
CL000418,T0197,2022-02-06,2022-02-11,Cyber,33510.97,0.0,33510.97,Settled,0,
CL005801,T0092,2026-07-25,2026-09-05,Workers Compensation,5353.8624,44445.3588,49799.2212,Open,0,
CL002708,T0324,2024-04-24,2024-05-07,Credit & Surety,26651.41,0.0,26651.41,Settled,0,
CL004670,T0356,2025-11-08,2025-11-22,Workers Compensation,2747.45,7115.45,9862.9,Open,0,
CL003578,T0233,2025-01-23,2025-01-31,Credit & Surety,207643.25,0.0,207643.25,Settled,0,
CL005139,T0064,2026-02-21,2026-03-16,Fire & Explosion,30735.86,246481.86,277217.72,Open,0,
CL000276,T0664,2021-11-01,2021-11-07,Medical Malpractice,16300.22,0.0,16300.22,Settled,0,
CL000626,T0281,2022-04-17,2022-06-09,Business Interruption,51316.718400000005,0.0,51316.718400000005,Settled,0,
CL003415,T0128,2024-11-19,2024-12-15,Professional Indemnity,5817.1284,0.0,5817.1284,Settled,0,
CL002773,T0369,2024-05-23,2024-06-02,General Liability,37068.46,0.0,37068.46,Settled,0,
CL002282,T0274,2023-10-09,2023-12-28,Marine Hull,211203.8388,0.0,211203.8388,Settled,0,
CL000715,T0282,2022-07-22,2022-07-28,Fire & Explosion,15537.71,84030.2,99567.91,Open,0,
CL002042,T0136,2023-08-01,2023-10-04,Auto Liability,21309.02,0.0,21309.02,Settled,0,
CL002857,T0304,2024-05-17,2024-06-29,Fire & Explosion,317003.36,0.0,317003.36,Settled,0,
CL005095,T0413,2026-02-21,2026-03-04,Fire & Explosion,88554.0266,435912.387,524466.4136,Open,0,
CL002726,T0033,2024-05-13,2024-05-15,General Liability,53031.49,0.0,53031.49,Settled,0,
CL000602,T0176,2022-05-08,2022-05-28,Medical Malpractice,327762.01,0.0,327762.01,Settled,0,
CL001322,T0292,2023-01-19,2023-02-10,Professional Indemnity,132514.01280000003,0.0,132514.01280000003,Settled,0,
CL000583,T0340,2022-05-09,2022-05-13,Business Interruption,8694.86,29529.99,38224.850000000006,Open,0,
CL003297,T0348,2024-10-26,2024-11-10,Business Interruption,5729.66,0.0,5729.66,Settled,0,
CL003064,T0271,2024-08-19,2024-09-05,Aviation,4953.96,0.0,4953.96,Settled,0,
CL004792,T0280,2025-11-27,2025-12-24,Natural Catastrophe,47701.41,93067.37,140768.78,Open,0,
CL004235,T0279,2025-02-21,2025-08-02,Energy,66294.0828,0.0,66294.0828,Settled,0,
CL005216,T0154,2026-03-31,2026-04-05,Professional Indemnity,70528.41,71998.74,142527.15000000002,Open,0,
CL002058,T0031,2023-10-02,2023-10-09,Auto Liability,34349.6802,0.0,34349.6802,Settled,0,
CL000212,T0361,2021-09-04,2021-10-01,Workers Compensation,12652.17,0.0,12652.17,Settled,0,
CL003968,T0382,2025-05-12,2025-05-14,Auto Liability,193450.7988,0.0,193450.7988,Settled,0,
CL004458,T0500,2025-09-21,2025-10-02,Credit & Surety,42684.28,18293.27,60977.55,Reopened,0,
CL000302,T0175,2021-10-12,2021-12-03,General Liability,5509.96,0.0,5509.96,Settled,0,
CL000355,T0544,2021-12-16,2022-01-04,Directors & Officers,149479.5,0.0,149479.5,Settled,0,
CL004793,T0471,2025-12-10,2025-12-24,Business Interruption,8180.6004,0.0,8180.6004,Settled,0,
CL004942,T0487,2026-01-23,2026-01-27,Natural Catastrophe,72723.32,0.0,72723.32,Settled,0,
CL001833,T0059,2023-05-22,2023-07-20,Political Risk,193475.61,0.0,193475.61,Settled,0,
CL001837,T0137,2023-07-05,2023-07-21,Professional Indemnity,37293.25,0.0,37293.25,Settled,0,
CL004466,T0079,2025-07-24,2025-10-05,Fire & Explosion,7906.54,0.0,7906.54,Settled,0,
CL001921,T0466,2023-07-23,2023-08-22,Business Interruption,78365.25,0.0,78365.25,Settled,0,
CL005686,T0523,2026-07-19,2026-08-03,Natural Catastrophe,4461.6852,10330.480800000001,14792.166000000001,Open,0,
CL002267,T0137,2023-12-15,2023-12-23,Professional Indemnity,26142.41,11203.89,37346.3,Reopened,0,
CL005174,T0099,2026-03-26,2026-03-26,Marine Hull,28349.27,41434.86,69784.13,Open,0,
CL000867,T0653,2022-09-05,2022-09-20,Business Interruption,86253.49,0.0,86253.49,Settled,0,
CL004145,T0370,2025-05-18,2025-07-09,Business Interruption,24094.5624,0.0,24094.5624,Settled,0,
CL000949,T0626,2022-10-20,2022-10-20,Marine Hull,32892.3612,0.0,32892.3612,Settled,0,
CL005712,T0543,2026-05-09,2026-08-08,Medical Malpractice,605.48,655.9,1261.38,Open,0,
CL001015,T0296,2022-09-29,2022-11-12,Fire & Explosion,102881.53,0.0,102881.53,Settled,0,
CL000960,T0258,2022-10-14,2022-10-26,Aviation,85760.84,135254.49,221015.33,Open,0,
CL002203,T0671,2023-11-27,2023-11-28,Workers Compensation,118141.93,0.0,118141.93,Settled,0,
CL003368,T0129,2024-11-22,2024-12-01,Auto Liability,5223.56,0.0,5223.56,Settled,0,
CL004916,T0406,2026-01-08,2026-01-24,Aviation,20706.8293,66457.7665,87164.5958,Open,0,
CL005958,T0579,2026-08-28,2026-09-30,Directors & Officers,6791.19,17074.22,23865.41,Open,0,
CL003518,T0348,2024-12-25,2025-01-12,Fire & Explosion,46721.55,0.0,46721.55,Settled,0,
CL001179,T0354,2022-12-21,2022-12-30,Auto Liability,8816.7,0.0,8816.7,Settled,0,
CL004104,T0382,2025-06-18,2025-06-24,Auto Liability,34432.9812,98952.9696,133385.9508,Open,0,
CL003192,T0285,2024-10-08,2024-10-11,Marine Hull,173708.74,0.0,173708.74,Settled,0,
CL000741,T0680,2022-07-30,2022-08-04,Natural Catastrophe,88779.07,0.0,88779.07,Settled,0,
CL005685,T0307,2026-06-06,2026-08-03,General Liability,41015.1,46676.75,87691.85,Open,0,
CL003524,T0440,2024-12-15,2025-01-14,Marine Hull,132016.23,0.0,132016.23,Settled,0,
CL002469,T0574,2024-02-01,2024-02-24,Workers Compensation,179845.0668,0.0,179845.0668,Settled,0,
CL002187,T0617,2023-10-22,2023-11-22,Workers Compensation,29553.422400000003,35296.92048,64850.342880000004,Open,0,
CL003777,T0246,2025-03-05,2025-03-25,Auto Liability,141519.9816,0.0,141519.9816,Settled,0,
CL002589,T0165,2024-03-22,2024-04-01,Workers Compensation,25855.729200000005,0.0,25855.729200000005,Settled,0,
CL000324,T0675,2021-11-27,2021-12-15,Energy,156939.04,0.0,156939.04,Settled,0,
CL000083,T0615,2021-04-16,2021-06-10,Professional Indemnity,140334.1956,0.0,140334.1956,Settled,0,
CL005828,T0152,2026-08-20,2026-09-13,Fire & Explosion,17759.5911,98960.8765,116720.4676,Open,0,
CL000356,T0664,2021-12-30,2022-01-04,Professional Indemnity,148204.68,0.0,148204.68,Settled,0,
CL004926,T0178,2026-01-23,2026-01-25,Cyber,31429.33,52367.7,83797.03,Open,0,
CL000693,T0098,2022-07-07,2022-07-21,Natural Catastrophe,30618.7452,0.0,30618.7452,Settled,0,
CL000514,T0287,2022-03-22,2022-04-08,Aviation,97787.72520000002,41909.022000000004,139696.7472,Reopened,0,
CL001734,T0084,2023-06-03,2023-06-19,Aviation,175810.91,0.0,175810.91,Settled,0,
CL003247,T0181,2024-10-12,2024-10-27,Workers Compensation,7668.3,0.0,7668.3,Settled,0,
CL003007,T0690,2024-08-13,2024-08-19,Aviation,169769.99,0.0,169769.99,Settled,0,
CL004720,T0341,2025-11-29,2025-12-05,Marine Hull,50054.79,0.0,50054.79,Settled,0,
CL001358,T0196,2023-02-06,2023-02-20,Fire & Explosion,6739.4592,0.0,6739.4592,Settled,0,
CL002938,T0216,2024-06-23,2024-07-25,Aviation,4444.31,0.0,4444.31,Settled,0,
CL004963,T0365,2026-01-02,2026-02-02,Political Risk,1993.7124000000001,64332.630000000005,66326.34240000001,Open,0,
CL000472,T0590,2022-03-10,2022-03-19,Directors & Officers,11743.42,0.0,11743.42,Settled,0,
CL004721,T0450,2025-11-19,2025-12-05,Auto Liability,137388.79,2438283.99,2575672.7800000003,Open,0,
CL001064,T0504,2022-10-14,2022-11-29,Auto Liability,104446.41,0.0,104446.41,Settled,0,
CL004758,T0651,2025-09-06,2025-12-13,Directors & Officers,2400.71,9100.99,11501.7,Open,0,
CL002891,T0350,2024-04-25,2024-07-10,Workers Compensation,20557.79832,8810.48496,29368.28328,Reopened,0,
CL002054,T0123,2023-09-24,2023-10-08,Fire & Explosion,509171.9,0.0,509171.9,Settled,0,
CL005594,T0341,2026-06-25,2026-07-08,Energy,264.8,558.0,822.8,Open,0,
CL005181,T0479,2026-03-09,2026-03-28,General Liability,14321.8916,0.0,14321.8916,Settled,0,
CL004346,T0097,2025-08-07,2025-09-03,Medical Malpractice,9229.302,0.0,9229.302,Settled,0,
CL001005,T0144,2022-11-06,2022-11-09,General Liability,251388.44,0.0,251388.44,Settled,0,
CL001759,T0492,2023-06-21,2023-06-30,Professional Indemnity,16135.1,0.0,16135.1,Settled,0,
CL005800,T0074,2026-08-22,2026-09-05,Natural Catastrophe,546144.08,0.0,546144.08,Settled,0,
CL005793,T0325,2026-08-03,2026-09-01,Fire & Explosion,1206.44,4754.84,5961.280000000001,Open,0,
CL005681,T0429,2026-07-30,2026-08-02,Cyber,2233.04,14601.57,16834.61,Open,0,
CL002167,T0021,2023-09-07,2023-11-13,Professional Indemnity,246030.45,0.0,246030.45,Settled,0,
CL001575,T0144,2023-02-10,2023-04-26,Auto Liability,71220.38,30523.02,101743.40000000001,Reopened,0,
CL004606,T0194,2025-10-22,2025-11-07,Fire & Explosion,26913.2652,0.0,26913.2652,Settled,0,
CL000140,T0161,2021-07-17,2021-07-27,Cyber,41846.036400000005,0.0,41846.036400000005,Settled,0,
CL001880,T0631,2023-07-20,2023-08-06,Cyber,10106.1,0.0,10106.1,Settled,0,
CL005517,T0243,2026-06-03,2026-06-19,Marine Hull,1448.12,24045.92,25494.039999999997,Open,0,
CL001997,T0039,2023-09-01,2023-09-22,Marine Hull,435011.23,0.0,435011.23,Settled,0,
CL004024,T0599,2025-04-11,2025-06-02,Workers Compensation,2830.03,5115.89,7945.92,Open,0,
CL000237,T0542,2021-10-06,2021-10-16,Aviation,143492.84,0.0,143492.84,Settled,0,
CL002175,T0531,2023-10-06,2023-11-18,Medical Malpractice,27501.271200000003,0.0,27501.271200000003,Settled,0,
CL002471,T0119,2024-02-15,2024-02-25,General Liability,8573.74,0.0,8573.74,Settled,0,
CL003581,T0595,2025-01-23,2025-02-01,Credit & Surety,25921.6524,0.0,25921.6524,Settled,0,
CL002395,T0271,2023-12-26,2024-01-30,Marine Hull,68280.4836,0.0,68280.4836,Settled,0,
CL002441,T0497,2024-02-11,2024-02-16,General Liability,134300.95,0.0,134300.95,Settled,0,
CL002269,T0482,2023-12-16,2023-12-23,Workers Compensation,258150.83,0.0,258150.83,Settled,0,
CL001315,T0286,2023-01-30,2023-02-08,Marine Hull,154699.38360000003,0.0,154699.38360000003,Settled,0,
CL004863,T0095,2025-12-19,2026-01-13,Energy,90285.05,0.0,90285.05,Settled,0,
CL000914,T0396,2022-10-02,2022-10-09,Marine Hull,119988.21,0.0,119988.21,Settled,0,
CL004211,T0652,2025-07-19,2025-07-27,Energy,10222.7304,11867.82228,22090.55268,Open,0,
CL000373,T0293,2021-12-19,2022-01-17,Business Interruption,291685.29839999997,0.0,291685.29839999997,Settled,0,
CL005404,T0028,2026-04-27,2026-05-20,Workers Compensation,41127.1,57386.31,98513.41,Open,0,
CL004344,T0568,2025-08-06,2025-09-02,Fire & Explosion,319014.56964,0.0,319014.56964,Settled,0,
CL001992,T0337,2023-08-20,2023-09-19,General Liability,47741.65,0.0,47741.65,Settled,0,
CL000310,T0134,2021-12-02,2021-12-10,Fire & Explosion,53865.41,0.0,53865.41,Settled,0,
CL003523,T0129,2024-12-28,2025-01-14,Workers Compensation,8331.4,0.0,8331.4,Settled,0,
CL002628,T0330,2024-04-03,2024-04-11,Professional Indemnity,67229.33,0.0,67229.33,Settled,0,
CL002208,T0622,2023-10-25,2023-12-01,Marine Hull,8401.7094,0.0,8401.7094,Settled,0,
CL003334,T0054,2024-11-22,2024-11-23,General Liability,98258.7996,0.0,98258.7996,Settled,0,
CL004837,T0188,2025-11-12,2026-01-04,Auto Liability,25700.75,35134.63,60835.38,Open,0,
CL001633,T0290,2023-03-14,2023-05-17,Workers Compensation,62371.5,0.0,62371.5,Settled,0,
CL004545,T0585,2025-09-27,2025-10-24,Workers Compensation,2761.8084000000003,50591.79,53353.59840000001,Open,0,
CL005425,T0058,2026-04-25,2026-05-27,Energy,1737.91,4841.97,6579.88,Open,0,
CL002787,T0015,2024-06-06,2024-06-08,Natural Catastrophe,83758.0,35896.28,119654.28,Reopened,0,
CL003591,T0353,2025-01-10,2025-02-04,Fire & Explosion,175031.32,0.0,175031.32,Settled,0,
CL000787,T0223,2022-08-13,2022-08-24,Natural Catastrophe,509052.37,0.0,509052.37,Settled,0,
CL000318,T0676,2021-11-15,2021-12-12,General Liability,58932.78,0.0,58932.78,Settled,0,
CL000415,T0349,2022-02-03,2022-02-10,Directors & Officers,138555.77,0.0,138555.77,Settled,0,
CL000218,T0542,2021-08-23,2021-10-04,Political Risk,88487.67,174476.71,262964.38,Open,0,
CL001722,T0250,2023-06-10,2023-06-14,Aviation,35914.7736,0.0,35914.7736,Settled,0,
CL004197,T0298,2025-07-18,2025-07-23,General Liability,12732.422400000001,21353.1228,34085.54520000001,Open,0,
CL004261,T0019,2025-06-03,2025-08-10,Cyber,10980.08,0.0,10980.08,Settled,0,
CL001938,T0570,2023-08-07,2023-08-30,Directors & Officers,58999.62528000001,0.0,58999.62528000001,Settled,0,
CL003761,T0125,2025-03-11,2025-03-22,Auto Liability,283749.4,0.0,283749.4,Settled,0,
CL004103,T0646,2025-06-18,2025-06-23,Fire & Explosion,3439.0764,32771.4444,36210.520800000006,Open,0,
CL003542,T0369,2025-01-09,2025-01-19,Workers Compensation,38878.45,0.0,38878.45,Settled,0,
CL003156,T0460,2024-08-18,2024-10-02,Auto Liability,114982.5672,0.0,114982.5672,Settled,0,
CL004402,T0637,2025-08-20,2025-09-16,Aviation,48383.59,0.0,48383.59,Settled,0,
CL004386,T0288,2025-08-26,2025-09-13,General Liability,71845.82,30791.07,102636.89000000001,Reopened,0,
CL000132,T0309,2021-05-30,2021-07-21,Workers Compensation,39910.071599999996,0.0,39910.071599999996,Settled,0,
CL002038,T0236,2023-09-05,2023-10-02,Auto Liability,13921.48,0.0,13921.48,Settled,0,
CL000610,T0061,2022-05-31,2022-06-02,Auto Liability,22342.7,0.0,22342.7,Settled,0,
CL003101,T0401,2024-09-06,2024-09-18,Energy,514236.55,0.0,514236.55,Settled,0,
CL004062,T0465,2025-06-10,2025-06-13,Business Interruption,2370.2626800000003,3254.7717599999996,5625.03444,Open,0,
CL002302,T0145,2023-12-30,2024-01-04,Fire & Explosion,13840.69,0.0,13840.69,Settled,0,
CL002680,T0043,2024-04-25,2024-04-28,Credit & Surety,306131.5944,0.0,306131.5944,Settled,0,
CL004570,T0683,2025-09-27,2025-10-29,General Liability,6241.8,24015.6,30257.399999999998,Open,0,
CL004096,T0054,2025-06-04,2025-06-22,General Liability,3470.0508000000004,18127.335600000002,21597.386400000003,Open,0,
CL003311,T0122,2024-09-04,2024-11-15,Fire & Explosion,64953.66,0.0,64953.66,Settled,0,
CL004146,T0388,2025-04-09,2025-07-09,Natural Catastrophe,277811.49,864732.22,1142543.71,Open,0,
CL001392,T0422,2023-02-15,2023-03-01,Fire & Explosion,592328.69,0.0,592328.69,Settled,0,
CL001928,T0296,2023-07-29,2023-08-24,Fire & Explosion,129975.57,0.0,129975.57,Settled,0,
CL005726,T0400,2026-07-17,2026-08-11,Business Interruption,242640.42,0.0,242640.42,Settled,0,
CL001804,T0566,2023-05-11,2023-07-11,Business Interruption,20538.1116,67769.78400000001,88307.89560000002,Open,0,
CL000681,T0196,2022-05-17,2022-07-10,Fire & Explosion,7970.097600000001,0.0,7970.097600000001,Settled,0,
CL001674,T0561,2023-05-27,2023-05-31,Fire & Explosion,37313.53,0.0,37313.53,Settled,0,
CL003847,T0276,2025-04-05,2025-04-14,Cyber,16173.0,48236.92,64409.92,Open,0,
CL002643,T0624,2024-04-09,2024-04-14,Natural Catastrophe,11324.75,13305.46,24630.21,Open,0,
CL004776,T0173,2025-12-13,2025-12-20,Professional Indemnity,9197.51,12056.65,21254.16,Open,0,
CL001500,T0451,2023-03-29,2023-04-04,Political Risk,12963.29,0.0,12963.29,Settled,0,
CL002241,T0624,2023-12-01,2023-12-14,Natural Catastrophe,49178.08,0.0,49178.08,Settled,0,
CL005400,T0365,2026-05-15,2026-05-19,Aviation,48446.046,0.0,48446.046,Settled,0,
CL003547,T0567,2025-01-04,2025-01-20,Business Interruption,84879.70548,0.0,84879.70548,Settled,0,
CL001677,T0026,2023-06-01,2023-06-02,Workers Compensation,29918.05,0.0,29918.05,Settled,0,
CL001693,T0123,2023-06-01,2023-06-07,Natural Catastrophe,111843.71,0.0,111843.71,Settled,0,
CL004740,T0154,2025-12-03,2025-12-10,Medical Malpractice,12043.2,193092.99,205136.19,Open,0,
CL003698,T0079,2025-02-26,2025-03-01,Natural Catastrophe,208.54,0.0,208.54,Settled,0,
CL004516,T0198,2025-08-08,2025-10-18,Fire & Explosion,46132.59,0.0,46132.59,Settled,0,
CL000266,T0066,2021-09-01,2021-11-03,Fire & Explosion,42463.43,0.0,42463.43,Settled,0,
CL005366,T0523,2026-05-10,2026-05-11,Business Interruption,6955.0272,0.0,6955.0272,Settled,0,
CL000282,T0453,2021-10-15,2021-11-14,Professional Indemnity,190742.7,0.0,190742.7,Settled,0,
CL004207,T0291,2025-07-02,2025-07-26,Business Interruption,1665.99,127467.27,129133.26000000001,Open,0,
CL002413,T0254,2023-12-28,2024-02-05,Professional Indemnity,11146.08,0.0,11146.08,Settled,0,
CL001562,T0096,2023-04-15,2023-04-22,Professional Indemnity,1504.4724,32543.607600000003,34048.08,Open,0,
CL002632,T0666,2024-04-06,2024-04-11,Energy,328292.9045,770689.8226000001,1098982.7271,Open,0,
CL005905,T0085,2026-08-21,2026-09-30,Directors & Officers,14635.25268,31546.28328,46181.53596,Open,0,
CL000147,T0380,2021-06-26,2021-07-31,Business Interruption,11603.4768,0.0,11603.4768,Settled,0,
CL002173,T0049,2023-11-18,2023-11-18,Directors & Officers,307115.03,0.0,307115.03,Settled,0,
CL000448,T0541,2022-02-28,2022-02-28,Energy,47825.95,0.0,47825.95,Settled,0,
CL003227,T0586,2024-07-25,2024-10-23,Medical Malpractice,1292.5008,2261.196,3553.6968,Open,0,
CL000927,T0061,2022-09-26,2022-10-14,Workers Compensation,67061.65,0.0,67061.65,Settled,0,
CL004934,T0391,2025-12-08,2026-01-26,Natural Catastrophe,88709.2644,0.0,88709.2644,Settled,0,
CL002969,T0629,2024-06-24,2024-08-02,Marine Hull,5571.79,0.0,5571.79,Settled,0,
CL000557,T0342,2022-04-25,2022-04-27,Directors & Officers,44134.740000000005,0.0,44134.740000000005,Settled,0,
CL005112,T0465,2026-03-04,2026-03-09,Natural Catastrophe,24833.49,10642.9242,35476.4142,Reopened,0,
CL001311,T0171,2023-02-04,2023-02-07,Cyber,14875.3,0.0,14875.3,Settled,0,
CL001091,T0317,2022-11-12,2022-12-08,Medical Malpractice,100721.49,0.0,100721.49,Settled,0,
CL001568,T0411,2023-03-13,2023-04-24,Natural Catastrophe,14622.606000000002,0.0,14622.606000000002,Settled,0,
CL003419,T0366,2024-11-30,2024-12-16,Fire & Explosion,89749.18,449723.96,539473.14,Open,0,
CL003094,T0639,2024-09-09,2024-09-16,Political Risk,117675.65,0.0,117675.65,Settled,0,
CL004113,T0097,2025-05-06,2025-06-27,Medical Malpractice,34210.8036,0.0,34210.8036,Settled,0,
CL003980,T0366,2025-05-14,2025-05-18,Fire & Explosion,86233.55,0.0,86233.55,Settled,0,
CL003876,T0179,2025-03-31,2025-04-22,Workers Compensation,161796.24,0.0,161796.24,Settled,0,
CL004240,T0204,2025-05-29,2025-08-04,Natural Catastrophe,20073.03,26221.05,46294.08,Open,0,
CL005170,T0270,2026-03-25,2026-03-25,Auto Liability,64790.828,175478.60510000002,240269.4331,Open,0,
CL001461,T0354,2023-03-19,2023-03-22,General Liability,161321.22,0.0,161321.22,Settled,0,
CL002118,T0671,2023-10-21,2023-10-26,Workers Compensation,217345.84,0.0,217345.84,Settled,0,
CL003677,T0629,2024-12-20,2025-02-24,Marine Hull,61934.15,0.0,61934.15,Settled,0,
CL005403,T0662,2026-05-09,2026-05-19,Fire & Explosion,1854.91,8403.59,10258.5,Open,0,
CL003914,T0022,2025-03-09,2025-04-29,Professional Indemnity,172094.74956000003,0.0,172094.74956000003,Settled,0,
CL005708,T0596,2026-07-31,2026-08-07,Professional Indemnity,53387.3916,74354.53319999999,127741.92480000001,Open,0,
CL005424,T0549,2026-05-21,2026-05-26,General Liability,16245.75,106553.33,122799.08,Open,0,
CL004411,T0037,2025-08-27,2025-09-19,Directors & Officers,47924.9676,0.0,47924.9676,Settled,0,
CL000311,T0349,2021-10-22,2021-12-10,Cyber,43732.13,0.0,43732.13,Settled,0,
CL004241,T0184,2025-07-20,2025-08-05,General Liability,21759.8508,0.0,21759.8508,Settled,0,
CL002188,T0591,2023-10-29,2023-11-23,Marine Hull,37428.91,0.0,37428.91,Settled,0,
CL001198,T0581,2022-12-05,2023-01-05,Fire & Explosion,37197.39,102936.48,140133.87,Open,0,
CL004718,T0080,2025-12-02,2025-12-05,Natural Catastrophe,347258.10240000003,0.0,347258.10240000003,Settled,0,
CL003849,T0694,2025-04-14,2025-04-14,Marine Hull,440975.27,0.0,440975.27,Settled,0,
CL000860,T0260,2022-08-23,2022-09-17,General Liability,78034.96,0.0,78034.96,Settled,0,
CL004194,T0599,2025-07-10,2025-07-21,General Liability,2744.05,0.0,2744.05,Settled,0,
CL003067,T0181,2024-09-05,2024-09-06,General Liability,168580.34,0.0,168580.34,Settled,0,
CL001377,T0561,2023-02-12,2023-02-25,Fire & Explosion,28305.17,31824.83,60130.0,Open,0,
CL003181,T0129,2024-09-28,2024-10-09,Auto Liability,34785.5,0.0,34785.5,Settled,0,
CL001167,T0044,2022-12-26,2022-12-28,Fire & Explosion,133743.79,0.0,133743.79,Settled,0,
CL003332,T0595,2024-10-08,2024-11-22,Cyber,62436.81960000001,0.0,62436.81960000001,Settled,0,
CL004674,T0261,2025-11-06,2025-11-23,General Liability,152931.61800000002,65542.122,218473.74000000002,Reopened,0,
CL001932,T0034,2023-08-15,2023-08-28,Natural Catastrophe,1992.52,0.0,1992.52,Settled,0,
CL003158,T0586,2024-09-27,2024-10-02,Medical Malpractice,33777.2592,0.0,33777.2592,Settled,0,
CL000254,T0293,2021-10-17,2021-10-29,Business Interruption,81163.39319999999,0.0,81163.39319999999,Settled,0,
CL001045,T0481,2022-10-30,2022-11-23,Marine Hull,10091.35,0.0,10091.35,Settled,0,
CL001474,T0492,2023-02-05,2023-03-27,Medical Malpractice,29949.67,65780.85,95730.52,Open,0,
CL004042,T0143,2025-05-17,2025-06-07,Fire & Explosion,59964.32,80130.82,140095.14,Open,0,
CL002766,T0666,2024-05-26,2024-05-28,Marine Hull,11833.377400000001,0.0,11833.377400000001,Settled,0,
CL004015,T0239,2025-05-22,2025-05-29,Medical Malpractice,5410.99,18289.04,23700.03,Open,0,
CL003562,T0353,2025-01-04,2025-01-25,Natural Catastrophe,468022.49,0.0,468022.49,Settled,0,
CL000859,T0006,2022-08-29,2022-09-17,Professional Indemnity,1546.92,0.0,1546.92,Settled,0,
CL002616,T0369,2024-04-08,2024-04-08,General Liability,78193.27,0.0,78193.27,Settled,0,
CL004183,T0382,2025-07-01,2025-07-19,Auto Liability,8245.8756,0.0,8245.8756,Settled,0,
CL003273,T0498,2024-10-30,2024-11-01,Workers Compensation,36146.65,0.0,36146.65,Settled,0,
CL000268,T0590,2021-10-14,2021-11-03,Directors & Officers,3002.52,1286.8,4289.32,Reopened,0,
CL003526,T0275,2024-11-26,2025-01-15,General Liability,31991.48,0.0,31991.48,Settled,0,
CL002467,T0167,2024-01-24,2024-02-24,Medical Malpractice,26734.44,0.0,26734.44,Settled,0,
CL000746,T0464,2022-07-26,2022-08-06,Cyber,466223.0,0.0,466223.0,Settled,0,
CL001758,T0274,2023-05-15,2023-06-30,Energy,15339.337200000002,0.0,15339.337200000002,Settled,0,
CL004310,T0087,2025-07-25,2025-08-25,Business Interruption,46994.89,0.0,46994.89,Settled,0,
CL001531,T0112,2023-04-01,2023-04-13,Natural Catastrophe,101970.0,0.0,101970.0,Settled,0,
CL004490,T0203,2025-08-08,2025-10-13,Political Risk,76819.32168,0.0,76819.32168,Settled,0,
CL001520,T0631,2023-02-20,2023-04-08,Directors & Officers,20389.14,0.0,20389.14,Settled,0,
CL001789,T0059,2023-06-26,2023-07-09,Energy,110859.87,0.0,110859.87,Settled,0,
CL003189,T0381,2024-09-26,2024-10-10,Business Interruption,497782.53,0.0,497782.53,Settled,0,
CL001329,T0672,2023-01-06,2023-02-11,Natural Catastrophe,84134.46,36057.62,120192.08000000002,Reopened,0,
CL000126,T0576,2021-07-16,2021-07-16,Energy,11789.29,0.0,11789.29,Settled,0,
CL005055,T0601,2026-02-20,2026-02-24,Workers Compensation,23401.850400000003,30810.9636,54212.814000000006,Open,0,
CL003721,T0347,2025-02-25,2025-03-09,Auto Liability,80812.4688,0.0,80812.4688,Settled,0,
CL005509,T0058,2026-06-07,2026-06-17,Energy,10000.87,16133.36,26134.230000000003,Open,0,
CL000245,T0545,2021-08-27,2021-10-21,Auto Liability,580135.1544000001,0.0,580135.1544000001,Settled,0,
CL003060,T0426,2024-09-04,2024-09-04,Business Interruption,48223.15,0.0,48223.15,Settled,0,
CL002459,T0273,2024-01-06,2024-02-22,Medical Malpractice,671.8248,33223.1328,33894.9576,Open,0,
CL000731,T0044,2022-07-19,2022-08-02,Natural Catastrophe,22525.0,0.0,22525.0,Settled,0,
CL003837,T0125,2025-03-21,2025-04-11,Auto Liability,76441.59,0.0,76441.59,Settled,0,
CL003623,T0242,2025-01-22,2025-02-11,Political Risk,326578.61,0.0,326578.61,Settled,0,
CL001882,T0345,2023-07-31,2023-08-08,Professional Indemnity,91391.37120000001,0.0,91391.37120000001,Settled,0,
CL002034,T0112,2023-08-29,2023-10-01,Fire & Explosion,48393.48,0.0,48393.48,Settled,0,
CL000872,T0464,2022-06-28,2022-09-23,Credit & Surety,1357355.12,0.0,1357355.12,Settled,0,
CL004035,T0465,2025-05-22,2025-06-05,Natural Catastrophe,44078.06016,0.0,44078.06016,Settled,0,
CL003420,T0386,2024-11-23,2024-12-16,Fire & Explosion,21224.149200000003,0.0,21224.149200000003,Settled,0,
CL000146,T0230,2021-07-30,2021-07-31,Energy,185850.31,0.0,185850.31,Settled,0,
CL002468,T0241,2024-02-12,2024-02-24,Cyber,7373.06,0.0,7373.06,Settled,0,
CL001831,T0268,2023-05-03,2023-07-19,Energy,40418.96,260366.91,300785.87,Open,0,
CL001489,T0672,2023-03-02,2023-03-30,Fire & Explosion,247399.92,0.0,247399.92,Settled,0,
CL005351,T0005,2026-03-02,2026-05-08,Natural Catastrophe,3504.47,3703.76,7208.23,Open,0,
CL003291,T0473,2024-10-30,2024-11-08,Business Interruption,21631.9227,0.0,21631.9227,Settled,0,
CL002031,T0345,2023-09-25,2023-09-30,Medical Malpractice,34283.8332,0.0,34283.8332,Settled,0,
CL001594,T0171,2023-04-29,2023-05-03,Directors & Officers,8724.88,30022.92,38747.799999999996,Open,0,
CL000190,T0551,2021-09-04,2021-09-16,Natural Catastrophe,660153.3804,0.0,660153.3804,Settled,0,
CL002929,T0547,2024-07-04,2024-07-22,Workers Compensation,13619.156400000002,0.0,13619.156400000002,Settled,0,
CL005186,T0575,2026-02-05,2026-03-29,Fire & Explosion,601.3,0.0,601.3,Settled,0,
CL002556,T0535,2024-03-19,2024-03-22,Political Risk,23440.63,0.0,23440.63,Settled,0,
CL005376,T0301,2026-04-16,2026-05-15,General Liability,3184.64,0.0,3184.64,Settled,0,
CL004757,T0601,2025-11-28,2025-12-13,Workers Compensation,16160.7204,38348.8344,54509.5548,Open,0,
CL004272,T0280,2025-08-03,2025-08-13,Business Interruption,1561.36,7100.61,8661.97,Open,0,
CL002600,T0454,2024-03-19,2024-04-04,Energy,221090.08,0.0,221090.08,Settled,0,
CL004431,T0054,2025-08-03,2025-09-24,Auto Liability,9486.8604,64384.8372,73871.6976,Open,0,
CL000957,T0206,2022-10-20,2022-10-24,Natural Catastrophe,1840.5039599999998,0.0,1840.5039599999998,Settled,0,
CL003250,T0517,2024-10-21,2024-10-27,Cyber,4175.280000000001,0.0,4175.280000000001,Settled,0,
CL002130,T0264,2023-08-26,2023-10-30,Medical Malpractice,28798.6104,56605.28400000001,85403.89440000002,Open,0,
CL002338,T0611,2024-01-06,2024-01-14,Political Risk,2909.39,32047.51,34956.9,Open,0,
CL005494,T0613,2026-06-06,2026-06-11,Professional Indemnity,32740.92,54472.48,87213.4,Open,0,
CL000728,T0292,2022-07-25,2022-08-01,Medical Malpractice,15931.512,0.0,15931.512,Settled,0,
CL003046,T0118,2024-06-02,2024-09-02,Business Interruption,296641.05,0.0,296641.05,Settled,0,
CL001551,T0477,2023-01-24,2023-04-17,Natural Catastrophe,31438.098,0.0,31438.098,Settled,0,
CL003325,T0195,2024-10-21,2024-11-20,Business Interruption,25220.677200000002,0.0,25220.677200000002,Settled,0,
CL004683,T0563,2025-11-15,2025-11-25,Directors & Officers,2836.84,13420.08,16256.92,Open,0,
CL005884,T0085,2026-09-01,2026-09-29,Directors & Officers,20927.15256,30920.31576,51847.46831999999,Open,0,
CL004136,T0372,2025-06-10,2025-07-07,Political Risk,3136776.7320000003,0.0,3136776.7320000003,Settled,0,
CL002877,T0648,2024-05-11,2024-07-04,Fire & Explosion,752116.0176,0.0,752116.0176,Settled,0,
CL005694,T0103,2026-07-25,2026-08-05,Business Interruption,1196.9964,66865.2516,68062.248,Open,0,
CL001196,T0193,2022-12-25,2023-01-05,Fire & Explosion,7096.24,0.0,7096.24,Settled,0,
CL004938,T0162,2026-01-25,2026-01-27,Workers Compensation,8420.3,35055.22,43475.520000000004,Open,0,
CL000020,T0309,2021-03-03,2021-03-25,Auto Liability,8633.0556,0.0,8633.0556,Unmapped,0,unmapped_status
CL005357,T0374,2026-04-11,2026-05-09,Business Interruption,25828.092000000004,39454.689600000005,65282.78160000001,Open,0,
CL003573,T0469,2024-12-31,2025-01-29,Political Risk,32535.25,0.0,32535.25,Settled,0,
CL000945,T0636,2022-10-14,2022-10-19,General Liability,9853.488000000001,0.0,9853.488000000001,Settled,0,
CL005323,T0607,2026-04-13,2026-04-29,Credit & Surety,253492.10280000002,319681.134,573173.2368,Open,0,
CL001729,T0050,2023-06-13,2023-06-16,General Liability,356239.7712,0.0,356239.7712,Settled,0,
CL003537,T0388,2024-11-22,2025-01-17,Natural Catastrophe,26031.52,0.0,26031.52,Settled,0,
CL001018,T0283,2022-10-27,2022-11-14,Auto Liability,2276899.2108,0.0,2276899.2108,Settled,0,
CL003995,T0500,2025-05-11,2025-05-22,Directors & Officers,71119.8,0.0,71119.8,Settled,0,
CL005562,T0244,2026-06-26,2026-07-01,Auto Liability,111132.38,0.0,111132.38,Settled,0,
CL000539,T0554,2022-04-02,2022-04-18,Political Risk,7749.7884,0.0,7749.7884,Settled,0,
CL001480,T0421,2023-03-06,2023-03-29,Cyber,7661.67,3283.57,10945.24,Reopened,0,
CL004884,T0459,2026-01-13,2026-01-17,Aviation,1501.17,6911.84,8413.01,Open,0,
CL005109,T0069,2026-02-13,2026-03-09,Credit & Surety,16795.23,0.0,16795.23,Settled,0,
CL004795,T0110,2025-12-25,2025-12-25,Business Interruption,133751.37,0.0,133751.37,Settled,0,
CL003949,T0285,2025-04-04,2025-05-08,Energy,51488.38,0.0,51488.38,Settled,0,
CL005056,T0683,2026-01-21,2026-02-24,General Liability,11346.33,44124.82,55471.15,Open,0,
CL004632,T0627,2025-11-02,2025-11-13,Auto Liability,17627.5,0.0,17627.5,Settled,0,
CL000055,T0231,2021-04-03,2021-05-09,General Liability,103185.66,0.0,103185.66,Settled,0,
CL004598,T0602,2025-10-24,2025-11-04,General Liability,23774.35,88549.99,112324.34,Open,0,
CL001362,T0354,2023-02-13,2023-02-21,Workers Compensation,20490.21,0.0,20490.21,Settled,0,
CL004966,T0459,2025-12-30,2026-02-03,Aviation,19369.96,32738.62,52108.58,Open,0,
CL003317,T0276,2024-10-24,2024-11-16,Credit & Surety,85302.73,252550.45,337853.18,Open,0,
CL002179,T0648,2023-11-20,2023-11-20,Natural Catastrophe,883919.5416000001,0.0,883919.5416000001,Settled,0,
CL001060,T0047,2022-11-20,2022-11-28,Energy,39205.87,0.0,39205.87,Settled,0,
CL002388,T0205,2024-01-08,2024-01-28,Workers Compensation,307330.14,0.0,307330.14,Settled,0,
CL005656,T0046,2026-07-24,2026-07-27,Directors & Officers,15980.965200000002,36518.698800000006,52499.664000000004,Open,0,
CL002539,T0010,2024-02-25,2024-03-18,Natural Catastrophe,5556.35,0.0,5556.35,Settled,0,
CL003536,T0030,2025-01-16,2025-01-17,Natural Catastrophe,99075.88,0.0,99075.88,Settled,0,
CL000412,T0139,2022-01-12,2022-02-09,Directors & Officers,5530.8204000000005,0.0,5530.8204000000005,Settled,0,
CL000519,T0581,2022-03-19,2022-04-09,Natural Catastrophe,97977.04,0.0,97977.04,Settled,0,
CL002342,T0368,2024-01-10,2024-01-15,Credit & Surety,256584.57700000002,0.0,256584.57700000002,Settled,0,
CL002822,T0302,2024-05-31,2024-06-17,Credit & Surety,46890.83520000001,0.0,46890.83520000001,Settled,0,
CL003133,T0443,2024-09-06,2024-09-27,Fire & Explosion,21554.24,0.0,21554.24,Settled,0,
CL000085,T0073,2021-06-12,2021-06-12,Auto Liability,57876.087600000006,424303.974,482180.0616000001,Open,0,
CL004603,T0589,2025-10-15,2025-11-06,Fire & Explosion,2219.0976,9994.968,12214.0656,Open,0,
CL001158,T0315,2022-12-08,2022-12-26,Auto Liability,15051.94,0.0,15051.94,Settled,0,
CL002332,T0050,2023-12-29,2024-01-13,Workers Compensation,182435.66280000002,0.0,182435.66280000002,Settled,0,
CL003988,T0347,2025-05-07,2025-05-21,General Liability,10141.253999999999,80547.0804,90688.3344,Open,0,
CL005718,T0670,2026-07-24,2026-08-09,Marine Hull,49444.41,76965.91,126410.32,Open,0,
CL002866,T0424,2024-06-26,2024-07-02,Directors & Officers,50450.69,0.0,50450.69,Settled,0,
CL004023,T0318,2025-05-23,2025-06-02,Natural Catastrophe,54292.669200000004,0.0,54292.669200000004,Settled,0,
CL005077,T0564,2026-02-19,2026-02-28,Credit & Surety,449112.9612,192476.98332,641589.94452,Reopened,0,
CL005807,T0578,2026-08-27,2026-09-07,Energy,16287.254700000001,60751.4406,77038.6953,Open,0,
CL000789,T0316,2022-08-02,2022-08-24,Business Interruption,134200.7,0.0,134200.7,Settled,0,
CL002660,T0273,2024-02-28,2024-04-22,Professional Indemnity,70393.212,0.0,70393.212,Settled,0,
CL000685,T0642,2022-07-11,2022-07-15,Aviation,402015.45240000007,0.0,402015.45240000007,Settled,0,
CL002502,T0608,2024-01-30,2024-03-05,Directors & Officers,78972.06,0.0,78972.06,Settled,0,
CL002913,T0586,2024-07-05,2024-07-17,Medical Malpractice,6111.201600000001,0.0,6111.201600000001,Settled,0,
CL002480,T0145,2024-02-06,2024-02-27,Business Interruption,2040.52,9104.36,11144.880000000001,Open,0,
CL000468,T0476,2022-01-21,2022-03-17,Auto Liability,2216.0736,0.0,2216.0736,Settled,0,
CL001364,T0083,2023-02-19,2023-02-22,Auto Liability,161543.0862,0.0,161543.0862,Settled,0,
CL001075,T0017,2022-08-27,2022-12-03,Fire & Explosion,23129.744400000003,0.0,23129.744400000003,Settled,0,
CL002258,T0010,2023-12-07,2023-12-21,Business Interruption,78.93,362.29,441.22,Open,0,
CL001815,T0258,2023-07-01,2023-07-15,Aviation,423694.68,0.0,423694.68,Settled,0,
CL004651,T0224,2025-09-27,2025-11-17,Cyber,12250.28,0.0,12250.28,Settled,0,
CL004264,T0589,2025-07-14,2025-08-11,Fire & Explosion,6687.446400000001,11465.2908,18152.7372,Open,0,
CL005029,T0379,2026-02-03,2026-02-18,Cyber,1155.76,2014.98,3170.74,Open,0,
CL004100,T0079,2025-06-15,2025-06-23,Natural Catastrophe,3531.08,0.0,3531.08,Settled,0,
CL003206,T0462,2024-09-02,2024-10-17,Business Interruption,264360.1012,0.0,264360.1012,Settled,0,
CL004800,T0162,2025-12-02,2025-12-26,Auto Liability,21429.55,0.0,21429.55,Settled,0,
CL004734,T0681,2025-12-01,2025-12-08,Business Interruption,305585.14,0.0,305585.14,Settled,0,
CL005729,T0099,2026-07-15,2026-08-12,Energy,24216.24,79514.03,103730.27,Open,0,
CL005512,T0378,2026-06-01,2026-06-17,Professional Indemnity,21701.08752,43496.71176,65197.79927999999,Open,0,
CL001011,T0481,2022-10-24,2022-11-10,Marine Hull,632019.59,0.0,632019.59,Settled,0,
CL003074,T0696,2024-08-30,2024-09-09,Auto Liability,353341.89,0.0,353341.89,Settled,0,
CL005037,T0032,2026-01-11,2026-02-20,Business Interruption,670073.61,0.0,670073.61,Settled,0,
CL005970,T0628,2026-09-06,2026-09-30,Workers Compensation,73734.3324,222381.1044,296115.43679999997,Open,0,
CL005231,T0662,2026-04-04,2026-04-09,Business Interruption,88326.8,492660.2,580987.0,Open,0,
CL003426,T0030,2024-11-25,2024-12-18,Fire & Explosion,10866.2,12031.93,22898.13,Open,0,
CL002247,T0334,2023-11-09,2023-12-17,Natural Catastrophe,4852.56,54663.7,59516.259999999995,Open,0,
CL003819,T0600,2025-03-25,2025-04-06,Business Interruption,21030.71,0.0,21030.71,Settled,0,
CL004777,T0269,2025-10-21,2025-12-20,Business Interruption,67732.91,0.0,67732.91,Settled,0,
CL003965,T0534,2025-05-13,2025-05-13,Marine Hull,10650.48,0.0,10650.48,Settled,0,
CL002462,T0334,2024-02-06,2024-02-23,Business Interruption,103955.05,0.0,103955.05,Settled,0,
CL004761,T0388,2025-11-05,2025-12-15,Business Interruption,886379.5,0.0,886379.5,Settled,0,
CL003151,T0023,2024-08-23,2024-10-01,Natural Catastrophe,25722.333359999997,0.0,25722.333359999997,Settled,0,
CL001199,T0581,2022-12-11,2023-01-05,Fire & Explosion,34023.76,0.0,34023.76,Settled,0,
CL005606,T0213,2026-06-19,2026-07-13,Fire & Explosion,82462.26,0.0,82462.26,Settled,0,
CL002711,T0393,2024-02-24,2024-05-10,Natural Catastrophe,2001.95,2807.3,4809.25,Open,0,
CL002096,T0148,2023-08-21,2023-10-19,General Liability,49593.24768,0.0,49593.24768,Settled,0,
CL004488,T0040,2025-08-31,2025-10-13,Workers Compensation,2353.24,4975.74,7328.98,Open,0,
CL004131,T0436,2025-06-22,2025-07-05,Professional Indemnity,22119.5,0.0,22119.5,Settled,0,
CL000573,T0266,2022-05-04,2022-05-08,Business Interruption,63375.34,0.0,63375.34,Settled,0,
CL001911,T0136,2023-08-04,2023-08-19,Workers Compensation,4092.21,0.0,4092.21,Settled,0,
CL001924,T0149,2023-06-10,2023-08-23,General Liability,127249.52,304158.06,431407.58,Open,0,
CL003096,T0181,2024-08-31,2024-09-17,General Liability,83260.75,0.0,83260.75,Settled,0,
CL001950,T0295,2023-08-30,2023-09-05,Natural Catastrophe,466230.04,0.0,466230.04,Settled,0,
CL004790,T0090,2025-12-18,2025-12-24,Political Risk,20399.34,114631.07,135030.41,Open,0,
CL001801,T0384,2023-06-03,2023-07-10,Energy,84830.67360000001,36355.9968,121186.67040000002,Reopened,0,
CL000263,T0675,2021-10-29,2021-11-01,Aviation,43348.11,0.0,43348.11,Settled,0,
CL005142,T0013,2026-03-04,2026-03-17,Fire & Explosion,850.21,10252.15,11102.36,Open,0,
CL000965,T0680,2022-10-28,2022-10-28,Natural Catastrophe,30174.54,38911.05,69085.59,Open,0,
CL001639,T0538,2023-04-23,2023-05-18,Natural Catastrophe,49337.11,0.0,49337.11,Settled,0,
CL001205,T0680,2023-01-03,2023-01-08,Business Interruption,22752.52,0.0,22752.52,Settled,0,
CL004164,T0040,2025-06-09,2025-07-13,General Liability,8398.41,11389.25,19787.66,Open,0,
CL005538,T0444,2026-03-27,2026-06-26,Fire & Explosion,7800.67,31334.57,39135.24,Open,0,
CL004904,T0563,2026-01-10,2026-01-20,Directors & Officers,3889.36,9185.48,13074.84,Open,0,
CL001129,T0111,2022-12-11,2022-12-18,Directors & Officers,225261.82080000002,0.0,225261.82080000002,Settled,0,
CL003925,T0056,2025-04-25,2025-04-30,General Liability,18439.08,34402.29,52841.37,Open,0,
CL004236,T0409,2025-08-02,2025-08-02,Workers Compensation,21091.244400000003,0.0,21091.244400000003,Settled,0,
CL005379,T0536,2026-04-08,2026-05-15,Medical Malpractice,12856.14,90646.76,103502.9,Open,0,
CL003470,T0556,2024-12-15,2024-12-28,Natural Catastrophe,63086.63,27037.13,90123.76,Reopened,0,
CL003293,T0180,2024-10-20,2024-11-09,General Liability,255375.73080000002,0.0,255375.73080000002,Settled,0,
CL000426,T0232,2021-12-21,2022-02-16,Fire & Explosion,9583.7,0.0,9583.7,Settled,0,
CL001442,T0267,2023-02-08,2023-03-16,Marine Hull,3873.37,4967.68,8841.05,Open,0,
CL001083,T0682,2022-11-28,2022-12-05,Auto Liability,15513.55,0.0,15513.55,Settled,0,
CL000039,T0003,2021-04-25,2021-04-27,Cyber,104188.14000000001,0.0,104188.14000000001,Settled,0,
CL003576,T0284,2024-12-02,2025-01-30,Directors & Officers,138546.38520000002,0.0,138546.38520000002,Settled,0,
CL005474,T0374,2026-06-03,2026-06-07,Business Interruption,81263.54160000001,152866.13760000002,234129.6792,Open,0,
CL003810,T0382,2025-03-17,2025-04-03,Auto Liability,15122.829600000003,32334.7896,47457.6192,Open,0,
CL000424,T0453,2022-01-16,2022-02-15,Professional Indemnity,1717094.31,0.0,1717094.31,Settled,0,
CL000390,T0621,2022-01-08,2022-01-29,Business Interruption,133232.23440000002,0.0,133232.23440000002,Settled,0,
CL000640,T0109,2022-06-05,2022-06-19,Business Interruption,271661.58,0.0,271661.58,Settled,0,
CL002737,T0432,2024-03-17,2024-05-18,Energy,264615.29532,0.0,264615.29532,Settled,0,
CL003776,T0203,2025-03-15,2025-03-25,Energy,224017.97268,0.0,224017.97268,Settled,0,
CL004133,T0483,2025-05-07,2025-07-06,General Liability,594963.96,2379855.82,2974819.78,Open,1,
CL000063,T0066,2021-03-26,2021-05-23,Natural Catastrophe,28496.6,0.0,28496.6,Settled,0,
CL005418,T0406,2026-03-26,2026-05-24,Political Risk,7976.146100000001,23821.5678,31797.7139,Open,0,
CL005100,T0154,2026-03-05,2026-03-05,Professional Indemnity,25996.39,51500.88,77497.26999999999,Open,0,
CL000100,T0068,2021-06-07,2021-06-23,Fire & Explosion,94158.26,0.0,94158.26,Settled,0,
CL002595,T0218,2024-03-14,2024-04-03,Natural Catastrophe,26065.519200000002,0.0,26065.519200000002,Settled,0,
CL004885,T0471,2025-12-10,2026-01-17,Fire & Explosion,7402.5252,21855.096,29257.6212,Open,0,
CL004828,T0549,2025-12-29,2025-12-31,Workers Compensation,3018.02,3157.09,6175.110000000001,Open,0,
CL005088,T0496,2026-02-24,2026-03-03,Aviation,7439.62,52882.64,60322.26,Open,0,
CL003327,T0381,2024-09-24,2024-11-21,Natural Catastrophe,157850.65,0.0,157850.65,Settled,0,
CL004382,T0110,2025-09-13,2025-09-13,Fire & Explosion,609.98,19476.99,20086.97,Open,0,
CL000150,T0003,2021-07-29,2021-08-02,Credit & Surety,120956.49,0.0,120956.49,Settled,0,
CL000010,T0542,2021-02-23,2021-02-24,Political Risk,203405.91,0.0,203405.91,Settled,0,
CL000913,T0669,2022-09-01,2022-10-08,Fire & Explosion,16978.41,0.0,16978.41,Settled,0,
CL003367,T0517,2024-11-12,2024-11-30,Credit & Surety,13875.1056,0.0,13875.1056,Settled,0,
CL000599,T0474,2022-05-21,2022-05-26,Auto Liability,24977.32,0.0,24977.32,Settled,0,
CL000780,T0098,2022-05-18,2022-08-22,Natural Catastrophe,164933.712,0.0,164933.712,Settled,0,
CL000065,T0558,2021-05-02,2021-05-25,Auto Liability,15531.07,145379.86,160910.93,Open,0,
CL003030,T0010,2024-08-09,2024-08-29,Business Interruption,9818.89,0.0,9818.89,Settled,0,
CL001923,T0050,2023-08-11,2023-08-23,Auto Liability,68721.804,0.0,68721.804,Settled,0,
CL002396,T0440,2024-01-27,2024-01-30,Marine Hull,7483.69,12542.8,20026.489999999998,Open,0,
CL000321,T0068,2021-11-02,2021-12-14,Business Interruption,251634.05,0.0,251634.05,Settled,0,
CL003827,T0584,2025-03-17,2025-04-08,General Liability,3809.07,0.0,3809.07,Settled,0,
CL001002,T0108,2022-09-04,2022-11-08,Professional Indemnity,210227.08,0.0,210227.08,Settled,0,
CL003167,T0335,2024-10-01,2024-10-05,Political Risk,64464.88,0.0,64464.88,Settled,0,
CL002608,T0598,2024-03-31,2024-04-05,General Liability,22823.64,0.0,22823.64,Settled,0,
CL003890,T0651,2025-03-12,2025-04-24,Directors & Officers,3192.41,0.0,3192.41,Settled,0,
CL003341,T0285,2024-10-29,2024-11-25,Political Risk,6364.55,0.0,6364.55,Settled,0,
CL004576,T0133,2025-08-24,2025-10-31,Directors & Officers,73337.8572,0.0,73337.8572,Settled,0,
CL005047,T0087,2026-02-18,2026-02-21,Business Interruption,17977.53,31923.43,49900.96,Open,0,
CL000069,T0545,2021-05-20,2021-05-28,Workers Compensation,407714.2884,0.0,407714.2884,Settled,0,
CL000981,T0191,2022-10-18,2022-11-02,Marine Hull,77360.29,0.0,77360.29,Settled,0,
CL003031,T0086,2024-07-03,2024-08-29,Cyber,26316.43,0.0,26316.43,Settled,0,
CL004572,T0124,2025-10-07,2025-10-30,Workers Compensation,5961.95,36996.99,42958.939999999995,Open,0,
CL005798,T0297,2026-07-18,2026-09-04,Cyber,8606.72,124559.87,133166.59,Open,0,
CL004634,T0168,2025-11-07,2025-11-15,Directors & Officers,14542.59,0.0,14542.59,Settled,0,
CL001395,T0612,2023-02-24,2023-03-01,General Liability,30513.86,0.0,30513.86,Settled,0,
CL001133,T0588,2022-11-18,2022-12-18,Fire & Explosion,86161.88160000001,0.0,86161.88160000001,Settled,0,
CL005762,T0307,2026-07-24,2026-08-23,General Liability,73917.59,276688.35,350605.93999999994,Open,0,
CL000714,T0267,2022-07-20,2022-07-28,Political Risk,59330.17,0.0,59330.17,Settled,0,
CL004774,T0133,2025-12-06,2025-12-20,Directors & Officers,218.96208000000001,4815.16356,5034.12564,Open,0,
CL002734,T0608,2024-05-15,2024-05-17,Cyber,10054.24,0.0,10054.24,Settled,0,
CL005305,T0306,2026-04-20,2026-04-26,Energy,42116.64,0.0,42116.64,Settled,0,
CL002138,T0570,2023-10-03,2023-11-02,Credit & Surety,50418.06936,0.0,50418.06936,Settled,0,
CL000815,T0281,2022-08-24,2022-09-03,Fire & Explosion,10615.158000000001,0.0,10615.158000000001,Settled,0,
CL000105,T0458,2021-06-18,2021-06-26,Energy,71955.06,0.0,71955.06,Settled,0,
CL004343,T0450,2025-08-31,2025-09-02,General Liability,627337.4,1335040.48,1962377.88,Open,0,
CL003745,T0491,2025-03-12,2025-03-14,Marine Hull,46449.22,0.0,46449.22,Settled,0,
CL001625,T0604,2023-04-28,2023-05-14,Marine Hull,15003.2304,0.0,15003.2304,Settled,0,
CL003799,T0328,2025-03-29,2025-03-31,General Liability,7652.53,0.0,7652.53,Settled,0,
CL003091,T0692,2024-08-11,2024-09-15,Credit & Surety,133387.4088,0.0,133387.4088,Settled,0,
CL001127,T0394,2022-11-07,2022-12-17,Business Interruption,10824.37,0.0,10824.37,Settled,0,
CL004794,T0079,2025-12-10,2025-12-25,Business Interruption,563.19,10957.2,11520.390000000001,Open,0,
CL005662,T0035,2026-05-26,2026-07-28,Business Interruption,3060.86,146264.85,149325.71,Open,0,
CL001150,T0510,2022-11-15,2022-12-24,Workers Compensation,41377.55,0.0,41377.55,Settled,0,
CL003605,T0473,2025-02-04,2025-02-06,Business Interruption,47524.974799999996,0.0,47524.974799999996,Settled,0,
CL001295,T0210,2023-01-29,2023-02-02,Fire & Explosion,234896.13,0.0,234896.13,Settled,0,
CL004867,T0485,2025-12-29,2026-01-13,Credit & Surety,12145.9824,0.0,12145.9824,Settled,0,
CL002798,T0454,2024-06-04,2024-06-11,Marine Hull,23864.29,64296.86,88161.15,Open,0,
CL003014,T0264,2024-05-30,2024-08-22,Professional Indemnity,50243.295600000005,84654.0396,134897.3352,Open,0,
CL003556,T0001,2025-01-23,2025-01-24,Fire & Explosion,253223.0,0.0,253223.0,Settled,0,
CL002193,T0562,2023-11-19,2023-11-24,Fire & Explosion,202929.03,0.0,202929.03,Settled,0,
CL001440,T0632,2023-03-14,2023-03-15,Business Interruption,25568.62,0.0,25568.62,Settled,0,
CL000600,T0150,2022-05-26,2022-05-27,Workers Compensation,16372.86,51690.19,68063.05,Open,0,
CL003453,T0169,2024-12-19,2024-12-25,Business Interruption,7565.9184000000005,0.0,7565.9184000000005,Settled,0,
CL004888,T0496,2025-12-18,2026-01-17,Political Risk,28831.15,31382.62,60213.770000000004,Open,0,
CL002401,T0290,2023-10-29,2024-02-02,General Liability,10041.32,0.0,10041.32,Settled,0,
CL004217,T0288,2025-06-18,2025-07-29,Workers Compensation,19925.89,52503.04,72428.93,Open,0,
CL001636,T0371,2023-04-24,2023-05-18,Auto Liability,33103.45,0.0,33103.45,Settled,0,
CL005178,T0523,2026-02-12,2026-03-27,Fire & Explosion,18297.3708,26868.769200000002,45166.14,Open,0,
CL002987,T0214,2024-08-08,2024-08-10,Workers Compensation,256301.62,0.0,256301.62,Settled,0,
CL001380,T0631,2023-02-26,2023-02-26,Directors & Officers,6362.73,0.0,6362.73,Settled,0,
CL001320,T0287,2023-01-28,2023-02-10,Energy,7561.911600000001,0.0,7561.911600000001,Settled,0,
CL002384,T0295,2024-01-25,2024-01-27,Business Interruption,1802975.22,0.0,1802975.22,Settled,0,
CL001865,T0260,2023-07-14,2023-08-01,General Liability,290573.22,0.0,290573.22,Settled,0,
CL000452,T0588,2022-01-31,2022-03-07,Natural Catastrophe,5401.9008,0.0,5401.9008,Settled,0,
CL004998,T0162,2026-02-10,2026-02-12,General Liability,169185.19,0.0,169185.19,Settled,0,
CL000492,T0675,2022-03-08,2022-03-28,Energy,56406.2,0.0,56406.2,Settled,0,
CL000456,T0541,2022-03-05,2022-03-09,Marine Hull,68805.96,0.0,68805.96,Settled,0,
CL002912,T0128,2024-05-09,2024-07-17,Medical Malpractice,6395.0796,0.0,6395.0796,Settled,0,
CL005684,T0198,2026-05-31,2026-08-03,Natural Catastrophe,52248.71,0.0,52248.71,Settled,0,
CL002839,T0519,2024-06-19,2024-06-23,Natural Catastrophe,1474.4268000000002,0.0,1474.4268000000002,Settled,0,
CL003996,T0070,2025-04-29,2025-05-23,Fire & Explosion,88301.22,0.0,88301.22,Settled,0,
CL002534,T0455,2024-03-01,2024-03-15,Natural Catastrophe,457318.08,0.0,457318.08,Settled,0,
CL003362,T0129,2024-11-26,2024-11-30,Auto Liability,8861.89,0.0,8861.89,Settled,0,
CL005759,T0094,2026-08-13,2026-08-22,Political Risk,6180.3,0.0,6180.3,Settled,0,
CL004646,T0524,2025-11-13,2025-11-16,Workers Compensation,284578.77,0.0,284578.77,Settled,0,
CL000732,T0354,2022-08-02,2022-08-02,General Liability,121242.74,0.0,121242.74,Settled,0,
CL002856,T0155,2024-06-06,2024-06-29,Business Interruption,11334.84,0.0,11334.84,Settled,0,
CL004785,T0365,2025-11-13,2025-12-22,Marine Hull,70877.14920000001,0.0,70877.14920000001,Settled,0,
CL005527,T0297,2026-05-15,2026-06-23,Directors & Officers,46758.5,0.0,46758.5,Settled,0,
CL000152,T0506,2021-07-25,2021-08-07,Medical Malpractice,50800.5648,0.0,50800.5648,Settled,0,
CL002991,T0497,2024-08-09,2024-08-11,Workers Compensation,51481.45,0.0,51481.45,Settled,0,
CL000751,T0642,2022-07-14,2022-08-09,Aviation,385050.30480000004,0.0,385050.30480000004,Settled,0,
CL001229,T0632,2022-12-08,2023-01-13,Natural Catastrophe,10501.84,0.0,10501.84,Settled,0,
CL001022,T0396,2022-09-27,2022-11-15,Marine Hull,764184.03,0.0,764184.03,Settled,0,
CL000979,T0047,2022-09-24,2022-11-02,Aviation,4110.46,0.0,4110.46,Settled,0,
CL003386,T0424,2024-10-28,2024-12-05,Credit & Surety,61235.34,0.0,61235.34,Settled,0,
CL001872,T0451,2023-08-03,2023-08-03,Energy,75199.99,0.0,75199.99,Settled,0,
CL003193,T0329,2024-10-07,2024-10-11,Business Interruption,49233.86,0.0,49233.86,Settled,0,
CL005805,T0446,2026-08-07,2026-09-07,Natural Catastrophe,43158.17,0.0,43158.17,Settled,0,
CL005422,T0503,2026-04-29,2026-05-25,Aviation,465.32,2819.41,3284.73,Open,0,
CL003149,T0484,2024-09-28,2024-09-30,Fire & Explosion,2914423.0272,0.0,2914423.0272,Settled,0,
CL002283,T0665,2023-11-09,2023-12-28,Directors & Officers,32466.52,0.0,32466.52,Settled,0,
CL004945,T0658,2026-01-23,2026-01-27,Medical Malpractice,251351.78,0.0,251351.78,Settled,0,
CL004729,T0057,2025-11-09,2025-12-08,Business Interruption,3844.7892,0.0,3844.7892,Settled,0,
CL005545,T0007,2026-05-25,2026-06-28,Workers Compensation,2720.46,81785.31,84505.77,Open,0,
CL004064,T0599,2025-06-10,2025-06-13,Workers Compensation,32170.07,0.0,32170.07,Settled,0,
CL002265,T0324,2023-12-04,2023-12-22,Cyber,23870.83,50276.35,74147.18,Open,0,
CL002518,T0671,2024-03-05,2024-03-10,Workers Compensation,33195.19,0.0,33195.19,Settled,0,
CL001544,T0632,2023-04-08,2023-04-15,Natural Catastrophe,16705.27,0.0,16705.27,Settled,0,
CL001628,T0457,2023-04-07,2023-05-16,Business Interruption,13947.45,0.0,13947.45,Settled,0,
CL004077,T0030,2025-05-13,2025-06-16,Natural Catastrophe,49990.17,0.0,49990.17,Settled,0,
CL003842,T0388,2025-04-02,2025-04-12,Natural Catastrophe,122157.33,0.0,122157.33,Settled,0,
CL002925,T0264,2024-07-09,2024-07-21,Medical Malpractice,170592.45840000003,0.0,170592.45840000003,Settled,0,
CL002262,T0611,2023-12-18,2023-12-21,Energy,9745.36,0.0,9745.36,Settled,0,
CL004047,T0275,2025-05-09,2025-06-08,General Liability,25437.17,0.0,25437.17,Settled,0,
CL001629,T0492,2023-05-11,2023-05-16,Medical Malpractice,8820.46,9841.92,18662.379999999997,Open,0,
CL001839,T0390,2023-05-09,2023-07-21,Workers Compensation,30641.723640000004,0.0,30641.723640000004,Settled,0,
CL005615,T0256,2026-06-26,2026-07-15,Aviation,35833.95,38159.33,73993.28,Open,0,
CL003548,T0600,2025-01-10,2025-01-20,Natural Catastrophe,116887.04,0.0,116887.04,Settled,0,
CL004899,T0549,2026-01-19,2026-01-19,Workers Compensation,21600.86,0.0,21600.86,Settled,0,
CL001648,T0130,2023-04-05,2023-05-21,Workers Compensation,15040.05,0.0,15040.05,Settled,0,
CL001949,T0121,2023-09-03,2023-09-05,Directors & Officers,133129.76,0.0,133129.76,Settled,0,
CL005831,T0379,2026-09-13,2026-09-13,Directors & Officers,369.14,4413.7,4782.84,Open,0,
CL005754,T0115,2026-08-14,2026-08-21,Cyber,1619.98,63532.57,65152.55,Open,0,
CL003952,T0414,2025-03-16,2025-05-09,Workers Compensation,40215.64,0.0,40215.64,Settled,0,
CL001383,T0336,2023-02-07,2023-02-28,Business Interruption,179612.98,0.0,179612.98,Settled,0,
CL001723,T0336,2023-06-06,2023-06-14,Business Interruption,9953.67,0.0,9953.67,Settled,0,
CL001787,T0518,2023-05-22,2023-07-08,Professional Indemnity,482176.41,0.0,482176.41,Settled,0,
CL001483,T0610,2023-03-14,2023-03-29,Business Interruption,201850.88,0.0,201850.88,Settled,0,
CL002255,T0455,2023-12-17,2023-12-20,Business Interruption,26842.69,0.0,26842.69,Settled,0,
CL001085,T0150,2022-10-27,2022-12-07,Auto Liability,556817.96,0.0,556817.96,Settled,0,
CL000234,T0674,2021-10-12,2021-10-15,General Liability,76186.9152,0.0,76186.9152,Settled,0,
CL002085,T0034,2023-10-01,2023-10-16,Fire & Explosion,2206.65,3182.67,5389.32,Open,0,
CL002722,T0650,2024-04-18,2024-05-13,Cyber,7277.66,0.0,7277.66,Settled,0,
CL001028,T0507,2022-11-14,2022-11-18,Directors & Officers,74643.97,0.0,74643.97,Settled,0,
CL005911,T0178,2026-09-09,2026-09-30,Directors & Officers,14525.54,75187.25,89712.79000000001,Open,0,
CL005116,T0069,2026-02-22,2026-03-10,Credit & Surety,386549.19,0.0,386549.19,Settled,0,
CL001010,T0177,2022-10-27,2022-11-10,Professional Indemnity,3019.07,0.0,3019.07,Settled,0,
CL005581,T0463,2026-06-13,2026-07-05,Fire & Explosion,172180.86,859192.05,1031372.91,Open,0,
CL005786,T0085,2026-08-10,2026-08-30,Directors & Officers,46.753800000000005,135437.0196,135483.7734,Open,0,
CL001856,T0525,2023-07-09,2023-07-27,Medical Malpractice,41158.68,0.0,41158.68,Settled,0,
CL003266,T0118,2024-09-27,2024-10-30,Natural Catastrophe,91194.58,0.0,91194.58,Settled,0,
CL005706,T0051,2026-06-12,2026-08-07,Natural Catastrophe,263752.85,0.0,263752.85,Settled,0,
CL000078,T0558,2021-05-15,2021-06-08,Workers Compensation,64116.78,0.0,64116.78,Settled,0,
CL000553,T0098,2022-04-21,2022-04-26,Natural Catastrophe,13981.615200000002,0.0,13981.615200000002,Settled,0,
CL002603,T0025,2024-04-05,2024-04-05,Cyber,9021.61,0.0,9021.61,Settled,0,
CL005041,T0256,2025-10-05,2026-02-20,Political Risk,240093.61,0.0,240093.61,Settled,0,
CL005245,T0301,2026-03-02,2026-04-15,Auto Liability,7212.94,0.0,7212.94,Settled,0,
CL004106,T0438,2025-05-18,2025-06-24,Cyber,213576.62,0.0,213576.62,Settled,0,
CL001154,T0538,2022-12-12,2022-12-25,Business Interruption,420131.6,0.0,420131.6,Settled,0,
CL000252,T0073,2021-10-03,2021-10-28,General Liability,154116.45360000004,0.0,154116.45360000004,Settled,0,
CL002246,T0324,2023-12-10,2023-12-17,Directors & Officers,157135.15,0.0,157135.15,Settled,0,
CL001808,T0609,2023-07-09,2023-07-12,Fire & Explosion,68012.6,0.0,68012.6,Settled,0,
CL002978,T0010,2024-08-01,2024-08-08,Business Interruption,11666.76,0.0,11666.76,Settled,0,
CL004165,T0508,2025-05-03,2025-07-13,Political Risk,21761.79,0.0,21761.79,Settled,0,
CL003618,T0629,2024-12-31,2025-02-09,Political Risk,2761.71,3382.7,6144.41,Open,0,
CL000953,T0354,2022-10-08,2022-10-22,General Liability,8342.25,0.0,8342.25,Settled,0,
CL004172,T0318,2025-06-07,2025-07-16,Natural Catastrophe,36848.0664,611327.3688,648175.4352,Open,0,
CL005669,T0312,2026-07-15,2026-07-29,Medical Malpractice,51284.39,85002.14,136286.53,Open,0,
CL005000,T0168,2026-01-20,2026-02-12,Directors & Officers,7655.59,47939.62,55595.21000000001,Open,0,
CL001988,T0531,2023-09-02,2023-09-16,Medical Malpractice,6385.6296,0.0,6385.6296,Settled,0,
CL004139,T0300,2025-06-30,2025-07-08,Political Risk,214.85,17533.4,17748.25,Open,0,
CL002993,T0657,2024-08-12,2024-08-12,Energy,7335.84,0.0,7335.84,Settled,0,
CL002585,T0065,2024-02-07,2024-03-31,General Liability,21637.46484,0.0,21637.46484,Settled,0,
CL003946,T0685,2025-04-13,2025-05-06,Workers Compensation,123258.12120000001,0.0,123258.12120000001,Settled,0,
CL005244,T0013,2026-03-26,2026-04-15,Business Interruption,6837.4,228773.42,235610.82,Open,0,
CL005674,T0594,2026-06-19,2026-07-30,Fire & Explosion,2934.2520000000004,54975.996,57910.248,Open,0,
CL000919,T0464,2022-09-14,2022-10-10,Directors & Officers,64436.73,0.0,64436.73,Settled,0,
CL005203,T0110,2026-04-02,2026-04-03,Business Interruption,9354.3,0.0,9354.3,Settled,0,
CL004226,T0097,2025-07-14,2025-07-31,Professional Indemnity,2211.516,20923.272000000004,23134.788000000004,Open,0,
CL005004,T0099,2026-02-06,2026-02-13,Aviation,595.6,11915.58,12511.18,Open,0,
CL001366,T0207,2023-01-14,2023-02-22,Marine Hull,104287.554,316566.85680000007,420854.4108,Open,0,
CL003908,T0124,2025-04-18,2025-04-28,Workers Compensation,196369.57,0.0,196369.57,Settled,0,
CL002827,T0242,2024-06-07,2024-06-20,Political Risk,76325.96,0.0,76325.96,Settled,0,
CL003136,T0638,2024-09-18,2024-09-27,Workers Compensation,106529.39,0.0,106529.39,Settled,0,
CL000235,T0134,2021-10-05,2021-10-16,Natural Catastrophe,7955.82,0.0,7955.82,Settled,0,
CL000327,T0437,2021-11-27,2021-12-17,Medical Malpractice,147844.36,0.0,147844.36,Settled,0,
CL000966,T0687,2022-09-23,2022-10-28,General Liability,204982.27,0.0,204982.27,Settled,0,
CL001871,T0334,2023-07-27,2023-08-03,Fire & Explosion,112087.49,48037.5,160124.99,Reopened,0,
CL003611,T0338,2025-01-19,2025-02-08,Fire & Explosion,145051.23,0.0,145051.23,Settled,0,
CL002106,T0324,2023-10-12,2023-10-23,Directors & Officers,258912.44,0.0,258912.44,Settled,0,
CL005757,T0523,2026-08-09,2026-08-21,Natural Catastrophe,108401.9436,0.0,108401.9436,Settled,0,
CL002196,T0045,2023-11-15,2023-11-26,Auto Liability,46838.46,92827.15,139665.61,Open,0,
CL002368,T0031,2023-12-31,2024-01-24,General Liability,6002.739240000001,0.0,6002.739240000001,Settled,0,
CL001347,T0478,2023-02-08,2023-02-16,Natural Catastrophe,39931.48,0.0,39931.48,Settled,0,
CL003267,T0155,2024-10-25,2024-10-30,Natural Catastrophe,119314.72,0.0,119314.72,Settled,0,
CL001617,T0641,2023-04-30,2023-05-10,Directors & Officers,81107.62,0.0,81107.62,Settled,0,
CL003558,T0128,2025-01-20,2025-01-24,Medical Malpractice,8591.5836,0.0,8591.5836,Settled,0,
CL002693,T0236,2024-04-04,2024-05-02,Auto Liability,56448.63,0.0,56448.63,Settled,0,
CL005554,T0008,2026-06-14,2026-06-30,Business Interruption,3446.95,7283.91,10730.86,Open,0,
CL001510,T0371,2023-03-10,2023-04-06,General Liability,45303.06,190745.98,236049.04,Open,0,
CL005036,T0605,2026-01-31,2026-02-19,Workers Compensation,4546.69,43329.85,47876.54,Open,0,
CL003699,T0239,2025-01-29,2025-03-01,Professional Indemnity,116955.06,0.0,116955.06,Settled,0,
CL002391,T0086,2023-12-29,2024-01-30,Credit & Surety,84813.57,0.0,84813.57,Settled,0,
CL005531,T0564,2026-06-14,2026-06-24,Directors & Officers,89937.74736000001,113377.63272000001,203315.38008,Open,0,
CL005758,T0013,2026-07-19,2026-08-22,Natural Catastrophe,1240.32,4896.37,6136.69,Open,0,
CL001056,T0191,2022-11-17,2022-11-27,Energy,164361.92,0.0,164361.92,Settled,0,
CL005084,T0201,2026-02-23,2026-03-03,Business Interruption,66034.35,0.0,66034.35,Settled,0,
CL004053,T0040,2025-06-09,2025-06-10,Auto Liability,1617.55,9745.09,11362.64,Open,0,
CL002253,T0205,2023-12-19,2023-12-20,Auto Liability,24684.0,0.0,24684.0,Settled,0,
CL004227,T0169,2025-07-11,2025-07-31,Natural Catastrophe,4141.3572,7265.8836,11407.240800000001,Open,0,
CL001289,T0112,2023-01-31,2023-02-01,Fire & Explosion,88279.74,37834.18,126113.92000000001,Reopened,0,
CL001954,T0650,2023-09-05,2023-09-05,Directors & Officers,13395.39,0.0,13395.39,Settled,0,
CL002373,T0121,2024-01-20,2024-01-25,Cyber,169018.88,0.0,169018.88,Settled,0,
CL002671,T0145,2024-04-21,2024-04-25,Natural Catastrophe,3338.85,10224.17,13563.02,Open,0,
CL003821,T0155,2025-03-28,2025-04-07,Natural Catastrophe,105604.39,0.0,105604.39,Settled,0,
CL003234,T0502,2024-10-21,2024-10-25,Auto Liability,7750.415279999999,0.0,7750.415279999999,Settled,0,
CL002544,T0255,2024-02-25,2024-03-19,Marine Hull,22187.44572,0.0,22187.44572,Settled,0,
CL004123,T0398,2025-04-12,2025-07-01,Fire & Explosion,85866.3828,143001.7956,228868.17840000003,Open,0,
CL005818,T0449,2026-08-04,2026-09-11,Credit & Surety,66326.79852,164415.83736,230742.63588,Open,0,
CL003406,T0500,2024-12-06,2024-12-12,Cyber,150818.03,0.0,150818.03,Settled,0,
CL005402,T0452,2026-05-06,2026-05-19,Medical Malpractice,29112.01,0.0,29112.01,Settled,0,
CL000849,T0614,2022-08-29,2022-09-13,Fire & Explosion,915.3,6803.03,7718.33,Open,0,
CL000336,T0558,2021-12-14,2021-12-23,Auto Liability,39945.63,0.0,39945.63,Settled,0,
CL004715,T0289,2025-11-24,2025-12-04,Energy,18245.43,0.0,18245.43,Settled,0,
CL002005,T0205,2023-09-22,2023-09-23,Auto Liability,17393.26,0.0,17393.26,Settled,0,
CL000228,T0068,2021-09-06,2021-10-13,Business Interruption,31043.56,0.0,31043.56,Settled,0,
CL002762,T0377,2024-05-02,2024-05-27,General Liability,24424.57,0.0,24424.57,Settled,0,
