treaty_id,cedant_code,cedant_name,cedant_country,rating,lob_name,region_name,underwriter_name,treaty_type,underwriting_year,inception_date,expiry_date,limit_usd,retention_usd,dq_flag,gwp,ceded,net_premium,commission,earned,earned_commission,claim_count,paid,reserve,incurred,open_incurred,exposure,sum_insured,peak_zone,loss_ratio,limit_utilisation,risk_band
T0362,C165,Harbor Indemnity,USA,A,Specialty,North America,Unassigned,Excess of Loss,2026,2026-08-19,2027-08-18,4500000.0,410000.0,unassigned_underwriter,119523.9,13969.56,105554.34,6116.98,81674.66,4179.936077443925,0,0.0,0.0,0.0,0.0,4500000.0,25146702.74,Florida,0.0,0.0,Low
T0530,C162,Harbor Mutual,Canada,BBB+,Professional,North America,Carlos Ibarra,Proportional,2026,2026-06-04,2027-06-03,2000000.0,390000.0,,115159.32,13783.64,101375.68000000001,27887.92,111320.68000000001,26958.323635339282,3,20780.22,31826.18,52606.4,52606.4,300000.0,6596877.72,Australia,0.4725662832817766,0.026303200000000002,Low
T0620,C141,Granite Insurance,Singapore,A+,Property,Asia Pacific,Omar Haddad,Proportional,2026,2026-06-17,2027-06-16,12000000.0,2110000.0,,366879.56,35752.6,331126.96,103237.92,314904.96,88612.54921937651,0,0.0,0.0,0.0,0.0,3000000.0,43880851.37,Other,0.0,0.0,Low
T0067,C157,Sterling Insurance,India,A-,Property,Asia Pacific,Kenji Sato,Proportional,2023,2023-10-27,2024-10-26,39900000.0,3309999.9999599997,,4185599.10336,270333.42192,3915265.68144,1234863.06768,4185599.10336,1234863.06768,10,2643599.38704,1907127.13608,4550726.52312,2115544.044,7980000.0,112799970.05688,California,1.0872342072767773,0.11405329631879699,Low
T0380,C153,Vantage Assurance,Germany,A+,Property,Europe,Aarav Mehta,Excess of Loss,2021,2021-03-21,2022-03-20,22099999.9968,2870000.0028000004,,2037303.5760000001,205433.62560000003,1831869.9504,135371.088,2037303.5760000001,135371.088,12,561426.9732,277565.0868,838992.06,469713.3948,22099999.9968,124559485.23600002,Other,0.41181494495153237,0.037963441634456245,Low
T0038,C141,Granite Insurance,Singapore,A+,Property,Asia Pacific,Omar Haddad,Excess of Loss,2025,2025-02-03,2026-02-02,8800000.0,1320000.0,,1178208.84,127879.44,1050329.4000000001,83220.24,1178208.84,83220.24,5,355376.77,258424.48,613801.25,437844.66000000003,8800000.0,42843111.08,US Gulf Coast,0.5209613348343236,0.06975014204545454,Low
T0243,C154,Orion Assurance,Mexico,A-,Specialty,North America,Priya Nair,Excess of Loss,2025,2025-12-06,2026-12-05,26100000.0,2260000.0,,3099128.7,234505.3,2864623.4000000004,160640.6,3037146.13,157427.78820733647,8,550924.23,855974.18,1406898.4100000001,1370823.73,26100000.0,92951578.41,Other,0.4632303978076946,0.05390415363984675,Low
T0359,C102,Summit Indemnity,Australia,A+,Casualty,Asia Pacific,Priya Nair,Proportional,2024,2024-05-23,2025-05-22,6400000.0,840000.0,,653439.0,77929.68000000001,575509.32,167548.8,653439.0,167548.8,6,210068.47,332744.72000000003,542813.1900000001,429449.84,3200000.0,24162071.98,California,0.8307021619462568,0.0848145609375,Low
T0697,C135,Sterling Indemnity,Spain,BBB+,Professional,Europe,Priya Nair,Proportional,2026,2026-06-17,2027-06-16,8100000.000000001,450000.0036,,421928.4384,44239.73760000001,377688.7008,94840.20000000001,362155.24439999997,81404.50532368022,1,58097.368800000004,166949.5968,225046.96560000003,225046.96560000003,1215000.0,25631157.272400003,US Gulf Coast,0.6214102075833422,0.027783576,Low
T0085,C103,Northwind Mutual,India,A-,Financial Lines,Asia Pacific,Aarav Mehta,Excess of Loss,2025,2025-11-28,2026-11-27,16599999.99996,1820000.0000399998,,2154882.1932,174871.1112,1980011.0820000002,193338.978,1953759.85512,175294.00671569337,10,688439.01984,315415.63296,1003854.6528,409767.378,16599999.99996,74972306.48472,Florida,0.5138065715544878,0.06047317185556741,Low
T0313,C147,Evergreen General,USA,A+,Casualty,North America,Sophie Laurent,Proportional,2026,2026-06-26,2027-06-25,15000000.0,1990000.0,,886306.04,96174.8,790131.24,238703.92,694273.06,186984.73607648574,2,52218.34,230855.18,283073.52,283073.52,7500000.0,67008841.6,Japan,0.4077264930890448,0.018871568000000002,Low
T0682,C112,Crown Mutual,Canada,A-,Casualty,North America,Aarav Mehta,Excess of Loss,2022,2022-03-26,2023-03-25,6800000.0,470000.0,,985501.7999999999,51956.28,933545.5199999999,78250.92,985501.7999999999,78250.92,6,198885.02,0.0,198885.02,0.0,6800000.0,23294557.13,Japan,0.20181091500796852,0.02924779705882353,Low
T0410,C112,Crown Mutual,Canada,A-,Financial Lines,North America,Sophie Laurent,Excess of Loss,2021,2021-10-29,2022-10-28,38200000.0,6660000.0,,3430911.24,338869.08,3092042.16,223516.91999999998,3430911.24,223516.91999999998,10,1770598.18,0.0,1770598.18,0.0,38200000.0,102976486.98,US Gulf Coast,0.5160722782207563,0.046350737696335076,Low
T0463,C105,Atlas Indemnity,Canada,A-,Property,North America,Hannah Weber,Facultative,2025,2025-07-07,2026-07-06,48900000.0,8830000.0,,3747022.44,227136.96000000002,3519885.48,726619.3200000001,3747022.44,726619.3200000001,2,798393.78,859192.05,1657585.83,1031372.91,48900000.0,116670951.65,Australia,0.4423741401452616,0.03389746073619632,Low
T0354,C170,Meridian General,USA,A+,Casualty,North America,Priya Nair,Excess of Loss,2022,2022-04-13,2023-04-12,31400000.0,3450000.0,,3401751.12,329292.83999999997,3072458.2800000003,373569.72000000003,3401751.12,373569.72000000003,18,1321992.74,0.0,1321992.74,0.0,31400000.0,161704754.14,Europe Windstorm,0.3886212404627649,0.0421016796178344,Low
T0565,C164,Vantage General,USA,A+,Casualty,North America,Sophie Laurent,Proportional,2025,2025-04-27,2026-04-26,10000000.0,1420000.0,,879598.7999999999,89529.36,790069.44,260083.56,879598.7999999999,260083.56,9,369381.0,834542.13,1203923.13,1003260.49,5000000.0,55650988.37,US Gulf Coast,1.3687184771056986,0.12039231299999999,Low
T0274,C126,Summit Insurance,France,A+,Specialty,Europe,Priya Nair,Excess of Loss,2023,2023-01-23,2024-01-22,7799999.9976,1360000.0008,,660710.7792,70118.65440000001,590592.1248,72448.6032,660710.7792,72448.6032,9,447143.56560000003,32754.747600000002,479898.31320000003,41536.378800000006,7799999.9976,34831190.97,Other,0.7263364369218694,0.06152542478816167,Low
T0118,C164,Vantage General,USA,A+,Property,North America,Carlos Ibarra,Excess of Loss,2024,2024-03-19,2025-03-18,37800000.0,5820000.0,,3563649.12,348457.80000000005,3215191.3200000003,211878.84,3563649.12,211878.84,7,1173500.75,967009.77,2140510.52,1211275.57,37800000.0,181549946.85,Japan,0.6006513121583642,0.05662726243386244,Low
T0486,C115,Cobalt Indemnity,Mexico,A,Casualty,North America,Kenji Sato,Excess of Loss,2024,2024-04-11,2025-04-10,4700000.0,740000.0,,811463.8800000001,88625.16,722838.7200000001,60419.759999999995,811463.8800000001,60419.759999999995,7,841425.84,203638.45,1045064.29,277769.95,4700000.0,19604313.94,US Gulf Coast,1.2878753025951073,0.22235410425531915,Medium
T0506,C122,Pioneer General,Germany,A-,Professional,Europe,Sophie Laurent,Proportional,2021,2021-01-19,2022-01-18,6599999.998800001,489999.99600000004,,517392.1008000001,56801.347200000004,460590.75360000005,126258.39360000001,517392.1008000001,126258.39360000001,13,306156.83400000003,11651.526000000002,317808.36000000004,18540.7812,1650000.0024,35240568.1344,Australia,0.6142505065473547,0.048152781826936865,Low
T0132,C150,Cobalt General,Canada,A,Property,North America,Omar Haddad,Excess of Loss,2025,2025-07-28,2026-07-27,2600000.0,270000.0,,273403.44,17872.56,255530.88,27700.92,273403.44,27700.92,7,648765.01,2516888.2399999998,3165653.2499999995,3117863.5399999996,2600000.0,5754073.29,Europe Windstorm,11.578688439326145,1.2175589423076922,Critical
T0370,C129,Atlas Mutual,France,A,Property,Europe,Carlos Ibarra,Excess of Loss,2024,2024-10-03,2025-10-02,24099999.9948,4819999.9968,,1914163.6176,125859.4848,1788304.1328,148478.7024,1914163.6176,148478.7024,12,663388.974,200092.5936,863481.5676000001,283272.66000000003,24099999.9948,128211499.3716,California,0.4511012327580664,0.035829110696527444,Low
T0574,C132,Pioneer Insurance,Germany,A,Casualty,Europe,Priya Nair,Proportional,2023,2023-08-13,2024-08-12,5400000.0,300000.00240000006,,896508.1296000001,61192.7136,835315.4160000001,268024.7232,896508.1296000001,268024.7232,8,621493.0092,36198.9972,657692.0064000001,39635.1036,1080000.0,21426092.46,Other,0.7336152174029321,0.12179481600000001,Low
T0349,C145,Harbor Insurance,Canada,BBB,Financial Lines,North America,Carlos Ibarra,Proportional,2021,2021-08-19,2022-08-18,18400000.0,1820000.0,,2729214.7199999997,260355.84,2468858.88,672757.2,2729214.7199999997,672757.2,12,958216.9299999999,13314.21,971531.14,44380.69,5520000.0,96370430.82,Europe Windstorm,0.35597460796342184,0.052800605434782606,Low
T0122,C167,Evergreen Assurance,Canada,BBB+,Property,North America,Sophie Laurent,Excess of Loss,2024,2024-07-26,2025-07-25,17800000.0,2230000.0,,2039202.2399999998,223254.12,1815948.1199999996,231256.56,2039202.2399999998,231256.56,8,1948460.7799999998,109595.70000000001,2058056.48,138157.7,17800000.0,92424675.8,Other,1.009245890196747,0.11562115056179775,Low
T0072,C105,Atlas Indemnity,Canada,A-,Property,North America,Aarav Mehta,Excess of Loss,2024,2024-06-22,2025-06-21,3400000.0,260000.0,,492959.76,54333.84,438625.92000000004,39235.32,492959.76,39235.32,8,297681.98,0.0,297681.98,0.0,3400000.0,10679798.28,Europe Windstorm,0.603866692891931,0.08755352352941176,Low
T0024,C119,Atlas Assurance,Mexico,A-,Specialty,North America,Aarav Mehta,Excess of Loss,2025,2025-06-11,2026-06-10,9300000.0,800000.0,,1759533.3599999999,193011.48,1566521.88,170697.48,1759533.3599999999,170697.48,4,971055.59,378763.92,1349819.51,684210.31,9300000.0,28834355.25,Other,0.7671463017899246,0.14514188279569892,Low
T0194,C132,Pioneer Insurance,Germany,A,Property,Europe,Priya Nair,Proportional,2025,2025-10-21,2026-10-20,12700000.0008,1270000.0044,,977551.1568000001,67493.2176,910057.9392000001,215325.86400000006,920527.3404000001,202765.18883789238,5,303081.24240000005,422179.97040000005,725261.2128,601680.9384,1905000.0012,30267529.8264,Australia,0.7878757978930312,0.05710718210663891,Low
T0491,C127,Cobalt Insurance,South Africa,BBB+,Specialty,Middle East & Africa,Priya Nair,Excess of Loss,2024,2024-07-03,2025-07-02,10900000.0,1690000.0,,1326996.3599999999,71143.68000000001,1255852.68,117754.79999999999,1326996.3599999999,117754.79999999999,9,883798.1799999999,0.0,883798.1799999999,0.0,10900000.0,41551947.15,Florida,0.666014019812383,0.08108240183486239,Low
T0276,C166,Harbor General,Canada,A,Financial Lines,North America,Omar Haddad,Proportional,2024,2024-09-15,2025-09-14,34200000.0,2790000.0,,4693145.88,296734.56,4396411.32,1372621.32,4693145.88,1372621.32,10,1308240.06,695132.65,2003372.71,1031591.45,13680000.0,105071711.69,Florida,0.4268720302382759,0.05857814941520468,Low
T0237,C134,Summit General,Canada,A+,Financial Lines,North America,Aarav Mehta,Proportional,2024,2024-05-30,2025-05-29,29200000.0,1650000.0,,2385754.44,235541.16,2150213.28,549065.88,2385754.44,549065.88,5,1290974.61,27060.5,1318035.11,90201.65,4380000.0,65485313.93,Florida,0.5524605080479281,0.04513818869863014,Low
T0327,C103,Northwind Mutual,India,A-,Financial Lines,Asia Pacific,Priya Nair,Proportional,2025,2025-01-25,2026-01-24,8300000.000039999,1629999.9999600002,,714993.3432,73021.72032,641971.62288,174657.07152,714993.3432,174657.07152,4,468895.48284000007,138235.71816,607131.201,151547.06088,2490000.0,21379507.8006,Europe Windstorm,0.8491424525475219,0.07314833746952701,Low
T0124,C115,Cobalt Indemnity,Mexico,A,Casualty,North America,James Whitfield,Facultative,2025,2025-03-23,2026-03-22,40300000.0,3950000.0,,2909329.08,256922.27999999997,2652406.8000000003,552546.84,2909329.08,552546.84,17,1542116.22,204329.85,1746446.07,263903.11,40300000.0,149796328.46,California,0.6002916899314807,0.04333613076923077,Low
T0546,C144,Northwind Insurance,Canada,A,Property,North America,Omar Haddad,Facultative,2025,2025-02-15,2026-02-14,16300000.0,3170000.0,,1493814.6,114626.88,1379187.7200000002,230443.08000000002,1493814.6,230443.08000000002,6,829412.0700000001,249352.57,1078764.6400000001,326586.49,16300000.0,93671191.23,Other,0.722154302147,0.06618187975460124,Low
T0473,C113,Sterling Mutual,UK,A-,Property,Europe,Carlos Ibarra,Excess of Loss,2024,2024-04-06,2025-04-05,13500000.0002,2129999.9945,,1695235.116,127298.3484,1567936.7676,180253.6908,1695235.116,180253.6908,11,731655.5597999999,0.0,731655.5597999999,0.0,13500000.0002,73184608.9391,Other,0.4315953302845574,0.05419670813253041,Low
T0607,C130,Cobalt Mutual,Italy,A+,Financial Lines,Europe,Unassigned,Excess of Loss,2025,2025-07-03,2026-07-02,21999999.999600004,2460000.0024,unassigned_underwriter,3073991.4720000005,311927.8896,2762063.5824000007,191753.8272,3073991.4720000005,191753.8272,7,1318202.9748000002,604580.7492000001,1922783.724,942304.4604,21999999.999600004,78067783.638,US Gulf Coast,0.6255006695737507,0.08739926018340724,Low
T0311,C133,Northwind General,India,BBB+,Property,Asia Pacific,Priya Nair,Excess of Loss,2024,2024-11-26,2025-11-25,17100000.0,1890000.0,,1992639.1636800002,163731.77424,1828907.3894400003,102338.82,1992639.1636800002,102338.81999999998,8,922412.60028,171470.73719999997,1093883.33748,247659.44316000002,17100000.0,102367023.03444,Japan,0.5489620787437598,0.06396978581754385,Low
T0197,C145,Harbor Insurance,Canada,BBB,Financial Lines,North America,Omar Haddad,Proportional,2021,2021-09-03,2022-09-02,4900000.0,360000.0,,544022.16,57647.759999999995,486374.4,156425.16,544022.16,156425.16,5,206044.75,185925.66,391970.41,233321.0,1470000.0,22031823.27,Europe Windstorm,0.7205044919493719,0.07999396122448979,Low
T0149,C121,Evergreen Mutual,Brazil,A-,Casualty,Latin America,James Whitfield,Excess of Loss,2022,2022-10-07,2023-10-06,11100000.0,2170000.0,,896968.44,97473.12,799495.32,94119.36,896968.44,94119.36,9,489545.63,333579.07,823124.7000000001,477806.07,11100000.0,48611775.88,Other,0.9176740934162635,0.07415537837837838,Low
T0545,C126,Summit Insurance,France,A+,Casualty,Europe,Priya Nair,Proportional,2021,2021-03-19,2022-03-18,73200000.00240001,5960000.0016,,6963707.635200001,429153.0336000001,6534554.601600002,2158535.4336,6963707.635200001,2158535.4336,10,4681212.3288,1720915.1892000001,6402127.518000001,2159006.9832,18299999.995200004,201403145.4444,Europe Windstorm,0.9193561610252939,0.08746075843975538,Low
T0561,C115,Cobalt Indemnity,Mexico,A,Property,North America,Hannah Weber,Proportional,2022,2022-09-18,2023-09-17,5800000.0,1150000.0,,894016.0900000001,63662.61,830353.4800000001,199087.56999999998,894016.0900000001,199087.56999999998,6,489175.23000000004,423532.81,912708.04,603977.36,1450000.0,32054981.55,Australia,1.0209078451820703,0.1573634551724138,Low
T0109,C123,Orion General,Canada,A+,Property,North America,Carlos Ibarra,Excess of Loss,2022,2022-04-23,2023-04-22,10800000.0,1730000.0,,1159707.01,113022.79999999999,1046684.21,78014.31,1159707.01,78014.31,10,831714.79,102084.84,933799.63,150155.15999999997,10800000.0,35998851.46,Australia,0.8052030572790967,0.0864629287037037,Low
T0073,C125,Granite Indemnity,Germany,BBB,Casualty,Europe,Carlos Ibarra,Proportional,2021,2021-02-19,2022-02-18,66700000.0008,4409999.9964000005,,9736290.3312,565414.0848000001,9170876.2464,3006922.3055999996,9736290.3312,3006922.3056000005,12,7056522.165600001,1672898.8104,8729420.976,3751110.2160000005,33350000.0004,281339660.0808,Australia,0.8965859356131276,0.13087587670007944,Low
T0382,C132,Pioneer Insurance,Germany,A,Casualty,Europe,Kenji Sato,Proportional,2024,2024-08-19,2025-08-18,4900000.0032,899999.9964000001,,905223.6000000001,57306.7872,847916.8128000001,246654.84960000002,905223.6000000001,246654.84960000002,11,574893.1908000001,229655.9412,804549.1320000001,356059.6056,1959999.9948000002,12121263.1764,California,0.8887849720223822,0.16419370030093475,Low
T0643,C122,Pioneer General,Germany,A-,Property,Europe,Sophie Laurent,Excess of Loss,2025,2025-02-27,2026-02-26,15700000.0032,2890000.0044000004,,2218041.7920000004,128016.02880000001,2090025.7632000004,205279.91999999998,2218041.7920000004,205279.91999999998,8,499042.67400000006,372107.2932000001,871149.9672000001,572295.3588,15700000.0032,76700036.2248,Japan,0.39275633594554016,0.05548725904601534,Low
T0680,C170,Meridian General,USA,A+,Property,North America,Hannah Weber,Excess of Loss,2022,2022-06-21,2023-06-20,23700000.0,3950000.0,,1975597.92,218473.80000000002,1757124.1199999999,182892.0,1975597.92,182892.0,17,844213.44,38911.05,883124.49,69085.59,23700000.0,137269359.25,Other,0.4470163088651156,0.03726263670886076,Low
T0249,C109,Crown General,USA,A,Specialty,North America,Aarav Mehta,Excess of Loss,2024,2024-11-05,2025-11-04,39900000.0,3500000.0,,3034535.88,259204.80000000002,2775331.08,261312.72000000003,3034535.88,261312.72000000003,9,2029210.31,496014.03,2525224.34,638600.5700000001,39900000.0,147398776.85,Japan,0.8321616352086105,0.0632888305764411,Low
T0645,C130,Cobalt Mutual,Italy,A+,Property,Europe,Sophie Laurent,Excess of Loss,2023,2023-02-17,2024-02-16,9200000.001600001,1510000.002,,817877.6063999999,73378.224,744499.3823999999,55178.1072,817877.6063999999,55178.1072,4,211732.6608,0.0,211732.6608,0.0,9200000.001600001,25039137.636,California,0.2588806187419292,0.023014419648171403,Low
T0150,C111,Granite Assurance,Australia,BBB+,Casualty,Asia Pacific,James Whitfield,Proportional,2022,2022-03-24,2023-03-23,54600000.0,3210000.0,,4082542.08,437293.68,3645248.4,945184.44,4082542.08,945184.44,13,1376753.13,78370.67,1455123.8,104539.78,21840000.0,271854897.36,US Gulf Coast,0.3564259158842522,0.026650619047619048,Low
T0637,C136,Crown Insurance,China,A,Specialty,Asia Pacific,Carlos Ibarra,Facultative,2025,2025-02-03,2026-02-02,2800000.0,300000.0,,217145.76,14391.48,202754.28,35190.479999999996,217145.76,35190.479999999996,7,122885.11,8818.22,131703.33,10234.07,2800000.0,13025072.63,Europe Windstorm,0.6065203852011661,0.04703690357142857,Low
T0698,C147,Evergreen General,USA,A+,Professional,North America,Sophie Laurent,Proportional,2022,2022-03-14,2023-03-13,3600000.0,670000.0,,459685.92000000004,34068.96,425616.96,115815.0,459685.92000000004,115815.0,7,172263.86,26796.13,199059.99,37564.39,720000.0,13456730.83,Europe Windstorm,0.43303477731056017,0.055294441666666666,Low
T0452,C118,Meridian Insurance,Japan,A,Professional,Asia Pacific,James Whitfield,Proportional,2026,2026-03-28,2027-03-27,4800000.0,660000.0,,436865.03,47755.68,389109.35000000003,132927.62,378616.36,115203.93753618411,4,67050.64,246587.28,313637.92,284525.91,1200000.0,22845316.97,Japan,0.8283792068573054,0.06534123333333333,Low
T0689,C113,Sterling Mutual,UK,A-,Financial Lines,Europe,Hannah Weber,Excess of Loss,2022,2022-06-24,2023-06-23,63500000.0,11320000.0041,,5805995.601600001,424742.7624,5381252.8392,650131.9992000001,5805995.601600001,650131.9992000001,6,3501914.4084,281939.4539,3783853.8623,286246.65890000004,63500000.0,216136493.79930001,California,0.6517149033418586,0.0595882498,Low
T0663,C130,Cobalt Mutual,Italy,A+,Casualty,Europe,Carlos Ibarra,Excess of Loss,2024,2024-08-25,2025-08-24,53299999.998,4520000.0052000005,,4363235.9424,355387.824,4007848.1184,304603.41599999997,4363235.9424,304603.41599999997,9,3002624.0028000004,227486.88,3230110.8828000003,387150.0732,53299999.998,220168211.27040002,Other,0.7403016764257943,0.06060245558951604,Low
T0696,C131,Pioneer Indemnity,Chile,A+,Casualty,Latin America,Aarav Mehta,Excess of Loss,2024,2024-06-21,2025-06-20,12000000.0,2180000.0,,2340839.52,145225.08000000002,2195614.44,166902.48,2340839.52,166902.48000000004,8,3348831.83,140787.18,3489619.01,199058.78999999998,12000000.0,43603196.18,Australia,1.4907553380677714,0.2908015841666666,Medium
T0407,C113,Sterling Mutual,UK,A-,Casualty,Europe,Hannah Weber,Excess of Loss,2025,2025-09-28,2026-09-27,32700000.005,5899999.9983,,2626525.4556,186138.00720000002,2440387.4484,139110.72,2626525.4556,139110.72,11,774550.9782,461212.9587,1235763.9369,617827.1235,32700000.005,168599258.2288,Japan,0.4704937979052268,0.03779094607679038,Low
T0515,C130,Cobalt Mutual,Italy,A+,Specialty,Europe,Kenji Sato,Proportional,2026,2026-05-12,2027-05-11,12700000.0008,1999999.9980000001,,408275.424,34045.974,374229.45,95364.378,375613.3944,87735.2287690593,2,44940.074400000005,75267.13320000001,120207.2076,120207.2076,5079999.996,29722521.952800002,California,0.3200290761516038,0.009465134456096683,Low
T0599,C158,Atlas Insurance,China,A,Casualty,Asia Pacific,Aarav Mehta,Proportional,2024,2024-11-05,2025-11-04,1900000.0,260000.0,,220932.96000000002,15961.079999999998,204971.88000000003,57627.12,220932.96000000002,57627.12,15,92261.91,7521.77,99783.68000000001,14790.54,190000.0,5800329.85,Europe Windstorm,0.45164687061631725,0.05251772631578948,Low
T0578,C113,Sterling Mutual,UK,A-,Specialty,Europe,Kenji Sato,Excess of Loss,2026,2026-08-15,2027-08-14,5799999.9951,599999.9938,,155930.34600000002,10238.6892,145691.65680000003,8773.6172,116947.75950000001,6580.2129,2,18890.132400000002,63651.8539,82541.9863,82541.9863,5799999.9951,14385711.716200002,US Gulf Coast,0.7058022030768362,0.014231376960298922,Low
T0300,C167,Evergreen Assurance,Canada,BBB+,Specialty,North America,Unassigned,Facultative,2024,2024-11-24,2025-11-23,37300000.0,2560000.0,unassigned_underwriter,3881581.08,279212.88,3602368.2,706520.52,3881581.08,706520.52,9,2611854.4499999997,197885.02000000002,2809739.4699999997,246730.77000000002,37300000.0,222695548.13,Europe Windstorm,0.7238646860881751,0.07532813592493297,Low
T0385,C112,Crown Mutual,Canada,A-,Financial Lines,North America,Carlos Ibarra,Proportional,2024,2024-12-23,2025-12-22,43300000.0,5450000.0,,4543842.0,298224.12,4245617.88,1133380.92,4543842.0,1133380.92,6,867059.66,84773.57,951833.23,136300.25,12990000.0,201753335.03,California,0.2094776248822032,0.02198229168591224,Low
T0513,C105,Atlas Indemnity,Canada,A-,Financial Lines,North America,Aarav Mehta,Proportional,2024,2024-09-11,2025-09-10,28100000.0,4850000.0,,2480083.44,159783.24,2320300.2,742507.92,2480083.44,742507.92,8,1168831.92,123725.72,1292557.64,337721.72000000003,7025000.0,125963726.01,California,0.5211750617551802,0.04599849252669039,Low
T0484,C148,Meridian Assurance,Spain,A,Property,Europe,Kenji Sato,Excess of Loss,2024,2024-01-10,2025-01-09,30999999.996000003,4159999.9980000006,,4176902.7648,492034.3056,3684868.4592,454046.47199999995,4176902.7648,454046.47199999995,8,4848846.4404,0.0,4848846.4404,0.0,30999999.996000003,74842228.7892,US Gulf Coast,1.1608712755448052,0.15641440132340828,Low
T0121,C134,Summit General,Canada,A+,Financial Lines,North America,Sophie Laurent,Proportional,2023,2023-08-03,2024-08-02,16600000.0,910000.0,,3318988.8000000003,201793.91999999998,3117194.8800000004,873539.76,3318988.8000000003,873539.76,7,1626168.1300000001,467809.14,2093977.27,868546.24,2490000.0,47500997.36,US Gulf Coast,0.6309082061379658,0.12614320903614457,Low
T0004,C133,Northwind General,India,BBB+,Property,Asia Pacific,Omar Haddad,Proportional,2026,2026-03-13,2027-03-12,22899999.999959998,4580000.00004,,1032836.3841600001,99769.85844,933066.5257200002,256547.1006,968898.8937600001,240665.61343192277,5,137988.10416000002,162777.54912,300765.65328,240221.85864000002,4580000.00004,117861326.01575999,Other,0.31042006056258414,0.013133871322293687,Low
T0133,C133,Northwind General,India,BBB+,Financial Lines,Asia Pacific,Aarav Mehta,Excess of Loss,2025,2025-03-05,2026-03-04,3699999.9999599997,699999.99996,,444363.65280000004,43771.97952,400591.67328000005,41461.902720000006,444363.65280000004,41461.902720000006,12,133777.22832,83280.3906,217057.61892,110380.73796000001,3699999.9999599997,15266459.5698,Other,0.4884684369486306,0.05866422133036395,Low
T0268,C167,Evergreen Assurance,Canada,BBB+,Specialty,North America,Kenji Sato,Proportional,2023,2023-03-11,2024-03-10,5200000.0,280000.0,,744676.92,79761.12,664915.8,223741.56,744676.92,223741.56,6,443465.25,260366.91,703832.16,300785.87,1300000.0,24217287.92,California,0.9451510327458517,0.13535233846153846,Low
T0105,C169,Evergreen Insurance,USA,A,Casualty,North America,Hannah Weber,Proportional,2023,2023-08-22,2024-08-21,20200000.0,1570000.0,,1714776.72,141414.12,1573362.6,394019.28,1714776.72,394019.28,9,1125580.8499999999,55135.64,1180716.49,161720.83000000002,10100000.0,95373804.13,Japan,0.6885540701765533,0.05845131138613861,Low
T0053,C145,Harbor Insurance,Canada,BBB,Property,North America,Priya Nair,Proportional,2026,2026-08-13,2027-08-12,6900000.0,1300000.0,,187731.14,13580.64,174150.5,44160.5,147056.06,34592.39174507756,2,43094.58,74346.1,117440.68000000001,117440.68000000001,1380000.0,24980020.94,Europe Windstorm,0.7986116315097794,0.0170203884057971,Low
T0345,C129,Atlas Mutual,France,A,Professional,Europe,Priya Nair,Proportional,2022,2022-11-15,2023-11-14,4200000.001200001,830000.0016000001,,739919.4480000001,71802.5472,668116.9008000001,212941.7424,739919.4480000001,212941.7424,8,364065.0408,0.0,364065.0408,0.0,1680000.0048000002,17387711.7804,Florida,0.49203334468916404,0.08668215254666223,Low
T0640,C132,Pioneer Insurance,Germany,A,Specialty,Europe,Priya Nair,Proportional,2025,2025-03-10,2026-03-09,105699999.99960001,8660000.001600001,,7931892.3408,509142.1536000001,7422750.1872000005,2461997.4624000005,7931892.3408,2461997.4624000005,5,7286314.3596,48216.546,7334530.9056,81455.2308,31709999.998800002,366982639.85880005,Other,0.924688660721314,0.06939007479307242,Low
T0587,C122,Pioneer General,Germany,A-,Financial Lines,Europe,Unassigned,Facultative,2023,2023-10-27,2024-10-26,10300000.0032,690000.0012,unassigned_underwriter,1030049.1360000002,115257.03840000002,914792.0976000002,181903.968,1030049.1360000002,181903.968,11,471795.71040000004,11954.682,483750.3924,13422.672,10300000.0032,59876687.224800006,US Gulf Coast,0.4696381711250714,0.04696605749997171,Low
T0283,C130,Cobalt Mutual,Italy,A+,Casualty,Europe,Hannah Weber,Excess of Loss,2022,2022-02-22,2023-02-21,167400000.0,22050000.003600005,,15720608.1744,1083965.328,14636642.8464,1581577.7472,15720608.1744,1581577.7472,5,6898399.063200001,0.0,6898399.063200001,0.0,167400000.0,634252945.5396,US Gulf Coast,0.4388124801961288,0.041209074451612905,Low
T0434,C137,Meridian Indemnity,Germany,BBB,Property,Europe,Hannah Weber,Excess of Loss,2022,2022-12-28,2023-12-27,14699999.9988,1530000.0036,,1349236.9584,119326.34880000002,1229910.6095999999,149521.7232,1349236.9584,149521.7232,9,668198.1168000001,0.0,668198.1168000001,0.0,14699999.9988,50970902.69160001,California,0.49524148641198396,0.0454556542077923,Low
T0558,C147,Evergreen General,USA,A+,Casualty,North America,Aarav Mehta,Proportional,2021,2021-01-14,2022-01-13,7800000.0,1040000.0,,1205829.1199999999,127478.16,1078350.96,344727.24,1205829.1199999999,344727.24,11,676234.14,145379.86,821614.0,160910.93,1560000.0,18712489.23,Australia,0.6813685176221321,0.1053351282051282,Low
T0328,C109,Crown General,USA,A,Casualty,North America,Priya Nair,Proportional,2024,2024-06-08,2025-06-07,4300000.0,320000.0,,709663.92,45182.159999999996,664481.76,192463.8,709663.92,192463.8,13,326237.96,13382.869999999999,339620.83,32927.24,645000.0,17785387.92,Japan,0.4785657272811615,0.07898158837209303,Low
T0348,C161,Orion Insurance,Singapore,A+,Property,Asia Pacific,James Whitfield,Proportional,2024,2024-02-08,2025-02-07,4000000.0,330000.0,,642076.4400000001,74289.95999999999,567786.4800000001,176527.2,642076.4400000001,176527.2,9,229022.25,0.0,229022.25,0.0,1000000.0,15367594.74,US Gulf Coast,0.3566900071897981,0.0572555625,Low
T0343,C123,Orion General,Canada,A+,Property,North America,James Whitfield,Excess of Loss,2024,2024-04-01,2025-03-31,10300000.0,550000.0,,1423189.56,169801.08000000002,1253388.48,143297.40000000002,1423189.56,143297.40000000002,4,1091684.8,37677.45,1129362.25,43355.47,10300000.0,35267794.73,Other,0.7935430962548657,0.10964682038834951,Low
T0046,C153,Vantage Assurance,Germany,A+,Financial Lines,Europe,Omar Haddad,Facultative,2026,2026-01-26,2027-01-25,3099999.9996,200000.0052,,408342.4488,44593.31880000001,363749.13,67467.6864,369020.5884,60970.798912725426,7,66423.3264,182283.92280000003,248707.24920000002,248707.24920000002,3099999.9996,12345003.504000003,Australia,0.6739657813628916,0.08022814491357783,Low
T0579,C165,Harbor Indemnity,USA,A,Financial Lines,North America,Carlos Ibarra,Proportional,2025,2025-11-07,2026-11-06,10700000.0,1320000.0,,897844.5299999999,64637.32,833207.21,255190.53999999998,878799.34,249777.40648065606,11,96264.41,110085.32,206349.73,147575.58000000002,3210000.0,45209999.82,Australia,0.23480869933288756,0.019285021495327105,Low
T0043,C148,Meridian Assurance,Spain,A,Financial Lines,Europe,Aarav Mehta,Excess of Loss,2023,2023-12-23,2024-12-22,19500000.0048,2340000.0036,,1910042.5968,145935.6912,1764106.9056,220565.46240000002,1910042.5968,220565.46240000002,12,572307.5412,0.0,572307.5412,0.0,19500000.0048,93800358.5688,California,0.29963077376327546,0.029349104669698683,Low
T0142,C122,Pioneer General,Germany,A-,Casualty,Europe,Hannah Weber,Proportional,2023,2023-04-21,2024-04-20,9299999.9988,939999.9996000001,,731651.3568000001,61913.808000000005,669737.5488000001,202810.13280000002,731651.3568000001,202810.13280000002,9,401828.526,42058.1592,443886.68520000007,68793.88320000001,3719999.9952000002,21301117.5492,Japan,0.6066915356262208,0.04772975110293288,Low
T0029,C123,Orion General,Canada,A+,Specialty,North America,James Whitfield,Excess of Loss,2025,2025-02-26,2026-02-25,11300000.0,2090000.0,,1214804.8800000001,76487.16,1138317.7200000002,130014.12,1214804.8800000001,130014.12,7,770548.28,45396.6,815944.88,62853.56,11300000.0,30330973.7,Europe Windstorm,0.6716674368315017,0.07220751150442478,Low
T0559,C167,Evergreen Assurance,Canada,BBB+,Property,North America,Omar Haddad,Excess of Loss,2025,2025-06-29,2026-06-28,32900000.0,4640000.0,,3931360.32,346210.56,3585149.76,466866.12,3931360.32,466866.12,8,1940005.48,1587881.39,3527886.87,2275771.2,32900000.0,107760759.01,US Gulf Coast,0.8973705239004905,0.10723060395136778,Low
T0213,C101,Granite General,China,A,Property,Asia Pacific,Kenji Sato,Facultative,2026,2026-03-23,2027-03-22,4700000.0,460000.0,,464765.70000000007,41907.53,422858.17000000004,75690.58,413862.79000000004,67400.65933333333,8,115373.31,56209.19,171582.5,89120.23999999999,4700000.0,23266798.32,Australia,0.4145878879326165,0.03650691489361702,Low
T0248,C147,Evergreen General,USA,A+,Specialty,North America,Sophie Laurent,Proportional,2026,2026-05-16,2027-05-15,27400000.0,5180000.0,,1011541.5,55872.200000000004,955669.3,321074.35000000003,903643.74,286826.4193333333,5,46321.56,231730.82,278052.38,278052.38,13700000.0,57505406.74,California,0.307701329287137,0.01014789708029197,Low
T0036,C154,Orion Assurance,Mexico,A-,Specialty,North America,Kenji Sato,Proportional,2022,2022-07-07,2023-07-06,13800000.0,2190000.0,,2626059.2399999998,267071.88,2358987.36,668720.3999999999,2626059.2399999998,668720.3999999999,11,1444879.5,27641.120000000003,1472520.62,33595.65,2760000.0,56124889.35,California,0.5607339688193783,0.1067043927536232,Low
T0090,C154,Orion Assurance,Mexico,A-,Specialty,North America,Aarav Mehta,Proportional,2025,2025-08-16,2026-08-15,28800000.0,4770000.0,,4088871.24,359139.36,3729731.8800000004,1078579.44,4088871.24,1078579.44,3,24265.62,1217107.04,1241372.66,1241372.66,2880000.0,168902640.78,US Gulf Coast,0.3035978848773922,0.043103217361111106,Low
T0383,C162,Harbor Mutual,Canada,BBB+,Professional,North America,Hannah Weber,Proportional,2022,2022-03-21,2023-03-20,20400000.0,1510000.0,,2829838.8,186165.59999999998,2643673.1999999997,905234.76,2829838.8,905234.76,6,1546525.6,0.0,1546525.6,0.0,3060000.0,62360801.78,Other,0.5465066066660759,0.07581007843137255,Low
T0369,C119,Atlas Assurance,Mexico,A-,Unmapped,North America,Hannah Weber,Proportional,2024,2024-02-11,2025-02-10,22100000.0,3360000.0,unmapped_lob,2151036.12,165898.8,1985137.32,584934.24,2151036.12,584934.24,11,794369.39,0.0,794369.39,0.0,5525000.0,85062060.62,Other,0.3692961650499853,0.03594431628959276,Low
T0451,C115,Cobalt Indemnity,Mexico,A,Specialty,North America,Sophie Laurent,Proportional,2022,2022-09-18,2023-09-17,2700000.0,250000.0,,288447.36,20713.079999999998,267734.27999999997,80978.28,288447.36,80978.28,9,200195.69,3550.36,203746.05000000002,4023.48,270000.0,9272693.09,California,0.7063543587294404,0.0754615,Low
T0008,C143,Northwind Indemnity,USA,A,Property,North America,Aarav Mehta,Proportional,2025,2025-08-11,2026-08-10,2000000.0,290000.0,,295289.88,26596.44,268693.44,93903.0,295289.88,93903.0,6,147757.78,37215.26,184973.04,46221.79,400000.0,10980288.87,Europe Windstorm,0.626411714482054,0.09248652,Low
T0524,C158,Atlas Insurance,China,A,Casualty,Asia Pacific,Carlos Ibarra,Proportional,2025,2025-04-26,2026-04-25,9900000.0,1080000.0,,1079659.92,95394.24,984265.6799999999,343020.0,1079659.92,343019.99999999994,8,496196.92,449001.81,945198.73,564829.49,990000.0,54159455.74,Other,0.8754596817857239,0.09547461919191919,Low
T0152,C113,Sterling Mutual,UK,A-,Property,Europe,Priya Nair,Excess of Loss,2026,2026-07-05,2027-07-04,56299999.9982,10820000.000799999,,1057769.538,76191.38940000001,981578.1486,121722.03240000001,999004.5678999999,114959.69775381431,4,216862.1774,939962.3822,1156824.5596,1156824.5596,56299999.9982,188781960.1417,Other,1.1579772473230552,0.020547505499768838,Low
T0041,C167,Evergreen Assurance,Canada,BBB+,Property,North America,Aarav Mehta,Proportional,2022,2022-12-01,2023-11-30,16900000.0,2160000.0,,1834796.04,185643.72,1649152.32,538236.48,1834796.04,538236.48,5,1362667.83,0.0,1362667.83,0.0,8450000.0,72843025.59,Florida,0.7426808213516746,0.0806312325443787,Low
T0669,C109,Crown General,USA,A,Property,North America,Omar Haddad,Proportional,2022,2022-02-10,2023-02-09,10400000.0,1680000.0,,1290103.2000000002,124255.68,1165847.5200000003,348883.19999999995,1290103.2000000002,348883.19999999995,9,740139.46,118519.15,858658.61,233008.11000000002,5200000.0,27006920.0,Other,0.6655735835706785,0.08256332788461539,Low
T0360,C105,Atlas Indemnity,Canada,A-,Financial Lines,North America,Hannah Weber,Facultative,2024,2024-05-31,2025-05-30,12900000.0,1750000.0,,1350551.76,134594.52,1215957.24,220983.24,1350551.76,220983.24,9,752764.39,144611.5,897375.8899999999,312179.80999999994,12900000.0,76092335.61,US Gulf Coast,0.6644513128471284,0.06956402248062014,Low
T0679,C123,Orion General,Canada,A+,Property,North America,Hannah Weber,Proportional,2026,2026-05-18,2027-05-17,7900000.0,470000.0,,360424.75,26841.5,333583.25,104120.0,317173.77999999997,91625.6,4,131601.76,16171.080000000002,147772.84,22049.809999999998,1975000.0,34111348.55,Florida,0.4659049685632905,0.018705422784810126,Low
T0310,C121,Evergreen Mutual,Brazil,A-,Property,Latin America,Priya Nair,Proportional,2025,2025-10-14,2026-10-13,19000000.0,970000.0,,1926766.08,105926.16,1820839.9200000002,508286.04,1851836.29,488519.361194272,9,608478.99,432225.65,1040704.64,599168.52,4750000.0,105697452.72,California,0.5619852281866665,0.05477392842105263,Low
T0519,C135,Sterling Indemnity,Spain,BBB+,Property,Europe,Sophie Laurent,Proportional,2024,2024-02-14,2025-02-13,4699999.998,830000.0016000001,,372252.672,37892.577600000004,334360.0944,93487.0896,372252.672,93487.0896,9,212324.4252,2075.7168,214400.142,3151.98,705000.0024000001,16161111.252000002,Australia,0.5759532654207515,0.04561705150877322,Low
T0034,C165,Harbor Indemnity,USA,A,Property,North America,Aarav Mehta,Excess of Loss,2022,2022-10-25,2023-10-24,2500000.0,130000.0,,388637.27999999997,42647.520000000004,345989.75999999995,42540.479999999996,388637.27999999997,42540.479999999996,12,244611.89,5304.38,249916.27000000002,8648.07,2500000.0,6470611.26,Other,0.6430578919243157,0.09996650800000001,Low
T0667,C131,Pioneer Indemnity,Chile,A+,Specialty,Latin America,James Whitfield,Excess of Loss,2026,2026-05-02,2027-05-01,5000000.0,560000.0,,348161.60000000003,37733.75,310427.85000000003,40990.649999999994,343519.45,40444.1085494279,6,33509.950000000004,140803.91,174313.86000000002,174313.86000000002,5000000.0,24002795.91,Florida,0.5074351976285477,0.034862772,Low
T0547,C125,Granite Indemnity,Germany,BBB,Casualty,Europe,James Whitfield,Proportional,2023,2023-12-17,2024-12-16,4399999.9956,310000.0032,,499574.952,45402.12,454172.832,116154.38880000002,499574.952,116154.38880000002,11,405335.5344,786.2076000000001,406121.742,2620.7064,1100000.0016,11111149.5552,Other,0.8129345564146699,0.09230039600139131,Low
T0425,C105,Atlas Indemnity,Canada,A-,Casualty,North America,Hannah Weber,Proportional,2022,2022-03-25,2023-03-24,10800000.0,1130000.0,,1353057.3599999999,84197.88,1268859.48,388376.76,1353057.3599999999,388376.76,4,622808.53,695887.36,1318695.8900000001,794377.3,3240000.0,39451131.7,Other,0.9746045725659408,0.12210147129629631,Low
T0350,C103,Northwind Mutual,India,A-,Casualty,Asia Pacific,Sophie Laurent,Proportional,2024,2024-04-08,2025-04-07,9000000.0,1790000.0000399998,,1791557.87904,204753.09168,1586804.78736,479020.96800000005,1791557.87904,479020.96800000005,8,339885.39372000005,21434.24712,361319.64084,52920.39756,2250000.0,24343427.05884,Other,0.2016790219658501,0.04014662676,Low
T0440,C167,Evergreen Assurance,Canada,BBB+,Specialty,North America,Omar Haddad,Excess of Loss,2024,2024-01-24,2025-01-23,14000000.0,840000.0,,1299145.92,81612.12,1217533.7999999998,126802.20000000001,1299145.92,126802.20000000001,14,505832.64,28969.88,534802.52,44527.21,14000000.0,83648675.74,Other,0.41165700616602025,0.03820018,Low
T0589,C132,Pioneer Insurance,Germany,A,Property,Europe,Sophie Laurent,Excess of Loss,2025,2025-04-17,2026-04-16,9399999.996,580000.0032,,713463.8112,36108.3744,677355.4368,83114.6832,713463.8112,83114.68320000001,10,557092.2204,33167.6748,590259.8952,51887.682,9399999.996,45563512.5,Europe Windstorm,0.8273158160709245,0.06279360589906112,Low
T0332,C153,Vantage Assurance,Germany,A+,Casualty,Europe,James Whitfield,Excess of Loss,2021,2021-02-24,2022-02-23,10599999.994800001,1469999.9988000002,,1366285.4496,86174.66880000001,1280110.7807999998,90161.9424,1366285.4496,90161.94240000001,13,1071985.644,31908.394800000002,1103894.0388,56192.0652,10599999.994800001,40549911.0768,Europe Windstorm,0.8079527152420317,0.10414094710769177,Low
T0100,C138,Northwind Assurance,Canada,BBB,Professional,North America,Sophie Laurent,Excess of Loss,2021,2021-09-17,2022-09-16,36900000.0,4070000.0,,2646695.04,182002.56,2464692.48,190573.56,2646695.04,190573.56,7,1056078.69,165606.18,1221684.87,178728.57,36900000.0,185743980.25,Australia,0.4615888311786764,0.03310799105691057,Low
T0553,C101,Granite General,China,A,Financial Lines,Asia Pacific,Omar Haddad,Proportional,2025,2025-03-21,2026-03-20,41400000.0,6200000.0,,4534046.4,360749.27999999997,4173297.1200000006,1383455.04,4534046.4,1383455.04,13,771313.0700000001,609890.31,1381203.3800000001,811537.31,8280000.0,84407049.54,Other,0.30462929977955233,0.03336240048309179,Low
T0609,C167,Evergreen Assurance,Canada,BBB+,Property,North America,Hannah Weber,Proportional,2022,2022-11-10,2023-11-09,6900000.0,1350000.0,,690298.2,65837.28,624460.9199999999,173843.76,690298.2,173843.76,11,708463.3099999999,0.0,708463.3099999999,0.0,2070000.0,28045699.46,California,1.026314873774841,0.1026758420289855,Low
T0439,C162,Harbor Mutual,Canada,BBB+,Professional,North America,Hannah Weber,Facultative,2025,2025-10-08,2026-10-07,23800000.0,4390000.0,,3098604.96,188745.59999999998,2909859.36,602121.0,3029747.07,588740.5329446932,9,237199.96,752155.62,989355.58,977201.8099999999,23800000.0,134841301.87,Other,0.32654725201203016,0.04156956218487395,Low
T0455,C161,Orion Insurance,Singapore,A+,Property,Asia Pacific,Hannah Weber,Excess of Loss,2023,2023-10-18,2024-10-17,10300000.0,1780000.0,,1334992.68,71042.4,1263950.28,143322.12,1334992.68,143322.12,13,1297346.48,213217.96,1510564.44,332897.58,10300000.0,29589934.71,Florida,1.1315151480830592,0.14665674174757282,Low
T0536,C150,Cobalt General,Canada,A,Professional,North America,Priya Nair,Excess of Loss,2025,2025-08-08,2026-08-07,16500000.0,1860000.0,,2187552.84,160499.63999999998,2027053.2,230502.59999999998,2187552.84,230502.59999999998,6,493585.58999999997,630537.49,1124123.08,780810.63,16500000.0,79655411.28,US Gulf Coast,0.5138724237628016,0.06812867151515152,Low
T0225,C153,Vantage Assurance,Germany,A+,Specialty,Europe,Carlos Ibarra,Excess of Loss,2024,2024-03-12,2025-03-11,3300000.0048,519999.99840000004,,492328.4976,40169.520000000004,452158.9776,33410.880000000005,492328.4976,33410.880000000005,6,115702.9596,31628.663999999997,147331.62360000002,45235.75680000001,3300000.0048,6984961.398,Other,0.29925471370885764,0.04464594648051499,Low
T0458,C145,Harbor Insurance,Canada,BBB,Specialty,North America,Aarav Mehta,Proportional,2021,2021-01-17,2022-01-16,6500000.0,560000.0,,927001.24,96496.84000000001,830504.4,250064.09999999998,927001.24,250064.09999999998,7,853498.36,85480.49,938978.85,130848.95000000001,3250000.0,14815461.43,US Gulf Coast,1.0129208133529572,0.14445828461538462,Low
T0339,C153,Vantage Assurance,Germany,A+,Property,Europe,Kenji Sato,Proportional,2023,2023-10-08,2024-10-07,4100000.004,399999.99960000004,,477049.69440000004,41074.5168,435975.17760000005,124589.01600000002,477049.69440000004,124589.01600000002,8,125159.5476,48881.534400000004,174041.08200000002,70085.06640000001,1230000.0012,23161674.5244,Florida,0.36482799180680076,0.042449044348830206,Low
T0611,C147,Evergreen General,USA,A+,Specialty,North America,James Whitfield,Excess of Loss,2023,2023-04-03,2024-04-02,2200000.0,310000.0,,282289.68,16230.24,266059.44,15495.0,282289.68,15495.0,10,824051.19,2402619.51,3226670.7,2998171.9,2200000.0,4595068.76,Japan,11.430353033097067,1.4666685000000002,Critical
T0656,C109,Crown General,USA,A,Property,North America,James Whitfield,Facultative,2022,2022-06-30,2023-06-29,12900000.0,1490000.0,,1258742.76,124739.04000000001,1134003.72,224429.88,1258742.76,224429.88,8,913086.6799999999,0.0,913086.6799999999,0.0,12900000.0,75933962.25,Other,0.7253957750668611,0.07078191317829458,Low
T0420,C146,Cobalt Assurance,France,A,Property,Europe,Kenji Sato,Facultative,2023,2023-06-17,2024-06-16,10899999.997200001,1370000.0016,,1406348.6976,81413.6832,1324935.0144,228876.3216,1406348.6976,228876.3216,8,710912.052,4102.3692,715014.4212000001,13674.5712,10899999.997200001,23349851.7912,Florida,0.5084190161516882,0.0655976533379517,Low
T0022,C103,Northwind Mutual,India,A-,Professional,Asia Pacific,Omar Haddad,Facultative,2024,2024-11-14,2025-11-13,15000000.0,2550000.0,,1719241.14528,197247.01824,1521994.1270400002,265177.41120000003,1719241.14528,265177.4112,4,1398201.80568,66317.96148,1464519.76716,67812.708,15000000.0,80687015.85252,Europe Windstorm,0.8518408084756979,0.09763465114400001,Low
T0220,C153,Vantage Assurance,Germany,A+,Casualty,Europe,Kenji Sato,Excess of Loss,2025,2025-05-19,2026-05-18,4799999.995200001,310000.0032,,446457.22560000006,46788.06240000001,399669.16320000007,50029.6176,446457.22560000006,50029.6176,12,123747.43680000001,84046.2912,207793.728,103356.6804,4799999.995200001,24109695.792,Japan,0.46542807705876665,0.04329036004329036,Low
T0179,C101,Granite General,China,A,Casualty,Asia Pacific,Sophie Laurent,Proportional,2024,2024-10-11,2025-10-10,28100000.0,2750000.0,,2878407.48,203150.03999999998,2675257.44,741270.0,2878407.48,741269.9999999999,6,1098183.1500000001,208683.1,1306866.25,217567.94,11240000.0,99964467.04,Europe Windstorm,0.45402405985965544,0.04650769572953737,Low
T0494,C113,Sterling Mutual,UK,A-,Specialty,Europe,Aarav Mehta,Proportional,2025,2025-10-04,2026-10-03,8699999.999,710000.0024,,980900.3496000001,93613.986,887286.3636,234894.4248,970001.4636,232284.4883686645,8,102384.9362,156239.08299999998,258624.0192,213683.2912,869999.9999,46372345.4314,Other,0.26662229790887093,0.029726898762037577,Low
T0223,C143,Northwind Indemnity,USA,A,Property,North America,Aarav Mehta,Excess of Loss,2022,2022-03-23,2023-03-22,12300000.0,1620000.0,,1036878.8400000001,118552.68,918326.1600000001,84768.0,1036878.8400000001,84768.0,7,1114480.05,0.0,1114480.05,0.0,12300000.0,70750268.78,US Gulf Coast,1.0748411550186519,0.09060813414634147,Low
T0437,C104,Lumen Indemnity,Singapore,A+,Professional,Asia Pacific,Aarav Mehta,Excess of Loss,2021,2021-10-31,2022-10-30,11000000.0,1570000.0,,1259593.92,131071.68,1128522.24,68060.4,1259593.92,68060.40000000001,8,353127.6,52987.22,406114.82,111257.32,11000000.0,43986695.5,Japan,0.32241725968318424,0.03691952909090909,Low
T0361,C145,Harbor Insurance,Canada,BBB,Casualty,Unassigned,Aarav Mehta,Proportional,2021,2021-03-20,2022-03-19,5900000.0,570000.0,unassigned_region,669663.36,80249.4,589413.96,152811.84,669663.36,152811.84,11,456310.41,0.0,456310.41,0.0,2360000.0,19851406.83,Other,0.6814026826852226,0.07734074745762712,Low
T0464,C109,Crown General,USA,A,Financial Lines,North America,Hannah Weber,Proportional,2022,2022-06-03,2023-06-02,31000000.0,2870000.0,,5968654.199999999,476362.19999999995,5492291.999999999,1906442.16,5968654.199999999,1906442.16,7,3060185.8800000004,0.0,3060185.8800000004,0.0,6200000.0,138530914.44,Japan,0.5127095283891636,0.0987156735483871,Low
T0665,C116,Vantage Indemnity,Canada,BBB,Financial Lines,North America,Omar Haddad,Excess of Loss,2023,2023-10-18,2024-10-17,11600000.0,590000.0,,1189224.48,124195.79999999999,1065028.68,105801.0,1189224.48,105801.0,8,617771.33,46228.6,663999.93,85602.72,11600000.0,30987074.87,Europe Windstorm,0.5583470077911615,0.057241373275862074,Low
T0502,C133,Northwind General,India,BBB+,Casualty,Asia Pacific,Omar Haddad,Facultative,2023,2023-11-05,2024-11-04,2300000.00004,129999.99996,,294089.34816,15664.752,278424.59616,57016.02096000001,294089.34816,57016.02096000001,11,114417.2574,2416.43052,116833.68792000001,3201.6405600000003,2300000.00004,7066303.66056,Other,0.39727276302586917,0.05079725561650788,Low
T0135,C159,Orion Mutual,Spain,A-,Casualty,Europe,Hannah Weber,Excess of Loss,2026,2026-03-03,2027-03-02,8000000.002800001,460000.00440000003,,496253.5956,34768.2888,461485.3068,48696.0768,489164.25960000005,48000.418665977595,5,201993.24240000002,80261.01000000001,282254.2524,148249.116,8000000.002800001,41447005.77600001,US Gulf Coast,0.5770132360667667,0.03528178153765137,Low
T0424,C101,Granite General,China,A,Financial Lines,Asia Pacific,Carlos Ibarra,Excess of Loss,2024,2024-01-06,2025-01-05,31800000.0,3760000.0,,4181068.92,293303.27999999997,3887765.64,405415.19999999995,4181068.92,405415.19999999995,8,2193928.2,0.0,2193928.2,0.0,31800000.0,93269498.24,US Gulf Coast,0.5247290207308997,0.06899145283018869,Low
T0144,C136,Crown Insurance,China,A,Casualty,Asia Pacific,Omar Haddad,Proportional,2022,2022-05-05,2023-05-04,23500000.0,2140000.0,,3178280.5200000005,166213.56,3012066.9600000004,711795.0,3178280.5200000005,711795.0,18,1582109.56,55987.39,1638096.95,152197.51,2350000.0,66205032.86,US Gulf Coast,0.5154035144764376,0.06970625319148936,Low
T0453,C102,Summit Indemnity,Australia,A+,Unmapped,Asia Pacific,Kenji Sato,Excess of Loss,2021,2021-07-08,2022-07-07,60300000.0,10230000.0,unmapped_lob,10870249.68,1214176.56,9656073.12,648801.12,10870249.68,648801.1200000001,5,6318327.81,0.0,6318327.81,0.0,60300000.0,307008011.46,Europe Windstorm,0.5812495569099017,0.10478155572139303,Low
T0164,C132,Pioneer Insurance,Germany,A,Professional,Europe,Aarav Mehta,Facultative,2024,2024-03-26,2025-03-25,8999999.9964,1650000.0024,,1416008.0448000003,138719.304,1277288.7408000003,216065.10240000003,1416008.0448000003,216065.10240000003,6,499698.19080000004,268958.62080000003,768656.8116,447482.9556,8999999.9964,35427538.72800001,Other,0.5428336473247697,0.08540631243416252,Low
T0323,C110,Meridian Mutual,Canada,BBB+,Specialty,North America,Priya Nair,Excess of Loss,2023,2023-05-08,2024-05-07,10100000.0,510000.0,,1045470.36,120681.84,924788.52,112264.44,1045470.36,112264.44,6,354802.01,0.0,354802.01,0.0,10100000.0,43389885.43,Europe Windstorm,0.3393707020063199,0.03512891188118812,Low
T0366,C141,Granite Insurance,Singapore,A+,Property,Unassigned,Hannah Weber,Excess of Loss,2024,2024-08-09,2025-08-08,16600000.0,3020000.0,unassigned_region,2929309.92,233608.68,2695701.2399999998,178455.24,2929309.92,178455.24,6,913527.19,518000.30000000005,1431527.49,635513.76,16600000.0,43554366.96,Other,0.4886910327330609,0.08623659578313253,Low
T0483,C147,Evergreen General,USA,A+,Casualty,North America,Kenji Sato,Excess of Loss,2025,2025-02-20,2026-02-19,2400000.0,330000.0,,458354.88,24053.16,434301.72000000003,30017.879999999997,458354.88,30017.879999999997,12,844715.51,2432974.84,3277690.3499999996,3038650.65,2400000.0,7226970.26,Japan,7.150988225542618,1.3657043125,Critical
T0286,C130,Cobalt Mutual,Italy,A+,Specialty,Europe,Kenji Sato,Excess of Loss,2022,2022-05-19,2023-05-18,17700000.0012,1800000.0036,,3079866.1104,358643.376,2721222.7344,299713.21920000005,3079866.1104,299713.21920000005,11,2761707.8736,310375.6488,3072083.5224,370191.762,17700000.0012,90644072.5656,US Gulf Coast,0.9974730758672528,0.17356404080179225,Low
T0481,C139,Lumen Assurance,Brazil,BBB+,Specialty,Latin America,Sophie Laurent,Excess of Loss,2022,2022-09-01,2023-08-31,6800000.0,970000.0,,1053048.24,114073.32,938974.9199999999,123676.79999999999,1053048.24,123676.79999999999,6,938623.51,0.0,938623.51,0.0,6800000.0,36602095.89,Other,0.8913395173615218,0.13803286911764706,Low
T0588,C146,Cobalt Assurance,France,A,Property,Europe,Aarav Mehta,Facultative,2022,2022-01-03,2023-01-02,18699999.9948,3499999.9992000004,,2428208.9280000003,141860.54880000002,2286348.3792000003,467945.0352000001,2428208.9280000003,467945.0352000001,12,1119647.8044,141823.48320000002,1261471.2876000002,190534.41,18699999.9948,47223782.2656,US Gulf Coast,0.5195068978842006,0.06745835764442693,Low
T0130,C118,Meridian Insurance,Japan,A,Casualty,Asia Pacific,Carlos Ibarra,Excess of Loss,2023,2023-03-31,2024-03-30,12700000.0,2400000.0,,955039.44,48557.64,906481.7999999999,48946.08,955039.44,48946.08000000001,11,1418796.8900000001,86754.14,1505551.03,129637.68,12700000.0,27334947.13,Other,1.5764281211255529,0.11854732519685039,Low
T0635,C132,Pioneer Insurance,Germany,A,Specialty,Europe,Priya Nair,Facultative,2024,2024-12-20,2025-12-19,10800000.0,1439999.9964,,884006.5248000001,46934.8992,837071.6256000001,144022.6656,884006.5248000001,144022.6656,7,577427.7348000001,0.0,577427.7348000001,0.0,10800000.0,60167785.273200005,California,0.6531939738008594,0.05346553100000001,Low
T0603,C157,Sterling Insurance,India,A-,Casualty,Asia Pacific,Priya Nair,Excess of Loss,2025,2025-01-01,2025-12-31,16899999.999959998,2840000.00004,,1622223.89472,147289.38575999998,1474934.50896,184543.53192,1622223.89472,184543.53192,7,1666426.3888800002,103763.83368000001,1770190.2225600001,185045.601,16899999.999959998,42448517.97912,Australia,1.091212025862521,0.1047449835836799,Low
T0209,C165,Harbor Indemnity,USA,A,Specialty,North America,Sophie Laurent,Excess of Loss,2025,2025-11-14,2026-11-13,7500000.0,410000.0,,757117.13,75424.25,681692.88,83137.12,724997.01,79610.09073987165,10,78651.17,238546.33000000002,317197.5,313311.78,7500000.0,39930170.89,Other,0.43751559747811924,0.042293,Low
T0259,C153,Vantage Assurance,Germany,A+,Casualty,Europe,Carlos Ibarra,Proportional,2025,2025-03-04,2026-03-03,67100000.00040001,8229999.999600001,,7548836.8608,403187.67360000004,7145649.1872,1742714.3520000004,7548836.8608,1742714.3520000004,4,8044884.554400001,1792813.0788000003,9837697.633200001,1892664.8028000002,26839999.998000003,338034791.17080003,US Gulf Coast,1.3032070787336416,0.1466124833553108,Low
T0294,C132,Pioneer Insurance,Germany,A,Financial Lines,Europe,Hannah Weber,Excess of Loss,2026,2026-07-02,2027-07-01,78600000.00240001,7649999.9964000005,,1414112.3532,83547.12600000002,1330565.2272,109901.57759999999,1382687.6364,107459.32048787025,3,76835.9844,278289.9072,355125.89160000003,355125.89160000003,78600000.00240001,430335025.48440003,California,0.256837395700315,0.004518141114365858,Low
T0054,C148,Meridian Assurance,Spain,A,Casualty,Europe,Carlos Ibarra,Facultative,2024,2024-08-27,2025-08-26,16500000.0024,919999.998,,2041557.5664,166334.472,1875223.0943999998,375451.97760000004,2041557.5664,375451.9776000001,15,789406.9272,82512.1728,871919.1000000001,95469.084,16500000.0024,56037396.99600001,California,0.42708523842289053,0.052843581810495484,Low
T0428,C143,Northwind Indemnity,USA,A,Casualty,North America,Carlos Ibarra,Proportional,2025,2025-04-18,2026-04-17,24100000.0,2920000.0,,2249868.36,196224.36000000002,2053643.9999999998,700892.76,2249868.36,700892.76,6,1625061.16,105281.73999999999,1730342.9,224710.23,12050000.0,127438120.84,Other,0.7690862855638363,0.07179846058091285,Low
T0139,C126,Summit Insurance,France,A+,Financial Lines,Europe,Sophie Laurent,Excess of Loss,2021,2021-07-19,2022-07-18,4299999.9984,300000.00240000006,,544537.0800000001,63263.851200000005,481273.22880000004,45327.98880000001,544537.0800000001,45327.9888,13,156209.13720000003,1543.0716,157752.20880000002,2252.8476000000005,4299999.9984,23719422.7692,Other,0.28969966342787895,0.03668656019969733,Low
T0251,C146,Cobalt Assurance,France,A,Casualty,Europe,Omar Haddad,Proportional,2022,2022-11-10,2023-11-09,29499999.9948,5830000.002,,2214177.768,149131.75680000003,2065046.0112,669038.8752000001,2214177.768,669038.8752000001,7,721522.782,58891.4388,780414.2208,75413.32200000001,14750000.0028,61490045.72160001,US Gulf Coast,0.3524623144892854,0.026454719353815746,Low
T0167,C141,Granite Insurance,Singapore,A+,Professional,Asia Pacific,Aarav Mehta,Facultative,2023,2023-07-24,2024-07-23,20400000.0,2850000.0,,2558538.5100000002,269820.76,2288717.75,399634.18,2558538.5100000002,399634.18,12,985200.23,0.0,985200.23,0.0,20400000.0,42111335.67,US Gulf Coast,0.3850636705874714,0.048294128921568626,Low
T0367,C123,Orion General,Canada,A+,Casualty,North America,James Whitfield,Excess of Loss,2023,2023-01-03,2024-01-02,11500000.0,1960000.0,,1845215.6400000001,108448.56,1736767.08,186728.40000000002,1845215.6400000001,186728.40000000002,5,1208957.02,194464.34,1403421.3599999999,261400.53,11500000.0,39237644.53,California,0.7605730894411884,0.12203663999999999,Low
T0511,C161,Orion Insurance,Singapore,A+,Property,Asia Pacific,Sophie Laurent,Proportional,2021,2021-04-21,2022-04-20,38500000.0,4300000.0,,4013920.68,269502.96,3744417.72,927864.36,4013920.68,927864.36,11,2185988.29,40442.64,2226430.93,60912.42,3850000.0,149848893.9,Other,0.5546773609886083,0.05782937480519481,Low
T0284,C125,Granite Indemnity,Germany,BBB,Financial Lines,Europe,Priya Nair,Excess of Loss,2024,2024-08-11,2025-08-10,139600000.0008,7819999.9992,,13862723.7672,1464623.3052,12398100.462000001,1358428.4604,13862723.7672,1358428.4604,24,6096244.2372,4541879.196,10638123.4332,6321610.677600001,139600000.0008,794292147.3168001,Europe Windstorm,0.7673905656527911,0.07620432258695584,Low
T0555,C127,Cobalt Insurance,South Africa,BBB+,Professional,Middle East & Africa,Priya Nair,Excess of Loss,2025,2025-11-07,2026-11-06,6000000.0,970000.0,,475266.88,55519.09,419747.79000000004,50668.31,465185.46,49593.5275245197,10,270781.34,73429.1,344210.44,98256.74,6000000.0,22248249.49,Florida,0.7399423877091945,0.05736840666666667,Low
T0391,C103,Northwind Mutual,India,A-,Property,Asia Pacific,Kenji Sato,Excess of Loss,2025,2025-07-02,2026-07-01,3999999.9999599997,740000.0000400001,,508894.65504,57301.66512,451592.98991999996,55187.64576,508894.65504,55187.64576,11,291696.0876,206984.7402,498680.8278,305658.32244,3999999.9999599997,18509258.925,Other,0.979929387862804,0.12467020695124671,Low
T0156,C154,Orion Assurance,Mexico,A-,Property,North America,Hannah Weber,Excess of Loss,2023,2023-12-27,2024-12-26,18800000.0,2370000.0,,3219157.8000000003,323976.72000000003,2895181.08,330306.12,3219157.8000000003,330306.12,13,1208321.03,0.0,1208321.03,0.0,18800000.0,107612780.96,Europe Windstorm,0.37535315292714133,0.06427239521276595,Low
T0605,C139,Lumen Assurance,Brazil,BBB+,Casualty,Latin America,Hannah Weber,Proportional,2026,2026-01-07,2027-01-06,7000000.0,1080000.0,,1037459.79,55664.909999999996,981794.88,303722.27999999997,1010562.6799999999,295847.99739805853,8,247218.27000000002,278750.1,525968.37,457129.55,1750000.0,27384927.59,California,0.5204708034537749,0.07513833857142857,Low
T0177,C119,Atlas Assurance,Mexico,A-,Professional,North America,James Whitfield,Excess of Loss,2022,2022-02-13,2023-02-12,3500000.0,500000.0,,509627.16000000003,30867.840000000004,478759.32,38612.64,509627.16000000003,38612.64,12,152264.51,0.0,152264.51,0.0,3500000.0,11458152.37,US Gulf Coast,0.2987762857850826,0.043504145714285715,Low
T0433,C162,Harbor Mutual,Canada,BBB+,Casualty,North America,Sophie Laurent,Proportional,2024,2024-06-07,2025-06-06,8000000.0,900000.0,,604763.3999999999,30889.92,573873.4799999999,181396.68,604763.3999999999,181396.68,1,201332.55,226905.12,428237.67,428237.67,4000000.0,38138597.97,US Gulf Coast,0.7081077823161919,0.053529708749999995,Low
T0337,C145,Harbor Insurance,Canada,BBB,Casualty,North America,Kenji Sato,Excess of Loss,2022,2022-08-24,2023-08-23,2300000.0,210000.0,,215279.88,22455.48,192824.4,23790.96,215279.88,23790.96,9,156647.35,0.0,156647.35,0.0,2300000.0,11557437.13,US Gulf Coast,0.7276451008798407,0.06810754347826087,Low
T0344,C119,Atlas Assurance,Mexico,A-,Property,North America,Aarav Mehta,Excess of Loss,2025,2025-09-14,2026-09-13,19800000.0,1890000.0,,1676601.5999999999,102930.72,1573670.88,151416.24,1676601.5999999999,151416.24,12,329359.25,392430.85000000003,721790.1,567739.12,19800000.0,48945323.8,Other,0.43050782010466887,0.036454045454545454,Low
T0051,C102,Summit Indemnity,Australia,A+,Property,Asia Pacific,James Whitfield,Excess of Loss,2026,2026-01-01,2026-12-31,18300000.0,3160000.0,,1593514.3499999999,162399.87,1431114.48,189950.49,1587612.44,189246.96907065544,3,851644.64,94404.02,946048.6599999999,184684.88,18300000.0,87001000.54,US Gulf Coast,0.5958939575958475,0.05169664808743169,Low
T0537,C114,Evergreen Indemnity,Canada,A,Property,North America,Aarav Mehta,Facultative,2026,2026-05-04,2027-05-03,6800000.0,1000000.0,,396619.7,44972.05,351647.65,70874.0,386043.17000000004,68984.02583275616,4,192987.29,281890.58,474877.87,372511.95999999996,6800000.0,40613634.72,Other,1.230115973817125,0.06983498088235295,Low
T0613,C119,Atlas Assurance,Mexico,A-,Professional,North America,Kenji Sato,Proportional,2025,2025-10-01,2026-09-30,7900000.0,610000.0,,836673.36,82491.95999999999,754181.4,246512.27999999997,834349.27,245827.52445235688,13,260072.36,388935.83,649008.19,516627.82,2370000.0,41504956.13,Other,0.7778615183542977,0.08215293544303796,Low
T0231,C161,Orion Insurance,Singapore,A+,Casualty,Asia Pacific,Sophie Laurent,Proportional,2021,2021-01-14,2022-01-13,25100000.0,3990000.0,,2667314.88,160121.40000000002,2507193.48,633161.04,2667314.88,633161.04,11,2158738.65,130366.26,2289104.91,434554.19,6275000.0,121656438.63,Florida,0.8582057286014917,0.09119939880478088,Low
T0542,C144,Northwind Insurance,Canada,A,Specialty,North America,Kenji Sato,Proportional,2021,2021-01-29,2022-01-28,6500000.0,1140000.0,,884565.8400000001,68462.76,816103.0800000001,274830.6,884565.8400000001,274830.6,10,760768.81,174476.71,935245.52,262964.38,650000.0,27391268.59,Japan,1.0572932818658247,0.14388392615384615,Low
T0449,C133,Northwind General,India,BBB+,Financial Lines,Asia Pacific,Kenji Sato,Proportional,2026,2026-03-07,2027-03-06,40800000.0,2310000.0,,1706731.7391599999,183396.10212000003,1523335.63704,522874.34724,1649840.68116,505445.20232342195,5,306266.67228,517255.413,823522.08528,640055.11704,20400000.0,119548847.56044002,Europe Windstorm,0.4991524907126082,0.02018436483529412,Low
T0200,C128,Lumen Insurance,USA,BBB,Specialty,North America,Carlos Ibarra,Excess of Loss,2025,2025-07-30,2026-07-29,62800000.0,6240000.0,,11313303.120000001,711228.6000000001,10602074.520000001,759502.2,11313303.120000001,759502.2,9,5740090.23,1973133.8199999998,7713224.05,2946485.7399999998,62800000.0,250785417.25,California,0.6817835576565016,0.12282203901273885,Low
T0641,C101,Granite General,China,A,Financial Lines,Asia Pacific,James Whitfield,Proportional,2022,2022-06-13,2023-06-12,6100000.0,700000.0,,712896.72,84216.48,628680.24,180722.63999999998,712896.72,180722.63999999998,6,308160.14,21459.35,329619.49,71531.16,3050000.0,12759941.97,US Gulf Coast,0.46236640000251367,0.05403598196721311,Low
T0289,C111,Granite Assurance,Australia,BBB+,Specialty,Asia Pacific,Priya Nair,Facultative,2024,2024-12-04,2025-12-03,19100000.0,1510000.0,,1808356.56,192988.56,1615368.0,307426.68,1808356.56,307426.68,9,893153.12,71313.93,964467.05,86123.92000000001,19100000.0,75281019.53,Florida,0.5333389837676703,0.05049565706806283,Low
T0610,C141,Granite Insurance,Singapore,A+,Property,Asia Pacific,Kenji Sato,Proportional,2022,2022-06-15,2023-06-14,40700000.0,6220000.0,,6444020.76,362851.68,6081169.08,1936010.16,6444020.76,1936010.16,14,3560954.0,676948.98,4237902.98,900915.92,20350000.0,149014890.55,Other,0.6576488713856968,0.10412538034398036,Low
T0320,C154,Orion Assurance,Mexico,A-,Professional,North America,Priya Nair,Excess of Loss,2026,2026-04-25,2027-04-24,5100000.0,480000.0,,371227.38,36751.8,334475.58,40824.479999999996,319668.02,35154.41315004729,4,66588.06,144937.87,211525.93,187816.06,5100000.0,24882171.18,US Gulf Coast,0.6617050088401085,0.041475672549019606,Low
T0514,C127,Cobalt Insurance,South Africa,BBB+,Specialty,Unassigned,Aarav Mehta,Facultative,2021,2021-01-06,2022-01-05,8900000.0,1150000.0,unassigned_region,1039759.82,89902.23000000001,949857.59,207392.34999999998,1039759.82,207392.34999999998,8,678858.25,47617.22,726475.47,59574.0,8900000.0,28201234.82,Japan,0.6986954641120869,0.08162645730337079,Low
T0569,C167,Evergreen Assurance,Canada,BBB+,Casualty,North America,Sophie Laurent,Proportional,2023,2023-03-16,2024-03-15,40500000.0,4630000.0,,3031854.5999999996,242077.56,2789777.0399999996,888548.1599999999,3031854.5999999996,888548.1599999999,11,2963400.85,58415.92,3021816.77,194719.71999999997,4050000.0,119273298.18,Other,0.9966892112834173,0.07461275975308641,Low
T0694,C112,Crown Mutual,Canada,A-,Specialty,North America,Carlos Ibarra,Excess of Loss,2025,2025-01-07,2026-01-06,36000000.0,2530000.0,,2958650.16,271673.4,2686976.7600000002,178986.36000000002,2958650.16,178986.36000000002,5,1378007.4100000001,379187.81,1757195.22,459406.39,36000000.0,88163336.85,Other,0.5939178763872508,0.04881097833333333,Low
T0198,C162,Harbor Mutual,Canada,BBB+,Property,Unassigned,James Whitfield,Excess of Loss,2025,2025-08-08,2026-08-07,9100000.0,1330000.0,unassigned_region,1241449.92,92610.6,1148839.3199999998,71051.4,1241449.92,71051.4,8,1074041.8,168344.22999999998,1242386.03,226070.18,9100000.0,36952374.55,Other,1.0007540457209907,0.13652593736263738,Low
T0554,C124,Pioneer Mutual,Germany,A+,Specialty,Europe,Kenji Sato,Excess of Loss,2022,2022-02-17,2023-02-16,1299999.996,79999.99560000001,,200000.016,20135.563200000004,179864.4528,20716.56,200000.016,20716.56,9,89373.4992,0.0,89373.4992,0.0,1299999.996,3624033.852,California,0.4468674602506032,0.06874884574999646,Low
T0517,C146,Cobalt Assurance,France,A,Financial Lines,Europe,James Whitfield,Proportional,2024,2024-01-14,2025-01-13,5499999.9972,649999.998,,406264.3776,21985.084800000004,384279.2928,125372.18880000002,406264.3776,125372.18880000002,11,122453.5644,45236.858400000005,167690.4228,71019.6012,1100000.0016,14052338.0496,Other,0.4127618172940201,0.030489167797339938,Low
T0069,C161,Orion Insurance,Singapore,A+,Financial Lines,Asia Pacific,Sophie Laurent,Excess of Loss,2025,2025-06-15,2026-06-14,3900000.0,680000.0,,510411.72,50907.12,459504.6,45203.88,510411.72,45203.87999999999,5,443995.74,36604.520000000004,480600.26,45894.47,3900000.0,20153081.57,Other,0.9415933082414331,0.1232308358974359,Low
T0204,C119,Atlas Assurance,Mexico,A-,Property,North America,Priya Nair,Proportional,2025,2025-03-18,2026-03-17,17400000.0,2590000.0,,1412913.72,113340.59999999999,1299573.1199999999,356172.48,1412913.72,356172.48,9,675220.96,1805626.9300000002,2480847.89,2312166.99,2610000.0,89148645.56,Australia,1.7558382050391586,0.14257746494252874,Low
T0639,C162,Harbor Mutual,Canada,BBB+,Specialty,North America,James Whitfield,Proportional,2024,2024-07-15,2025-07-14,22400000.0,4240000.0,,1897949.88,144571.8,1753378.0799999998,514262.28,1897949.88,514262.28,8,810187.17,118913.67000000001,929100.84,189150.8,8960000.0,82262471.81,Europe Windstorm,0.48952864867011137,0.04147771607142857,Low
T0418,C111,Granite Assurance,Australia,BBB+,Casualty,Asia Pacific,Hannah Weber,Facultative,2021,2021-05-16,2022-05-15,5400000.0,640000.0,,793310.3999999999,71490.48,721819.9199999999,124085.28,793310.3999999999,124085.28,6,354771.35,105883.32,460654.67,170965.78,5400000.0,14225942.09,US Gulf Coast,0.5806739329271368,0.08530642037037037,Low
T0127,C143,Northwind Indemnity,USA,A,Casualty,North America,Hannah Weber,Excess of Loss,2023,2023-11-05,2024-11-04,60600000.0,8020000.0,,4651121.4,298580.27999999997,4352541.12,526847.88,4651121.4,526847.88,6,1625578.56,0.0,1625578.56,0.0,60600000.0,124682126.2,Other,0.349502500622753,0.02682472871287129,Low
T0446,C158,Atlas Insurance,China,A,Property,Asia Pacific,Carlos Ibarra,Excess of Loss,2025,2025-10-24,2026-10-23,12100000.0,970000.0,,1059239.16,78967.68000000001,980271.4799999999,75224.4,988623.22,70209.44028406957,9,170646.13,211750.37,382396.5,309001.69,12100000.0,32593013.14,Europe Windstorm,0.3867970044239908,0.03160301652892562,Low
T0566,C148,Meridian Assurance,Spain,A,Property,Europe,Sophie Laurent,Facultative,2022,2022-10-08,2023-10-07,24300000.0,2559999.9996,,1998015.0768,137256.37920000002,1860758.6975999998,357072.36480000004,1998015.0768,357072.36480000004,10,1047582.8712,67769.78400000001,1115352.6552000002,88307.89560000002,24300000.0,58505336.834400006,Other,0.5582303497861174,0.04589928622222223,Low
T0154,C167,Evergreen Assurance,Canada,BBB+,Professional,North America,James Whitfield,Proportional,2025,2025-08-27,2026-08-26,12400000.0,1090000.0,,1262302.92,97215.6,1165087.3199999998,315180.48,1262302.92,315180.48,9,297581.58,427249.43,724831.01,586279.1,6200000.0,42174161.31,US Gulf Coast,0.5742132086646841,0.05845411370967742,Low
T0188,C170,Meridian General,USA,A+,Casualty,Unassigned,James Whitfield,Excess of Loss,2025,2025-08-30,2026-08-29,4800000.0,400000.0,unassigned_region,356833.56,27746.879999999997,329086.68,20487.96,356833.56,20487.96,15,114234.44,151865.16999999998,266099.61,227185.93,4800000.0,23314104.76,California,0.7457247294789201,0.055437418749999995,Low
T0141,C160,Orion Indemnity,Brazil,A,Casualty,Latin America,James Whitfield,Proportional,2024,2024-06-12,2025-06-11,22500000.0,1740000.0,,4256647.4399999995,413903.16000000003,3842744.2799999993,1103253.96,4256647.4399999995,1103253.96,8,2586249.4899999998,62766.93,2649016.42,90891.95,6750000.0,83488274.32,US Gulf Coast,0.6223246010714949,0.1177340631111111,Low
T0229,C128,Lumen Insurance,USA,BBB,Property,North America,Aarav Mehta,Proportional,2022,2022-01-01,2022-12-31,7200000.0,510000.0,,545523.0,54576.72,490946.28,137040.96,545523.0,137040.96,11,507400.88,2255.42,509656.3,3669.9300000000003,2880000.0,25749724.83,US Gulf Coast,0.9342526346276875,0.07078559722222222,Low
T0422,C169,Evergreen Insurance,USA,A,Property,North America,Sophie Laurent,Excess of Loss,2022,2022-06-11,2023-06-10,39700000.0,7440000.0,,5018892.779999999,358570.96,4660321.819999999,349912.42000000004,5018892.779999999,349912.42000000004,8,11566260.84,1741299.01,13307559.85,1976613.65,39700000.0,218990123.26,Europe Windstorm,2.6514931546316083,0.33520301889168763,Medium
T0166,C111,Granite Assurance,Australia,BBB+,Specialty,Asia Pacific,Aarav Mehta,Proportional,2025,2025-11-14,2026-11-13,2000000.0,320000.0,,342950.07999999996,18872.7,324077.37999999995,101590.39,328400.68,97280.49387673331,7,53491.600000000006,119506.02,172997.62,137783.07,500000.0,11975973.84,US Gulf Coast,0.526788251473779,0.08649881,Low
T0482,C115,Cobalt Indemnity,Mexico,A,Casualty,North America,Priya Nair,Facultative,2023,2023-05-18,2024-05-17,19700000.0,3600000.0,,1818062.52,97814.88,1720247.6400000001,316542.24,1818062.52,316542.24,8,1657862.86,0.0,1657862.86,0.0,19700000.0,65812774.08,Europe Windstorm,0.9118844053833749,0.08415547512690356,Low
T0683,C102,Summit Indemnity,Australia,A+,Casualty,Asia Pacific,Sophie Laurent,Excess of Loss,2025,2025-06-20,2026-06-19,5500000.0,710000.0,,1092292.68,57644.520000000004,1034648.1599999999,58905.72,1092292.68,58905.72,14,504137.92,196741.6,700879.52,241202.36,5500000.0,21586867.99,California,0.6416590835342777,0.12743264,Low
T0254,C101,Granite General,China,A,Professional,Asia Pacific,Kenji Sato,Proportional,2023,2023-06-21,2024-06-20,15500000.0,1500000.0,,1315235.04,106198.44,1209036.6,393652.55999999994,1315235.04,393652.55999999994,9,856794.14,0.0,856794.14,0.0,6200000.0,41530489.94,Other,0.6514380425874299,0.055277041290322584,Low
T0618,C132,Pioneer Insurance,Germany,A,Specialty,Europe,Kenji Sato,Excess of Loss,2023,2023-11-08,2024-11-07,4100000.004,629999.9964,,613904.7024000001,43417.6848,570487.0176,30899.361600000004,613904.7024000001,30899.361600000004,9,363596.7096,21271.690800000004,384868.40040000004,56362.26240000001,4100000.004,14545990.141200002,Europe Windstorm,0.6269188017218225,0.0938703414693948,Low
T0108,C143,Northwind Indemnity,USA,A,Professional,North America,Kenji Sato,Excess of Loss,2022,2022-02-14,2023-02-13,31600000.0,5470000.0,,3519468.96,360586.08,3158882.88,359457.36,3519468.96,359457.36,13,3409106.46,661495.2,4070601.66,955640.6,31600000.0,99885613.43,Other,1.1565954143263704,0.1288165082278481,Low
T0469,C109,Crown General,USA,A,Specialty,North America,Omar Haddad,Excess of Loss,2024,2024-03-05,2025-03-04,3200000.0,570000.0,,301053.83999999997,32652.72,268401.12,19220.4,301053.83999999997,19220.4,7,891711.4,2849812.38,3741523.78,3562265.48,3200000.0,16264954.33,US Gulf Coast,12.428088543896335,1.16922618125,Critical
T0282,C115,Cobalt Indemnity,Mexico,A,Property,North America,Hannah Weber,Facultative,2022,2022-06-14,2023-06-13,17700000.0,1050000.0,,1456075.7999999998,116721.84,1339353.9599999997,228426.0,1456075.7999999998,228426.0,10,1111683.8900000001,96060.73999999999,1207744.6300000001,139669.72,17700000.0,72884703.61,Japan,0.8294517565637725,0.06823415988700565,Low
T0571,C161,Orion Insurance,Singapore,A+,Property,Asia Pacific,Carlos Ibarra,Excess of Loss,2023,2023-09-22,2024-09-21,3200000.0,620000.0,,437946.36,39537.0,398409.36,26730.120000000003,437946.36,26730.120000000003,5,88414.12,1544.84,89958.96,2828.3599999999997,3200000.0,9221761.54,Other,0.2054109092264176,0.028112175000000003,Low
T0195,C133,Northwind General,India,BBB+,Property,Asia Pacific,Sophie Laurent,Proportional,2024,2024-04-03,2025-04-02,27200000.000040002,4550000.00004,,2157246.9489599997,136049.68512,2021197.2638399997,512341.3699200001,2157246.9489599997,512341.3699200001,11,2154650.45412,75307.041,2229957.49512,123545.17188000001,8160000.0,82868946.1614,Other,1.0337052492738736,0.08198373143811473,Low
T0700,C137,Meridian Indemnity,Germany,BBB,Property,Europe,James Whitfield,Excess of Loss,2025,2025-06-06,2026-06-05,5199999.9947999995,629999.9964,,446143.8528,52375.76640000001,393768.0864,36057.8304,446143.8528,36057.8304,7,66378.9384,296375.4144,362754.35280000005,346284.6768,5199999.9947999995,18232865.1108,Europe Windstorm,0.8130883133844673,0.06976045253129894,Low
T0233,C165,Harbor Indemnity,USA,A,Financial Lines,North America,Unassigned,Excess of Loss,2024,2024-12-05,2025-12-04,12400000.0,1270000.0,unassigned_underwriter,2471010.7199999997,260309.64,2210701.0799999996,140043.84,2471010.7199999997,140043.84,10,1529301.85,317361.34,1846663.19,367198.24,12400000.0,63179574.3,Japan,0.7473311123474203,0.1489244508064516,Low
T0629,C166,Harbor General,Canada,A,Specialty,North America,James Whitfield,Excess of Loss,2024,2024-05-23,2025-05-22,5300000.0,1010000.0,,492712.55999999994,30036.600000000002,462675.95999999996,50707.799999999996,492712.55999999994,50707.799999999996,7,208740.69,100214.58,308955.27,148140.72,5300000.0,30697284.13,Australia,0.6270497143405479,0.05829344716981132,Low
T0526,C125,Granite Indemnity,Germany,BBB,Professional,Europe,James Whitfield,Excess of Loss,2024,2024-11-04,2025-11-03,15199999.995600002,1689999.9948000002,,1270214.1360000002,107352.21600000001,1162861.9200000002,77568.32160000001,1270214.1360000002,77568.32160000001,5,460387.3032,100551.024,560938.3272,152431.94520000002,15199999.995600002,81319728.8592,US Gulf Coast,0.44160926201501505,0.036903837326472164,Low
T0052,C134,Summit General,Canada,A+,Property,North America,Sophie Laurent,Proportional,2026,2026-06-15,2027-06-14,9300000.0,760000.0,,254761.68,20548.88,234212.8,71911.8,222916.47,62922.825000000004,1,30229.38,67625.05,97854.43000000001,97854.43000000001,1860000.0,28115721.53,California,0.4389735312065547,0.010521981720430108,Low
T0659,C126,Summit Insurance,France,A+,Property,Europe,Carlos Ibarra,Excess of Loss,2022,2022-12-10,2023-12-09,6599999.998800001,560000.0016000001,,482254.6896000001,44110.7856,438143.9040000001,50782.72320000001,482254.6896000001,50782.723200000015,11,377432.1144,28395.8784,405827.9928,46760.684400000006,6599999.998800001,21375045.3744,Europe Windstorm,0.8415221283521551,0.061489089829361646,Low
T0076,C129,Atlas Mutual,France,A,Casualty,Europe,Priya Nair,Facultative,2023,2023-11-12,2024-11-11,19900000.0044,2689999.9992000004,,1483287.4224,142562.8512,1340724.5712000001,246912.62400000004,1483287.4224,246912.62400000004,7,547707.7656,0.0,547707.7656,0.0,19900000.0044,93655423.098,US Gulf Coast,0.36925261910048,0.027523003290396926,Low
T0485,C126,Summit Insurance,France,A+,Financial Lines,Europe,Kenji Sato,Facultative,2025,2025-07-03,2026-07-02,80900000.0028,11859999.9984,,5812171.2,683281.0080000001,5128890.192,1103154.8112,5812171.2,1103154.8112,14,1443652.1028,1572451.3368000002,3016103.4396,2447211.96,80900000.0028,372356946.756,Other,0.5189288711247872,0.03728187193443277,Low
T0318,C148,Meridian Assurance,Spain,A,Property,Europe,Aarav Mehta,Excess of Loss,2025,2025-04-24,2026-04-23,38900000.001600005,6879999.999600001,,4820186.232000001,264847.8384,4555338.393600001,420093.47520000004,4820186.232000001,420093.47520000004,10,1600414.4376,1592593.1424000002,3193007.58,2157501.0852,38900000.001600005,140728876.794,US Gulf Coast,0.662424111085673,0.0820824570660326,Low
T0577,C159,Orion Mutual,Spain,A-,Property,Europe,Aarav Mehta,Proportional,2025,2025-08-05,2026-08-04,45299999.9952,3530000.0016,,6676247.188800001,797715.6048000001,5878531.584000001,1657545.7680000002,6676247.188800001,1657545.7680000002,5,2336945.0291999998,399318.53040000005,2736263.5596,519141.3228,6795000.0036,220508933.06160003,US Gulf Coast,0.40985054660503367,0.06040316909249305,Low
T0673,C132,Pioneer Insurance,Germany,A,Casualty,Europe,Carlos Ibarra,Excess of Loss,2024,2024-01-09,2025-01-08,14900000.004000003,2200000.0032,,1637719.1712000002,130827.5712,1506891.6,157566.2544,1637719.1712000002,157566.2544,7,1187245.9440000001,94276.3752,1281522.3192,271726.73640000005,14900000.004000003,51002531.9064,US Gulf Coast,0.7825043155970353,0.08600820931919241,Low
T0591,C170,Meridian General,USA,A+,Specialty,North America,James Whitfield,Excess of Loss,2023,2023-01-14,2024-01-13,13700000.0,2130000.0,,1109977.32,86923.79999999999,1023053.52,78752.28,1109977.32,78752.28,8,499517.86000000004,0.0,499517.86000000004,0.0,13700000.0,71367769.1,US Gulf Coast,0.45002528520132284,0.03646115766423358,Low
T0580,C132,Pioneer Insurance,Germany,A,Specialty,Europe,Unassigned,Excess of Loss,2026,2026-02-28,2027-02-27,25400000.0016,3449999.9952000002,unassigned_underwriter,1380158.1792000001,156558.35520000002,1223599.824,115585.14240000001,1219139.7264,102100.20924059677,2,50836.8636,542061.5904,592898.454,592898.454,25400000.0016,79721892.8136,Australia,0.4863252678597973,0.023342458817427247,Low
T0013,C109,Crown General,USA,A,Property,North America,Hannah Weber,Proportional,2025,2025-10-27,2026-10-26,7200000.0,1250000.0,,1097638.2000000002,83484.48,1014153.7200000002,275934.48,1015315.3400000001,255239.39525694642,14,150019.46,388269.88,538289.34,447534.24,720000.0,14692923.71,US Gulf Coast,0.5301696121325222,0.07476240833333334,Low
T0459,C123,Orion General,Canada,A+,Specialty,North America,Priya Nair,Excess of Loss,2025,2025-04-19,2026-04-18,9800000.0,1000000.0,,702486.12,43005.600000000006,659480.52,72285.0,702486.12,72285.0,10,183527.91,72286.43,255814.34,98298.5,9800000.0,54663548.84,Other,0.3641557216817323,0.02610350408163265,Low
T0505,C147,Evergreen General,USA,A+,Property,North America,Sophie Laurent,Excess of Loss,2023,2023-07-04,2024-07-03,81100000.0,15280000.0,,8489133.600000001,732267.72,7756865.880000002,571044.72,8489133.600000001,571044.72,8,5006690.91,319746.31,5326437.22,1065821.03,81100000.0,287635815.82,US Gulf Coast,0.6274417945313051,0.0656774009864365,Low
T0406,C106,Granite Mutual,UK,A-,Specialty,Europe,James Whitfield,Proportional,2025,2025-05-08,2026-05-07,12100000.0062,2000000.0004999998,,1161585.3324,78143.2524,1083442.08,362557.6188,1161585.3324,362557.6188,8,187989.7053,347990.6807,535980.3859999999,406890.5883,1210000.0057,46297849.7206,US Gulf Coast,0.46142144795560436,0.04429589964672441,Low
T0371,C123,Orion General,Canada,A+,Casualty,North America,Omar Haddad,Proportional,2022,2022-09-05,2023-09-04,6500000.0,610000.0,,679737.72,75781.79999999999,603955.9199999999,209956.56,679737.72,209956.56,9,424213.64999999997,343486.73,767700.38,481739.05000000005,1950000.0,24540472.58,Florida,1.1294067658919973,0.11810775076923077,Low
T0112,C158,Atlas Insurance,China,A,Property,Asia Pacific,Hannah Weber,Excess of Loss,2022,2022-12-01,2023-11-30,4900000.0,540000.0,,886328.64,102956.28,783372.36,46233.12,886328.64,46233.12000000001,9,402245.16000000003,74514.34,476759.5,164836.88,4900000.0,9876906.21,Other,0.5379037509156874,0.09729785714285714,Low
T0342,C146,Cobalt Assurance,France,A,Financial Lines,Europe,Sophie Laurent,Proportional,2022,2022-02-06,2023-02-05,40000000.0032,7880000.004000001,,2638348.5348,265944.492,2372404.0428,710631.6624000001,2638348.5348,710631.6624,8,2239709.4000000004,0.0,2239709.4000000004,0.0,8000000.002800001,220375377.0,Florida,0.8489058100012482,0.055992734995520585,Low
T0050,C137,Meridian Indemnity,Germany,BBB,Casualty,Europe,Sophie Laurent,Facultative,2023,2023-05-12,2024-05-11,13100000.000400001,1059999.9984000002,,1407178.1376,95298.24960000001,1311879.888,222585.79680000004,1407178.1376,222585.79680000004,11,1408919.1516000002,116683.3512,1525602.5028000001,204253.1424,13100000.000400001,61264717.6752,Australia,1.0841573373233169,0.11645820631705471,Low
T0384,C132,Pioneer Insurance,Germany,A,Specialty,Europe,Carlos Ibarra,Proportional,2022,2022-12-23,2023-12-22,21999999.999600004,1630000.0008,,2208532.9104,157122.89280000003,2051410.0176,618972.4512,2208532.9104,618972.4512,10,708173.2476,341464.8528,1049638.1004,576290.0412000001,2200000.0032,63000961.185600005,Other,0.4752648672144506,0.04771082274632201,Low
T0467,C135,Sterling Indemnity,Spain,BBB+,Property,Europe,Hannah Weber,Proportional,2022,2022-08-03,2023-08-02,15300000.003600001,2200000.0032,,2997820.8864,164302.99200000003,2833517.8944,714377.3616000001,2997820.8864,714377.3616,8,1756900.0656,11950.048800000002,1768850.1144,39833.48880000001,1530000.0036,69432709.734,Europe Windstorm,0.5900452967102258,0.11561111856103268,Low
T0245,C153,Vantage Assurance,Germany,A+,Casualty,Europe,James Whitfield,Proportional,2021,2021-10-17,2022-10-16,2600000.0028000004,389999.9988,,274495.2624,26540.2656,247954.99680000002,70169.71680000001,274495.2624,70169.71680000001,6,254769.4512,0.0,254769.4512,0.0,259999.99920000002,11349332.010000002,Other,0.9281378810419862,0.09798825035601265,Low
T0600,C158,Atlas Insurance,China,A,Property,Asia Pacific,Sophie Laurent,Excess of Loss,2024,2024-12-15,2025-12-14,17300000.0,2070000.0,,1601634.5999999999,121903.79999999999,1479730.7999999998,100369.08,1601634.5999999999,100369.08,9,1431820.87,42900.47,1474721.34,52123.51,17300000.0,59335953.07,Japan,0.9207601658955171,0.08524400809248556,Low
T0470,C132,Pioneer Insurance,Germany,A,Financial Lines,Unassigned,Sophie Laurent,Excess of Loss,2026,2026-01-01,2026-12-31,40800000.0024,4559999.9976,unassigned_region,5313659.3244,549363.1248,4764296.1996,619803.8676000001,5293979.100000001,617508.2971741084,6,2005379.6184000003,431726.88960000005,2437106.5080000004,478568.4552,40800000.0024,154313856.378,US Gulf Coast,0.4603543878743307,0.05973300264354512,Low
T0180,C137,Meridian Indemnity,Germany,BBB,Casualty,Europe,Unassigned,Excess of Loss,2024,2024-10-03,2025-10-02,4600000.0008000005,659999.9988000001,unassigned_underwriter,878631.4944000001,85650.56640000001,792980.9280000001,45837.8352,878631.4944000001,45837.8352,10,1044074.934,75472.41960000001,1119547.3536,112029.9768,4600000.0008000005,10555919.470800001,Other,1.2741944270555845,0.2433798594359339,Medium
T0596,C125,Granite Indemnity,Germany,BBB,Professional,Europe,Priya Nair,Proportional,2025,2025-11-03,2026-11-02,14200000.002000002,1010000.0052,,1873656.1008000001,149123.46240000002,1724532.6384,554932.2636000001,1856622.8592,549887.423560519,9,363799.188,942561.036,1306360.2240000002,1306360.2240000002,2129999.9976,66821166.194400005,California,0.7036217493104105,0.09199719886028208,Low
T0063,C122,Pioneer General,Germany,A-,Financial Lines,Europe,Aarav Mehta,Proportional,2024,2024-06-13,2025-06-12,3300000.0048,489999.99600000004,,376962.59520000004,45220.2912,331742.30400000006,103747.13280000002,376962.59520000004,103747.13280000002,10,144890.57520000002,41106.69,185997.26520000002,53117.94240000001,330000.0048,13803060.5172,California,0.4934104008418075,0.056362807554381375,Low
T0280,C167,Evergreen Assurance,Canada,BBB+,Property,North America,Carlos Ibarra,Proportional,2025,2025-01-29,2026-01-28,9600000.0,1490000.0,,715466.52,46869.600000000006,668596.92,226103.64,715466.52,226103.64,10,263505.24,138605.24,402110.48,212828.38,1920000.0,31109184.55,US Gulf Coast,0.562025571790557,0.04188650833333333,Low
T0631,C169,Evergreen Insurance,USA,A,Financial Lines,North America,Carlos Ibarra,Excess of Loss,2022,2022-09-10,2023-09-09,2700000.0,320000.0,,432206.28,24697.56,407508.72000000003,26843.879999999997,432206.28,26843.879999999997,9,111403.41,1353.59,112757.0,1587.77,2700000.0,6825437.34,Other,0.26088700053132036,0.04176185185185185,Low
T0423,C115,Cobalt Indemnity,Mexico,A,Financial Lines,North America,James Whitfield,Excess of Loss,2025,2025-09-23,2026-09-22,31200000.0,4400000.0,,3844172.2800000003,291608.64,3552563.64,272364.36,3844172.2800000003,272364.36,8,855790.63,1535453.5899999999,2391244.2199999997,1991176.22,31200000.0,143980611.27,California,0.6220439787365616,0.07664244294871794,Low
T0057,C125,Granite Indemnity,Germany,BBB,Property,Europe,Hannah Weber,Proportional,2025,2025-08-30,2026-08-29,2099999.9952000002,320000.004,,342885.4416,38993.9184,303891.5232,84869.33760000001,342885.4416,84869.33760000001,11,64285.60680000001,49419.018000000004,113704.6248,68053.78080000001,1049999.9976000001,10242009.640800001,US Gulf Coast,0.33161111848150276,0.05414505955233156,Low
T0307,C136,Crown Insurance,China,A,Casualty,Asia Pacific,Kenji Sato,Excess of Loss,2025,2025-11-21,2026-11-20,10400000.0,1270000.0,,1289003.3199999998,150263.19,1138740.13,93141.95000000001,1206975.8399999999,87214.73528903557,9,593080.61,955875.35,1548955.96,1343354.22,10400000.0,44845128.41,Other,1.2833363425070714,0.14893807307692308,Low
T0301,C160,Orion Indemnity,Brazil,A,Casualty,Latin America,James Whitfield,Excess of Loss,2025,2025-05-23,2026-05-22,1600000.0,140000.0,,262359.24,19852.920000000002,242506.31999999998,17889.239999999998,262359.24,17889.239999999998,15,65988.93,78553.97,144542.9,97869.15,1600000.0,7591632.0,Europe Windstorm,0.5509350461603716,0.09033931249999999,Low
T0395,C101,Granite General,China,A,Casualty,Asia Pacific,Hannah Weber,Excess of Loss,2025,2025-01-20,2026-01-19,2600000.0,510000.0,,231132.0,17130.48,214001.52,25800.120000000003,231132.0,25800.120000000003,14,98875.1,14009.33,112884.43000000001,23983.15,2600000.0,15582555.32,California,0.4883981015177475,0.04341708846153847,Low
T0374,C148,Meridian Assurance,Spain,A,Property,Europe,Carlos Ibarra,Proportional,2025,2025-11-11,2026-11-10,10800000.0,1559999.9952,,923836.4388,101699.5716,822136.8672,217446.64920000004,893041.8912,210198.4276447345,11,148189.3164,266647.14,414836.4564,389333.09880000004,3240000.0,23308850.142,Florida,0.4645207134041329,0.038410783000000004,Low
T0590,C169,Evergreen Insurance,USA,A,Financial Lines,North America,James Whitfield,Proportional,2021,2021-05-11,2022-05-10,24400000.0,2600000.0,,1937000.88,116608.20000000001,1820392.68,457226.04,1937000.88,457226.04,14,751589.74,93872.1,845461.84,174543.6,2440000.0,61582945.35,Florida,0.43647984300347864,0.03465007540983606,Low
T0035,C143,Northwind Indemnity,USA,A,Property,North America,Kenji Sato,Facultative,2025,2025-12-29,2026-12-28,12900000.0,2220000.0,,1178078.0,85160.8,1092917.2,234711.4,1064197.1300000001,212022.63199744158,9,604598.28,1048290.15,1652888.43,1429535.17,12900000.0,64846619.22,Other,1.5531788081405555,0.12813088604651163,Low
T0303,C147,Evergreen General,USA,A+,Property,North America,Priya Nair,Excess of Loss,2024,2024-10-18,2025-10-17,2800000.0,310000.0,,370583.27999999997,29415.48,341167.8,23224.68,370583.27999999997,23224.68,4,223794.86000000002,168052.03,391846.89,195019.95,2800000.0,13023543.87,Florida,1.0573787624741193,0.13994531785714287,Low
T0171,C152,Lumen Mutual,South Africa,A+,Financial Lines,Middle East & Africa,Kenji Sato,Excess of Loss,2022,2022-08-30,2023-08-29,3200000.0,440000.0,,341491.56,32787.72,308703.83999999997,26738.52,341491.56,26738.52,9,844123.57,3149666.0100000002,3993789.58,3943597.3800000004,3200000.0,8372959.53,California,11.69513407593441,1.24805924375,Critical
T0612,C123,Orion General,Canada,A+,Casualty,North America,Sophie Laurent,Excess of Loss,2022,2022-06-15,2023-06-14,37800000.0,6380000.0,,3012294.0,192127.08000000002,2820166.92,205703.40000000002,3012294.0,205703.40000000002,16,1338404.44,10543.0,1348947.44,14137.56,37800000.0,199949763.59,US Gulf Coast,0.44781400487469014,0.03568644021164021,Low
T0125,C139,Lumen Assurance,Brazil,BBB+,Casualty,Latin America,Aarav Mehta,Proportional,2024,2024-05-30,2025-05-29,39200000.0,4580000.0,,4918528.199999999,507365.28,4411162.919999999,1144652.6400000001,4918528.199999999,1144652.6400000001,11,2003502.53,1465816.31,3469318.84,1804853.14,7840000.0,182417982.11,Other,0.7053571106901452,0.08850303163265305,Low
T0619,C139,Lumen Assurance,Brazil,BBB+,Property,Latin America,Aarav Mehta,Proportional,2022,2022-04-04,2023-04-03,8200000.0,860000.0,,1154482.92,99235.79999999999,1055247.1199999999,278786.76,1154482.92,278786.76,11,816096.78,0.0,816096.78,0.0,2460000.0,18243750.27,Europe Windstorm,0.7068937667782907,0.09952399756097562,Low
T0187,C157,Sterling Insurance,India,A-,Property,Asia Pacific,Aarav Mehta,Excess of Loss,2025,2025-06-19,2026-06-18,16599999.99996,2820000.0,,1300249.61424,142044.48288,1158205.13136,131401.57824,1300249.61424,131401.57824,9,781914.2069999999,771314.06124,1553228.26824,1125740.06352,16599999.99996,33869679.921000004,Other,1.1945616066557088,0.09356796796649051,Low
T0445,C144,Northwind Insurance,Canada,A,Casualty,Unassigned,Hannah Weber,Excess of Loss,2026,2026-05-07,2027-05-06,11700000.0,1860000.0,unassigned_region,465944.55000000005,46300.200000000004,419644.35000000003,39891.05,444200.47000000003,38029.467581053366,2,148473.74,347339.72,495813.46,495813.46,11700000.0,48450558.65,Australia,1.116193010781821,0.042377218803418805,Low
T0086,C105,Atlas Indemnity,Canada,A-,Financial Lines,North America,Sophie Laurent,Facultative,2023,2023-10-16,2024-10-15,11300000.0,2220000.0,,1928761.08,210140.16,1718620.9200000002,357577.19999999995,1928761.08,357577.19999999995,16,1968267.9,79893.73000000001,2048161.63,197323.57,11300000.0,39340691.13,Japan,1.0619053086658095,0.18125324159292033,Low
T0426,C166,Harbor General,Canada,A,Property,North America,Omar Haddad,Proportional,2024,2024-02-06,2025-02-05,5000000.0,490000.0,,789008.04,46528.92,742479.12,175061.16,789008.04,175061.16,12,1256080.48,0.0,1256080.48,0.0,1250000.0,28103928.07,Florida,1.591974246548869,0.251216096,Medium
T0389,C166,Harbor General,Canada,A,Property,North America,James Whitfield,Excess of Loss,2026,2026-05-29,2027-05-28,19200000.0,2200000.0,,1457700.6,129266.5,1328434.1,104194.05,1175878.48,84049.86671408656,2,269751.26,448947.5,718698.76,718698.76,19200000.0,92901668.22,Australia,0.6112015588549592,0.03743222708333333,Low
T0534,C143,Northwind Indemnity,USA,A,Specialty,North America,Carlos Ibarra,Proportional,2024,2024-06-21,2025-06-20,5400000.0,760000.0,,851348.04,64024.56,787323.48,197844.84,851348.04,197844.84,7,685451.26,24983.86,710435.12,42406.93,1080000.0,11780785.08,Other,0.8344825930415015,0.13156205925925926,Low
T0557,C135,Sterling Indemnity,Spain,BBB+,Specialty,Europe,Aarav Mehta,Proportional,2025,2025-07-14,2026-07-13,6500000.0016,580000.0032,,1075613.5152,86639.80320000001,988973.712,341298.7488,1075613.5152,341298.7488,9,223733.25360000003,327579.7248,551312.9784,466942.9356,649999.998,27740928.384000003,Other,0.5125567600342849,0.08481738127142957,Low
T0116,C157,Sterling Insurance,India,A-,Specialty,Asia Pacific,Hannah Weber,Excess of Loss,2025,2025-01-14,2026-01-13,12600000.0,1509999.99996,,1295934.3576,80192.40192,1215741.95568,96190.03728,1295934.3576,96190.03728,9,609687.93348,147558.3558,757246.28928,192047.2296,12600000.0,57548909.17656,Other,0.5843245723358851,0.06009891184761905,Low
T0686,C131,Pioneer Indemnity,Chile,A+,Specialty,Latin America,Omar Haddad,Excess of Loss,2025,2025-09-21,2026-09-20,12900000.0,910000.0,,1121914.7999999998,77299.08,1044615.7199999999,121204.56,1121914.7999999998,121204.56,4,116473.85,381794.01,498267.86,409529.23,12900000.0,63044097.15,Florida,0.4441227266098995,0.038625415503875965,Low
T0190,C141,Granite Insurance,Singapore,A+,Casualty,Asia Pacific,Hannah Weber,Excess of Loss,2023,2023-05-26,2024-05-25,5900000.0,810000.0,,726822.24,73948.44,652873.8,44150.399999999994,726822.24,44150.399999999994,7,459839.58999999997,0.0,459839.58999999997,0.0,5900000.0,23552108.84,Other,0.6326713255224551,0.07793891355932203,Low
T0117,C154,Orion Assurance,Mexico,A-,Property,North America,Kenji Sato,Proportional,2022,2022-10-02,2023-10-01,24100000.0,2320000.0,,2153442.96,211517.88,1941925.08,658180.4400000001,2153442.96,658180.4400000001,4,955016.09,0.0,955016.09,0.0,3615000.0,110383902.55,Florida,0.4434833463153349,0.039627223651452284,Low
T0262,C135,Sterling Indemnity,Spain,BBB+,Financial Lines,Europe,Carlos Ibarra,Excess of Loss,2024,2024-06-04,2025-06-03,48399999.99480001,8670000.002400002,,3683028.9168000002,308650.9536,3374377.9632,393543.87840000005,3683028.9168000002,393543.8784,12,1559546.6976,167714.56080000004,1727261.2584000002,523919.5236000001,48399999.99480001,118760607.2916,Florida,0.46897846783693764,0.03568721608647879,Low
T0480,C125,Granite Indemnity,Germany,BBB,Casualty,Europe,Kenji Sato,Excess of Loss,2023,2023-02-11,2024-02-10,8700000.0048,980000.0028000001,,701826.768,76268.69280000002,625558.0752000001,38780.3376,701826.768,38780.3376,9,393098.20560000004,0.0,393098.20560000004,0.0,8700000.0048,39778215.3936,Other,0.5601071710619051,0.04518370176817452,Low
T0058,C115,Cobalt Indemnity,Mexico,A,Specialty,North America,Carlos Ibarra,Proportional,2025,2025-10-07,2026-10-06,2300000.0,350000.0,,219433.44,17116.800000000003,202316.64,55308.0,215166.68,54232.567002732125,12,689802.7,2495107.26,3184909.96,3125344.37,1150000.0,6891008.5,US Gulf Coast,14.802059315131878,1.3847434608695652,Critical
T0653,C144,Northwind Insurance,Canada,A,Property,North America,Aarav Mehta,Facultative,2021,2021-10-30,2022-10-29,31100000.0,5270000.0,,2400543.0,139439.16,2261103.84,384040.32,2400543.0,384040.32,12,2829473.42,608442.28,3437915.7,697375.01,31100000.0,154057898.33,California,1.432140853131979,0.11054391318327975,Low
T0317,C150,Cobalt General,Canada,A,Professional,North America,Kenji Sato,Proportional,2021,2021-12-22,2022-12-21,17800000.0,2160000.0,,1814847.2399999998,155379.12,1659468.1199999996,518194.55999999994,1814847.2399999998,518194.55999999994,7,1184561.69,0.0,1184561.69,0.0,7120000.0,47653944.77,Other,0.6527060040601544,0.0665484095505618,Low
T0654,C162,Harbor Mutual,Canada,BBB+,Property,North America,Carlos Ibarra,Excess of Loss,2022,2022-09-03,2023-09-02,7200000.0,1180000.0,,859138.92,49996.200000000004,809142.7200000001,50151.479999999996,859138.92,50151.479999999996,5,426355.24,69976.0,496331.24,126125.56,7200000.0,21901498.95,Other,0.5777077821128159,0.06893489444444445,Low
T0687,C114,Evergreen Indemnity,Canada,A,Casualty,North America,James Whitfield,Proportional,2022,2022-03-28,2023-03-27,48800000.0,9650000.0,,4439683.800000001,397594.80000000005,4042089.000000001,1153671.84,4439683.800000001,1153671.84,10,2729186.02,76235.23,2805421.25,118450.51999999999,19520000.0,291545951.64,US Gulf Coast,0.6318966341702081,0.057488140368852456,Low
T0397,C133,Northwind General,India,BBB+,Property,Unassigned,Omar Haddad,Excess of Loss,2026,2026-07-05,2027-07-04,17600000.000040002,1149999.99996,unassigned_region,526244.07528,46972.70928,479271.366,30831.13692,497008.29336,29118.295982343487,6,62921.72328,186405.65652,249327.3798,240613.0284,17600000.000040002,102259856.85528,US Gulf Coast,0.5016563770283079,0.014166328397695074,Low
T0355,C131,Pioneer Indemnity,Chile,A+,Casualty,Latin America,Kenji Sato,Excess of Loss,2024,2024-11-19,2025-11-18,17400000.0,1100000.0,,2152165.44,172071.24,1980094.2,152342.52,2152165.44,152342.52,10,1275351.93,534926.23,1810278.16,582162.95,17400000.0,86387658.57,California,0.8411426586238648,0.10403897471264367,Low
T0356,C114,Evergreen Indemnity,Canada,A,Casualty,Unassigned,Sophie Laurent,Facultative,2025,2025-06-18,2026-06-17,29600000.0,3730000.0,unassigned_region,2929610.64,176958.36000000002,2752652.2800000003,489943.07999999996,2929610.64,489943.0800000001,14,908805.84,121818.87,1030624.71,189590.05,29600000.0,129355317.8,Other,0.3517957970005188,0.034818402364864866,Low
T0126,C138,Northwind Assurance,Canada,BBB,Property,North America,Aarav Mehta,Excess of Loss,2023,2023-03-24,2024-03-23,6100000.0,320000.0,,811525.7999999999,49403.88,762121.9199999999,73622.4,811525.7999999999,73622.4,10,516863.24,0.0,516863.24,0.0,6100000.0,21361818.75,Japan,0.6369030288377769,0.08473167868852459,Low
T0461,C147,Evergreen General,USA,A+,Financial Lines,North America,Carlos Ibarra,Excess of Loss,2026,2026-08-26,2027-08-25,17000000.0,1150000.0,,229137.8,20586.24,208551.56,18762.56,129844.75,10632.117060388988,1,12810.52,32587.35,45397.869999999995,45397.869999999995,17000000.0,46482791.46,US Gulf Coast,0.3496319258191032,0.0026704629411764703,Low
T0257,C156,Crown Indemnity,China,BBB+,Professional,Asia Pacific,Aarav Mehta,Excess of Loss,2025,2025-08-11,2026-08-10,13500000.0,2130000.0,,1543934.28,130862.51999999999,1413071.76,146891.63999999998,1543934.28,146891.63999999998,7,305037.47000000003,8672.72,313710.19,9559.4,13500000.0,76514830.24,Europe Windstorm,0.20318882355536533,0.023237791851851854,Low
T0504,C167,Evergreen Assurance,Canada,BBB+,Casualty,North America,Sophie Laurent,Facultative,2021,2021-11-25,2022-11-24,27000000.0,2460000.0,,3493004.76,417298.19999999995,3075706.5599999996,613532.64,3493004.76,613532.64,8,1941575.5799999998,85950.33,2027525.91,92750.37,27000000.0,116214229.2,Japan,0.5804532341948484,0.07509355222222222,Low
T0676,C147,Evergreen General,USA,A+,Casualty,North America,James Whitfield,Excess of Loss,2021,2021-11-07,2022-11-06,13000000.0,1890000.0,,1018736.04,58625.16,960110.88,51308.759999999995,1018736.04,51308.759999999995,6,726494.0700000001,81191.39,807685.4600000001,270637.95,13000000.0,69469494.21,Australia,0.7928309476515625,0.06212965076923078,Low
T0396,C152,Lumen Mutual,South Africa,A+,Specialty,Middle East & Africa,Priya Nair,Proportional,2022,2022-06-11,2023-06-10,18800000.0,1150000.0,,2878145.4000000004,158651.04,2719494.3600000003,638867.3999999999,2878145.4000000004,638867.3999999999,5,1295570.5,0.0,1295570.5,0.0,3760000.0,38964733.19,US Gulf Coast,0.45014073993621023,0.06891332446808511,Low
T0518,C162,Harbor Mutual,Canada,BBB+,Professional,North America,Aarav Mehta,Proportional,2023,2023-01-10,2024-01-09,47400000.0,9330000.0,,4124246.5200000005,338575.68,3785670.8400000003,1136918.6400000001,4124246.5200000005,1136918.6400000001,8,1928918.83,0.0,1928918.83,0.0,7110000.0,258038983.68,Australia,0.4677021173797341,0.040694490084388184,Low
T0457,C156,Crown Indemnity,China,BBB+,Property,Asia Pacific,Kenji Sato,Excess of Loss,2022,2022-08-05,2023-08-04,7200000.0,850000.0,,868019.64,69542.16,798477.48,71092.44,868019.64,71092.44,9,501212.81,11683.06,512895.87,38943.54,7200000.0,22432087.31,Other,0.5908804897548171,0.0712355375,Low
T0357,C133,Northwind General,India,BBB+,Specialty,Asia Pacific,Priya Nair,Proportional,2022,2022-12-18,2023-12-17,51600000.0,5030000.00004,,4216354.33824,312129.62928000005,3904224.7089600004,1036921.6137600001,4216354.33824,1036921.6137600001,9,3057718.65552,252876.78948,3310595.445,282841.68743999995,15480000.0,255810481.91628,US Gulf Coast,0.7851796076469976,0.06415882645348837,Low
T0297,C170,Meridian General,USA,A+,Unmapped,North America,James Whitfield,Proportional,2026,2026-02-23,2027-02-22,13100000.0,1320000.0,unmapped_lob,1226170.88,76788.64,1149382.24,271489.76,1108662.8399999999,245471.9919237671,10,528899.8099999999,517154.96,1046054.77,580247.35,5240000.0,36869065.6,US Gulf Coast,0.9435283047820022,0.07985150916030534,Low
T0287,C125,Granite Indemnity,Germany,BBB,Specialty,Europe,Sophie Laurent,Proportional,2022,2022-03-02,2023-03-01,13199999.997600002,1479999.9996000002,,1925747.3952,224744.4144,1701002.9808,445140.61919999996,1925747.3952,445140.61919999996,7,1142635.3020000001,41909.022000000004,1184544.324,139696.7472,3960000.0036000004,26507000.9844,Other,0.6151088802989025,0.08973820637995239,Low
T0677,C134,Summit General,Canada,A+,Property,North America,Hannah Weber,Proportional,2023,2023-01-05,2024-01-04,16800000.0,1800000.0,,1208580.3599999999,81388.31999999999,1127192.0399999998,272824.80000000005,1208580.3599999999,272824.80000000005,6,552022.5,88000.98000000001,640023.48,115406.64000000001,4200000.0,43997066.65,Australia,0.5295663417863253,0.03809663571428571,Low
T0048,C153,Vantage Assurance,Germany,A+,Property,Europe,Sophie Laurent,Proportional,2026,2026-04-10,2027-04-09,8499999.9996,1000000.0044000001,,577936.296,57630.139200000005,520306.1568,176067.04320000001,545828.7276,166285.5418967322,0,0.0,0.0,0.0,0.0,850000.0032000002,19321909.3548,Europe Windstorm,0.0,0.0,Low
T0158,C115,Cobalt Indemnity,Mexico,A,Unmapped,North America,Sophie Laurent,Excess of Loss,2025,2025-04-23,2026-04-22,6800000.0,1060000.0,unmapped_lob,576442.2,53457.240000000005,522984.95999999996,68046.12,576442.2,68046.12,7,156462.32,161811.31,318273.63,213792.97,6800000.0,24394385.31,California,0.5521345071544034,0.046804945588235294,Low
T0448,C126,Summit Insurance,France,A+,Specialty,Europe,Carlos Ibarra,Excess of Loss,2024,2024-09-01,2025-08-31,8000000.002800001,799999.9992000001,,832300.4016,74672.66880000001,757627.7328,63579.038400000005,832300.4016,63579.038400000005,10,273503.33640000003,77625.6588,351128.9952,106346.682,8000000.002800001,47801145.762,Other,0.4218777193006223,0.0438911243846381,Low
T0235,C155,Summit Mutual,South Africa,A-,Specialty,Middle East & Africa,Hannah Weber,Excess of Loss,2022,2022-04-18,2023-04-17,5000000.0,350000.0,,834826.3200000001,97497.36,737328.9600000001,51339.96,834826.3200000001,51339.96,5,246679.88999999998,0.0,246679.88999999998,0.0,5000000.0,14306773.7,Australia,0.29548647915173537,0.049335977999999996,Low
T0556,C115,Cobalt Indemnity,Mexico,A,Property,North America,Priya Nair,Excess of Loss,2024,2024-11-07,2025-11-06,6800000.0,540000.0,,555324.84,28613.879999999997,526710.96,55674.240000000005,555324.84,55674.240000000005,9,389217.07,221898.47999999998,611115.5499999999,410388.38,6800000.0,40773389.62,US Gulf Coast,1.100464999908882,0.0898699338235294,Low
T0608,C119,Atlas Assurance,Mexico,A-,Financial Lines,North America,Kenji Sato,Proportional,2023,2023-08-20,2024-08-19,8100000.0,1350000.0,,992163.72,73181.76,918981.96,266237.16000000003,992163.72,266237.16000000003,12,322968.25,42271.82,365240.07,55126.19,2430000.0,19044564.98,Other,0.368124798999907,0.04509136666666667,Low
T0219,C154,Orion Assurance,Mexico,A-,Property,North America,Omar Haddad,Facultative,2022,2022-08-08,2023-08-07,4100000.0,600000.0,,359340.6,41216.28,318124.31999999995,53990.64,359340.6,53990.64,9,310030.73,0.0,310030.73,0.0,4100000.0,8899766.44,Other,0.8627767917123754,0.0756172512195122,Low
T0331,C101,Granite General,China,A,Property,Asia Pacific,Sophie Laurent,Proportional,2023,2023-11-26,2024-11-25,10900000.0,1760000.0,,844470.0,57416.64,787053.36,199584.48,844470.0,199584.48,5,796395.0,0.0,796395.0,0.0,3270000.0,45728072.37,Other,0.9430708018046823,0.07306376146788991,Low
T0560,C103,Northwind Mutual,India,A-,Property,Asia Pacific,Omar Haddad,Excess of Loss,2024,2024-05-26,2025-05-25,16400000.000040002,2520000.0,,1496563.98336,103654.18944000002,1392909.7939199999,81979.40592,1496563.98336,81979.40592,4,1097193.16716,0.0,1097193.16716,0.0,16400000.000040002,56172408.23364001,Japan,0.7331415023744221,0.06690202238764169,Low
T0196,C135,Sterling Indemnity,Spain,BBB+,Property,Europe,Carlos Ibarra,Excess of Loss,2022,2022-03-17,2023-03-16,1599999.9984000002,249999.99840000004,,276145.848,23957.4672,252188.38079999998,30618.5184,276145.848,30618.5184,14,90510.1668,11973.182400000002,102483.34920000001,23606.5752,1599999.9984000002,8647894.8972,California,0.3711203696968133,0.0640520933140521,Low
T0091,C115,Cobalt Indemnity,Mexico,A,Casualty,North America,Carlos Ibarra,Proportional,2024,2024-03-04,2025-03-03,32400000.0,2140000.0,,2821405.68,243680.52,2577725.16,668355.24,2821405.68,668355.24,8,2405034.15,0.0,2405034.15,0.0,9720000.0,139073782.37,US Gulf Coast,0.85242408316127,0.07422944907407407,Low
T0163,C149,Sterling General,Australia,A-,Property,Asia Pacific,Hannah Weber,Excess of Loss,2025,2025-03-03,2026-03-02,38600000.0,6870000.0,,3080380.92,272241.36,2808139.56,166156.44,3080380.92,166156.44,8,1137148.59,476879.16,1614027.75,549973.1799999999,38600000.0,110898328.32,US Gulf Coast,0.5239701815839062,0.04181419041450777,Low
T0478,C139,Lumen Assurance,Brazil,BBB+,Property,Latin America,Hannah Weber,Proportional,2022,2022-11-04,2023-11-03,6100000.0,650000.0,,1147601.16,77276.52,1070324.64,349565.16000000003,1147601.16,349565.16000000003,12,769269.6,39496.450000000004,808766.05,124505.92000000001,1830000.0,28717555.43,Other,0.7047448871522578,0.13258459836065575,Low
T0296,C115,Cobalt Indemnity,Mexico,A,Property,North America,Priya Nair,Proportional,2022,2022-09-08,2023-09-07,8800000.0,530000.0,,985021.08,81434.4,903586.6799999999,273958.68,985021.08,273958.68,10,545349.0,112158.3,657507.3,177544.0,2200000.0,46202801.54,US Gulf Coast,0.6675058162207047,0.07471673863636365,Low
T0509,C142,Atlas General,Japan,A,Professional,Asia Pacific,Priya Nair,Proportional,2022,2022-05-06,2023-05-05,17700000.0,2720000.0,,1291012.2000000002,137150.04,1153862.1600000001,395546.64,1291012.2000000002,395546.64,8,515146.39,20692.59,535838.98,26811.16,4425000.0,51537614.94,Other,0.4150533821446458,0.030273388700564972,Low
T0675,C149,Sterling General,Australia,A-,Specialty,Asia Pacific,Aarav Mehta,Excess of Loss,2021,2021-08-14,2022-08-13,14500000.0,2030000.0,,1299450.84,82812.84,1216638.0,150121.32,1299450.84,150121.32000000004,11,708835.63,103908.6,812744.23,194013.91999999998,14500000.0,40661104.35,Europe Windstorm,0.6254520794338014,0.05605132620689655,Low
T0507,C112,Crown Mutual,Canada,A-,Financial Lines,North America,Aarav Mehta,Proportional,2022,2022-05-19,2023-05-18,15200000.0,1900000.0,,1128882.1199999999,105167.16,1023714.9599999998,297819.24,1128882.1199999999,297819.24,10,478400.3,11673.55,490073.85,11885.73,1520000.0,41522080.74,Florida,0.4341231394470133,0.03224170065789474,Low
T0017,C135,Sterling Indemnity,Spain,BBB+,Property,Europe,Hannah Weber,Excess of Loss,2022,2022-06-28,2023-06-27,7499999.995200001,789999.9984,,693625.68,51114.628800000006,642511.0512000001,37502.6112,693625.68,37502.6112,7,133571.2464,0.0,133571.2464,0.0,7499999.995200001,22622537.358000003,Australia,0.19256963842515173,0.017809499531398078,Low
T0330,C115,Cobalt Indemnity,Mexico,A,Professional,North America,Hannah Weber,Excess of Loss,2024,2024-03-31,2025-03-30,2400000.0,410000.0,,367398.6,37570.92,329827.68,38386.2,367398.6,38386.2,6,361345.24,0.0,361345.24,0.0,2400000.0,5510881.86,Other,0.9835237260022222,0.15056051666666667,Low
T0157,C161,Orion Insurance,Singapore,A+,Specialty,Asia Pacific,Kenji Sato,Excess of Loss,2024,2024-06-11,2025-06-10,3800000.0,560000.0,,712863.84,56612.520000000004,656251.32,78574.79999999999,712863.84,78574.79999999999,12,1723294.12,3854281.0,5577575.12,4844066.890000001,3800000.0,18531482.44,Australia,7.824180168824387,1.4677829263157895,Critical
T0358,C119,Atlas Assurance,Mexico,A-,Financial Lines,North America,Sophie Laurent,Proportional,2025,2025-11-30,2026-11-29,24900000.0,2310000.0,,2120624.55,116657.86,2003966.6899999997,510950.22,1927840.5,464500.20000000007,5,613508.06,1274715.49,1888223.5499999998,1888223.5499999998,4980000.0,94160440.97,US Gulf Coast,0.9794500893616458,0.07583227108433734,Low
T0044,C131,Pioneer Indemnity,Chile,A+,Property,Latin America,Omar Haddad,Proportional,2022,2022-03-13,2023-03-12,14500000.0,1330000.0,,2009112.84,128876.88,1880235.96,461879.88,2009112.84,461879.88,11,1019231.38,0.0,1019231.38,0.0,1450000.0,37866598.16,Other,0.5073041990015852,0.07029181931034482,Low
T0441,C167,Evergreen Assurance,Canada,BBB+,Financial Lines,North America,Aarav Mehta,Excess of Loss,2026,2026-02-26,2027-02-25,15100000.0,1870000.0,,852039.52,56897.52,795142.0,51123.12,759735.24,45584.782080001176,2,25000.78,236039.71000000002,261040.49000000002,261040.49000000002,15100000.0,37222310.91,US Gulf Coast,0.3435940262557783,0.017287449668874175,Low
T0417,C137,Meridian Indemnity,Germany,BBB,Property,Europe,Sophie Laurent,Excess of Loss,2024,2024-06-06,2025-06-05,35199999.997200005,6039999.9972,,5876179.7328,621290.8656000001,5254888.8672,316515.47040000005,5876179.7328,316515.47040000005,5,2815255.0944000003,2191405.9140000003,5006661.008400001,2550648.69,35199999.997200005,182822239.37160003,Other,0.852026526767643,0.1422346877499505,Low
T0499,C135,Sterling Indemnity,Spain,BBB+,Professional,Europe,Kenji Sato,Proportional,2022,2022-02-28,2023-02-27,7600000.0032,1469999.9988000002,,760786.0848000001,59422.24800000001,701363.8368,232443.8208,760786.0848000001,232443.8208,8,291139.3908,18362.8512,309502.242,36638.60040000001,3039999.9948000005,39181907.120400004,Europe Windstorm,0.40681901021016154,0.04072397919337938,Low
T0364,C132,Pioneer Insurance,Germany,A,Specialty,Europe,Carlos Ibarra,Excess of Loss,2023,2023-05-28,2024-05-27,16800000.004800003,1439999.9964,,1754163.7344000004,149178.4128,1604985.3216000004,89662.59360000001,1754163.7344000004,89662.59360000001,5,827513.4204000001,331230.8052,1158744.2256,537374.8116,16800000.004800003,85106684.9124,Other,0.6605678836453317,0.06897287055172202,Low
T0298,C148,Meridian Assurance,Spain,A,Casualty,Europe,Omar Haddad,Proportional,2025,2025-05-31,2026-05-30,8800000.002,789999.9984,,934340.3136,107527.43520000002,826812.8783999999,219800.43360000005,934340.3136,219800.43360000005,10,343951.80120000005,66313.7712,410265.57240000006,104371.62120000002,1319999.9976000001,27146943.093600005,Other,0.4390965116545733,0.04662108776213158,Low
T0306,C143,Northwind Indemnity,USA,A,Specialty,North America,Unassigned,Excess of Loss,2026,2026-04-17,2027-04-16,16200000.0,2580000.0,unassigned_underwriter,1043486.22,119033.45999999999,924452.76,104181.72,944934.74,94342.33496725313,6,76979.79,94215.8,171195.59,129078.95,16200000.0,74716887.21,Other,0.18117186590049594,0.010567629012345679,Low
T0597,C170,Meridian General,USA,A+,Specialty,North America,James Whitfield,Excess of Loss,2026,2026-05-14,2027-05-13,19500000.0,3880000.0,,680272.0,78554.0,601718.0,58380.35,616779.95,52931.51761939709,3,118652.05,224871.76,343523.81,343523.81,19500000.0,42999041.8,California,0.5569633221702489,0.01761660564102564,Low
T0146,C137,Meridian Indemnity,Germany,BBB,Property,Europe,Aarav Mehta,Excess of Loss,2025,2025-12-04,2026-12-03,21600000.0,2080000.0044,,1377112.644,77949.97200000001,1299162.672,146590.776,1358751.1428,144636.2323966425,6,315926.1144,435365.93880000006,751292.0532000001,684260.8596000001,21600000.0,56049391.724400006,Japan,0.5529283689519485,0.0347820395,Low
T0652,C117,Vantage Mutual,India,BBB,Specialty,Asia Pacific,Carlos Ibarra,Excess of Loss,2025,2025-01-30,2026-01-29,28899999.999959998,2979999.99996,,2487245.52096,213271.53552000003,2273973.98544,241334.27135999998,2487245.52096,241334.27135999998,9,547517.15088,168431.55348,715948.70436,383974.21703999996,28899999.999959998,117166298.70924,Europe Windstorm,0.28784802237121565,0.024773311569584462,Low
T0199,C117,Vantage Mutual,India,BBB,Specialty,Asia Pacific,Aarav Mehta,Proportional,2024,2024-09-16,2025-09-15,8100000.0,1430000.00004,,648810.7934399999,60906.22128,587904.57216,147613.5,648810.7934399999,147613.5,3,108699.88836000001,0.0,108699.88836000001,0.0,2025000.0,23155584.1878,Australia,0.16753711476295324,0.013419739303703705,Low
T0573,C114,Evergreen Indemnity,Canada,A,Professional,North America,Omar Haddad,Excess of Loss,2026,2026-08-09,2027-08-08,32600000.0,2020000.0,,553233.96,64731.32,488502.63999999996,33311.62,470248.87,28314.87724085015,0,0.0,0.0,0.0,0.0,32600000.0,194268625.62,California,0.0,0.0,Low
T0651,C105,Atlas Indemnity,Canada,A-,Financial Lines,North America,Omar Haddad,Excess of Loss,2025,2025-01-14,2026-01-13,3900000.0,570000.0,,383643.0,34881.24,348761.76,24332.16,383643.0,24332.16,12,66650.38,40188.11,106838.49,56713.47,3900000.0,11893568.17,California,0.2784841375966719,0.02739448461538462,Low
T0290,C147,Evergreen General,USA,A+,Casualty,North America,Kenji Sato,Excess of Loss,2023,2023-02-22,2024-02-21,12600000.0,1530000.0,,976480.7999999999,75234.12,901246.6799999999,83773.68000000001,976480.7999999999,83773.68000000001,6,317662.23,9435.96,327098.19,16887.14,12600000.0,48729429.88,Australia,0.33497657096790845,0.02596017380952381,Low
T0442,C104,Lumen Indemnity,Singapore,A+,Property,Unassigned,Hannah Weber,Excess of Loss,2026,2026-03-25,2027-03-24,28000000.0,4530000.0,unassigned_region,1870756.02,198472.68000000002,1672283.34,139575.52000000002,1648046.97,122959.38666666667,5,358328.12,737586.77,1095914.8900000001,881184.17,28000000.0,133424472.7,Europe Windstorm,0.6649779465933547,0.03913981750000001,Low
T0405,C115,Cobalt Indemnity,Mexico,A,Property,North America,James Whitfield,Excess of Loss,2023,2023-12-29,2024-12-28,21500000.0,2390000.0,,2654657.04,193710.48,2460946.56,303310.44,2654657.04,303310.44,4,2330686.83,0.0,2330686.83,0.0,21500000.0,71861793.33,Florida,0.8779615577008772,0.10840403860465117,Low
T0427,C169,Evergreen Insurance,USA,A,Specialty,North America,Aarav Mehta,Proportional,2025,2025-09-21,2026-09-20,33400000.0,4520000.0,,4212397.800000001,354966.24,3857431.5600000005,1228739.04,4212397.800000001,1228739.04,8,2884029.4,2171838.58,5055867.98,2706178.1,13360000.0,76915698.18,Other,1.2002351677232381,0.15137329281437126,Low
T0099,C170,Meridian General,USA,A+,Specialty,North America,Omar Haddad,Excess of Loss,2025,2025-10-30,2026-10-29,5600000.0,620000.0,,975972.36,87614.76,888357.6,82569.24,894641.33,75688.47,9,198680.34,486221.14,684901.48,582952.14,5600000.0,26645286.19,Europe Windstorm,0.765559847318925,0.12230383571428571,Low
T0444,C161,Orion Insurance,Singapore,A+,Property,Asia Pacific,Omar Haddad,Excess of Loss,2025,2025-10-23,2026-10-22,17900000.0,1200000.0,,1955949.3599999999,203486.27999999997,1752463.0799999998,115932.24,1830985.93,108525.4580790288,8,415676.28,593978.88,1009655.16,773056.59,17900000.0,63290530.86,Florida,0.5514270445540781,0.05640531620111732,Low
T0552,C112,Crown Mutual,Canada,A-,Financial Lines,North America,Hannah Weber,Excess of Loss,2024,2024-09-13,2025-09-12,9900000.0,1460000.0,,755427.12,58878.72,696548.4,49927.799999999996,755427.12,49927.799999999996,9,326610.42,147207.6,473818.02,196306.33000000002,9900000.0,24000927.78,US Gulf Coast,0.6272187050949403,0.04786040606060606,Low
T0304,C114,Evergreen Indemnity,Canada,A,Property,North America,Aarav Mehta,Excess of Loss,2023,2023-08-24,2024-08-23,6600000.0,1050000.0,,1033107.96,90717.12,942390.84,71485.08,1033107.96,71485.08,12,1293928.19,0.0,1293928.19,0.0,6600000.0,34373195.41,Europe Windstorm,1.2524617369127617,0.19604972575757576,Low
T0326,C110,Meridian Mutual,Canada,BBB+,Specialty,North America,Omar Haddad,Facultative,2022,2022-10-23,2023-10-22,6800000.0,530000.0,,574169.52,55072.44,519097.08,101041.92,574169.52,101041.92,7,366327.45,5745.6900000000005,372073.14,8490.82,6800000.0,21433156.54,US Gulf Coast,0.6480196649937112,0.05471663823529412,Low
T0586,C153,Vantage Assurance,Germany,A+,Professional,Europe,James Whitfield,Proportional,2023,2023-11-24,2024-11-23,2499999.9948000005,320000.004,,288717.5664,17048.361600000004,271669.2048,64832.788799999995,288717.5664,64832.788799999995,10,133830.252,11335.1508,145165.4028,16954.542,374999.9976,12597807.6684,US Gulf Coast,0.5027938016036145,0.05806616124077761,Low
T0278,C134,Summit General,Canada,A+,Casualty,North America,Priya Nair,Proportional,2022,2022-04-13,2023-04-12,30400000.0,1790000.0,,2190578.2800000003,188124.0,2002454.2800000003,553541.52,2190578.2800000003,553541.52,7,1016915.2000000001,0.0,1016915.2000000001,0.0,4560000.0,126469932.33,US Gulf Coast,0.46422226006915396,0.03345115789473684,Low
T0421,C144,Northwind Insurance,Canada,A,Financial Lines,North America,Sophie Laurent,Excess of Loss,2023,2023-01-12,2024-01-11,11700000.0,1160000.0,,1131231.72,65284.799999999996,1065946.92,93627.48,1131231.72,93627.48,11,542149.8,16629.440000000002,558779.24,55431.47,11700000.0,25945641.7,Japan,0.4939564813476058,0.047758909401709404,Low
T0322,C141,Granite Insurance,Singapore,A+,Professional,Asia Pacific,James Whitfield,Excess of Loss,2023,2023-01-24,2024-01-23,3400000.0,680000.0,,347493.6,17671.800000000003,329821.8,34739.04,347493.6,34739.04,12,126380.85,4024.2,130405.05,4953.25,3400000.0,17266954.72,Other,0.37527324244245075,0.03835442647058824,Low
T0140,C122,Pioneer General,Germany,A-,Casualty,Europe,Sophie Laurent,Facultative,2021,2021-01-19,2022-01-18,21900000.002400003,3920000.0004000003,,2295716.7744000005,159699.47040000002,2136017.3040000005,374068.23840000003,2295716.7744000005,374068.23840000003,6,663876.2376000001,1111953.4524,1775829.69,1441269.288,21900000.002400003,46288869.5196,Europe Windstorm,0.773540407859817,0.08108811368974375,Low
T0324,C154,Orion Assurance,Mexico,A-,Financial Lines,North America,Aarav Mehta,Excess of Loss,2023,2023-08-14,2024-08-13,58800000.0,3460000.0,,5562233.16,605193.12,4957040.04,492633.12,5562233.16,492633.12,8,1652259.8399999999,50276.35,1702536.19,74147.18,58800000.0,257436544.0,US Gulf Coast,0.3060886052464582,0.028954697108843536,Low
T0128,C146,Cobalt Assurance,France,A,Professional,Europe,Aarav Mehta,Excess of Loss,2024,2024-02-24,2025-02-23,4399999.9956,249999.99840000004,,566470.8432,56533.07520000001,509937.768,37222.286400000005,566470.8432,37222.286400000005,10,264040.57080000004,0.0,264040.57080000004,0.0,4399999.9956,14836199.544000002,US Gulf Coast,0.4661150242233686,0.060009220696372864,Low
T0593,C150,Cobalt General,Canada,A,Specialty,North America,Priya Nair,Proportional,2023,2023-04-11,2024-04-10,38100000.0,6140000.0,,3412676.76,203615.03999999998,3209061.7199999997,998620.44,3412676.76,998620.44,6,2077434.15,0.0,2077434.15,0.0,7620000.0,151956240.12,US Gulf Coast,0.6087403806740841,0.05452583070866141,Low
T0479,C113,Sterling Mutual,UK,A-,Casualty,Europe,Hannah Weber,Excess of Loss,2025,2025-08-06,2026-08-05,4699999.998,590000.0011,,525402.3528,44127.42,481274.9328,31637.3256,525402.3528,31637.3256,11,120954.3682,217573.1996,338527.5678,272676.8486,4699999.998,13744446.4506,Europe Windstorm,0.6443206163731515,0.07202714211575624,Low
T0628,C159,Orion Mutual,Spain,A-,Casualty,Europe,Sophie Laurent,Facultative,2026,2026-07-08,2027-07-07,84300000.0048,15710000.004000003,,2118389.6952,210173.68079999997,1908216.0144,359408.826,1930088.3904000001,327461.3750443123,3,850769.1792000001,228430.3788,1079199.558,304549.794,84300000.0048,321712648.9488,Japan,0.5591451476356177,0.012801892739484589,Low
T0387,C166,Harbor General,Canada,A,Property,North America,Omar Haddad,Proportional,2023,2023-01-07,2024-01-06,5900000.0,1030000.0,,421047.36,37653.36,383394.0,116024.40000000001,421047.36,116024.40000000001,6,373997.2,36244.14,410241.34,56776.67,2360000.0,32849246.16,Europe Windstorm,0.9743353811789724,0.06953243050847457,Low
T0465,C133,Northwind General,India,BBB+,Property,Asia Pacific,Aarav Mehta,Proportional,2025,2025-03-22,2026-03-21,9000000.0,1599999.99996,,1219764.62016,80220.21264000001,1139544.40752,329596.59744,1219764.62016,329596.59744,11,272575.11492,819811.13292,1092386.24784,959508.4338000001,2700000.0,49338303.36372,Japan,0.8955713502304311,0.12137624976000001,Low
T0202,C147,Evergreen General,USA,A+,Property,North America,Omar Haddad,Excess of Loss,2026,2026-08-25,2027-08-24,6200000.0,730000.0,,148261.32,12216.12,136045.2,9716.56,86485.77,5667.993333333333,0,0.0,0.0,0.0,0.0,6200000.0,16642841.31,Florida,0.0,0.0,Low
T0347,C126,Summit Insurance,France,A+,Casualty,Europe,Hannah Weber,Facultative,2024,2024-06-07,2025-06-06,10099999.998,830000.0016000001,,932135.5584,110111.27040000001,822024.288,154819.77120000002,932135.5584,154819.77120000002,7,205590.9168,576244.0872000001,781835.0040000001,658885.4604000001,10099999.998,54216557.19360001,Australia,0.8387567633853716,0.07740940635196226,Low
T0189,C131,Pioneer Indemnity,Chile,A+,Property,Latin America,James Whitfield,Excess of Loss,2024,2024-11-02,2025-11-01,3400000.0,400000.0,,602030.28,49987.56,552042.72,55988.64,602030.28,55988.64,7,409454.86,0.0,409454.86,0.0,3400000.0,14838424.22,Europe Windstorm,0.6801233652234235,0.12042789999999999,Low
T0568,C133,Northwind General,India,BBB+,Property,Asia Pacific,Priya Nair,Proportional,2025,2025-06-23,2026-06-22,10700000.00004,810000.0,,1422582.0552000003,157701.36672,1264880.6884800002,370227.99312,1422582.0552000003,370227.99312,4,620070.59748,335009.0046,955079.60208,446838.6282,1605000.0,53381716.329,Other,0.6713704834029596,0.08925977589499341,Low
T0606,C106,Granite Mutual,UK,A-,Property,Europe,Priya Nair,Proportional,2026,2026-03-16,2027-03-15,7899999.9988,740000.0059000001,,357300.8348,23442.218800000002,333858.61600000004,85807.7913,330077.9149,79270.05502333173,4,57558.4701,166653.7434,224212.21349999998,224212.21349999998,2369999.9971,37089047.2848,Other,0.6792705703073987,0.028381292852412345,Low
T0583,C113,Sterling Mutual,UK,A-,Property,Europe,Aarav Mehta,Excess of Loss,2026,2026-03-06,2027-03-05,8800000.0022,469999.9998,,438927.6591,44449.1999,394478.4592,42278.8842,426386.8663,41070.915835339256,4,335489.7405,164746.5209,500236.2614,176357.5213,8800000.0022,20805659.0363,US Gulf Coast,1.1731980999809704,0.0568450296903342,Low
T0129,C101,Granite General,China,A,Casualty,Asia Pacific,Hannah Weber,Excess of Loss,2024,2024-05-08,2025-05-07,7000000.0,980000.0,,566910.72,30034.199999999997,536876.52,47196.24,566910.72,47196.240000000005,12,197308.09,1555.31,198863.4,2696.05,7000000.0,21593402.2,Europe Windstorm,0.3507843351418721,0.02840905714285714,Low
T0633,C151,Harbor Assurance,USA,A-,Professional,North America,Aarav Mehta,Excess of Loss,2025,2025-07-01,2026-06-30,12700000.0,2440000.0,,1219748.16,123124.92,1096623.24,83201.64,1219748.16,83201.64,7,249347.18000000002,235076.31,484423.49,259111.25,12700000.0,41920081.0,Europe Windstorm,0.3971504166892943,0.03814358188976378,Low
T0123,C170,Meridian General,USA,A+,Property,North America,Carlos Ibarra,Proportional,2022,2022-10-03,2023-10-02,19400000.0,3470000.0,,1391556.48,160453.91999999998,1231102.56,443945.16000000003,1391556.48,443945.16000000003,7,1416007.98,0.0,1416007.98,0.0,5820000.0,39935643.64,Florida,1.017571331348333,0.07299010206185567,Low
T0010,C111,Granite Assurance,Australia,BBB+,Property,Asia Pacific,Priya Nair,Excess of Loss,2023,2023-08-12,2024-08-11,16200000.0,1580000.0,,1858151.28,97597.92,1760553.36,169428.96,1858151.28,169428.96,15,490576.76,55199.22,545775.98,77686.49,16200000.0,68224687.3,Florida,0.29371988485243244,0.033689875308641974,Low
T0495,C117,Vantage Mutual,India,BBB,Property,Asia Pacific,Priya Nair,Excess of Loss,2025,2025-07-11,2026-07-10,21200000.000040002,3260000.0000400003,,3295890.6796799996,243522.54000000004,3052368.1396799996,367366.72896,3295890.6796799996,367366.72896,17,1446575.42916,477069.97560000006,1923645.40476,672922.5805200001,21200000.000040002,62808809.06508,Florida,0.5836496388122825,0.09073799079039482,Low
T0165,C122,Pioneer General,Germany,A-,Casualty,Europe,Kenji Sato,Excess of Loss,2023,2023-08-31,2024-08-30,8800000.002,639999.9972,,1112527.872,102517.61760000003,1010010.2544,84055.1904,1112527.872,84055.1904,9,962077.0464000001,0.0,962077.0464000001,0.0,8800000.002,41559863.756400004,US Gulf Coast,0.8647666908968912,0.10932693706606207,Low
T0293,C135,Sterling Indemnity,Spain,BBB+,Property,Unassigned,Carlos Ibarra,Proportional,2021,2021-05-05,2022-05-04,15300000.003600001,2769999.9948000005,unassigned_region,2313849.888,163526.55840000004,2150323.3296,713063.6063999999,2313849.888,713063.6063999999,9,987299.4312,11123.892,998423.3232,12408.303600000001,3059999.9964,69271420.2552,California,0.4314987451770251,0.06525642633758671,Low
T0664,C123,Orion General,Canada,A+,Professional,North America,James Whitfield,Excess of Loss,2021,2021-10-16,2022-10-15,25500000.0,1520000.0,,2564179.08,255427.19999999998,2308751.88,297284.4,2564179.08,297284.39999999997,7,917424.9,96988.12,1014413.02,323293.73,25500000.0,86492746.95,Other,0.3956092723445821,0.03978090274509804,Low
T0582,C135,Sterling Indemnity,Spain,BBB+,Property,Europe,Priya Nair,Excess of Loss,2023,2023-05-21,2024-05-20,15099999.9984,2549999.9988,,1136740.392,58392.7056,1078347.6864,80198.5536,1136740.392,80198.55359999998,5,351107.2224,488230.092,839337.3144,533313.1476,15099999.9984,36952371.774,Other,0.7383720331458056,0.05558525261516135,Low
T0102,C114,Evergreen Indemnity,Canada,A,Professional,North America,Hannah Weber,Proportional,2022,2022-09-06,2023-09-05,12400000.0,1110000.0,,1003243.6799999999,80356.79999999999,922886.8799999999,244315.56,1003243.6799999999,244315.56,6,503529.08999999997,0.0,503529.08999999997,0.0,2480000.0,33552607.46,Japan,0.5019010834934938,0.040607184677419354,Low
T0468,C160,Orion Indemnity,Brazil,A,Property,Latin America,Aarav Mehta,Proportional,2021,2021-05-11,2022-05-10,28700000.0,4570000.0,,2353431.0,128602.79999999999,2224828.2,633451.8,2353431.0,633451.8,11,805315.38,145571.79,950887.1699999999,172371.81,14350000.0,146127255.18,Japan,0.404042935611879,0.03313195714285714,Low
T0352,C147,Evergreen General,USA,A+,Financial Lines,North America,Hannah Weber,Excess of Loss,2023,2023-07-29,2024-07-28,48300000.0,4400000.0,,5565135.4799999995,397649.16000000003,5167486.319999999,619081.3200000001,5565135.4799999995,619081.3200000001,6,988038.06,90751.43,1078789.49,115050.04,48300000.0,161556978.52,Australia,0.193847839621687,0.02233518612836439,Low
T0060,C165,Harbor Indemnity,USA,A,Professional,North America,Hannah Weber,Excess of Loss,2026,2026-03-01,2027-02-28,5800000.0,850000.0,,284217.22,19340.02,264877.19999999995,18990.23,282863.8,18899.80002152579,7,42157.2,56806.39000000001,98963.59,75496.73,5800000.0,15216109.43,Other,0.34986304362735704,0.017062687931034482,Low
T0049,C160,Orion Indemnity,Brazil,A,Financial Lines,Unassigned,Sophie Laurent,Proportional,2023,2023-03-31,2024-03-30,14200000.0,1810000.0,unassigned_region,2195640.12,185185.91999999998,2010454.2000000002,689435.16,2195640.12,689435.16,3,1353003.57,0.0,1353003.57,0.0,2840000.0,49817691.35,Japan,0.6162228307251008,0.09528194154929578,Low
T0630,C110,Meridian Mutual,Canada,BBB+,Casualty,North America,Omar Haddad,Excess of Loss,2022,2022-04-06,2023-04-05,7000000.0,360000.0,,986924.3999999999,66101.16,920823.2399999999,83107.08,986924.3999999999,83107.08,9,835199.0,49679.03999999999,884878.04,106565.09,7000000.0,32940560.57,California,0.8966016444623318,0.12641114857142857,Low
T0595,C135,Sterling Indemnity,Spain,BBB+,Financial Lines,Europe,James Whitfield,Facultative,2024,2024-06-26,2025-06-25,8400000.002400002,499999.9968000001,,1060545.7008,81608.99040000001,978936.7104,195895.3248,1060545.7008,195895.3248,7,338474.2248,109034.5752,447508.80000000005,141864.31800000003,8400000.002400002,46306155.6,US Gulf Coast,0.42196088264978243,0.05327485712763575,Low
T0110,C136,Crown Insurance,China,A,Property,Asia Pacific,Omar Haddad,Facultative,2025,2025-06-15,2026-06-14,36800000.0,7290000.0,,2652491.04,150042.24,2502448.8,482517.72,2652491.04,482517.72,11,970333.86,485805.12,1456138.98,716801.36,36800000.0,136262885.29,US Gulf Coast,0.5489703671157359,0.03956899402173913,Low
T0471,C130,Cobalt Mutual,Italy,A+,Property,Europe,Omar Haddad,Proportional,2025,2025-06-18,2026-06-17,11199999.9996,970000.0020000001,,1000724.8032000001,87499.56960000002,913225.2336,254354.6448,1000724.8032000001,254354.6448,11,294387.83640000003,135453.81600000002,429841.6524,170705.556,1120000.0032000002,28087246.9188,Florida,0.4295303274441714,0.03837871896565638,Low
T0615,C126,Summit Insurance,France,A+,Professional,Europe,Sophie Laurent,Proportional,2021,2021-04-10,2022-04-09,35599999.996800005,2330000.0028000004,,3136267.512,189675.9504,2946591.5616,896689.3104000001,3136267.512,896689.3104000001,9,2738262.2292000004,26126.863200000003,2764389.0924000004,38961.291600000004,7119999.9972,207973555.992,US Gulf Coast,0.8814264350291814,0.0776513790069799,Low
T0134,C170,Meridian General,USA,A+,Property,North America,Aarav Mehta,Proportional,2021,2021-04-04,2022-04-03,6900000.0,1220000.0,,738699.24,63827.28,674871.96,218194.80000000002,738699.24,218194.80000000002,8,385206.19,19770.6,404976.79,65901.98999999999,1380000.0,29862346.61,Japan,0.5482296015358022,0.0586922884057971,Low
T0240,C132,Pioneer Insurance,Germany,A,Property,Europe,Omar Haddad,Excess of Loss,2023,2023-08-21,2024-08-20,21200000.0004,3469999.9968000003,,2081006.5104,173858.91840000002,1907147.592,244811.28960000002,2081006.5104,244811.28960000002,6,596302.8516,524421.7992,1120724.6508000002,581399.2728,21200000.0004,47525208.9696,US Gulf Coast,0.538549324665294,0.052864370319757284,Low
T0655,C132,Pioneer Insurance,Germany,A,Specialty,Europe,Hannah Weber,Excess of Loss,2022,2022-05-02,2023-05-01,10800000.0,1230000.0012,,1060887.4560000002,95102.9424,965784.5136000002,83428.05600000001,1060887.4560000002,83428.05600000001,9,477401.4072,29669.846400000002,507071.2536,34397.1468,10800000.0,38739398.5584,California,0.4779689407506765,0.046951042,Low
T0077,C138,Northwind Assurance,Canada,BBB,Casualty,North America,Sophie Laurent,Proportional,2023,2023-06-18,2024-06-17,15600000.0,2550000.0,,1354882.44,92158.56,1262723.88,350792.16000000003,1354882.44,350792.16000000003,7,1029294.59,0.0,1029294.59,0.0,3120000.0,64559440.67,Florida,0.7596929147594532,0.06598042243589744,Low
T0224,C161,Orion Insurance,Singapore,A+,Financial Lines,Asia Pacific,Sophie Laurent,Proportional,2025,2025-05-23,2026-05-22,28800000.0,5560000.0,,5015447.88,587592.6000000001,4427855.279999999,1299139.44,5015447.88,1299139.44,13,1689730.18,512798.20999999996,2202528.39,754242.53,14400000.0,58382118.53,Florida,0.43914889411631175,0.07647668020833334,Low
T0151,C105,Atlas Indemnity,Canada,A-,Casualty,North America,Omar Haddad,Proportional,2022,2022-08-06,2023-08-05,34000000.0,5360000.0,,2607105.96,211138.91999999998,2395967.04,622048.8,2607105.96,622048.8,12,1783298.01,0.0,1783298.01,0.0,6800000.0,185870615.05,Australia,0.6840143965610052,0.052449941470588235,Low
T0576,C136,Crown Insurance,China,A,Specialty,Asia Pacific,Sophie Laurent,Excess of Loss,2021,2021-04-03,2022-04-02,4900000.0,310000.0,,478642.55999999994,45984.840000000004,432657.7199999999,48634.2,478642.55999999994,48634.2,10,196224.42,0.0,196224.42,0.0,4900000.0,18572526.81,US Gulf Coast,0.4099602425659767,0.0400458,Low
T0319,C102,Summit Indemnity,Australia,A+,Casualty,Asia Pacific,James Whitfield,Excess of Loss,2026,2026-08-14,2027-08-13,3400000.0,390000.0,,74352.52,7962.06,66390.46,6381.5,57003.600000000006,4892.4834477701625,0,0.0,0.0,0.0,0.0,3400000.0,14285692.26,US Gulf Coast,0.0,0.0,Low
T0435,C136,Crown Insurance,China,A,Financial Lines,Asia Pacific,Kenji Sato,Proportional,2022,2022-12-26,2023-12-25,17000000.0,1920000.0,,1324566.0,72703.68000000001,1251862.32,340812.83999999997,1324566.0,340812.83999999997,8,233052.65,427031.26,660083.91,461421.8,5100000.0,60397199.44,Other,0.4983397656288928,0.038828465294117646,Low
T0533,C102,Summit Indemnity,Australia,A+,Casualty,Unassigned,Hannah Weber,Proportional,2024,2024-03-23,2025-03-22,43000000.0,4900000.0,unassigned_region,5009444.4,343161.48,4666282.92,1503747.6,5009444.4,1503747.6,9,3784461.24,0.0,3784461.24,0.0,21500000.0,156561396.03,Other,0.75546526477068,0.08801072651162792,Low
T0007,C110,Meridian Mutual,Canada,BBB+,Casualty,North America,Hannah Weber,Proportional,2025,2025-07-19,2026-07-18,8000000.0,1580000.0,,687072.0,36974.76,650097.24,164419.2,687072.0,164419.2,10,90518.16,432885.48,523403.64,511460.49,2400000.0,47404652.35,Other,0.7617886335056588,0.06542545500000001,Low
T0642,C146,Cobalt Assurance,France,A,Specialty,Europe,Aarav Mehta,Excess of Loss,2022,2022-01-29,2023-01-28,43699999.996800005,4330000.0008000005,,5005804.536,572972.8752000001,4432831.660800001,524874.6864,5005804.536,524874.6864,11,2834185.5504,0.0,2834185.5504,0.0,43699999.996800005,128876590.83600001,California,0.5661798278413642,0.0648555045905615,Low
T0312,C167,Evergreen Assurance,Canada,BBB+,Professional,North America,Sophie Laurent,Excess of Loss,2026,2026-05-11,2027-05-10,9300000.0,1720000.0,,387602.2,22836.350000000002,364765.85000000003,37124.2,359178.04000000004,34401.758794372174,5,71281.39,145538.98,216820.37,216820.37,9300000.0,32899961.08,Australia,0.6036570888353864,0.02331401827956989,Low
T0019,C131,Pioneer Indemnity,Chile,A+,Financial Lines,Latin America,Sophie Laurent,Proportional,2024,2024-07-12,2025-07-11,3800000.0,530000.0,,730349.04,36891.36,693457.68,228413.76,730349.04,228413.76,9,185729.33,41038.14,226767.47,73930.5,760000.0,16695437.94,Europe Windstorm,0.31049191219584543,0.059675650000000004,Low
T0192,C131,Pioneer Indemnity,Chile,A+,Financial Lines,Latin America,Kenji Sato,Proportional,2024,2024-10-25,2025-10-24,26300000.0,1990000.0,,2309004.2399999998,219346.80000000002,2089657.4399999997,616135.92,2309004.2399999998,616135.9199999999,16,1370812.46,291888.83,1662701.29,388107.04,10520000.0,94143521.24,California,0.7200945157207681,0.06322058136882129,Low
T0414,C128,Lumen Insurance,USA,BBB,Casualty,North America,Omar Haddad,Proportional,2024,2024-12-15,2025-12-14,8100000.0,1140000.0,,746165.64,55971.12,690194.52,235090.56,746165.64,235090.56,10,267506.64,119987.6,387494.24,210864.86,4050000.0,40503622.15,Other,0.5193139689466268,0.0478387950617284,Low
T0487,C167,Evergreen Assurance,Canada,BBB+,Property,North America,Hannah Weber,Excess of Loss,2025,2025-02-27,2026-02-26,16900000.0,1800000.0,,1489081.32,85909.79999999999,1403171.52,98522.16,1489081.32,98522.16,6,1021453.03,311863.24,1333316.27,522225.6,16900000.0,50604836.04,California,0.89539520245946,0.07889445384615384,Low
T0281,C125,Granite Indemnity,Germany,BBB,Property,Europe,Carlos Ibarra,Excess of Loss,2022,2022-02-06,2023-02-05,14900000.004000003,1209999.9996000002,,1240777.9584,89171.15040000001,1151606.808,63392.15520000001,1240777.9584,63392.15520000001,10,483341.19120000006,16159.165200000003,499500.35640000005,30010.6944,14900000.004000003,59234076.88920001,Other,0.40257030117146225,0.03352351384334939,Low
T0329,C162,Harbor Mutual,Canada,BBB+,Property,North America,Priya Nair,Proportional,2024,2024-09-20,2025-09-19,12800000.0,2020000.0,,1015041.8400000001,92104.79999999999,922937.04,316213.68,1015041.8400000001,316213.68,10,592785.85,113443.86,706229.71,135658.09,1920000.0,76668309.02,US Gulf Coast,0.6957641371709367,0.055174196093749996,Low
T0001,C109,Crown General,USA,A,Property,North America,Kenji Sato,Excess of Loss,2024,2024-05-15,2025-05-14,31700000.0,2870000.0,,2875045.8,207034.32,2668011.48,297214.32,2875045.8,297214.32,6,5309722.82,569987.61,5879710.43,708138.77,31700000.0,111583636.14,California,2.0450840922255917,0.1854798242902208,Low
T0061,C141,Granite Insurance,Singapore,A+,Casualty,Asia Pacific,Sophie Laurent,Excess of Loss,2022,2022-04-16,2023-04-15,6200000.0,1090000.0,,949776.8400000001,98970.12,850806.7200000001,100510.79999999999,949776.8400000001,100510.79999999999,17,912128.14,82746.05,994874.19,210567.58000000002,6200000.0,21691221.28,US Gulf Coast,1.0474820485199448,0.16046357903225805,Low
T0661,C125,Granite Indemnity,Germany,BBB,Casualty,Europe,Omar Haddad,Excess of Loss,2025,2025-10-06,2026-10-05,17700000.0012,1130000.0040000002,,1593647.3952,188348.0688,1405299.3264,184756.59360000002,1567086.6095999999,181677.3175408313,5,443704.7052,391973.0508,835677.756,628088.0616,17700000.0012,40194530.4564,US Gulf Coast,0.533268391728079,0.04721343253917197,Low
T0601,C146,Cobalt Assurance,France,A,Casualty,Europe,Priya Nair,Proportional,2025,2025-09-23,2026-09-22,26900000.002800003,3110000.0004000003,,4966603.2576,548531.0928,4418072.1648,1360808.9424,4966603.2576,1360808.9424,12,2009529.7344000002,945463.0608000001,2954992.7952,1288697.4936000002,5379999.998400001,115450475.36400001,US Gulf Coast,0.5949725882932583,0.1098510332673761,Low
T0523,C132,Pioneer Insurance,Germany,A,Property,Europe,Hannah Weber,Excess of Loss,2025,2025-10-10,2026-10-09,10400000.000400001,1579999.9968,,1445617.6272,137336.8608,1308280.7664,164353.53600000002,1405461.5856,159788.16040928717,13,197943.4692,522643.2012,720586.6704000001,584375.04,10400000.000400001,31456776.1788,Japan,0.51270463581712,0.06928717984348895,Low
T0098,C125,Granite Indemnity,Germany,BBB,Property,Europe,James Whitfield,Proportional,2022,2022-03-29,2023-03-28,15899999.997600002,2330000.0028000004,,2230847.0496000005,246959.40959999998,1983887.6400000006,661034.6496,2230847.0496000005,661034.6496,15,1194621.0912000001,0.0,1194621.0912000001,0.0,7949999.998800001,37256570.9892,Other,0.5355011189199189,0.07513340197360505,Low
T0496,C136,Crown Insurance,China,A,Specialty,Asia Pacific,James Whitfield,Proportional,2025,2025-04-05,2026-04-04,12500000.0,1450000.0,,1462713.96,166992.48,1295721.48,390062.88,1462713.96,390062.88,7,198562.52000000002,189394.41999999998,387956.94,278541.39,1250000.0,66960623.5,Japan,0.2652308999635171,0.0310365552,Low
T0430,C144,Northwind Insurance,Canada,A,Property,North America,Omar Haddad,Excess of Loss,2023,2023-04-15,2024-04-14,15500000.0,2200000.0,,2753749.44,254828.40000000002,2498921.04,261372.72000000003,2753749.44,261372.72000000003,7,748719.1,54846.96,803566.06,57852.1,15500000.0,88778733.22,US Gulf Coast,0.29180797945073755,0.05184297161290323,Low
T0340,C161,Orion Insurance,Singapore,A+,Property,Asia Pacific,Omar Haddad,Excess of Loss,2021,2021-08-03,2022-08-02,9600000.0,1080000.0,,1248061.68,136711.8,1111349.88,69809.4,1248061.68,69809.4,8,861987.44,29529.99,891517.4299999999,38224.850000000006,9600000.0,21647141.21,California,0.7143216110921697,0.09286639895833333,Low
T0685,C130,Cobalt Mutual,Italy,A+,Casualty,Europe,Hannah Weber,Proportional,2025,2025-01-28,2026-01-27,29300000.0004,2210000.004,,2425009.1040000003,217556.53920000003,2207452.5648000003,688590.2016,2425009.1040000003,688590.2016000001,8,1590013.5948,99204.67440000002,1689218.2692000002,140600.6424,4394999.9952,144447967.25640002,California,0.6965822381506408,0.057652500654503044,Low
T0693,C105,Atlas Indemnity,Canada,A-,Specialty,North America,Aarav Mehta,Proportional,2021,2021-03-07,2022-03-06,5500000.0,420000.0,,511442.28,30491.04,480951.24000000005,149913.84,511442.28,149913.84,6,169914.13,0.0,169914.13,0.0,1100000.0,21598006.98,Australia,0.33222542727597726,0.030893478181818184,Low
T0270,C113,Sterling Mutual,UK,A-,Casualty,Europe,Omar Haddad,Proportional,2025,2025-04-26,2026-04-25,10900000.0059,889999.998,,834735.6432,49250.346,785485.2972,240357.96480000002,834735.6432,240357.96480000002,9,418959.62690000003,229994.7521,648954.379,351242.5538,5449999.9966,23969677.7654,Australia,0.777437005699435,0.05953709895859918,Low
T0097,C153,Vantage Assurance,Germany,A+,Professional,Europe,Hannah Weber,Excess of Loss,2025,2025-01-26,2026-01-25,3700000.0044000004,399999.99960000004,,512843.27040000004,52630.3008,460212.96960000007,42424.4304,512843.27040000004,42424.4304,13,151496.40600000002,167210.8812,318707.2872,239586.9516,3700000.0044000004,10735280.1576,Europe Windstorm,0.6214516317069333,0.08613710454621533,Low
T0684,C154,Orion Assurance,Mexico,A-,Casualty,North America,Kenji Sato,Facultative,2025,2025-04-17,2026-04-16,21100000.0,1760000.0,,1392595.05,121393.03,1271202.02,217653.15000000002,1392595.05,217653.15000000002,13,875851.79,302157.77,1178009.56,400094.62,21100000.0,63090111.6,Europe Windstorm,0.8459096274972397,0.05582983696682465,Low
T0056,C164,Vantage General,USA,A+,Casualty,North America,Hannah Weber,Excess of Loss,2024,2024-09-19,2025-09-18,6700000.0,990000.0,,753202.08,38702.28,714499.7999999999,72852.95999999999,753202.08,72852.95999999999,8,482387.0,130269.86,612656.86,179265.9,6700000.0,33162345.34,Australia,0.813403037867341,0.0914413223880597,Low
T0351,C117,Vantage Mutual,India,BBB,Property,Asia Pacific,Omar Haddad,Proportional,2023,2023-03-15,2024-03-14,13800000.0,909999.99996,,2262512.088,137780.79551999999,2124731.29248,592038.8352,2262512.088,592038.8352,7,1172593.79676,73872.96888,1246466.76564,87394.53444,5520000.0,62528718.77292,Florida,0.5509215938562535,0.09032367866956523,Low
T0501,C150,Cobalt General,Canada,A,Financial Lines,North America,James Whitfield,Proportional,2025,2025-11-27,2026-11-26,12700000.0,940000.0,,836866.0299999999,42560.65,794305.3799999999,205953.22,768395.1699999999,189102.50126169826,9,32149.59,128616.92,160766.50999999998,160766.50999999998,1905000.0,57462632.14,Australia,0.20922373835327465,0.012658780314960628,Low
T0260,C101,Granite General,China,A,Casualty,Asia Pacific,Carlos Ibarra,Proportional,2022,2022-08-17,2023-08-16,26700000.0,3510000.0,,2584452.84,169972.56,2414480.28,608495.16,2584452.84,608495.16,8,1828306.97,74620.03,1902927.0,147828.36,8010000.0,117899864.21,US Gulf Coast,0.7362978231013108,0.07127067415730337,Low
T0476,C130,Cobalt Mutual,Italy,A+,Casualty,Europe,Hannah Weber,Excess of Loss,2021,2021-09-15,2022-09-14,8899999.999200001,799999.9992000001,,815495.04,75650.5008,739844.5392,81844.73280000001,815495.04,81844.73280000001,6,266041.5732,14082.854400000002,280124.4276,17721.536400000005,8899999.999200001,47839131.66240001,Japan,0.343502307015871,0.03147465478934603,Low
T0011,C132,Pioneer Insurance,Germany,A,Casualty,Europe,Carlos Ibarra,Excess of Loss,2022,2022-02-04,2023-02-03,20400000.0012,2700000.0,,1881415.512,150888.09600000002,1730527.4160000002,197774.9136,1881415.512,197774.9136,10,1592613.1224,40802.9076,1633416.03,98813.1636,20400000.0012,47072938.3632,US Gulf Coast,0.8681846299139049,0.08006941323058414,Low
T0443,C161,Orion Insurance,Singapore,A+,Property,Asia Pacific,Sophie Laurent,Excess of Loss,2024,2024-04-27,2025-04-26,19000000.0,3780000.0,,2098213.68,173207.52,1925006.1600000001,251128.56,2098213.68,251128.56,12,1735972.98,0.0,1735972.98,0.0,19000000.0,106507391.17,Other,0.8273575739912247,0.09136699894736842,Low
T0305,C165,Harbor Indemnity,USA,A,Casualty,North America,Aarav Mehta,Proportional,2024,2024-04-22,2025-04-21,27700000.0,2730000.0,,2335167.2399999998,213376.91999999998,2121790.32,708938.3999999999,2335167.2399999998,708938.3999999999,8,2593990.57,730755.22,3324745.79,862063.9700000001,6925000.0,64722436.94,US Gulf Coast,1.4237720249963768,0.1200269238267148,Low
T0216,C138,Northwind Assurance,Canada,BBB,Specialty,North America,Hannah Weber,Facultative,2023,2023-10-28,2024-10-27,4400000.0,710000.0,,742504.2,41516.159999999996,700988.0399999999,133431.59999999998,742504.2,133431.6,7,387777.27999999997,57902.24,445679.52,91578.29000000001,4400000.0,20470642.26,US Gulf Coast,0.6002383824899576,0.1012908,Low
T0314,C123,Orion General,Canada,A+,Casualty,North America,Omar Haddad,Proportional,2021,2021-02-05,2022-02-04,4900000.0,790000.0,,722575.6799999999,45742.08,676833.6,217222.91999999998,722575.6799999999,217222.91999999998,12,470648.96,72859.58,543508.54,139599.24,2450000.0,27481102.75,California,0.7521821658874542,0.11092011020408164,Low
T0299,C103,Northwind Mutual,India,A-,Specialty,Asia Pacific,Priya Nair,Excess of Loss,2024,2024-03-03,2025-03-02,8199999.999960001,800000.0000400001,,1414970.85312,149636.93904000003,1265333.91408,89902.96848000001,1414970.85312,89902.96848000001,12,1415590.45728,178275.45636,1593865.9136400002,458832.90696000005,8199999.999960001,38277256.2426,Australia,1.1264302088806548,0.19437389190826523,Low
T0372,C148,Meridian Assurance,Spain,A,Specialty,Europe,Kenji Sato,Excess of Loss,2025,2025-03-07,2026-03-06,52400000.001600005,10020000.0024,,7542036.489600001,807323.3711999999,6734713.118400001,581623.0272000001,7542036.489600001,581623.0272000001,5,5697372.5568,975306.2472,6672678.8040000005,1263841.0236,52400000.001600005,201895696.61640003,Other,0.8847317051835017,0.12734119854573003,Low
T0027,C105,Atlas Indemnity,Canada,A-,Property,North America,Omar Haddad,Excess of Loss,2021,2021-02-18,2022-02-17,5400000.0,710000.0,,668835.0,75437.76,593397.24,68647.44,668835.0,68647.43999999999,6,353153.38,152363.04,505516.42,172243.59,5400000.0,24779250.8,Florida,0.7558163373627277,0.09361415185185185,Low
T0531,C130,Cobalt Mutual,Italy,A+,Professional,Europe,James Whitfield,Proportional,2023,2023-05-01,2024-04-30,2600000.0028000004,479999.99520000006,,323943.49439999997,23561.4096,300382.08479999995,78233.04000000001,323943.49439999997,78233.04,8,193862.03040000002,2808.27,196670.3004,5132.8404,259999.99920000002,6343009.884000001,Other,0.6071129805037999,0.07564242314930815,Low
T0185,C153,Vantage Assurance,Germany,A+,Property,Europe,Sophie Laurent,Excess of Loss,2024,2024-04-19,2025-04-18,62199999.997200005,11800000.0044,,4740902.3952,426609.76320000004,4314292.632,312821.4816,4740902.3952,312821.4816,6,2867392.4292,353353.86000000004,3220746.2892000005,546369.9912,62199999.997200005,191316589.902,Other,0.6793530051284952,0.051780486966961185,Low
T0238,C105,Atlas Indemnity,Canada,A-,Casualty,North America,Kenji Sato,Proportional,2023,2023-01-29,2024-01-28,5700000.0,830000.0,,418000.92000000004,41672.520000000004,376328.4,97819.68000000001,418000.92000000004,97819.68000000002,13,171535.89,2416.19,173952.08000000002,8053.960000000001,2850000.0,16106445.44,Japan,0.4161523855019266,0.03051790877192983,Low
T0377,C101,Granite General,China,A,Casualty,Asia Pacific,Aarav Mehta,Excess of Loss,2023,2023-07-31,2024-07-30,4200000.0,470000.0,,747926.04,61746.600000000006,686179.4400000001,67875.6,747926.04,67875.6,8,432886.97,0.0,432886.97,0.0,4200000.0,22760873.16,Florida,0.5787831240639782,0.10306832619047618,Low
T0089,C136,Crown Insurance,China,A,Financial Lines,Asia Pacific,Hannah Weber,Proportional,2026,2026-01-10,2027-01-09,5900000.0,770000.0,,797242.0499999999,51127.74,746114.3099999999,190949.4,767714.57,183877.20079837483,7,133385.27,236908.63,370293.9,314218.55,885000.0,28038400.44,US Gulf Coast,0.4823327763598391,0.0627616779661017,Low
T0490,C135,Sterling Indemnity,Spain,BBB+,Specialty,Europe,Aarav Mehta,Excess of Loss,2025,2025-12-14,2026-12-13,8499999.9996,1630000.0008,,791982.792,65769.408,726213.3840000001,57792.96000000001,755023.5936,55095.95509491961,6,172043.37360000002,326363.1156,498406.48920000007,498406.48920000007,8499999.9996,33876069.5772,US Gulf Coast,0.6601204166661423,0.058636057555700526,Low
T0493,C114,Evergreen Indemnity,Canada,A,Financial Lines,North America,Aarav Mehta,Proportional,2022,2022-02-22,2023-02-21,18600000.0,2610000.0,,2992825.2,315814.56,2677010.64,845778.6000000001,2992825.2,845778.6000000001,7,590396.67,21802.94,612199.61,72676.45999999999,1860000.0,40246037.98,Europe Windstorm,0.20455575220363686,0.03291395752688172,Low
T0695,C137,Meridian Indemnity,Germany,BBB,Property,Europe,Carlos Ibarra,Proportional,2025,2025-01-05,2026-01-04,9900000.003600001,600000.0048000001,,1436244.0480000002,80893.85760000002,1355350.1904000002,371616.8544,1436244.0480000002,371616.8544,8,1185581.9016,677350.1555999999,1862932.0572000002,778151.7396,4949999.9964000005,58730522.5584,Other,1.2970860069318804,0.1881749552043,Low
T0386,C135,Sterling Indemnity,Spain,BBB+,Property,Europe,Carlos Ibarra,Proportional,2023,2023-12-25,2024-12-24,20599999.9956,3449999.9952000002,,2349092.664,185911.7184,2163180.9455999997,528916.9104,2349092.664,528916.9104,10,1485510.4188,0.0,1485510.4188,0.0,4119999.9948000005,99854932.06440002,Japan,0.6323762538470897,0.07211215626782978,Low
T0269,C114,Evergreen Indemnity,Canada,A,Property,North America,Kenji Sato,Proportional,2025,2025-04-12,2026-04-11,15400000.0,1240000.0,,1211766.1199999999,67623.24,1144142.88,302617.92,1211766.1199999999,302617.92,10,651755.68,247306.37,899062.05,397610.11,3080000.0,40785518.78,Other,0.7419435443532619,0.0583806525974026,Low
T0039,C101,Granite General,China,A,Specialty,Asia Pacific,Kenji Sato,Excess of Loss,2022,2022-11-05,2023-11-04,14400000.0,1940000.0,,1447081.08,149178.96,1297902.12,145871.40000000002,1447081.08,145871.40000000002,9,679322.1799999999,0.0,679322.1799999999,0.0,14400000.0,63345890.81,Florida,0.46944306672850694,0.047175151388888885,Low
T0153,C128,Lumen Insurance,USA,BBB,Casualty,North America,Carlos Ibarra,Proportional,2023,2023-04-23,2024-04-22,21100000.0,2130000.0,,1861268.52,105313.32,1755955.2,421978.55999999994,1861268.52,421978.55999999994,8,788295.39,5972.01,794267.4,19906.690000000002,3165000.0,93339687.65,Japan,0.4267344509754025,0.037643004739336496,Low
T0080,C122,Pioneer General,Germany,A-,Property,Europe,Priya Nair,Facultative,2025,2025-02-24,2026-02-23,23800000.003200002,4320000.0,,1742754.0096,132819.6528,1609934.3568,277760.92319999996,1742754.0096,277760.92319999996,5,822075.534,84474.8244,906550.3584,165613.22639999999,23800000.003200002,79102152.4824,Japan,0.520182626696738,0.038090351188155916,Low
T0242,C166,Harbor General,Canada,A,Specialty,North America,Hannah Weber,Proportional,2024,2024-01-27,2025-01-26,15600000.0,1800000.0,,2628890.04,261673.56,2367216.48,600847.92,2628890.04,600847.92,9,2456420.92,0.0,2456420.92,0.0,2340000.0,40756039.56,Japan,0.93439469990156,0.1574628794871795,Low
T0250,C108,Pioneer Assurance,Spain,BBB+,Specialty,Europe,James Whitfield,Proportional,2022,2022-07-16,2023-07-15,8000000.002800001,1419999.9948000002,,1135044.7056000002,83946.5856,1051098.12,320086.2096,1135044.7056000002,320086.20960000006,9,299593.1772,0.0,299593.1772,0.0,1999999.9980000001,19902956.8608,Europe Windstorm,0.2639483499829471,0.03744914713689279,Low
T0636,C153,Vantage Assurance,Germany,A+,Casualty,Europe,Omar Haddad,Proportional,2022,2022-04-19,2023-04-18,10300000.0032,1790000.0028000001,,985012.2288,84610.13760000002,900402.0912,274184.61120000004,985012.2288,274184.61120000004,12,348666.0336,68369.3028,417035.33640000003,97482.4524,1545000.0048000002,61665944.360400006,US Gulf Coast,0.42338087204060104,0.04048886759907142,Low
T0644,C165,Harbor Indemnity,USA,A,Casualty,North America,James Whitfield,Facultative,2024,2024-09-30,2025-09-29,12500000.0,920000.0,,898236.72,49508.88,848727.84,177126.36000000002,898236.72,177126.36000000004,10,457735.75,81788.11,539523.86,114562.67,12500000.0,39707989.22,Other,0.6006477446168088,0.043161908799999996,Low
T0346,C153,Vantage Assurance,Germany,A+,Casualty,Europe,Kenji Sato,Proportional,2026,2026-01-18,2027-01-17,13899999.9996,2730000.0024,,1104087.8016000001,69256.1664,1034831.6352000001,323477.712,1030481.9460000001,301912.5305671592,11,419190.29280000005,363070.92240000004,782261.2152,463419.4464,4169999.9988,32551434.7164,California,0.7591217082807581,0.05627778526780655,Low
T0528,C115,Cobalt Indemnity,Mexico,A,Specialty,North America,James Whitfield,Facultative,2022,2022-02-08,2023-02-07,3700000.0,500000.0,,341171.16000000003,17416.199999999997,323754.96,59532.479999999996,341171.16000000003,59532.479999999996,5,176591.62,0.0,176591.62,0.0,3700000.0,8906935.23,US Gulf Coast,0.5176041843630628,0.047727464864864864,Low
T0175,C167,Evergreen Assurance,Canada,BBB+,Casualty,North America,Sophie Laurent,Excess of Loss,2021,2021-02-10,2022-02-09,12200000.0,1520000.0,,1253821.92,122637.59999999999,1131184.3199999998,134612.28,1253821.92,134612.28,12,963924.01,0.0,963924.01,0.0,12200000.0,34916441.45,US Gulf Coast,0.7687886091511306,0.07901016475409836,Low
T0598,C131,Pioneer Indemnity,Chile,A+,Casualty,Latin America,Carlos Ibarra,Facultative,2024,2024-03-04,2025-03-03,16100000.0,1900000.0,,1216119.24,62832.479999999996,1153286.76,243036.48,1216119.24,243036.48,10,607255.4299999999,114638.72,721894.15,123966.93,16100000.0,39446946.44,Other,0.5936047438900811,0.044838145962732924,Low
T0525,C128,Lumen Insurance,USA,BBB,Professional,North America,Sophie Laurent,Proportional,2023,2023-01-25,2024-01-24,63800000.0,10450000.0,,5857120.800000001,446524.80000000005,5410596.000000001,1584334.92,5857120.800000001,1584334.92,12,2307142.08,79317.01000000001,2386459.09,254747.71000000002,12760000.0,136738104.15,Other,0.4074457692591895,0.03740531489028213,Low
T0025,C127,Cobalt Insurance,South Africa,BBB+,Financial Lines,Middle East & Africa,Priya Nair,Proportional,2023,2023-09-16,2024-09-15,14000000.0,2210000.0,,1075258.2000000002,128936.40000000001,946321.8000000002,256728.0,1075258.2000000002,256728.0,10,623171.14,1312.67,624483.81,4375.58,4200000.0,51763715.41,Japan,0.5807756778790434,0.044605986428571436,Low
T0162,C141,Granite Insurance,Singapore,A+,Casualty,Asia Pacific,James Whitfield,Excess of Loss,2025,2025-07-28,2026-07-27,19900000.0,1200000.0,,1771607.16,97154.4,1674452.76,158987.88,1771607.16,158987.88,13,812459.54,412778.83,1225238.3699999999,599310.7999999999,19900000.0,88671559.15,Other,0.6915970976319603,0.06156976733668341,Low
T0094,C146,Cobalt Assurance,France,A,Specialty,Europe,Carlos Ibarra,Excess of Loss,2026,2026-06-03,2027-06-02,8300000.005200001,680000.0004,,225861.00480000002,13366.6416,212494.36320000002,18561.1824,220214.48400000003,18097.153195016166,3,30369.006,49444.084800000004,79813.0908,73632.7908,8300000.005200001,49770883.4688,Florida,0.3624334301280564,0.009616035030120073,Low
T0183,C131,Pioneer Indemnity,Chile,A+,Professional,Latin America,James Whitfield,Proportional,2025,2025-03-02,2026-03-01,16000000.0,3080000.0,,1206531.1199999999,95055.6,1111475.5199999998,276142.92,1206531.1199999999,276142.92,6,1226960.41,72665.53,1299625.94,79822.79000000001,6400000.0,75809792.16,Other,1.077159070708429,0.08122662124999999,Low
T0699,C167,Evergreen Assurance,Canada,BBB+,Property,North America,Kenji Sato,Excess of Loss,2023,2023-10-13,2024-10-12,27700000.0,3070000.0,,3890822.88,266428.19999999995,3624394.6799999997,363578.4,3890822.88,363578.4,9,4721516.49,52194.91,4773711.399999999,173983.03,27700000.0,160501367.93,Other,1.2269156287062852,0.1723361516245487,Low
T0120,C135,Sterling Indemnity,Spain,BBB+,Specialty,Europe,Priya Nair,Excess of Loss,2026,2026-08-14,2027-08-13,19500000.0048,3670000.0020000003,,279090.1656,23595.7968,255494.3688,23363.0352,213969.1248,17911.660139183325,4,49208.785200000006,88379.1864,137587.97160000002,137587.97160000002,19500000.0048,86675795.70120001,Florida,0.6430272205328945,0.0070557934136478056,Low
T0691,C101,Granite General,China,A,Professional,Asia Pacific,Carlos Ibarra,Excess of Loss,2026,2026-07-10,2027-07-09,18500000.0,1790000.0,,332766.42,35097.899999999994,297668.52,38740.38,295792.37,34435.89294526953,1,33389.3,113066.1,146455.40000000002,146455.40000000002,18500000.0,65883827.58,Florida,0.49512906637855475,0.00791650810810811,Low
T0263,C159,Orion Mutual,Spain,A-,Property,Europe,Sophie Laurent,Excess of Loss,2025,2025-12-30,2026-12-29,3899999.9988,629999.9964,,416294.532,22962.744,393331.788,28294.38,374665.0788,25464.942000000003,4,23637.8952,157415.7024,181053.5976,181053.5976,3899999.9988,20497660.210800003,Other,0.4832411875157659,0.04642399939889969,Low
T0267,C167,Evergreen Assurance,Canada,BBB+,Specialty,North America,Sophie Laurent,Excess of Loss,2022,2022-02-28,2023-02-27,32100000.0,4700000.0,,2915673.48,167497.32,2748176.16,283026.72000000003,2915673.48,283026.72000000003,7,1209070.0,37912.46,1246982.46,61998.55,32100000.0,188702830.84,Other,0.4276824783548808,0.03884680560747664,Low
T0059,C161,Orion Insurance,Singapore,A+,Specialty,Asia Pacific,Kenji Sato,Excess of Loss,2023,2023-01-09,2024-01-08,21900000.0,2190000.0,,2776799.7600000002,316241.52,2460558.24,261724.91999999998,2776799.7600000002,261724.91999999998,10,1412002.06,0.0,1412002.06,0.0,21900000.0,101994833.4,Japan,0.5084997774560452,0.0644749799086758,Low
T0614,C102,Summit Indemnity,Australia,A+,Property,Asia Pacific,Sophie Laurent,Excess of Loss,2022,2022-08-03,2023-08-02,1800000.0,350000.0,,287008.08,14941.199999999999,272066.88,33848.64,287008.08,33848.64,7,113783.04000000001,33385.42,147168.46,37384.24,1800000.0,6855086.55,Europe Windstorm,0.5127676544855462,0.08176025555555555,Low
T0169,C108,Pioneer Assurance,Spain,BBB+,Property,Europe,Omar Haddad,Facultative,2024,2024-07-14,2025-07-13,3999999.9960000003,740000.0052,,660837.3984000001,36216.2016,624621.1968,124413.27840000001,660837.3984000001,124413.27840000001,13,339607.8252,102037.428,441645.25320000004,122624.2908,3999999.9960000003,10537398.3672,Florida,0.6683115305963289,0.11041131341041131,Low
T0082,C123,Orion General,Canada,A+,Property,North America,Aarav Mehta,Excess of Loss,2025,2025-01-25,2026-01-24,21600000.0,3080000.0,,1927280.52,101773.20000000001,1825507.32,147189.12,1927280.52,147189.12,7,1323209.51,187322.98,1510532.49,400603.37,21600000.0,81210839.57,Other,0.7837636889517257,0.06993205972222222,Low
T0462,C113,Sterling Mutual,UK,A-,Property,Europe,Hannah Weber,Excess of Loss,2024,2024-08-12,2025-08-11,54900000.004200004,7899999.9988,,4316732.1336,252242.7264,4064489.4072000002,218899.8924,4316732.1336,218899.8924,10,2276664.5983,170438.3688,2447102.9671,173934.61530000003,54900000.004200004,248889814.29709998,Other,0.5668878427856499,0.0445738245339306,Low
T0627,C141,Granite Insurance,Singapore,A+,Casualty,Asia Pacific,Kenji Sato,Proportional,2024,2024-12-16,2025-12-15,10200000.0,770000.0,,1154818.08,90934.44,1063883.6400000001,310887.24,1154818.08,310887.24,7,367492.58999999997,429490.86,796983.45,529596.14,3060000.0,26458926.94,US Gulf Coast,0.6901376622021712,0.07813563235294117,Low
T0227,C110,Meridian Mutual,Canada,BBB+,Specialty,North America,Aarav Mehta,Proportional,2026,2026-01-31,2027-01-30,5000000.0,290000.0,,701491.9500000001,53564.31,647927.6400000001,204931.71,623548.4,182161.52,4,132093.18,138595.53,270688.70999999996,182589.56,1000000.0,20699722.8,US Gulf Coast,0.43411018294650416,0.054137741999999996,Low
T0634,C110,Meridian Mutual,Canada,BBB+,Financial Lines,North America,James Whitfield,Excess of Loss,2024,2024-10-17,2025-10-16,8700000.0,1670000.0,,1037709.48,77757.72,959951.76,66077.4,1037709.48,66077.4,2,135301.65,368627.61,503929.26,489629.01,8700000.0,40711462.59,California,0.48561689925006757,0.057922903448275866,Low
T0335,C168,Sterling Assurance,Chile,A,Specialty,Unassigned,Sophie Laurent,Proportional,2024,2024-01-08,2025-01-07,12100000.0,1360000.0,unassigned_region,1181500.44,86133.72,1095366.72,265239.96,1181500.44,265239.95999999996,8,1125504.97,0.0,1125504.97,0.0,3630000.0,32008235.51,Florida,0.9526064755422351,0.09301693966942148,Low
T0562,C118,Meridian Insurance,Japan,A,Property,Asia Pacific,Priya Nair,Proportional,2023,2023-10-07,2024-10-06,9100000.0,850000.0,,859228.56,92285.04000000001,766943.52,230450.27999999997,859228.56,230450.27999999997,4,402556.25,63439.81,465996.06,98674.69,2730000.0,25730596.57,Florida,0.5423423774461128,0.05120835824175824,Low
T0222,C132,Pioneer Insurance,Germany,A,Property,Europe,Priya Nair,Facultative,2025,2025-01-24,2026-01-23,13000000.0032,1309999.9968,,1053870.5232000002,97764.53760000001,956105.9856000001,203876.09279999998,1053870.5232000002,203876.09279999998,9,563830.5780000001,138779.8272,702610.4052,176323.4892,13000000.0032,39165305.1876,US Gulf Coast,0.6666951866786969,0.054046954232849984,Low
T0489,C132,Pioneer Insurance,Germany,A,Casualty,Europe,Omar Haddad,Excess of Loss,2022,2022-09-29,2023-09-28,43400000.0052,6319999.998,,3302583.7104,333209.376,2969374.3344,230799.84480000005,3302583.7104,230799.84480000008,13,1417147.002,71107.9344,1488254.9364000002,85877.2044,43400000.0052,143213618.0088,Other,0.4506335242051281,0.034291588392204704,Low
T0624,C161,Orion Insurance,Singapore,A+,Property,Asia Pacific,Kenji Sato,Proportional,2023,2023-05-05,2024-05-04,5900000.0,320000.0,,434388.0,43076.76,391311.24,119861.63999999998,434388.0,119861.63999999998,10,283924.92,13305.46,297230.38,24630.21,590000.0,33694259.56,Australia,0.6842509001169461,0.05037803050847458,Low
T0510,C170,Meridian General,USA,A+,Casualty,North America,Priya Nair,Proportional,2022,2022-06-08,2023-06-07,5800000.0,930000.0,,1120197.3599999999,64290.72,1055906.64,259257.96000000002,1120197.3599999999,259257.96000000002,6,518254.7,317125.49,835380.19,430052.95999999996,580000.0,15079454.36,Japan,0.7457437589390499,0.1440310672413793,Low
T0500,C143,Northwind Indemnity,USA,A,Financial Lines,Unassigned,Kenji Sato,Proportional,2024,2024-11-11,2025-11-10,34800000.0,4170000.0,unassigned_region,3953983.68,438081.48,3515902.2,967465.7999999999,3953983.68,967465.7999999999,12,1505950.17,476181.25,1982131.42,1207299.26,17400000.0,120072620.77,Australia,0.5012998485618433,0.05695779942528736,Low
T0273,C137,Meridian Indemnity,Germany,BBB,Professional,Europe,Carlos Ibarra,Proportional,2023,2023-04-14,2024-04-13,7600000.0032,1159999.9956000003,,855514.872,51944.32800000001,803570.544,263784.72959999996,855514.872,263784.72959999996,10,343316.3076,70713.28080000001,414029.5884,112048.77960000001,1520000.0028,18796414.8132,US Gulf Coast,0.48395370080720235,0.05447757739811471,Low
T0539,C162,Harbor Mutual,Canada,BBB+,Specialty,North America,Sophie Laurent,Excess of Loss,2026,2026-06-23,2027-06-22,42800000.0,4480000.0,,1245469.36,93379.64,1152089.7200000002,110227.32,1006754.4000000001,89100.41705900176,3,114725.56,787971.93,902697.49,902697.49,42800000.0,158550206.31,Florida,0.8966412165668209,0.02109106285046729,Low
T0503,C141,Granite Insurance,Singapore,A+,Specialty,Asia Pacific,Kenji Sato,Proportional,2025,2025-12-10,2026-12-09,7300000.0,600000.0,,955482.0,68104.1,887377.9,255060.7,923632.6,246558.67666666667,11,151581.92,312375.29000000004,463957.21,337919.75,1095000.0,31942068.22,Other,0.502317923815162,0.06355578219178082,Low
T0646,C130,Cobalt Mutual,Italy,A+,Property,Europe,Omar Haddad,Facultative,2025,2025-06-02,2026-06-01,27000000.0,3319999.9956,,2010305.0448,122603.67360000001,1887701.3712,375043.7376,2010305.0448,375043.7376,14,654430.8816000001,635324.4180000001,1289755.2996000003,865081.7064000001,27000000.0,128526151.8312,California,0.6415719360284025,0.04776871480000001,Low
T0084,C161,Orion Insurance,Singapore,A+,Specialty,Asia Pacific,Carlos Ibarra,Proportional,2023,2023-01-30,2024-01-29,28100000.0,2680000.0,,2013952.44,227998.08000000002,1785954.3599999999,636148.6799999999,2013952.44,636148.68,7,1062571.47,178319.43,1240890.9,247244.69,4215000.0,113396157.79,US Gulf Coast,0.6161470724700927,0.04415981850533807,Low
T0093,C134,Summit General,Canada,A+,Financial Lines,North America,Kenji Sato,Excess of Loss,2023,2023-01-19,2024-01-18,11500000.0,2050000.0,,1061580.6,78914.88,982665.7200000001,100484.51999999999,1061580.6,100484.51999999999,10,483163.5,2442.7,485606.2,8142.33,11500000.0,27997702.62,US Gulf Coast,0.45743695768366527,0.04222662608695652,Low
T0302,C148,Meridian Assurance,Spain,A,Financial Lines,Europe,Priya Nair,Excess of Loss,2024,2024-04-06,2025-04-05,10199999.9952,1110000.0024,,820262.1168000002,96526.33920000002,723735.7776000001,95756.90400000001,820262.1168000002,95756.90400000001,9,229317.0156,39071.2248,268388.2404,42585.79320000001,10199999.9952,30691153.4976,US Gulf Coast,0.32719814179281376,0.02631257260061768,Low
T0020,C123,Orion General,Canada,A+,Professional,North America,Omar Haddad,Excess of Loss,2024,2024-09-16,2025-09-15,51700000.0,8650000.0,,3995701.05,442228.6,3553472.4499999997,469194.32999999996,3995701.05,469194.32999999996,2,1422984.84,1456602.98,2879587.82,1921734.39,51700000.0,234989033.46,California,0.720671487672983,0.05569802359767891,Low
T0047,C143,Northwind Indemnity,USA,A,Specialty,North America,Unassigned,Excess of Loss,2022,2022-01-30,2023-01-29,11000000.0,1220000.0,unassigned_underwriter,1074105.1199999999,110848.79999999999,963256.3199999998,81618.72,1074105.1199999999,81618.72,13,376133.45,0.0,376133.45,0.0,11000000.0,22231445.42,Florida,0.350183090087123,0.03419395,Low
T0186,C132,Pioneer Insurance,Germany,A,Specialty,Europe,Sophie Laurent,Proportional,2023,2023-01-22,2024-01-21,91499999.9976,10460000.0052,,9665040.398400001,624839.1840000001,9040201.2144,2984334.1920000003,9665040.398400001,2984334.1920000003,12,2926081.3788,438984.414,3365065.7928000004,500602.5396,18299999.995200004,358883393.3748,California,0.3481688284879875,0.03677667533211218,Low
T0228,C123,Orion General,Canada,A+,Property,North America,James Whitfield,Excess of Loss,2026,2026-07-08,2027-07-07,7300000.0,570000.0,,170615.19,15679.02,154936.17,18783.09,155449.40000000002,17113.482513755076,1,38918.62,84532.32,123450.94,123450.94,7300000.0,29349982.93,Japan,0.794155139871881,0.016911087671232877,Low
T0575,C101,Granite General,China,A,Property,Asia Pacific,James Whitfield,Excess of Loss,2025,2025-03-23,2026-03-22,3200000.0,420000.0,,370552.32,26861.879999999997,343690.44,38483.28,370552.32,38483.28,15,191867.91,57625.32,249493.23,102305.54,3200000.0,13429667.68,Japan,0.6733009524808804,0.07796663437500001,Low
T0334,C123,Orion General,Canada,A+,Property,North America,Hannah Weber,Facultative,2023,2023-03-28,2024-03-27,8600000.0,1150000.0,,1434987.1199999999,156351.84,1278635.2799999998,242609.64,1434987.1199999999,242609.64,10,958821.12,111701.81999999999,1070522.94,232140.62999999998,8600000.0,28202925.33,Other,0.7460157133675179,0.12447941162790697,Low
T0527,C130,Cobalt Mutual,Italy,A+,Financial Lines,Europe,Aarav Mehta,Facultative,2025,2025-08-30,2026-08-29,14600000.001600001,1469999.9988000002,,1657693.7711999998,141113.4048,1516580.3664,262573.3584,1657693.7711999998,262573.3584,4,413258.10120000003,355269.9528000001,768528.0540000001,392600.1636000001,14600000.001600001,83468285.41679999,Florida,0.46361280192521015,0.052638907802450535,Low
T0016,C131,Pioneer Indemnity,Chile,A+,Property,Latin America,Sophie Laurent,Proportional,2025,2025-01-16,2026-01-15,35100000.0,3290000.0,,4852389.08,441815.66,4410573.42,1507687.61,4852389.08,1507687.61,6,2853297.25,301650.81,3154948.06,302966.23,8775000.0,78153690.79,Japan,0.6501844777871769,0.08988456011396012,Low
T0232,C123,Orion General,Canada,A+,Property,North America,Carlos Ibarra,Excess of Loss,2021,2021-11-11,2022-11-10,7500000.0,550000.0,,694864.2,71783.28,623080.9199999999,39320.28,694864.2,39320.28,15,662254.62,133765.58000000002,796020.2,135030.77000000002,7500000.0,19476806.18,Japan,1.1455766464871842,0.10613602666666666,Low
T0400,C115,Cobalt Indemnity,Mexico,A,Property,North America,James Whitfield,Proportional,2025,2025-08-26,2026-08-25,55000000.0,6240000.0,,4498171.199999999,359244.0,4138927.1999999993,1327737.0,4498171.199999999,1327737.0,9,3565189.25,1417517.3900000001,4982706.64,2056405.9,11000000.0,273047559.66,Other,1.1077183189470423,0.09059466618181818,Low
T0429,C105,Atlas Indemnity,Canada,A-,Financial Lines,North America,Kenji Sato,Proportional,2026,2026-05-10,2027-05-09,10500000.0,1640000.0,,420000.89999999997,40160.2,379840.69999999995,110424.59999999999,392000.83999999997,103062.95999999999,4,66396.68,130223.36,196620.04,161176.76,2625000.0,33962611.88,US Gulf Coast,0.5015806598781779,0.018725718095238097,Low
T0315,C105,Atlas Indemnity,Canada,A-,Casualty,North America,Priya Nair,Proportional,2022,2022-10-01,2023-09-30,4200000.0,250000.0,,704079.72,83301.48,620778.24,194857.56,704079.72,194857.56,10,160755.68,49182.42,209938.1,51512.67,420000.0,10804869.41,California,0.29817376361869935,0.04998526190476191,Low
T0690,C151,Harbor Assurance,USA,A-,Specialty,North America,Unassigned,Proportional,2024,2024-06-21,2025-06-20,6000000.0,490000.0,unassigned_underwriter,695005.4400000001,61500.0,633505.4400000001,165249.48,695005.4400000001,165249.48,8,325575.6,44769.4,370345.0,45628.88,1500000.0,34205416.55,Australia,0.5328663326721587,0.06172416666666666,Low
T0279,C126,Summit Insurance,France,A+,Specialty,Europe,Carlos Ibarra,Facultative,2024,2024-10-14,2025-10-13,10599999.994800001,1650000.0024,,956404.7136000001,98568.44640000002,857836.2672000001,181354.7232,956404.7136000001,181354.7232,4,577366.7688,43005.5136,620372.2824,56282.2884,10599999.994800001,46626971.857200004,Other,0.648650381557467,0.058525687047578635,Low
T0316,C147,Evergreen General,USA,A+,Property,North America,Hannah Weber,Proportional,2021,2021-09-29,2022-09-28,13900000.0,1230000.0,,990839.4099999999,51813.96,939025.45,277752.52999999997,990839.4099999999,277752.52999999997,11,923586.8200000001,435638.25,1359225.07,549291.0,2780000.0,80434318.49,Japan,1.371791489399882,0.09778597625899281,Low
T0666,C113,Sterling Mutual,UK,A-,Specialty,Europe,Kenji Sato,Excess of Loss,2024,2024-01-07,2025-01-06,16199999.9977,2100000.0037000002,,2265779.7204,265553.03760000004,2000226.6828,158973.92640000003,2265779.7204,158973.92640000003,8,868667.0714,770689.8226000001,1639356.894,1098982.7271,16199999.9977,69087199.8619,Florida,0.723528805223214,0.10119487001436718,Low
T0040,C170,Meridian General,USA,A+,Casualty,North America,Aarav Mehta,Excess of Loss,2024,2024-12-09,2025-12-08,7400000.0,1130000.0,,856639.7999999999,51789.12,804850.6799999999,66518.52,856639.7999999999,66518.52,8,312973.23,26110.08,339083.31,38479.28,7400000.0,29616165.81,Europe Windstorm,0.3958295073378566,0.04582206891891892,Low
T0160,C136,Crown Insurance,China,A,Casualty,Asia Pacific,James Whitfield,Facultative,2024,2024-06-07,2025-06-06,12800000.0,1190000.0,,2236155.2399999998,231409.19999999998,2004746.0399999998,355627.68,2236155.2399999998,355627.68,5,1577461.37,31837.42,1609298.79,106124.73,12800000.0,31253786.16,Other,0.7196722129184556,0.12572646796875,Low
T0247,C113,Sterling Mutual,UK,A-,Unmapped,Europe,Hannah Weber,Facultative,2023,2023-01-14,2024-01-13,14499999.9941,2730000.0009999997,unmapped_lob,1592463.1091999998,102216.204,1490246.9052,261700.9752,1592463.1091999998,261700.9752,10,1179582.4135,109029.2841,1288611.6976,154830.8181,14499999.9941,44800584.0715,Florida,0.8091940655676196,0.08886977228443667,Low
T0239,C147,Evergreen General,USA,A+,Professional,North America,Kenji Sato,Proportional,2024,2024-05-31,2025-05-30,39300000.0,3090000.0,,3579750.12,336472.80000000005,3243277.3200000003,799576.56,3579750.12,799576.56,13,1014213.49,18289.04,1032502.53,23700.03,9825000.0,182249872.84,Florida,0.2884286599311574,0.02627232900763359,Low
T0138,C101,Granite General,China,A,Specialty,Asia Pacific,Omar Haddad,Excess of Loss,2025,2025-10-12,2026-10-11,20900000.0,2440000.0,,1953615.12,117748.32,1835866.8,103471.68,1888494.62,100022.62421185683,9,924843.7000000001,191733.68,1116577.3800000001,219023.25,20900000.0,92435698.85,US Gulf Coast,0.5912526136823202,0.05342475502392345,Low
T0026,C123,Orion General,Canada,A+,Casualty,North America,James Whitfield,Facultative,2022,2022-10-21,2023-10-20,26700000.0,3330000.0,,2361838.8,178499.52,2183339.28,400611.48,2361838.8,400611.48,10,928041.9700000001,55355.2,983397.17,146354.41,26700000.0,152675604.5,Florida,0.4163693009023309,0.03683135468164794,Low
T0563,C134,Summit General,Canada,A+,Financial Lines,North America,Hannah Weber,Excess of Loss,2025,2025-09-14,2026-09-13,20700000.0,2930000.0,,1984647.12,106020.24,1878626.8800000001,217792.80000000002,1984647.12,217792.80000000002,11,417172.95,1155719.8199999998,1572892.7699999998,1292682.97,20700000.0,113526807.41,Florida,0.792530195493897,0.07598515797101449,Low
T0660,C101,Granite General,China,A,Property,Asia Pacific,Hannah Weber,Excess of Loss,2025,2025-12-17,2026-12-16,20800000.0,1580000.0,,1440459.5,103058.3,1337401.2,166556.4,1358833.4600000002,157118.20380728788,5,41247.79,1092176.16,1133423.95,1133423.95,20800000.0,81895655.35,Florida,0.8341154257417239,0.0544915360576923,Low
T0341,C150,Cobalt General,Canada,A,Specialty,North America,Carlos Ibarra,Proportional,2025,2025-10-09,2026-10-08,9300000.0,1170000.0,,775028.88,43637.159999999996,731391.72,195084.12,755653.1599999999,190207.01750342414,12,125094.91,96330.17,221425.08,121112.52,4650000.0,26520949.16,US Gulf Coast,0.2930247522553866,0.023809148387096774,Low
T0062,C109,Crown General,USA,A,Casualty,North America,Priya Nair,Proportional,2026,2026-02-03,2027-02-02,6800000.0,480000.0,,429583.52,45257.36,384326.16000000003,134584.24,424213.73000000004,132901.93825316016,4,39771.92,213716.04,253487.96000000002,253487.96000000002,680000.0,20616612.66,Australia,0.5975477502814442,0.03727764117647059,Low
T0308,C154,Orion Assurance,Mexico,A-,Financial Lines,North America,Unassigned,Excess of Loss,2023,2023-06-03,2024-06-02,8800000.0,1270000.0,unassigned_underwriter,945611.28,75573.24,870038.04,95676.72,945611.28,95676.72,9,669969.46,0.0,669969.46,0.0,8800000.0,33366028.53,Japan,0.7085040906026416,0.07613289318181818,Low
T0393,C166,Harbor General,Canada,A,Property,North America,Hannah Weber,Proportional,2023,2023-08-11,2024-08-10,3500000.0,500000.0,,301034.76,16039.079999999998,284995.68,69965.04000000001,301034.76,69965.04000000001,10,289764.63,12228.150000000001,301992.77999999997,15020.24,1050000.0,14305186.8,California,1.003182423185947,0.08628365142857142,Low
T0572,C135,Sterling Indemnity,Spain,BBB+,Casualty,Europe,Sophie Laurent,Excess of Loss,2025,2025-04-08,2026-04-07,11100000.0024,860000.0040000001,,1190987.4528,67175.17920000001,1123812.2736,128193.19200000001,1190987.4528,128193.19200000001,7,613895.9868000001,113059.4652,726955.452,134849.07,11100000.0024,44417499.174,US Gulf Coast,0.6103804454790307,0.06549148214800185,Low
T0159,C124,Pioneer Mutual,Germany,A+,Property,Europe,Kenji Sato,Proportional,2021,2021-01-27,2022-01-26,8599999.9968,1059999.9984000002,,743447.1600000001,54067.17600000001,689379.9840000002,234102.18240000002,743447.1600000001,234102.18240000002,8,426991.2084,0.0,426991.2084,0.0,3440000.0052,50279846.904,US Gulf Coast,0.5743396859569683,0.04965014053010238,Low
T0012,C144,Northwind Insurance,Canada,A,Casualty,North America,Hannah Weber,Facultative,2024,2024-10-21,2025-10-20,14400000.0,2530000.0,,1513257.1199999999,128006.28,1385250.8399999999,287509.08,1513257.1199999999,287509.08,7,176352.63,638715.97,815068.5999999999,679286.7399999999,14400000.0,42955918.06,Other,0.5386187114057656,0.0566019861111111,Low
T0241,C102,Summit Indemnity,Australia,A+,Financial Lines,Asia Pacific,James Whitfield,Facultative,2023,2023-06-30,2024-06-29,15200000.0,2130000.0,,1327287.72,153085.68,1174202.04,203200.19999999998,1327287.72,203200.19999999998,10,828656.58,0.0,828656.58,0.0,15200000.0,75032466.95,Florida,0.6243232477130128,0.054516880263157895,Low
T0472,C109,Crown General,USA,A,Property,North America,James Whitfield,Proportional,2024,2024-01-02,2025-01-01,6700000.0,780000.0,,929831.64,58813.200000000004,871018.4400000001,293537.52,929831.64,293537.52,8,489837.82,0.0,489837.82,0.0,1005000.0,31618265.83,Florida,0.5268027016159613,0.07311012238805971,Low
T0018,C160,Orion Indemnity,Brazil,A,Casualty,Unassigned,Kenji Sato,Excess of Loss,2025,2025-07-16,2026-07-15,104100000.0,12990000.0,unassigned_region,7895433.48,452791.92000000004,7442641.5600000005,583009.5599999999,7895433.48,583009.5599999999,12,2103065.89,408311.73,2511377.62,588327.05,104100000.0,302091615.19,Florida,0.3180797642538051,0.02412466493756004,Low
T0208,C168,Sterling Assurance,Chile,A,Property,Latin America,Unassigned,Proportional,2024,2024-12-25,2025-12-24,13500000.0,2640000.0,unassigned_underwriter,2129207.52,115045.44,2014162.08,680722.3200000001,2129207.52,680722.3200000001,2,1754008.0999999999,198310.65,1952318.75,221877.34,3375000.0,45553373.37,California,0.9169227196792917,0.1446162037037037,Low
T0068,C152,Lumen Mutual,South Africa,A+,Property,Middle East & Africa,Sophie Laurent,Excess of Loss,2021,2021-05-03,2022-05-02,28600000.0,3360000.0,,3328958.16,258008.52,3070949.64,318740.4,3328958.16,318740.4,11,1379267.2,129432.2,1508699.4,152323.49,28600000.0,94077039.91,Florida,0.45320467470218967,0.05275172727272727,Low
T0541,C167,Evergreen Assurance,Canada,BBB+,Specialty,North America,Kenji Sato,Proportional,2021,2021-05-12,2022-05-11,26700000.0,4400000.0,,2354467.8,169945.2,2184522.5999999996,746087.04,2354467.8,746087.04,9,1358145.1099999999,605272.36,1963417.47,956230.78,10680000.0,149000548.62,US Gulf Coast,0.8339113705441205,0.07353623483146067,Low
T0522,C105,Atlas Indemnity,Canada,A-,Property,North America,Aarav Mehta,Excess of Loss,2021,2021-08-06,2022-08-05,3100000.0,280000.0,,313684.80000000005,35665.44,278019.36000000004,16053.72,313684.80000000005,16053.720000000001,11,188622.82,117502.03,306124.85,142535.66999999998,3100000.0,8437200.4,US Gulf Coast,0.9758995335445005,0.09874995161290322,Low
T0210,C170,Meridian General,USA,A+,Property,North America,Hannah Weber,Excess of Loss,2022,2022-02-13,2023-02-12,7300000.0,1020000.0,,657145.6799999999,42408.600000000006,614737.08,64932.36,657145.6799999999,64932.359999999986,11,457849.34,124925.93000000001,582775.27,205133.65000000002,7300000.0,26763866.83,Other,0.8868281231035409,0.07983222876712329,Low
T0113,C103,Northwind Mutual,India,A-,Professional,Asia Pacific,James Whitfield,Proportional,2022,2022-07-11,2023-07-10,8700000.0,470000.00004,,890810.4312,88814.85264000001,801995.5785599999,265396.47408,890810.4312,265396.47408,11,496787.46012000006,0.0,496787.46012000006,0.0,4350000.0,51366784.96968,Florida,0.5576803354792149,0.05710200691034484,Low
T0353,C102,Summit Indemnity,Australia,A+,Property,Asia Pacific,Sophie Laurent,Proportional,2024,2024-02-27,2025-02-26,8800000.0,1440000.0,,1547839.68,157261.44,1390578.24,475904.28,1547839.68,475904.28,7,1435741.89,0.0,1435741.89,0.0,1760000.0,22118868.8,US Gulf Coast,0.9275779065180704,0.1631524875,Low
T0668,C157,Sterling Insurance,India,A-,Specialty,Asia Pacific,Kenji Sato,Excess of Loss,2025,2025-02-19,2026-02-18,6099999.99996,519999.99996,,1145247.45696,133334.70335999998,1011912.7536000002,116524.88639999999,1145247.45696,116524.88639999999,4,405760.79652000003,400070.70347999997,805831.5,495430.00607999996,6099999.99996,34312853.33004,Europe Windstorm,0.7036309009923828,0.1321035245910302,Low
T0584,C115,Cobalt Indemnity,Mexico,A,Casualty,North America,James Whitfield,Facultative,2024,2024-07-01,2025-06-30,2500000.0,330000.0,,200000.03999999998,19776.12,180223.91999999998,35836.44,200000.03999999998,35836.44,9,126009.68,9135.14,135144.82,15696.02,2500000.0,14707747.18,US Gulf Coast,0.6757239648552071,0.054057928000000005,Low
T0214,C115,Cobalt Indemnity,Mexico,A,Casualty,North America,Carlos Ibarra,Facultative,2024,2024-04-13,2025-04-12,13800000.0,2170000.0,,1594859.16,148245.84,1446613.3199999998,291373.19999999995,1594859.16,291373.19999999995,6,731626.3099999999,16176.98,747803.29,23315.17,13800000.0,71449241.71,Other,0.4688835909498116,0.05418864420289855,Low
T0107,C102,Summit Indemnity,Australia,A+,Property,Asia Pacific,Omar Haddad,Proportional,2024,2024-11-04,2025-11-03,33900000.0,6110000.0,,2675265.96,191030.04,2484235.92,815522.8800000001,2675265.96,815522.8800000001,7,1086351.88,94147.21,1180499.09,131986.46000000002,6780000.0,106881915.64,Europe Windstorm,0.44126419864438454,0.03482298200589971,Low
T0005,C145,Harbor Insurance,Canada,BBB,Property,North America,Aarav Mehta,Proportional,2025,2025-11-11,2026-11-10,9200000.0,510000.0,,705032.46,37801.06,667231.3999999999,169081.22,681531.38,163445.1798129743,11,255579.6,768999.34,1024578.9400000001,892200.47,920000.0,32663130.3,Europe Windstorm,1.5033481510418494,0.11136727608695653,Low
T0648,C108,Pioneer Assurance,Spain,BBB+,Property,Europe,Kenji Sato,Proportional,2023,2023-05-22,2024-05-21,45999999.997200005,7050000.002400001,,3932304.5376000004,382043.8224,3550260.7152000004,1238333.832,3932304.5376000004,1238333.832,8,2651346.8532000002,111465.01800000001,2762811.8712,161361.2772,23000000.004,247054996.10160002,Australia,0.7025935668975996,0.060061127638438495,Low
T0103,C132,Pioneer Insurance,Germany,A,Property,Europe,Kenji Sato,Excess of Loss,2025,2025-08-10,2026-08-09,9600000.001200002,540000.0,,1384687.224,89395.2288,1295291.9952,165588.4944,1384687.224,165588.4944,8,699327.4212,773391.3156,1472718.7368,1057003.506,9600000.001200002,51830189.77680001,Florida,1.0635750162738558,0.15340820173082395,Low
T0416,C150,Cobalt General,Canada,A,Financial Lines,North America,Kenji Sato,Excess of Loss,2022,2022-03-30,2023-03-29,3400000.0,260000.0,,382462.08,44065.68,338396.4,39135.600000000006,382462.08,39135.600000000006,8,157456.46,24842.32,182298.78,40818.729999999996,3400000.0,15552131.46,Other,0.4766453709606976,0.05361728823529412,Low
T0055,C162,Harbor Mutual,Canada,BBB+,Professional,North America,Sophie Laurent,Proportional,2026,2026-04-21,2027-04-20,12600000.0,1690000.0,,464382.54,39762.96,424619.57999999996,119176.13999999998,410204.57999999996,105272.25776990065,4,84541.45999999999,155594.25,240135.71,240135.71,3150000.0,35012627.54,Europe Windstorm,0.5854047509659692,0.019058389682539683,Low
T0488,C141,Granite Insurance,Singapore,A+,Property,Asia Pacific,Kenji Sato,Excess of Loss,2025,2025-11-11,2026-11-10,43500000.0,5240000.0,,5495322.029999999,420575.1,5074746.93,470644.9,5312144.63,454956.73675231135,6,891509.5,3522067.28,4413576.78,3918666.44,43500000.0,104265476.85,Japan,0.8308465012557462,0.1014615351724138,Low
T0626,C126,Summit Insurance,France,A+,Specialty,Unassigned,James Whitfield,Facultative,2022,2022-10-06,2023-10-05,10400000.000400001,1660000.0032000002,unassigned_region,1190796.2928,108864.51840000003,1081931.7744,207621.79200000002,1190796.2928,207621.79200000002,9,680664.5460000001,41487.6492,722152.1952000001,63165.852,10400000.000400001,48948319.558800004,Florida,0.6064447794861325,0.0694377110742524,Low
T0474,C123,Orion General,Canada,A+,Casualty,North America,James Whitfield,Proportional,2021,2021-07-19,2022-07-18,35800000.0,4850000.0,,2678642.7600000002,256256.64,2422386.12,773950.08,2678642.7600000002,773950.08,7,1924444.1500000001,0.0,1924444.1500000001,0.0,8950000.0,185602714.71,Australia,0.718440016988305,0.05375542318435755,Low
T0516,C115,Cobalt Indemnity,Mexico,A,Professional,North America,Hannah Weber,Excess of Loss,2023,2023-10-21,2024-10-20,23800000.0,4370000.0,,2666868.84,218719.68,2448149.1599999997,214678.32,2666868.84,214678.32,8,1877362.8,0.0,1877362.8,0.0,23800000.0,67072149.37,Florida,0.7039576794485327,0.07888078991596639,Low
T0592,C142,Atlas General,Japan,A,Financial Lines,Asia Pacific,Carlos Ibarra,Excess of Loss,2026,2026-01-09,2027-01-08,10200000.0,1880000.0,,553942.4400000001,57490.74,496451.70000000007,40207.77,535477.6900000001,38867.510854830514,4,51106.35,103305.39,154411.74000000002,154411.74000000002,10200000.0,49178786.52,US Gulf Coast,0.28836260199748004,0.015138405882352943,Low
T0292,C137,Meridian Indemnity,Germany,BBB,Professional,Europe,Priya Nair,Excess of Loss,2022,2022-03-17,2023-03-16,11000000.0052,980000.0028000001,,1067799.672,101907.72000000002,965891.952,90545.55840000001,1067799.672,90545.5584,20,1354873.8888,54441.018000000004,1409314.9068000002,72258.4152,11000000.0052,54267246.18360001,Europe Windstorm,1.3198308107365668,0.1281195369212526,Low
T0264,C153,Vantage Assurance,Germany,A+,Professional,Europe,Hannah Weber,Excess of Loss,2023,2023-08-03,2024-08-02,20499999.998400003,3499999.9992000004,,2403531.4032000005,175373.68320000003,2228157.7200000007,169404.8256,2403531.4032000005,169404.8256,10,2259087.0732,224801.73,2483888.8032,498775.9032,20499999.998400003,111463080.37200001,Other,1.033433055999607,0.12116530748262752,Low
T0252,C105,Atlas Indemnity,Canada,A-,Specialty,North America,James Whitfield,Excess of Loss,2023,2023-06-11,2024-06-10,9800000.0,1780000.0,,1334983.08,98210.64,1236772.4400000002,100798.32,1334983.08,100798.32,9,863167.33,74150.31,937317.64,90091.93,9800000.0,52234660.08,Florida,0.7021194905331684,0.09564465714285715,Low
T0564,C133,Northwind General,India,BBB+,Financial Lines,Asia Pacific,Omar Haddad,Excess of Loss,2025,2025-07-15,2026-07-14,42099999.99996,2450000.00004,,3386322.3959999997,318394.47024,3067927.9257599995,302635.88064000005,3386322.3959999997,302635.88064000005,10,2974670.6598,810851.1516,3785521.8114,1796610.95952,42099999.99996,181217887.34004,US Gulf Coast,1.1178858267811547,0.08991738269367214,Low
T0550,C144,Northwind Insurance,Canada,A,Professional,North America,Aarav Mehta,Proportional,2025,2025-03-19,2026-03-18,7900000.0,1200000.0,,845779.7999999999,70640.88,775138.9199999999,234600.72000000003,845779.7999999999,234600.72000000003,3,149911.2,179086.55,328997.75,258729.01,1185000.0,31883112.72,Europe Windstorm,0.3889874764093444,0.04164528481012658,Low
T0002,C113,Sterling Mutual,UK,A-,Property,Europe,Hannah Weber,Proportional,2026,2026-03-30,2027-03-29,5700000.004600001,609999.9992000001,,332113.06450000004,39542.8089,292570.25560000003,104155.32890000001,284668.341,89275.99620000001,4,41099.4098,140670.15300000002,181769.5628,145637.5167,570000.003,12689041.373200001,Florida,0.6385310082655099,0.031889396956720835,Low
T0376,C169,Evergreen Insurance,USA,A,Property,North America,James Whitfield,Proportional,2022,2022-09-28,2023-09-27,8600000.0,740000.0,,750096.6000000001,49878.479999999996,700218.1200000001,176928.96,750096.6000000001,176928.96,10,273165.23,177329.78,450495.01,261134.27000000002,860000.0,42989066.63,US Gulf Coast,0.6005826582869459,0.05238314069767442,Low
T0657,C105,Atlas Indemnity,Canada,A-,Specialty,North America,Hannah Weber,Facultative,2024,2024-06-11,2025-06-10,19600000.0,3430000.0,,1608812.88,173384.52,1435428.3599999999,254952.84,1608812.88,254952.84,13,884820.9,66896.98,951717.88,88175.66,19600000.0,62885522.7,Japan,0.5915653037287967,0.04855703469387755,Low
T0594,C132,Pioneer Insurance,Germany,A,Property,Europe,Kenji Sato,Proportional,2026,2026-01-26,2027-01-25,9399999.996,629999.9964,,732170.5668000001,36740.7252,695429.8416000002,212473.1736,661665.2508000002,192012.79329317604,3,54296.71920000001,129592.68840000001,183889.4076,183889.4076,1879999.9992000002,27856442.538000003,Other,0.27791909485599353,0.01956270294449477,Low
T0368,C106,Granite Mutual,UK,A-,Financial Lines,Europe,Omar Haddad,Proportional,2023,2023-09-08,2024-09-07,10599999.9963,1580000.0023,,1112266.2540000002,78455.0628,1033811.1912000002,343269.72239999997,1112266.2540000002,343269.72239999997,4,787537.1981,0.0,787537.1981,0.0,3180000.0026999996,53190763.1001,Florida,0.7080473719919222,0.07429596211083915,Low
T0403,C115,Cobalt Indemnity,Mexico,A,Property,North America,Carlos Ibarra,Proportional,2025,2025-12-25,2026-12-24,5200000.0,850000.0,,540506.8,49102.1,491404.70000000007,143145.5,495464.57,131216.70921611902,8,332826.72,254869.84,587696.56,385275.31,1300000.0,14560132.42,California,1.1861525436622038,0.11301856923076924,Low
T0003,C148,Meridian Assurance,Spain,A,Financial Lines,Europe,Priya Nair,Proportional,2021,2021-04-09,2022-04-08,12099999.996,2099999.9952000002,,1175959.944,96544.3536,1079415.5903999999,339393.3696,1175959.944,339393.3696,7,1037174.5548,0.0,1037174.5548,0.0,4839999.998400001,25638313.125600003,US Gulf Coast,0.8819811934002406,0.08571690538370808,Low
T0096,C153,Vantage Assurance,Germany,A+,Professional,Europe,Sophie Laurent,Proportional,2022,2022-10-01,2023-09-30,3300000.0048,509999.9976,,435796.32960000006,36466.848000000005,399329.48160000006,109312.28640000001,435796.32960000006,109312.28640000001,14,354046.8204,91963.71720000001,446010.53760000004,104368.85640000002,659999.9988000001,12551617.861200001,Other,1.0234380312688158,0.1351547081670477,Low
T0497,C142,Atlas General,Japan,A,Casualty,Asia Pacific,Kenji Sato,Excess of Loss,2024,2024-02-09,2025-02-08,26800000.0,4610000.0,,2634091.08,159938.40000000002,2474152.68,286216.56,2634091.08,286216.56,9,1659916.6,0.0,1659916.6,0.0,26800000.0,63976918.39,California,0.6301667442721837,0.06193718656716418,Low
T0623,C162,Harbor Mutual,Canada,BBB+,Financial Lines,North America,Kenji Sato,Facultative,2026,2026-05-27,2027-05-26,13400000.0,2570000.0,,412733.55000000005,23350.65,389382.9,79601.45000000001,338441.51,65273.188807135986,6,62883.880000000005,62291.72,125175.6,80880.7,13400000.0,75155012.16,Other,0.3698588863996027,0.009341462686567164,Low
T0285,C123,Orion General,Canada,A+,Specialty,North America,Hannah Weber,Excess of Loss,2024,2024-07-06,2025-07-05,13400000.0,1230000.0,,1182304.32,89467.31999999999,1092837.0,94207.44,1182304.32,94207.44,14,909885.15,74664.2,984549.35,89467.29000000001,13400000.0,49111054.28,Florida,0.8327376745100618,0.07347383208955224,Low
T0212,C132,Pioneer Insurance,Germany,A,Casualty,Europe,Sophie Laurent,Excess of Loss,2025,2025-03-03,2026-03-02,23599999.998000003,3010000.0032,,3691980.7775999997,225180.51840000006,3466800.2591999997,420652.0512000001,3691980.7775999997,420652.0512,10,3781792.7028000006,210677.67360000004,3992470.3764000004,324255.4956,23599999.998000003,49778561.02680001,Australia,1.081389805879579,0.16917247359060783,Low
T0411,C153,Vantage Assurance,Germany,A+,Property,Europe,Sophie Laurent,Proportional,2022,2022-03-21,2023-03-20,15599999.9952,3069999.9972,,1715590.1088,141467.21280000004,1574122.896,537010.9488,1715590.1088,537010.9488,13,681838.9596000001,106046.18280000001,787885.1424000001,134222.86440000002,2340000.0036,91290116.62080002,Florida,0.4592502243738747,0.05050545786169399,Low
T0174,C115,Cobalt Indemnity,Mexico,A,Casualty,North America,Carlos Ibarra,Proportional,2026,2026-04-03,2027-04-02,53000000.0,9030000.0,,3293899.08,305035.44,2988863.64,993351.24,3239000.7600000002,976795.3853968539,3,774555.15,1922761.13,2697316.2800000003,2697316.2800000003,13250000.0,151814641.68,California,0.8327618546159279,0.05089276,Low
T0288,C101,Granite General,China,A,Casualty,Asia Pacific,Kenji Sato,Excess of Loss,2025,2025-01-01,2025-12-31,9300000.0,1650000.0,,1018062.6000000001,69059.28,949003.3200000001,121233.36000000002,1018062.6000000001,121233.36000000002,7,678280.29,83294.11,761574.4,175065.82,9300000.0,40500931.52,Florida,0.7480624472404742,0.08188972043010753,Low
T0538,C139,Lumen Assurance,Brazil,BBB+,Property,Latin America,Omar Haddad,Excess of Loss,2022,2022-09-15,2023-09-14,62500000.0,9910000.0,,6294232.68,629874.6000000001,5664358.08,655687.08,6294232.68,655687.08,12,2452990.26,0.0,2452990.26,0.0,62500000.0,296891977.56,Europe Windstorm,0.3897203018557617,0.039247844159999996,Low
T0143,C110,Meridian Mutual,Canada,BBB+,Property,North America,Priya Nair,Excess of Loss,2025,2025-01-15,2026-01-14,19700000.0,3920000.0,,1465490.28,89981.04000000001,1375509.24,146477.28,1465490.28,146477.28,9,890316.72,209119.59000000003,1099436.31,293572.77,19700000.0,108870228.95,Other,0.7502174016466353,0.055808949746192896,Low
T0413,C113,Sterling Mutual,UK,A-,Property,Europe,Sophie Laurent,Excess of Loss,2025,2025-09-23,2026-09-22,14400000.0036,789999.9948,,1804238.7588,108872.73120000001,1695366.0276,149387.66160000002,1804238.7588,149387.66160000002,5,339030.6148,578749.9982,917780.613,727309.188,14400000.0036,29596409.196700003,Europe Windstorm,0.50868024452064,0.06373476477573298,Low
T0193,C168,Sterling Assurance,Chile,A,Property,Latin America,Omar Haddad,Proportional,2022,2022-10-29,2023-10-28,39800000.0,5050000.0,,4179007.8000000003,312881.04,3866126.7600000002,1333468.08,4179007.8000000003,1333468.08,14,1487457.72,127982.42,1615440.14,198894.34,3980000.0,233399209.71,US Gulf Coast,0.38656069031505513,0.04058894824120603,Low
T0692,C153,Vantage Assurance,Germany,A+,Financial Lines,Europe,Carlos Ibarra,Excess of Loss,2023,2023-11-11,2024-11-10,12300000.001200002,2379999.9960000003,,1058970.024,123395.14080000001,935574.8831999999,106419.87359999999,1058970.024,106419.87359999999,6,492305.96880000003,0.0,492305.96880000003,0.0,12300000.001200002,68602729.7556,Australia,0.46489131669698713,0.04002487550829025,Low
T0402,C157,Sterling Insurance,India,A-,Financial Lines,Asia Pacific,Omar Haddad,Excess of Loss,2023,2023-12-15,2024-12-14,16700000.000040002,1590000.0,,1456600.1457599998,111409.98624,1345190.1595199998,170468.0568,1456600.1457599998,170468.0568,7,450727.287,40552.07712,491279.36412,41935.299479999994,16700000.000040002,62865704.94072001,Other,0.3372781236841554,0.029417925995139114,Low
T0230,C142,Atlas General,Japan,A,Specialty,Asia Pacific,Sophie Laurent,Excess of Loss,2021,2021-01-25,2022-01-24,91800000.0,13930000.0,,6611100.84,349150.19999999995,6261950.64,786198.36,6611100.84,786198.36,10,2659107.9,0.0,2659107.9,0.0,91800000.0,333040425.42,Europe Windstorm,0.4022186265729385,0.028966316993464053,Low
T0218,C125,Granite Indemnity,Germany,BBB,Property,Europe,Aarav Mehta,Excess of Loss,2023,2023-12-12,2024-12-11,1999999.9980000001,359999.99640000006,,200000.016,15291.892800000001,184708.1232,13737.081600000001,200000.016,13737.081600000001,12,114579.78120000001,0.0,114579.78120000001,0.0,1999999.9980000001,8392362.5556,California,0.5728988601680912,0.05728989065728989,Low
T0155,C115,Cobalt Indemnity,Mexico,A,Property,North America,Priya Nair,Excess of Loss,2024,2024-04-30,2025-04-29,8400000.0,1080000.0,,701236.8,79720.68000000001,621516.12,82489.44,701236.8,82489.44,10,292549.43,83072.03,375621.46,83756.38,8400000.0,19486258.42,Florida,0.5356556586876217,0.04471684047619048,Low
T0431,C150,Cobalt General,Canada,A,Professional,North America,Carlos Ibarra,Excess of Loss,2021,2021-01-04,2022-01-03,15300000.0,2300000.0,,2311597.8,230693.76,2080904.0399999998,133899.84,2311597.8,133899.84000000003,7,2236061.78,16704.18,2252765.96,26759.14,15300000.0,47252896.56,Other,0.974549274964702,0.14723960522875817,Low
T0404,C170,Meridian General,USA,A+,Property,North America,Aarav Mehta,Excess of Loss,2022,2022-10-31,2023-10-30,52800000.0,10550000.0,,4576634.16,323194.80000000005,4253439.36,431375.52,4576634.16,431375.52,11,2363152.5700000003,1132649.42,3495801.99,1431852.2600000002,52800000.0,267965450.14,Other,0.7638368870628716,0.06620837102272728,Low
T0182,C143,Northwind Indemnity,USA,A,Specialty,North America,Sophie Laurent,Excess of Loss,2025,2025-10-28,2026-10-27,6600000.0,660000.0,,1070080.1099999999,87293.14,982786.9699999999,86856.22,979285.4299999999,79486.6010086615,8,526343.63,279394.17,805737.7999999999,319458.78,6600000.0,31076240.6,Japan,0.822781362120337,0.12208148484848484,Low
T0336,C167,Evergreen Assurance,Canada,BBB+,Property,North America,Sophie Laurent,Facultative,2022,2022-08-05,2023-08-04,6000000.0,340000.0,,843290.52,71423.16,771867.36,138241.32,843290.52,138241.32,15,1163035.09,172697.73,1335732.82,193055.52,6000000.0,30113726.69,Other,1.5839533213298782,0.22262213666666666,Medium
T0581,C167,Evergreen Assurance,Canada,BBB+,Property,North America,Priya Nair,Excess of Loss,2022,2022-01-14,2023-01-13,23100000.0,2750000.0,,2223012.84,192283.08000000002,2030729.7599999998,166155.24,2223012.84,166155.24,15,798155.02,156187.12,954342.14,242331.85,23100000.0,62242867.33,US Gulf Coast,0.42930122706803625,0.04131351255411256,Low
T0075,C155,Summit Mutual,South Africa,A-,Property,Middle East & Africa,Kenji Sato,Proportional,2026,2026-03-21,2027-03-20,15500000.0,1020000.0,,878978.73,80209.64,798769.09,204630.86,791080.86,184167.77469841574,8,447105.83999999997,615380.2999999999,1062486.14,1062486.14,3875000.0,82350464.36,Other,1.3430815909261158,0.0685474929032258,Low
T0415,C133,Northwind General,India,BBB+,Specialty,Asia Pacific,Hannah Weber,Excess of Loss,2023,2023-05-14,2024-05-13,17499999.999959998,3009999.99996,,2566597.58784,275419.34928,2291178.23856,151535.75472,2566597.58784,151535.75472,15,1656076.28844,173441.59092000002,1829517.87936,249374.95728,17499999.999959998,84807062.60616,Europe Windstorm,0.7128183584477251,0.1045438788208104,Low
T0436,C115,Cobalt Indemnity,Mexico,A,Professional,North America,Carlos Ibarra,Proportional,2025,2025-01-06,2026-01-05,21900000.0,4050000.0,,1726003.44,189491.40000000002,1536512.04,509080.80000000005,1726003.44,509080.80000000005,15,931387.86,256063.61000000002,1187451.47,364458.07,3285000.0,89418108.62,Europe Windstorm,0.6879774642859344,0.05422152831050228,Low
T0234,C141,Granite Insurance,Singapore,A+,Property,Asia Pacific,James Whitfield,Proportional,2025,2025-09-13,2026-09-12,5700000.0,880000.0,,713889.72,42640.92,671248.7999999999,176633.88,713889.72,176633.88,6,31703.18,169340.29,201043.47,189551.84,2280000.0,23647969.66,Japan,0.2816169842031063,0.03527078421052632,Low
T0021,C109,Crown General,USA,A,Professional,North America,Carlos Ibarra,Facultative,2023,2023-08-25,2024-08-24,23700000.0,2420000.0,,1710188.04,100338.24,1609849.8,319271.04,1710188.04,319271.04,10,709444.46,81847.01999999999,791291.48,134706.34,23700000.0,54067327.41,Europe Windstorm,0.4626926755960707,0.03338782616033755,Low
T0602,C104,Lumen Indemnity,Singapore,A+,Casualty,Asia Pacific,James Whitfield,Proportional,2025,2025-03-13,2026-03-12,19200000.0,1920000.0,,1845518.52,123400.20000000001,1722118.32,434072.64,1845518.52,434072.64,2,764364.58,88549.99,852914.57,112324.34,3840000.0,96457396.81,California,0.4621544356000285,0.044422633854166664,Low
T0621,C129,Atlas Mutual,France,A,Property,Europe,Carlos Ibarra,Proportional,2021,2021-04-27,2022-04-26,19399999.9968,2450000.0016,,1581155.5320000001,88718.652,1492436.8800000001,460140.318,1581155.5320000001,460140.318,7,534426.9084000001,587041.1928000001,1121468.1012000002,626805.4536000001,9699999.9984,97974662.1192,Australia,0.7092712124160598,0.05780763409200951,Low
T0031,C133,Northwind General,India,BBB+,Casualty,Asia Pacific,Priya Nair,Proportional,2023,2023-03-31,2024-03-30,6300000.0,690000.0,,1136747.01024,89987.9328,1046759.07744,329450.85072,1136747.01024,329450.85072,14,522756.00120000006,72962.77871999999,595718.77992,129241.17263999999,1890000.0,34148808.30024,Europe Windstorm,0.5240557261674492,0.0945585364952381,Low
T0291,C131,Pioneer Indemnity,Chile,A+,Property,Latin America,Aarav Mehta,Excess of Loss,2024,2024-11-11,2025-11-10,25700000.0,4840000.0,,2893816.2,258140.03999999998,2635676.16,214779.24,2893816.2,214779.24,11,2511433.64,226901.75,2738335.39,233085.08000000002,25700000.0,63397271.96,US Gulf Coast,0.9462713595977519,0.10655001517509728,Low
T0253,C147,Evergreen General,USA,A+,Professional,North America,Kenji Sato,Excess of Loss,2023,2023-12-08,2024-12-07,2000000.0,380000.0,,398856.12,45135.0,353721.12,41784.12,398856.12,41784.12,14,290686.55,36000.41,326686.96,59844.23,2000000.0,10596989.9,California,0.8190596649237826,0.16334348,Low
T0070,C102,Summit Indemnity,Australia,A+,Property,Asia Pacific,Priya Nair,Excess of Loss,2024,2024-05-15,2025-05-14,15000000.0,1360000.0,,1267598.4,109690.68,1157907.72,97574.52,1267598.4,97574.51999999999,12,584081.1900000001,5486.09,589567.28,18286.980000000003,15000000.0,62667979.89,California,0.4651057306478141,0.03930448533333333,Low
T0088,C131,Pioneer Indemnity,Chile,A+,Property,Latin America,Kenji Sato,Facultative,2021,2021-07-26,2022-07-25,6800000.0,1340000.0,,707040.36,46176.24,660864.12,111624.84,707040.36,111624.84000000003,6,322850.89,3265.02,326115.91000000003,4090.24,6800000.0,38650175.39,Florida,0.4612408689088131,0.04795822205882353,Low
T0115,C168,Sterling Assurance,Chile,A,Financial Lines,Unassigned,Sophie Laurent,Proportional,2026,2026-05-21,2027-05-20,5200000.0,320000.0,unassigned_region,372261.5,22066.9,350194.6,86368.79999999999,320144.89,74277.16799999999,3,15517.6,161893.09,177410.69,177410.69,1040000.0,30529991.44,Other,0.5541574941271122,0.03411744038461539,Low
T0549,C123,Orion General,Canada,A+,Casualty,North America,Omar Haddad,Proportional,2025,2025-08-31,2026-08-30,3500000.0,590000.0,,581584.5599999999,37554.0,544030.5599999999,183541.68,581584.5599999999,183541.68,12,2453358.0,8247100.39,10700458.39,10272102.81,875000.0,17614685.33,California,18.398800666235022,3.0572738257142857,Critical
T0092,C135,Sterling Indemnity,Spain,BBB+,Casualty,Europe,Carlos Ibarra,Excess of Loss,2026,2026-05-01,2027-04-30,4299999.9984,629999.9964,,202054.82400000002,23983.344,178071.48,13327.092,200707.794,13238.244862468851,2,48080.844,94347.6444,142428.4884,142428.4884,4299999.9984,20590194.502800003,California,0.7096310789007028,0.03312290429139457,Low
T0466,C102,Summit Indemnity,Australia,A+,Property,Asia Pacific,Carlos Ibarra,Excess of Loss,2022,2022-08-29,2023-08-28,19600000.0,1960000.0,,1828219.6800000002,202752.84,1625466.84,142782.59999999998,1828219.6800000002,142782.59999999998,15,1320312.09,34292.83,1354604.92,40765.490000000005,19600000.0,92227281.27,Other,0.7409420950987683,0.06911249591836734,Low
T0168,C152,Lumen Mutual,South Africa,A+,Financial Lines,Middle East & Africa,Sophie Laurent,Proportional,2025,2025-03-16,2026-03-15,12700000.0,1430000.0,,1590488.52,133757.04,1456731.48,498132.12,1590488.52,498132.12,13,827111.51,80641.51000000001,907753.02,100230.81000000001,1905000.0,65370735.6,US Gulf Coast,0.5707384923469928,0.07147661574803149,Low
T0408,C105,Atlas Indemnity,Canada,A-,Professional,North America,Omar Haddad,Proportional,2025,2025-08-01,2026-07-31,23000000.0,4350000.0,,1953700.08,179143.8,1774556.28,558319.92,1953700.08,558319.92,7,579585.28,557674.35,1137259.63,657434.84,5750000.0,110385106.85,Other,0.5821055348474982,0.04944607086956521,Low
T0321,C101,Granite General,China,A,Casualty,Asia Pacific,James Whitfield,Proportional,2024,2024-10-11,2025-10-10,25600000.0,1600000.0,,1940908.3199999998,107224.56,1833683.7599999998,468999.0,1940908.3199999998,468999.0,6,1326517.74,32961.82,1359479.56,43399.520000000004,2560000.0,78893129.37,Japan,0.7004347119291034,0.053104670312500005,Low
T0647,C168,Sterling Assurance,Chile,A,Professional,Latin America,James Whitfield,Excess of Loss,2022,2022-08-29,2023-08-28,31500000.0,3430000.0,,2365610.4000000004,201769.32,2163841.0800000005,216511.44,2365610.4000000004,216511.44,9,1549249.13,0.0,1549249.13,0.0,31500000.0,148117402.75,California,0.6549045988299678,0.049182512063492057,Low
T0078,C157,Sterling Insurance,India,A-,Unmapped,Asia Pacific,Hannah Weber,Facultative,2024,2024-02-08,2025-02-07,44100000.0,2460000.0,unmapped_lob,5170105.2312,504753.83999999997,4665351.3912,925184.52144,5170105.2312,925184.52144,10,1896891.49356,231859.88628000004,2128751.37984,324787.59936,44100000.0,129151001.05176,US Gulf Coast,0.4117423697671835,0.04827100634557823,Low
T0567,C157,Sterling Insurance,India,A-,Property,Asia Pacific,Omar Haddad,Proportional,2024,2024-08-16,2025-08-15,13599999.99996,2469999.99996,,1030820.2891200001,89879.80176,940940.4873600001,293070.42144,1030820.2891200001,293070.42144,7,721275.37464,63247.69116,784523.0658000001,189074.66892000003,6800000.000039999,50356021.52892,Europe Windstorm,0.7610667679714946,0.05768551954428732,Low
T0532,C137,Meridian Indemnity,Germany,BBB,Casualty,Europe,Sophie Laurent,Excess of Loss,2024,2024-02-01,2025-01-31,9500000.004,970000.0020000001,,942316.9344,80101.3536,862215.5808,76000.93920000002,942316.9344,76000.93920000002,11,327904.15680000006,0.0,327904.15680000006,0.0,9500000.004,55977555.8376,US Gulf Coast,0.3479765085711698,0.034516227017045806,Low
T0258,C155,Summit Mutual,South Africa,A-,Specialty,Middle East & Africa,Kenji Sato,Excess of Loss,2022,2022-07-26,2023-07-25,95900000.0,13560000.0,,6903567.0,607752.72,6295814.28,710211.36,6903567.0,710211.36,10,3280573.07,154727.44999999998,3435300.52,285925.19,95900000.0,511996273.29,Australia,0.49761239660598644,0.03582169468196038,Low
T0256,C139,Lumen Assurance,Brazil,BBB+,Specialty,Latin America,Carlos Ibarra,Excess of Loss,2025,2025-09-14,2026-09-13,7100000.0,1270000.0,,1025098.56,60521.399999999994,964577.16,51432.72,1025098.56,51432.72,8,513410.56,329723.61,843134.1699999999,526183.8,7100000.0,15325918.43,Florida,0.8224908344422998,0.11875129154929577,Low
T0498,C147,Evergreen General,USA,A+,Casualty,North America,James Whitfield,Proportional,2024,2024-03-23,2025-03-22,14000000.0,1690000.0,,1491197.28,150112.8,1341084.48,368855.04,1491197.28,368855.04,10,844041.46,0.0,844041.46,0.0,1400000.0,76895555.41,Europe Windstorm,0.5660159600076523,0.060288675714285714,Low
T0131,C153,Vantage Assurance,Germany,A+,Financial Lines,Europe,Hannah Weber,Excess of Loss,2026,2026-08-20,2027-08-19,4100000.004,460000.00440000003,,120193.092,7301.793600000001,112891.2984,11181.7584,80128.7316,7454.505934913844,1,14175.162,22364.586000000003,36539.748,36539.748,4100000.004,14806740.1896,Florida,0.45601305886639043,0.00891213364984182,Low
T0101,C143,Northwind Indemnity,USA,A,Financial Lines,North America,Aarav Mehta,Proportional,2023,2023-12-29,2024-12-28,15100000.0,2640000.0,,2236663.44,141881.63999999998,2094781.8,505026.36,2236663.44,505026.36,8,1541673.1,0.0,1541673.1,0.0,3775000.0,87796309.29,California,0.6892736173127595,0.10209755629139074,Low
T0172,C148,Meridian Assurance,Spain,A,Specialty,Europe,James Whitfield,Proportional,2025,2025-08-02,2026-08-01,6500000.0016,899999.9964000001,,670603.9248,43939.0656,626664.8592000001,206075.66400000002,670603.9248,206075.664,7,426868.1964,162649.3284,589517.5248,226212.53399999999,649999.998,30692823.0804,Europe Windstorm,0.8790845132256225,0.0906950037930597,Low
T0658,C115,Cobalt Indemnity,Mexico,A,Professional,North America,Hannah Weber,Excess of Loss,2025,2025-12-06,2026-12-05,6100000.0,1060000.0,,535449.3,58887.399999999994,476561.9,30101.199999999997,524740.31,29499.175775133146,2,265456.12,68278.0,333734.12,82382.34,6100000.0,31524499.97,US Gulf Coast,0.6359986333049198,0.05471051147540983,Low
T0617,C157,Sterling Insurance,India,A-,Casualty,Asia Pacific,Priya Nair,Proportional,2023,2023-03-10,2024-03-09,5900000.00004,339999.99996,,461076.6672,53062.38864,408014.27856,142955.93232000002,461076.6672,142955.93232000002,7,272524.51284,35296.92048,307821.43332,64850.342880000004,1770000.0,31275591.503879998,US Gulf Coast,0.6676144234088451,0.052173124291171706,Low
T0454,C145,Harbor Insurance,Canada,BBB,Specialty,North America,Hannah Weber,Facultative,2023,2023-06-19,2024-06-18,7900000.0,1100000.0,,1336796.8800000001,139565.04,1197231.84,218737.91999999998,1336796.8800000001,218737.91999999998,13,1133530.92,318260.67,1451791.5899999999,404793.24,7900000.0,27675961.35,US Gulf Coast,1.0860225750975718,0.18377108734177214,Low
T0670,C143,Northwind Indemnity,USA,A,Specialty,North America,Priya Nair,Proportional,2025,2025-07-27,2026-07-26,19000000.0,1820000.0,,1714418.6400000001,189780.59999999998,1524638.04,503528.52,1714418.6400000001,503528.52,9,408913.41,458066.67,866980.0800000001,750595.2000000001,5700000.0,72431991.67,Florida,0.5056991680865066,0.04563053052631579,Low
T0201,C114,Evergreen Indemnity,Canada,A,Property,North America,Aarav Mehta,Proportional,2025,2025-09-24,2026-09-23,5700000.0,1070000.0,,629758.92,44175.479999999996,585583.4400000001,156339.84,629758.92,156339.84,13,184132.82,152886.7,337019.52,228943.17,1425000.0,13087464.16,California,0.535156405565482,0.05912623157894737,Low
T0203,C157,Sterling Insurance,India,A-,Specialty,Asia Pacific,Kenji Sato,Proportional,2024,2024-12-12,2025-12-11,5300000.00004,459999.99996,,973402.63632,88723.25136,884679.38496,290749.63824,973402.63632,290749.63823999994,7,701596.9686,25739.488200000003,727336.4568,49455.597480000004,1590000.0,13686827.211000001,California,0.7472102803725023,0.13723329373481333,Low
T0456,C170,Meridian General,USA,A+,Property,North America,Hannah Weber,Excess of Loss,2023,2023-11-16,2024-11-15,69200000.0,10650000.0,,9662306.399999999,583033.2,9079273.2,1048571.1599999999,9662306.399999999,1048571.1599999999,7,5216628.7,0.0,5216628.7,0.0,69200000.0,307154533.17,US Gulf Coast,0.5398947708799631,0.0753848078034682,Low
T0137,C131,Pioneer Indemnity,Chile,A+,Professional,Latin America,Aarav Mehta,Excess of Loss,2023,2023-04-01,2024-03-31,5900000.0,380000.0,,1130001.3599999999,131044.32,998957.0399999998,89823.36,1130001.3599999999,89823.36,13,604521.61,11203.89,615725.5,37346.3,5900000.0,32417526.1,US Gulf Coast,0.5448891672130377,0.10436025423728813,Low
T0521,C141,Granite Insurance,Singapore,A+,Professional,Asia Pacific,James Whitfield,Proportional,2024,2024-10-03,2025-10-02,31900000.0,3180000.0,,2313745.68,174337.44,2139408.24,512436.24,2313745.68,512436.24,5,466791.16000000003,229128.45,695919.61,289703.34,12760000.0,131351640.02,Other,0.300776189887905,0.021815661755485893,Low
T0570,C117,Vantage Mutual,India,BBB,Financial Lines,Asia Pacific,Omar Haddad,Proportional,2023,2023-04-11,2024-04-10,31100000.000040002,4110000.0,,2884600.33776,201788.49024,2682811.84752,775453.23072,2884600.33776,775453.23072,9,1152305.75208,22774.228320000002,1175079.9804,30681.341640000002,15549999.99996,124691444.44284,Other,0.40736318477744254,0.03778392219930831,Low
T0379,C101,Granite General,China,A,Financial Lines,Asia Pacific,James Whitfield,Excess of Loss,2025,2025-12-01,2026-11-30,3100000.0,440000.0,,369769.3,35647.600000000006,334121.69999999995,27630.300000000003,368536.74,27538.199323800003,12,83204.05,161196.37,244400.42,244400.42,3100000.0,17624215.38,Australia,0.6631643292877666,0.07883884516129033,Low
T0271,C130,Cobalt Mutual,Italy,A+,Specialty,Europe,Omar Haddad,Proportional,2023,2023-11-04,2024-11-03,20199999.996,1849999.9968,,1663956.432,169141.21920000002,1494815.2128,512218.20960000006,1663956.432,512218.20960000006,15,902942.4564,26713.6596,929656.116,33664.14,6059999.998800001,49509244.54800001,Australia,0.5587021980392813,0.046022580009113384,Low
T0064,C136,Crown Insurance,China,A,Property,Asia Pacific,Priya Nair,Proportional,2025,2025-12-28,2026-12-27,28300000.0,4760000.0,,2669162.3,288932.6,2380229.6999999997,600940.3,2420040.4899999998,544852.5397173289,13,520339.64999999997,1210890.66,1731230.31,1593663.48,5660000.0,70919162.57,Australia,0.71537245643357,0.06117421590106007,Low
T0394,C114,Evergreen Indemnity,Canada,A,Property,North America,James Whitfield,Excess of Loss,2022,2022-11-01,2023-10-31,14000000.0,2120000.0,,1437598.32,159044.28,1278554.04,72202.68000000001,1437598.32,72202.68000000001,14,1170211.48,79488.67,1249700.15,113357.28,14000000.0,83294150.32,Japan,0.8692971691842265,0.08926429642857142,Low
T0071,C125,Granite Indemnity,Germany,BBB,Specialty,Europe,Kenji Sato,Proportional,2024,2024-11-03,2025-11-02,18100000.000800002,2180000.0016,,1387397.0304000003,160227.59040000002,1227169.4400000002,394893.5328,1387397.0304000003,394893.5328,12,743622.7032000001,0.0,743622.7032000001,0.0,1810000.0044,67154663.93040001,Florida,0.5359840672180236,0.04108412724680291,Low
T0535,C136,Crown Insurance,China,A,Specialty,Asia Pacific,Sophie Laurent,Excess of Loss,2023,2023-12-11,2024-12-10,27200000.0,4410000.0,,2322996.48,224546.27999999997,2098450.2,176368.68,2322996.48,176368.68000000002,11,635826.36,50866.259999999995,686692.62,122506.76999999999,27200000.0,84100648.93,Florida,0.2956063971306577,0.025246052205882354,Low
T0272,C114,Evergreen Indemnity,Canada,A,Casualty,North America,James Whitfield,Proportional,2024,2024-01-20,2025-01-19,62200000.0,8710000.0,,4586650.800000001,258953.27999999997,4327697.5200000005,1291204.44,4586650.800000001,1291204.44,6,7890466.21,0.0,7890466.21,0.0,18660000.0,307086104.31,Other,1.7203110840703195,0.12685636993569133,Low
T0544,C105,Atlas Indemnity,Canada,A-,Financial Lines,North America,Omar Haddad,Proportional,2021,2021-01-01,2021-12-31,53300000.0,10550000.0,,6325108.08,750057.6000000001,5575050.48,1408780.7999999998,6325108.08,1408780.7999999998,10,2955903.0100000002,359062.4,3314965.41,603103.5800000001,21320000.0,136764089.24,Other,0.5240962475379551,0.06219447298311445,Low
T0161,C135,Sterling Indemnity,Spain,BBB+,Financial Lines,Europe,Sophie Laurent,Excess of Loss,2021,2021-03-05,2022-03-04,3199999.9968000003,259999.99920000002,,554101.1712,47020.9536,507080.2176,35810.0352,554101.1712,35810.0352,7,118064.46600000001,63578.7144,181643.1804,124197.4296,3199999.9968000003,15130793.671200002,Other,0.3278159113192649,0.05676349393176349,Low
T0616,C130,Cobalt Mutual,Italy,A+,Specialty,Europe,James Whitfield,Proportional,2024,2024-03-07,2025-03-06,7099999.995600001,1370000.0016,,867125.3472000001,80917.31520000001,786208.0320000001,244844.0784,867125.3472000001,244844.0784,7,155394.7092,0.0,155394.7092,0.0,710000.0028000001,19582333.9776,Japan,0.17920674294873154,0.02188657877412689,Low
T0170,C147,Evergreen General,USA,A+,Specialty,North America,Sophie Laurent,Excess of Loss,2025,2025-09-22,2026-09-21,11400000.0,1570000.0,,1109405.04,89416.92,1019988.12,129787.08,1109405.04,129787.08,8,238302.1,316156.76,554458.86,414886.51,11400000.0,56414513.09,US Gulf Coast,0.49978036876414406,0.048636742105263156,Low
T0037,C125,Granite Indemnity,Germany,BBB,Financial Lines,Europe,Hannah Weber,Proportional,2024,2024-09-14,2025-09-13,9299999.9988,489999.99600000004,,1414416.9456,169045.3152,1245371.6304,382924.06560000003,1414416.9456,382924.06560000003,7,864921.0348,68604.7104,933525.7452,120541.3596,2789999.9964,43825766.22360001,California,0.660007466754434,0.10037911240004892,Low
T0244,C128,Lumen Insurance,USA,BBB,Casualty,North America,Kenji Sato,Proportional,2025,2025-10-21,2026-10-20,23000000.0,3470000.0,,1854126.72,169233.12,1684893.6,437129.16000000003,1745969.33,411629.95947152027,10,1345014.24,605831.58,1950845.82,643700.55,4600000.0,72001649.76,Other,1.1173425480503716,0.08481938347826087,Low
T0083,C133,Northwind General,India,BBB+,Casualty,Asia Pacific,Sophie Laurent,Proportional,2022,2022-06-12,2023-06-11,15399999.99996,3020000.00004,,2630560.13856,251525.90735999998,2379034.2312,827921.40048,2630560.13856,827921.40048,9,1900968.0686400002,82042.0224,1983010.09104,99982.95372,1539999.99996,37773644.64324,Europe Windstorm,0.7538356800789674,0.1287668890289059,Low
T0261,C126,Summit Insurance,France,A+,Casualty,Europe,Kenji Sato,Proportional,2024,2024-11-18,2025-11-17,103399999.9992,9709999.999200001,,8091244.8719999995,857166.3648000001,7234078.507199999,2227680.4032000005,8091244.8719999995,2227680.4032000005,13,3517806.9744,681393.5676000001,4199200.542,1009094.3496000001,15509999.9988,567883750.8996,US Gulf Coast,0.5189807759410993,0.04061122381075909,Low
T0373,C151,Harbor Assurance,USA,A-,Specialty,North America,Sophie Laurent,Proportional,2026,2026-03-20,2027-03-19,7300000.0,600000.0,,568532.37,47726.700000000004,520805.67,175095.27000000002,514386.43000000005,158419.53,2,455526.89,14090.12,469617.01,26949.86,2190000.0,42802168.58,Other,0.9129653945186694,0.06433109726027397,Low
T0023,C157,Sterling Insurance,India,A-,Property,Asia Pacific,Aarav Mehta,Excess of Loss,2023,2023-12-13,2024-12-12,6600000.0,1119999.99996,,581182.99488,31051.130400000002,550131.86448,59141.29968,581182.99488,59141.29968,10,424860.12816,5634.936,430495.06416,18783.119880000002,6600000.0,27435165.180600002,US Gulf Coast,0.7407220582028328,0.06522652487272727,Low
T0338,C109,Crown General,USA,A,Property,North America,Carlos Ibarra,Facultative,2024,2024-12-29,2025-12-28,14000000.0,1740000.0,,2353312.44,258708.24,2094604.2,395073.83999999997,2353312.44,395073.83999999997,10,893599.34,343352.78,1236952.12,422798.80000000005,14000000.0,31526950.06,Other,0.5256217147264985,0.08835372285714287,Low
T0309,C135,Sterling Indemnity,Spain,BBB+,Casualty,Europe,Carlos Ibarra,Excess of Loss,2021,2021-02-15,2022-02-14,5000000.0004,540000.0,,410467.95360000007,34154.6544,376313.29920000007,21485.4768,410467.95360000007,21485.4768,8,147197.58479999998,0.0,147197.58479999998,0.0,5000000.0004,18509816.3904,US Gulf Coast,0.358609200813381,0.029439516957644834,Low
T0681,C120,Summit Assurance,Mexico,A,Property,North America,James Whitfield,Excess of Loss,2025,2025-10-08,2026-10-07,15800000.0,2670000.0,,1651339.2000000002,139173.84,1512165.36,86650.56,1614642.77,84724.99182509033,10,464762.41000000003,383778.91,848541.3200000001,454471.87,15800000.0,51048352.59,Other,0.5255288264165082,0.05370514683544304,Low
T0508,C163,Lumen General,Canada,BBB,Unmapped,North America,Hannah Weber,Excess of Loss,2024,2024-11-23,2025-11-22,5700000.0,1110000.0,unmapped_lob,535875.24,57580.56,478294.68,63138.84,535875.24,63138.84,7,352290.01,57940.590000000004,410230.6,74294.63,5700000.0,15079861.96,Japan,0.7655337835724598,0.07197028070175439,Low
T0221,C143,Northwind Indemnity,USA,A,Casualty,North America,Unassigned,Proportional,2024,2024-08-24,2025-08-23,17400000.0,1850000.0,unassigned_underwriter,1674352.7999999998,135994.68,1538358.1199999999,442347.48,1674352.7999999998,442347.48,5,467456.05,200270.72999999998,667726.78,311446.77,4350000.0,72733138.8,California,0.3987969441087924,0.03837510229885058,Low
T0014,C112,Crown Mutual,Canada,A-,Specialty,North America,Kenji Sato,Facultative,2021,2021-11-08,2022-11-07,2800000.0,440000.0,,200000.03999999998,18972.48,181027.55999999997,33109.68,200000.03999999998,33109.68,4,47978.119999999995,3565.4,51543.52,3909.91,2800000.0,14543411.12,US Gulf Coast,0.2577175484564903,0.0184084,Low
T0674,C132,Pioneer Insurance,Germany,A,Casualty,Europe,James Whitfield,Excess of Loss,2021,2021-03-15,2022-03-14,4600000.0008000005,339999.99480000004,,529572.0384000001,32206.507200000004,497365.5312000001,36127.5552,529572.0384000001,36127.5552,7,326623.46040000004,25202.8908,351826.35120000003,39713.641200000005,4600000.0008000005,16357877.964000002,Other,0.6643597578583937,0.07648398937800278,Low
T0585,C148,Meridian Assurance,Spain,A,Casualty,Europe,Aarav Mehta,Proportional,2025,2025-01-22,2026-01-21,5700000.002400001,450000.0036,,1026483.5808,67865.688,958617.8928,261937.92960000003,1026483.5808,261937.92960000003,6,211934.45880000002,276934.4856,488868.94440000004,293766.8796,1709999.9964000003,14692498.880400002,Europe Windstorm,0.47625598065484426,0.08576648143757201,Low
T0512,C122,Pioneer General,Germany,A-,Professional,Europe,Unassigned,Excess of Loss,2022,2022-11-07,2023-11-06,6999999.998400001,560000.0016000001,unassigned_underwriter,1374403.8528,133877.7072,1240526.1456,124811.0208,1374403.8528,124811.0208,10,756266.2848,0.0,756266.2848,0.0,6999999.998400001,35997578.77680001,US Gulf Coast,0.5502504109394767,0.10803804071040868,Low
T0178,C164,Vantage General,USA,A+,Financial Lines,North America,Sophie Laurent,Excess of Loss,2025,2025-11-29,2026-11-28,15500000.0,2140000.0,,1323751.22,101147.42,1222603.8,154966.9,1207421.57,141348.59697884394,8,248954.74000000002,393590.86,642545.6,642545.6,15500000.0,54979642.41,Other,0.5321634265652551,0.041454554838709676,Low
T0277,C160,Orion Indemnity,Brazil,A,Casualty,Latin America,Unassigned,Excess of Loss,2021,2021-02-10,2022-02-09,10900000.0,1280000.0,unassigned_underwriter,1405135.44,144155.40000000002,1260980.04,120570.72,1405135.44,120570.72,4,528930.79,0.0,528930.79,0.0,10900000.0,50240947.06,California,0.37642690871137663,0.04852576055045872,Low
T0548,C131,Pioneer Indemnity,Chile,A+,Property,Unassigned,Aarav Mehta,Proportional,2021,2021-01-26,2022-01-25,7200000.0,1120000.0,unassigned_region,583059.6000000001,38011.56,545048.04,170235.0,583059.6000000001,170235.0,5,580821.02,34046.07,614867.09,40647.77,1080000.0,34939918.28,Europe Windstorm,1.05455272497014,0.08539820694444444,Low
T0477,C159,Orion Mutual,Spain,A-,Property,Europe,Priya Nair,Proportional,2022,2022-08-15,2023-08-14,10800000.0,1360000.0008,,889481.2176000001,75501.5904,813979.6272000001,208913.77440000002,889481.2176000001,208913.77440000002,12,452231.2836000001,32678.758800000003,484910.04240000003,39358.191600000006,1080000.0,53086371.343200006,US Gulf Coast,0.5451605191938569,0.044899078,Low
T0226,C144,Northwind Insurance,Canada,A,Property,North America,Sophie Laurent,Proportional,2024,2024-08-26,2025-08-25,13300000.0,1050000.0,,1660626.5999999999,146005.08000000002,1514621.5199999998,420346.32,1660626.5999999999,420346.32,8,1927094.5,92996.11,2020090.6099999999,140081.47,3990000.0,69948364.69,California,1.2164628761215797,0.15188651203007517,Low
T0217,C153,Vantage Assurance,Germany,A+,Specialty,Europe,Kenji Sato,Proportional,2021,2021-05-01,2022-04-30,18599999.9976,2909999.9952000002,,1429398.4464,80631.1584,1348767.288,423398.2752,1429398.4464,423398.2752,9,847405.2492000001,30026.2896,877431.5388000001,52973.9244,1859999.9976000001,93055265.38080001,US Gulf Coast,0.6138467136366688,0.04717373865124823,Low
T0030,C139,Lumen Assurance,Brazil,BBB+,Property,Latin America,Aarav Mehta,Excess of Loss,2024,2024-10-13,2025-10-12,8700000.0,490000.0,,975714.36,53261.399999999994,922452.96,55820.759999999995,975714.36,55820.759999999995,11,495474.26,80397.26000000001,575871.52,104241.69,8700000.0,49699914.15,US Gulf Coast,0.5902050268072307,0.06619212873563218,Low
T0181,C151,Harbor Assurance,USA,A-,Casualty,North America,Priya Nair,Proportional,2024,2024-04-27,2025-04-26,9100000.0,1480000.0,,839650.56,74027.28,765623.28,268314.96,839650.56,268314.96,11,759350.97,830.81,760181.78,1410.53,1820000.0,20056753.87,Australia,0.9053549371776755,0.08353645934065934,Low
T0460,C146,Cobalt Assurance,France,A,Casualty,Europe,Kenji Sato,Excess of Loss,2024,2024-04-01,2025-03-31,21699999.9972,2659999.9968000003,,2609807.688,150262.64640000003,2459545.0416,304048.85760000005,2609807.688,304048.8576000001,8,2410067.9412000002,679752.1296,3089820.0708,1747187.4636,21699999.9972,49621612.64040001,US Gulf Coast,1.1839263425451292,0.14238802171422518,Low
T0632,C127,Cobalt Insurance,South Africa,BBB+,Property,Middle East & Africa,Omar Haddad,Excess of Loss,2022,2022-11-15,2023-11-14,5100000.0,410000.0,,895115.52,56014.31999999999,839101.2000000001,103125.24,895115.52,103125.24,12,482863.25,44056.76,526920.01,58812.240000000005,5100000.0,27111062.33,Japan,0.5886614612603298,0.10331764901960784,Low
T0688,C106,Granite Mutual,UK,A-,Property,Europe,Hannah Weber,Excess of Loss,2026,2026-05-16,2027-05-15,9499999.9992,810000.0056,,599115.5785000001,54949.28050000001,544166.2980000001,66289.3645,535209.9151,59218.49876597384,4,140234.33980000002,291670.02880000003,431904.3686,431904.3686,9499999.9992,50719185.061299995,Europe Windstorm,0.8069812542977681,0.045463617751196936,Low
T0475,C142,Atlas General,Japan,A,Casualty,Asia Pacific,Carlos Ibarra,Facultative,2023,2023-11-21,2024-11-20,20800000.0,4130000.0,,2161945.6100000003,162454.93,1999490.6800000004,370569.76,2161945.6100000003,370569.76,9,2083475.99,160260.82,2243736.81,169020.98,20800000.0,60115671.81,US Gulf Coast,1.0378322191000908,0.10787196201923077,Low
T0265,C155,Summit Mutual,South Africa,A-,Property,Middle East & Africa,Omar Haddad,Excess of Loss,2021,2021-06-23,2022-06-22,14400000.0,2740000.0,,1895940.5999999999,95328.36,1800612.2399999998,124000.92,1895940.5999999999,124000.92,6,1293070.96,0.0,1293070.96,0.0,14400000.0,58544376.24,US Gulf Coast,0.6820208185847173,0.08979659444444445,Low
T0065,C157,Sterling Insurance,India,A-,Casualty,Asia Pacific,Hannah Weber,Excess of Loss,2023,2023-03-27,2024-03-26,14499999.99996,1059999.99996,,1222452.6264,106804.22112,1115648.40528,69345.6624,1222452.6264,69345.6624,8,212921.29308,249134.9484,462056.24148,271826.07408000005,14499999.99996,70695595.66596,Australia,0.37797476278545794,0.03186594768836377,Low
T0678,C133,Northwind General,India,BBB+,Specialty,Asia Pacific,Aarav Mehta,Facultative,2023,2023-09-07,2024-09-06,16299999.99996,2019999.9999600002,,2688017.8521600002,214492.11264,2473525.7395200003,431154.30960000004,2688017.8521600002,431154.30960000004,9,946592.2404,0.0,946592.2404,0.0,16299999.99996,94892206.30944,Florida,0.35215251254352736,0.0580731435829646,Low
T0215,C123,Orion General,Canada,A+,Property,North America,Aarav Mehta,Proportional,2024,2024-11-14,2025-11-13,66000000.0,11440000.0,,6637818.600000001,475719.48,6162099.120000001,1566749.6400000001,6637818.600000001,1566749.6400000001,9,2505938.9899999998,943930.41,3449869.4,1427077.65,16500000.0,139352967.11,US Gulf Coast,0.5197293882059386,0.05227074848484849,Low
T0662,C115,Cobalt Indemnity,Mexico,A,Property,North America,Sophie Laurent,Excess of Loss,2026,2026-02-07,2027-02-06,11700000.0,2070000.0,,785922.64,67005.68,718916.96,75517.52,762999.9,73314.92601898834,7,114469.95,552265.3200000001,666735.27,656724.92,11700000.0,23947966.18,Japan,0.8738340201617326,0.05698592051282052,Low
T0649,C123,Orion General,Canada,A+,Property,North America,Sophie Laurent,Proportional,2023,2023-06-01,2024-05-31,37100000.0,5570000.0,,4041290.6399999997,306942.72000000003,3734347.9199999995,1193129.8800000001,4041290.6399999997,1193129.8800000001,11,1974136.14,47369.72,2021505.8599999999,97485.78,18550000.0,193147285.61,Other,0.5002129369245267,0.054488028571428565,Low
T0176,C167,Evergreen Assurance,Canada,BBB+,Professional,North America,Kenji Sato,Facultative,2022,2022-01-13,2023-01-12,13400000.0,1510000.0,,993803.28,56420.88,937382.4,180987.36000000002,993803.28,180987.36,5,965832.35,0.0,965832.35,0.0,13400000.0,61078933.4,Other,0.971854661216252,0.07207704104477612,Low
T0399,C144,Northwind Insurance,Canada,A,Property,North America,Kenji Sato,Excess of Loss,2021,2021-05-28,2022-05-27,14400000.0,1720000.0,,2302822.44,197253.48,2105568.96,157261.8,2302822.44,157261.8,6,1968641.01,16857.88,1985498.89,56192.92,14400000.0,44943723.27,Europe Windstorm,0.8622023372327394,0.1378818673611111,Low
T0173,C150,Cobalt General,Canada,A,Professional,North America,Carlos Ibarra,Excess of Loss,2024,2024-12-15,2025-12-14,10500000.0,600000.0,,818075.3999999999,49093.08,768982.32,61990.68000000001,818075.3999999999,61990.68000000001,3,312834.2,20057.91,332892.11000000004,32640.59,10500000.0,21600836.82,Other,0.40692106131048567,0.03170401047619048,Low
T0333,C111,Granite Assurance,Australia,BBB+,Property,Asia Pacific,Priya Nair,Facultative,2021,2021-05-19,2022-05-18,42500000.0,7410000.0,,3743748.4799999995,264859.44,3478889.0399999996,669351.12,3743748.4799999995,669351.12,11,2129791.73,0.0,2129791.73,0.0,42500000.0,253399107.6,Other,0.5688928466690156,0.050112746588235293,Low
T0033,C119,Atlas Assurance,Mexico,A-,Casualty,North America,Sophie Laurent,Facultative,2024,2024-05-01,2025-04-30,9700000.0,550000.0,,1780102.92,106226.51999999999,1673876.4,330347.76,1780102.92,330347.76,10,1038087.48,351654.28,1389741.76,543786.46,9700000.0,53089206.44,US Gulf Coast,0.780708657002821,0.14327234639175257,Low
T0032,C101,Granite General,China,A,Property,Asia Pacific,Aarav Mehta,Excess of Loss,2025,2025-03-01,2026-02-28,9400000.0,840000.0,,1170447.0,84944.4,1085502.6,127443.24,1170447.0,127443.24,11,1087091.11,214822.86000000002,1301913.97,249015.33000000002,9400000.0,25171799.78,Other,1.1123220188526264,0.13850148617021277,Low
T0236,C123,Orion General,Canada,A+,Casualty,North America,Omar Haddad,Facultative,2023,2023-08-28,2024-08-27,5100000.0,870000.0,,664860.36,74171.64,590688.72,118219.44,664860.36,118219.43999999999,15,318343.25,14585.43,332928.68,45796.54,5100000.0,19495866.17,Australia,0.5007497815029911,0.06528013333333334,Low
T0375,C104,Lumen Indemnity,Singapore,A+,Specialty,Asia Pacific,James Whitfield,Excess of Loss,2026,2026-02-15,2027-02-14,8800000.0,740000.0,,567261.76,37810.08,529451.68,55806.8,531807.9,52318.875,6,111308.4,155699.83,267008.23,230314.14,8800000.0,37034933.38,California,0.502076464076596,0.030341844318181817,Low
T0398,C107,Vantage Insurance,Switzerland,A+,Property,Europe,James Whitfield,Proportional,2024,2024-10-17,2025-10-16,8400000.002400002,929999.9988000001,,1247664.7728,124608.8448,1123055.9279999998,303917.7024,1247664.7728,303917.7024,6,1040488.2216,143001.7956,1183490.0172000001,228868.17840000003,2099999.9952000002,41210379.7632,California,0.9485641039171289,0.14089166867403094,Low
T0409,C132,Pioneer Insurance,Germany,A,Casualty,Europe,Aarav Mehta,Proportional,2025,2025-06-01,2026-05-31,8700000.0048,1459999.9980000001,,661184.9856,47670.6384,613514.3472,203942.44800000003,661184.9856,203942.44800000003,5,197065.2456,213389.7588,410455.00440000003,236289.6576,2610000.0036,18153191.1024,Europe Windstorm,0.6207869406283143,0.0471787361119014,Low
T0419,C170,Meridian General,USA,A+,Property,North America,James Whitfield,Excess of Loss,2021,2021-05-24,2022-05-23,3600000.0,580000.0,,270055.19999999995,19412.28,250642.91999999995,21293.16,270055.19999999995,21293.16,7,331612.71,1014.9,332627.61,1307.67,3600000.0,18987705.88,California,1.2317022964193989,0.09239655833333332,Low
T0390,C103,Northwind Mutual,India,A-,Casualty,Asia Pacific,Omar Haddad,Facultative,2022,2022-07-21,2023-07-20,15500000.000040002,2810000.00004,,2008632.2587200003,108219.97296,1900412.2857600003,323339.99472,2008632.2587200003,323339.99472,12,1058392.37748,38196.06504,1096588.44252,57688.16556,15500000.000040002,86258741.9796,Florida,0.5459378827355886,0.07074764145272064,Low
T0672,C136,Crown Insurance,China,A,Property,Asia Pacific,Carlos Ibarra,Proportional,2022,2022-05-26,2023-05-25,37500000.0,3910000.0,,4539606.84,271518.83999999997,4268088.0,1241303.52,4539606.84,1241303.52,16,2437398.12,141107.37,2578505.49,252655.25,9375000.0,167572086.77,Other,0.568001939568846,0.0687601464,Low
T0551,C126,Summit Insurance,France,A+,Property,Europe,Carlos Ibarra,Proportional,2021,2021-04-06,2022-04-05,18900000.0,2559999.9996,,3405624.1344,250734.26880000002,3154889.8655999997,841366.1808,3405624.1344,841366.1808,14,1844047.0692,41067.12960000001,1885114.1988000001,55462.590000000004,7560000.000000001,49044751.77600001,US Gulf Coast,0.5535297274172383,0.099741492,Low
T0266,C112,Crown Mutual,Canada,A-,Property,North America,James Whitfield,Proportional,2022,2022-04-02,2023-04-01,20500000.0,2150000.0,,1941550.7999999998,140647.68,1800903.1199999999,599989.3200000001,1941550.7999999998,599989.3200000001,4,851742.9,359668.5,1211411.4000000001,582490.04,3075000.0,115655067.62,California,0.623940099841838,0.05909323902439025,Low
T0015,C101,Granite General,China,A,Property,Asia Pacific,Kenji Sato,Proportional,2024,2024-05-21,2025-05-20,34300000.0,2440000.0,,2470818.2399999998,201068.27999999997,2269749.96,680949.96,2470818.2399999998,680949.96,9,1972769.76,35896.28,2008666.04,119654.28,6860000.0,178837736.75,Other,0.8129558085179104,0.058561692128279885,Low
T0095,C115,Cobalt Indemnity,Mexico,A,Specialty,North America,Aarav Mehta,Proportional,2025,2025-09-29,2026-09-28,16200000.0,2100000.0,,1190443.44,133089.0,1057354.44,280280.76,1190443.44,280280.76,10,296882.05,135772.66999999998,432654.72000000003,167649.71000000002,4050000.0,52761224.67,Florida,0.3634399631787631,0.026707081481481484,Low
T0529,C161,Orion Insurance,Singapore,A+,Specialty,Asia Pacific,Sophie Laurent,Excess of Loss,2025,2025-07-23,2026-07-22,81800000.0,4780000.0,,11178111.0,1328368.56,9849742.44,685920.84,11178111.0,685920.84,7,2592135.63,2894536.82,5486672.45,4513293.41,81800000.0,452026045.4,Japan,0.49084075565182705,0.06707423533007335,Low
T0392,C123,Orion General,Canada,A+,Specialty,North America,Aarav Mehta,Proportional,2021,2021-06-25,2022-06-24,18900000.0,1800000.0,,3758645.5200000005,448722.12,3309923.4000000004,948964.7999999999,3758645.5200000005,948964.7999999999,5,2330821.44,100534.09,2431355.53,120792.25,1890000.0,100207595.86,US Gulf Coast,0.6468701336858176,0.1286431497354497,Low
T0079,C139,Lumen Assurance,Brazil,BBB+,Property,Latin America,Kenji Sato,Excess of Loss,2025,2025-02-24,2026-02-23,1300000.0,140000.0,,252709.44,22631.52,230077.92,28180.56,252709.44,28180.56,15,720897.1599999999,2639451.31,3360348.4699999997,3312649.1199999996,1300000.0,7587483.37,Australia,13.29728113836982,2.5848834384615382,Critical
T0604,C137,Meridian Indemnity,Germany,BBB,Specialty,Europe,Carlos Ibarra,Proportional,2022,2022-07-27,2023-07-26,9200000.001600001,629999.9964,,704563.5312000001,52384.83840000001,652178.6928000001,214802.53920000003,704563.5312000001,214802.53920000003,8,444716.88120000006,0.0,444716.88120000006,0.0,3680000.0028000004,41890632.9696,Europe Windstorm,0.6311948625024151,0.048338791426375864,Low
T0388,C123,Orion General,Canada,A+,Property,North America,Priya Nair,Excess of Loss,2024,2024-11-09,2025-11-08,45700000.0,3460000.0,,7042276.32,723493.92,6318782.4,764563.6799999999,7042276.32,764563.6799999999,14,3304472.15,916897.28,4221369.43,1209547.02,45700000.0,215753897.66,California,0.5994325184331875,0.09237132231947483,Low
T0184,C146,Cobalt Assurance,France,A,Casualty,Europe,Aarav Mehta,Excess of Loss,2025,2025-06-28,2026-06-27,7600000.0032,1309999.9968,,1073972.7792000002,90749.2896,983223.4896000002,120354.984,1073972.7792000002,120354.984,14,370292.2236,332903.628,703195.8516,410303.59920000006,7600000.0032,20585791.785600003,Europe Windstorm,0.6547613358727853,0.0925257699084102,Low
T0450,C141,Granite Insurance,Singapore,A+,Casualty,Unassigned,Priya Nair,Proportional,2024,2024-12-06,2025-12-05,225900000.0,39290000.0,unassigned_region,20891806.56,1232215.68,19659590.88,6130562.4,20891806.56,6130562.399999999,11,15593803.54,5974091.29,21567894.830000002,8445994.530000001,33885000.0,987008311.06,Europe Windstorm,1.0323614077154275,0.09547540872067287,Low
T0381,C115,Cobalt Indemnity,Mexico,A,Property,North America,James Whitfield,Excess of Loss,2024,2024-03-15,2025-03-14,21100000.0,3050000.0,,2360609.16,218696.03999999998,2141913.12,263297.52,2360609.16,263297.52,5,1647446.65,0.0,1647446.65,0.0,21100000.0,116803527.88,US Gulf Coast,0.6978904758634419,0.07807804028436019,Low
T0492,C168,Sterling Assurance,Chile,A,Professional,Latin America,Omar Haddad,Proportional,2022,2022-11-17,2023-11-16,20400000.0,3040000.0,,2673665.04,274632.6,2399032.44,711949.2,2673665.04,711949.2,9,864698.4299999999,75622.77,940321.2,114392.9,6120000.0,92933845.13,California,0.3516974587063456,0.046094176470588236,Low
T0191,C119,Atlas Assurance,Mexico,A-,Specialty,North America,Kenji Sato,Facultative,2022,2022-04-14,2023-04-13,12700000.0,950000.0,,1511504.52,78976.79999999999,1432527.72,301314.24,1511504.52,301314.24,4,521067.97000000003,0.0,521067.97000000003,0.0,12700000.0,75747287.21,Other,0.34473464227549916,0.04102897401574803,Low
T0622,C103,Northwind Mutual,India,A-,Specialty,Asia Pacific,Kenji Sato,Proportional,2022,2022-11-05,2023-11-04,23000000.000040002,2679999.99996,,1757596.2696000002,136889.28576,1620706.9838400004,534112.90128,1757596.2696000002,534112.90128,16,399414.03168,1548.36336,400962.39504,2733.00624,3450000.0,52564500.93384,Europe Windstorm,0.22813111405342956,0.017433147610404463,Low
T0365,C137,Meridian Indemnity,Germany,BBB,Specialty,Europe,James Whitfield,Excess of Loss,2025,2025-06-13,2026-06-12,22600000.0044,3800000.0016,,2593472.3856,294691.34880000004,2298781.0368,204830.208,2593472.3856,204830.208,9,596606.4072,469642.16880000004,1066248.5760000001,634112.0964,22600000.0044,118260083.17080002,California,0.4111277921909793,0.047179140521788135,Low
T0136,C111,Granite Assurance,Australia,BBB+,Casualty,Asia Pacific,Priya Nair,Proportional,2023,2023-07-17,2024-07-16,11400000.0,590000.0,,1078724.76,88410.48,990314.28,277633.32,1078724.76,277633.32,10,586125.71,3309.56,589435.27,4709.52,2850000.0,59207869.38,California,0.5464185970849506,0.051704848245614034,Low
T0246,C125,Granite Indemnity,Germany,BBB,Casualty,Europe,Carlos Ibarra,Proportional,2024,2024-11-10,2025-11-09,39200000.004,7210000.0044,,3485952.8064000006,382971.88800000004,3102980.918400001,992593.9583999999,3485952.8064000006,992593.9583999999,5,1911034.0476000002,390369.30480000004,2301403.3524,625721.0148000001,11760000.001200002,224558773.45920002,Other,0.6601934909086439,0.05870926918788681,Low
T0275,C166,Harbor General,Canada,A,Casualty,North America,Carlos Ibarra,Excess of Loss,2024,2024-09-22,2025-09-21,10700000.0,930000.0,,1210144.68,124626.0,1085518.68,141988.68,1210144.68,141988.67999999996,10,1554262.82,0.0,1554262.82,0.0,10700000.0,33043114.62,Other,1.284361155890881,0.1452582074766355,Low
T0148,C103,Northwind Mutual,India,A-,Casualty,Asia Pacific,Priya Nair,Excess of Loss,2022,2022-12-20,2023-12-19,8300000.000039999,1040000.0000400001,,1123158.00672,89001.32112,1034156.6856,81930.49056,1123158.00672,81930.49056,13,754086.19956,214120.81175999998,968207.0113199999,313281.39816,8300000.000039999,38268908.82636,Other,0.8620398960138216,0.11665144714642578,Low
T0106,C123,Orion General,Canada,A+,Professional,North America,Priya Nair,Proportional,2026,2026-05-11,2027-05-10,13000000.0,1090000.0,,745268.8,58089.0,687179.8,174023.1,690615.75,161261.40491031558,3,254170.71000000002,45234.94,299405.65,77103.23,5200000.0,34590264.83,Other,0.4335343496003386,0.02303120384615385,Low
T0295,C147,Evergreen General,USA,A+,Property,North America,Aarav Mehta,Excess of Loss,2023,2023-05-03,2024-05-02,12400000.0,990000.0,,1969852.7999999998,109022.16,1860830.64,170455.56,1969852.7999999998,170455.56,7,3215533.01,0.0,3215533.01,0.0,12400000.0,51950529.67,Florida,1.6323722310621382,0.2593171782258064,Medium
T0325,C165,Harbor Indemnity,USA,A,Property,North America,Carlos Ibarra,Excess of Loss,2026,2026-06-30,2027-06-29,7800000.0,990000.0,,206183.88,12148.32,194035.56,10669.28,154637.91,8001.960000000002,7,42470.29,80559.12,123029.41,123029.41,7800000.0,41035975.17,California,0.795596694238819,0.015773001282051283,Low
T0540,C114,Evergreen Indemnity,Canada,A,Specialty,North America,Omar Haddad,Excess of Loss,2023,2023-11-27,2024-11-26,18600000.0,3090000.0,,1894228.44,127695.95999999999,1766532.48,169941.0,1894228.44,169941.0,9,1029541.59,9901.34,1039442.93,33004.47,18600000.0,86128307.56,Europe Windstorm,0.548742120037011,0.05588402849462366,Low
T0111,C132,Pioneer Insurance,Germany,A,Financial Lines,Europe,Kenji Sato,Facultative,2022,2022-07-08,2023-07-07,16800000.004800003,2369999.9952000002,,1297643.4576,124695.288,1172948.1696000001,244618.3152,1297643.4576,244618.3152,5,319748.4072,30288.459600000002,350036.8668,47340.6768,16800000.004800003,78392703.81960002,Florida,0.2697481074249744,0.020835527779761276,Low
T0006,C143,Northwind Indemnity,USA,A,Professional,North America,Kenji Sato,Proportional,2022,2022-01-02,2023-01-01,2700000.0,150000.0,,200000.03999999998,12825.0,187175.03999999998,59442.12,200000.03999999998,59442.12,6,57401.979999999996,2140.94,59542.92,7136.48,810000.0,7129916.91,Other,0.29771454045709195,0.022052933333333333,Low
T0145,C123,Orion General,Canada,A+,Property,North America,James Whitfield,Proportional,2023,2023-06-02,2024-06-01,1300000.0,260000.0,,223994.27999999997,19105.68,204888.59999999998,49843.31999999999,223994.27999999997,49843.31999999999,12,145796.15,26626.59,172422.74,32699.850000000002,260000.0,3466386.15,Other,0.7697640314743752,0.1326328769230769,Low
T0104,C136,Crown Insurance,China,A,Professional,Asia Pacific,Carlos Ibarra,Proportional,2021,2021-02-21,2022-02-20,2400000.0,430000.0,,352994.04,34709.28,318284.76,84559.56,352994.04,84559.56,8,228415.93000000002,3066.06,231481.99000000002,3217.36,480000.0,6676325.35,US Gulf Coast,0.6557674174895418,0.09645082916666667,Low
T0211,C139,Lumen Assurance,Brazil,BBB+,Financial Lines,Latin America,Omar Haddad,Proportional,2024,2024-10-13,2025-10-12,5700000.0,980000.0,,787090.08,54979.92,732110.1599999999,174040.32,787090.08,174040.32,8,235047.78999999998,222426.28,457474.06999999995,368330.32999999996,1425000.0,23726201.72,California,0.5812219993930047,0.08025860877192982,Low
T0447,C132,Pioneer Insurance,Germany,A,Specialty,Europe,Priya Nair,Proportional,2025,2025-06-24,2026-06-23,33100000.002,5590000.0044,,5151077.712,365140.22400000005,4785937.488,1486974.0240000002,5151077.712,1486974.0240000002,11,1086235.6284,1493545.986,2579781.6144,2268822.8088,13240000.0008,159362255.81160003,Florida,0.5008236642188713,0.07793902157837226,Low
T0042,C153,Vantage Assurance,Germany,A+,Unmapped,Europe,Sophie Laurent,Excess of Loss,2021,2021-09-27,2022-09-26,12399999.9984,659999.9988000001,unmapped_lob,1013730.1632000001,77449.0896,936281.0736,103453.20000000001,1013730.1632000001,103453.20000000001,7,331871.10480000003,0.0,331871.10480000003,0.0,12399999.9984,40980072.56040001,US Gulf Coast,0.32737617646928474,0.02676379877764694,Low
T0363,C125,Granite Indemnity,Germany,BBB,Property,Europe,Priya Nair,Excess of Loss,2022,2022-06-12,2023-06-11,49300000.002000004,8489999.9988,,6072553.9296,613800.1152000001,5458753.8144000005,500281.92000000004,6072553.9296,500281.92000000004,12,3395984.7240000004,269145.32039999997,3665130.0444,436642.272,49300000.002000004,247177148.19480002,Australia,0.6035566068066888,0.0743434086055033,Low
T0650,C167,Evergreen Assurance,Canada,BBB+,Financial Lines,North America,Omar Haddad,Proportional,2023,2023-04-28,2024-04-27,6800000.0,780000.0,,690148.5599999999,60796.200000000004,629352.36,215239.68,690148.5599999999,215239.68,9,200705.94,0.0,200705.94,0.0,680000.0,26286122.68,Europe Windstorm,0.2908155600585474,0.029515579411764706,Low
T0378,C117,Vantage Mutual,India,BBB,Professional,Asia Pacific,Sophie Laurent,Proportional,2026,2026-01-27,2027-01-26,2300000.00004,180000.0,,270421.50132000004,15472.69668,254948.80464000005,67800.10932,243379.3512,61020.09839100865,9,722464.11216,2321572.38744,3044036.4996,2926293.4838400004,1149999.99996,6472120.28196,US Gulf Coast,12.507373713468919,1.3234941302378525,Critical
T0255,C133,Northwind General,India,BBB+,Specialty,Asia Pacific,James Whitfield,Excess of Loss,2023,2023-12-18,2024-12-17,8100000.0,939999.99996,,649322.8948799999,70570.13328,578752.7616,58114.87632000001,649322.8948799999,58114.87632000001,11,372386.02668,0.0,372386.02668,0.0,8100000.0,47014689.19416,Florida,0.5734989935151138,0.04597358354074074,Low
T0147,C170,Meridian General,USA,A+,Professional,North America,Kenji Sato,Proportional,2021,2021-12-05,2022-12-04,9300000.0,850000.0,,763170.12,60284.64,702885.48,213871.56,763170.12,213871.56,4,283661.55,69292.55,352954.1,210466.77000000002,2790000.0,21258630.68,Other,0.4624841706328859,0.03795205376344086,Low
T0638,C118,Meridian Insurance,Japan,A,Casualty,Asia Pacific,Sophie Laurent,Facultative,2024,2024-07-20,2025-07-19,7600000.0,1060000.0,,1115169.3599999999,61653.0,1053516.3599999999,221064.36,1115169.3599999999,221064.36,10,767287.12,36414.55,803701.67,63165.78,7600000.0,36516780.47,Europe Windstorm,0.7206992039307825,0.10575021973684211,Low
T0087,C167,Evergreen Assurance,Canada,BBB+,Property,North America,Carlos Ibarra,Excess of Loss,2025,2025-04-20,2026-04-19,22400000.0,2420000.0,,1627661.6400000001,122582.40000000001,1505079.2400000002,133384.08000000002,1627661.6400000001,133384.08000000002,14,2135034.21,2050907.66,4185941.87,2844022.5,22400000.0,95859500.92,Australia,2.571751872213441,0.1868724049107143,Low
T0543,C161,Orion Insurance,Singapore,A+,Professional,Asia Pacific,James Whitfield,Excess of Loss,2025,2025-09-25,2026-09-24,9700000.0,560000.0,,997079.1599999999,86726.4,910352.7599999999,106497.95999999999,997079.1599999999,106497.95999999999,12,76072.82,79674.69,155747.51,117205.32,9700000.0,33554210.74,Australia,0.15620375617919846,0.016056444329896908,Low
T0432,C103,Northwind Mutual,India,A-,Specialty,Asia Pacific,Omar Haddad,Excess of Loss,2023,2023-04-06,2024-04-05,16800000.0,1040000.0000400001,,2010391.82784,126234.38736,1884157.4404799999,182198.75328,2010391.82784,182198.75328,9,571762.19712,296066.1468,867828.34392,370054.68192,16800000.0,84210040.99824001,US Gulf Coast,0.4316712453275389,0.05165644904285714,Low
T0066,C105,Atlas Indemnity,Canada,A-,Property,North America,James Whitfield,Proportional,2021,2021-02-01,2022-01-31,12500000.0,2240000.0,,1145701.68,100507.68,1045194.0,346360.19999999995,1145701.68,346360.19999999995,8,436281.52,61788.66,498070.18,117542.22,3125000.0,44075766.4,California,0.43472937911725856,0.0398456144,Low
T0206,C133,Northwind General,India,BBB+,Property,Asia Pacific,James Whitfield,Proportional,2022,2022-01-14,2023-01-13,7400000.000039999,470000.00004,,862571.19888,76317.83136,786253.3675200001,235399.07808,862571.19888,235399.07807999995,11,489052.40208,0.0,489052.40208,0.0,740000.0000400001,18478545.66696,Japan,0.5669704746866194,0.06608816244288603,Low
T0045,C115,Cobalt Indemnity,Mexico,A,Casualty,North America,James Whitfield,Excess of Loss,2023,2023-06-15,2024-06-14,24200000.0,2130000.0,,1774479.0,125338.92,1649140.08,102473.40000000001,1774479.0,102473.40000000001,10,1291645.55,92827.15,1384472.7,139665.61,24200000.0,59193539.3,Australia,0.780213628901779,0.05720961570247934,Low
T0028,C119,Atlas Assurance,Mexico,A-,Casualty,North America,Sophie Laurent,Excess of Loss,2026,2026-03-11,2027-03-10,9300000.0,910000.0,,523700.58999999997,58236.57,465464.01999999996,35033.53,496268.64999999997,33198.44004345021,7,60006.2,101981.67,161987.87,158004.1,9300000.0,47990931.33,US Gulf Coast,0.3264116522371502,0.017418050537634407,Low
T0081,C108,Pioneer Assurance,Spain,BBB+,Professional,Europe,Carlos Ibarra,Excess of Loss,2024,2024-03-29,2025-03-28,1800000.0036,300000.00240000006,,200000.016,21728.088,178271.928,11657.6496,200000.016,11657.6496,11,86884.01280000001,10021.071600000001,96905.0844,12732.6492,1800000.0036,8270244.666000001,US Gulf Coast,0.48452538323796934,0.053836157892327687,Low
T0438,C138,Northwind Assurance,Canada,BBB,Financial Lines,North America,Aarav Mehta,Excess of Loss,2024,2024-08-21,2025-08-20,27200000.0,1620000.0,,1946131.7999999998,106646.51999999999,1839485.2799999998,201302.16,1946131.7999999998,201302.16,6,1012452.12,49479.09,1061931.21,77690.81999999999,27200000.0,148409339.23,US Gulf Coast,0.5456625342641234,0.03904158860294118,Low
T0114,C145,Harbor Insurance,Canada,BBB,Professional,North America,Omar Haddad,Excess of Loss,2024,2024-12-14,2025-12-13,76000000.0,7790000.0,,7056460.5600000005,422483.76,6633976.800000001,753789.96,7056460.5600000005,753789.9600000001,10,998281.21,1214772.84,2213054.05,1352904.2,76000000.0,301096050.21,US Gulf Coast,0.3136209762929646,0.029119132236842104,Low
T0205,C151,Harbor Assurance,USA,A-,Casualty,North America,Sophie Laurent,Proportional,2023,2023-09-07,2024-09-06,19900000.0,3770000.0,,2279213.2800000003,213111.24,2066102.0400000003,529656.6000000001,2279213.2800000003,529656.6000000001,22,1552153.72,0.0,1552153.72,0.0,4975000.0,67920849.78,Europe Windstorm,0.6810041577153323,0.0779976743718593,Low
T0520,C159,Orion Mutual,Spain,A-,Specialty,Europe,Priya Nair,Excess of Loss,2023,2023-11-02,2024-11-01,7799999.9976,710000.0028000001,,1257729.3792000003,129085.09920000003,1128644.2800000003,65930.24160000001,1257729.3792000003,65930.24160000001,6,1135979.5104,0.0,1135979.5104,0.0,7799999.9976,31656991.892400004,Europe Windstorm,0.9031986762705334,0.14563839881404259,Low
T0671,C120,Summit Assurance,Mexico,A,Casualty,North America,Carlos Ibarra,Excess of Loss,2023,2023-03-30,2024-03-29,12200000.0,2080000.0,,1086314.4,126617.40000000001,959696.9999999999,126076.20000000001,1086314.4,126076.20000000001,9,991410.6799999999,0.0,991410.6799999999,0.0,12200000.0,64123587.92,Europe Windstorm,0.912636967713951,0.08126317049180327,Low
T0625,C137,Meridian Indemnity,Germany,BBB,Professional,Europe,Carlos Ibarra,Facultative,2025,2025-10-10,2026-10-09,2300000.0004000003,200000.0052,,200000.016,19938.182400000005,180061.8336,33614.222400000006,194444.46360000002,32680.49460505596,3,69735.3408,26918.190000000002,96653.53080000001,35680.554000000004,2300000.0004000003,9071590.6152,US Gulf Coast,0.49707525228812943,0.04202327425356117,Low
T0412,C132,Pioneer Insurance,Germany,A,Casualty,Europe,Priya Nair,Proportional,2023,2023-04-20,2024-04-19,9200000.001600001,1220000.0004,,827002.6128000001,61881.148799999995,765121.4640000002,198580.248,827002.6128000001,198580.248,7,463859.1252,196504.9848,660364.11,279430.3116,1839999.996,40589779.0068,Japan,0.7985030515976139,0.0717787075962124,Low
T0009,C112,Crown Mutual,Canada,A-,Financial Lines,North America,Carlos Ibarra,Excess of Loss,2023,2023-06-02,2024-06-01,46700000.0,5660000.0,,3468115.1999999997,202347.96000000002,3265767.2399999998,271492.44,3468115.1999999997,271492.44,9,1720988.05,356669.31,2077657.36,390801.37,46700000.0,205698089.74,Europe Windstorm,0.5990739177291459,0.04448945096359743,Low
T0074,C143,Northwind Indemnity,USA,A,Property,North America,Kenji Sato,Excess of Loss,2025,2025-12-17,2026-12-16,58600000.0,11270000.0,,3494288.9000000004,315814.8,3178474.1000000006,253949.4,3296279.2,239558.93431492744,6,2426928.13,717914.07,3144842.2,931856.13,58600000.0,325978911.13,Europe Windstorm,0.9540581999243268,0.05366624914675768,Low
T0401,C115,Cobalt Indemnity,Mexico,A,Specialty,North America,Priya Nair,Proportional,2024,2024-05-26,2025-05-25,6500000.0,800000.0,,1199260.56,133438.08000000002,1065822.48,303158.76,1199260.56,303158.76,1,514236.55,0.0,514236.55,0.0,975000.0,29572173.55,California,0.42879468161614515,0.07911331538461538,Low
T0119,C105,Atlas Indemnity,Canada,A-,Casualty,North America,Priya Nair,Proportional,2023,2023-09-03,2024-09-02,5800000.0,950000.0,,497709.60000000003,41349.12,456360.48000000004,121294.92,497709.60000000003,121294.92,12,151150.94,9134.73,160285.67,12935.73,1160000.0,33592844.25,Europe Windstorm,0.3220465709321259,0.027635460344827587,Low
T0207,C125,Granite Indemnity,Germany,BBB,Specialty,Europe,Carlos Ibarra,Proportional,2022,2022-05-30,2023-05-29,15300000.003600001,2170000.0008,,2735637.3648,153717.5232,2581919.8416,641930.1840000001,2735637.3648,641930.1840000001,5,778239.6084,683153.3304000001,1461392.9388000001,934164.6192000001,1530000.0036,83721399.09840001,Europe Windstorm,0.5342056507942313,0.09551587833046685,Low
