ClaimID,TreatyRef,LossDate,ReportDate,ClaimType,Currency,Paid,Reserve,Incurred,Status
CL003403,T0157,06-Dec-2024,12-Dec-2024,Political Risk,USD,92326.99,0.0,92326.99,S
CL001971,T0193,05-Sep-2023,10-Sep-2023,Natural Catastrophe,USD,25813.28,0.0,25813.28,S
CL000594,T0047,21-May-2022,25-May-2022,Energy,USD,6923.65,0.0,6923.65,S
CL001137,T0622,16-Dec-2022,19-Dec-2022,Aviation,INR,4109187.67,0.0,4109187.67,S
CL005419,T0494,23-May-2026,24-May-2026,Political Risk,GBP,1310.28,12991.27,14301.55,O
CL000466,T0293,21-Jan-2022,15-Mar-2022,Fire & Explosion,EUR,65309.54,0.0,65309.54,S
CL000801,T0014,27-Aug-2022,29-Aug-2022,Political Risk,USD,40801.53,0.0,40801.53,S
CL005071,T0234,02-Feb-2026,27-Feb-2026,Business Interruption,USD,11491.63,0.0,11491.63,S
CL003820,T0694,12-Mar-2025,06-Apr-2025,Aviation,USD,29964.51,327702.48,357666.99,O
CL003375,T0491,23-Oct-2024,02-Dec-2024,Political Risk,USD,31793.97,0.0,31793.97,S
CL003092,T0125,08-Aug-2024,16-Sep-2024,Workers Compensation,USD,114214.61,0.0,114214.61,S
CL002275,T0678,13-Dec-2023,25-Dec-2023,Energy,INR,18752610.7,0.0,18752610.7,S
CL004915,T0298,10-Jan-2026,24-Jan-2026,Auto Liability,EUR,11952.81,17628.62,29581.43,O
CL000694,T0507,22-Jul-2022,22-Jul-2022,Cyber,USD,19972.71,0.0,19972.71,S
CL000381,T0506,10-Jan-2022,22-Jan-2022,Professional Indemnity,EUR,8238.94,0.0,8238.94,S
CL003090,T0690,31-Aug-2024,15-Sep-2024,Aviation,USD,20559.07,0.0,20559.07,S
CL005255,T0035,31-Mar-2026,17-Apr-2026,Fire & Explosion,USD,70490.56,0.0,70490.56,S
CL003072,T0169,02-Aug-2024,08-Sep-2024,Business Interruption,EUR,18162.77,0.0,18162.77,S
CL003370,T0225,13-Nov-2024,01-Dec-2024,Political Risk,EUR,9654.07,25355.62,35009.69,O
CL001854,T0384,25-Jul-2023,27-Jul-2023,Energy,EUR,91366.27,39156.97,130523.24,R
CL000288,T0293,23-Oct-2021,19-Nov-2021,Business Interruption,EUR,1189.27,10299.9,11489.17,O
CL004339,T0553,11-Aug-2025,01-Sep-2025,Credit & Surety,USD,7821.34,24002.55,31823.89,O
CL000030,T0514,08-Apr-2021,13-Apr-2021,Political Risk,USD,87991.78,0.0,87991.78,S
CL002476,T0649,27-Jan-2024,25-Feb-2024,Business Interruption,USD,243841.54,0.0,243841.54,S
CL005386,T0138,27-Apr-2026,17-May-2026,Marine Hull,USD,24982.52,69471.46,94453.98,O
CL000294,T0437,30-Jan-2023,24-Nov-2021,Medical Malpractice,USD,27170.92,0.0,27170.92,S
CL003656,T0107,13-Feb-2025,20-Feb-2025,Natural Catastrophe,USD,81790.42,0.0,81790.42,S
CL004491,T0224,24-Sep-2025,13-Oct-2025,Directors & Officers,USD,217004.84,0.0,217004.84,S
CL003005,T0127,25-Jul-2024,18-Aug-2024,General Liability,USD,267235.11,0.0,267235.11,S
CL001298,T0260,17-Dec-2022,03-Feb-2023,Workers Compensation,USD,625954.85,0.0,625954.85,S
CL000270,T0476,04-Nov-2021,04-Nov-2021,General Liability,EUR,3369.15,13039.68,16408.83,O
CL004849,T0613,01-Jan-2026,08-Jan-2026,Medical Malpractice,USD,10415.69,36685.25,61041.6,O
CL003016,T0517,17-Jul-2024,22-Aug-2024,Directors & Officers,EUR,7711.7,0.0,7711.7,S
CL002700,T0648,23-Apr-2024,03-May-2024,Natural Catastrophe,EUR,329493.06,0.0,329493.06,S
CL001140,T0292,16-Dec-2022,21-Dec-2022,Professional Indemnity,EUR,6578.86,8408.08,14986.94,O
CL000012,T0542,12-Feb-2021,02-Mar-2021,Marine Hull,USD,18240.27,0.0,18240.27,S
CL001160,T0376,19-Nov-2022,26-Dec-2022,Natural Catastrophe,USD,61184.26,0.0,61184.26,S
CL005144,T0184,05-Jan-2026,17-Mar-2026,Workers Compensation,EUR,57280.94,0.0,57280.94,S
CL005149,T0301,10-Mar-2026,18-Mar-2026,General Liability,USD,1416.51,5410.37,6826.88,O
CL001043,T0219,18-Nov-2022,22-Nov-2022,Natural Catastrophe,USD,71659.81,0.0,71659.81,S
CL000635,T0675,11-Jun-2022,14-Jun-2022,Aviation,USD,73414.31,0.0,73414.31,S
CL000605,T0292,12-May-2022,29-May-2022,Medical Malpractice,EUR,79722.14,0.0,79722.14,S
CL005322,T0549,16-Mar-2026,29-Apr-2026,Workers Compensation,USD,225670.4,0.0,225670.4,S
CL002336,T0137,22-Dec-2023,14-Jan-2024,Medical Malpractice,USD,18177.54,0.0,18177.54,S
CL001423,T0477,06-Feb-2023,09-Mar-2023,Business Interruption,EUR,68338.49,0.0,68338.49,S
CL002309,T0009,03-Dec-2023,07-Jan-2024,Directors & Officers,USD,373240.26,0.0,373240.26,S
CL001031,T0631,09-Nov-2022,18-Nov-2022,Credit & Surety,USD,23972.75,0.0,23972.75,S
CL000683,T0504,28-Jun-2022,12-Jul-2022,Workers Compensation,USD,6800.04,85950.33,92750.37,O
CL004456,T0683,10-Jul-2025,01-Oct-2025,Auto Liability,USD,11394.13,0.0,11394.13,S
CL004470,T0465,27-Aug-2025,06-Oct-2025,Fire & Explosion,INR,913369.1,33772122.42,34685491.52,O
CL000157,T0541,09-Aug-2021,12-Aug-2021,Political Risk,USD,71860.74,0.0,71860.74,S
CL004840,T0640,30-Nov-2025,04-Jan-2026,Energy,EUR,5564037.8,0.0,5564037.8,S
CL005138,T0423,12-Mar-2026,15-Mar-2026,Credit & Surety,USD,9426.28,640797.57,650223.85,O
CL003911,T0556,22-Apr-2025,28-Apr-2025,Natural Catastrophe,USD,120398.02,166321.96,286719.98,O
CL002214,T0376,21-Sep-2023,03-Dec-2023,Natural Catastrophe,USD,83804.49,177329.78,261134.27,O
CL002074,T0324,23-Sep-2023,12-Oct-2023,Credit & Surety,USD,34778.75,0.0,34778.75,S
CL004291,T0187,14-Jul-2025,19-Aug-2025,Business Interruption,INR,3062747.91,0.0,3062747.91,S
CL002444,T0167,31-Jan-2024,17-Feb-2024,Professional Indemnity,USD,153438.57,0.0,153438.57,S
CL002359,T0659,02-Nov-2023,20-Jan-2024,Business Interruption,EUR,10632.66,0.0,10632.66,S
CL001316,T0336,25-Dec-2022,08-Feb-2023,Business Interruption,USD,2807.47,41007.11,43814.58,O
CL004522,T0162,07-Sep-2025,20-Oct-2025,Workers Compensation,USD,184992.6,0.0,184992.6,S
CL005924,T0312,11-Sep-2026,30-Sep-2026,Medical Malpractice,USD,5689.5,48528.13,54217.63,O
CL004313,T0329,02-Jul-2025,26-Aug-2025,Business Interruption,USD,17877.94,0.0,17877.94,S
CL000512,T0047,26-Mar-2022,08-Apr-2022,Aviation,USD,26380.98,0.0,26380.98,S
CL003560,T0001,26-Dec-2024,25-Jan-2025,Natural Catastrophe,USD,1271354.26,0.0,1271354.26,S
CL000932,T0371,07-Oct-2022,14-Oct-2022,Workers Compensation,USD,31814.27,0.0,31814.27,S
CL005642,T0244,06-Jul-2026,22-Jul-2026,General Liability,USD,5027.7,42890.51,47918.21,O
CL001753,T0268,20-Jun-2023,27-Jun-2023,Aviation,USD,69348.38,0.0,69348.38,S
CL000248,T0551,06-Oct-2021,23-Oct-2021,Fire & Explosion,EUR,28574.6,0.0,28574.6,S
CL003826,T0081,22-Mar-2025,08-Apr-2025,Professional Indemnity,EUR,3389.89,0.0,3389.89,S
CL000623,T0590,01-Apr-2022,07-Jun-2022,Directors & Officers,USD,85546.96,0.0,85546.96,S
CL004198,T0301,04-Jun-2025,23-Jul-2025,Workers Compensation,USD,873.3,3950.56,4823.86,O
CL003863,T0635,21-Mar-2025,18-Apr-2025,Marine Hull,EUR,166104.25,0.0,166104.25,S
CL002285,T0253,29-Dec-2023,29-Dec-2023,Professional Indemnity,USD,3451.03,0.0,3451.03,S
CL005887,T0248,25-Sep-2026,29-Sep-2026,Aviation,USD,4183.2,9970.46,14153.66,O
CL005592,T0085,30-Jun-2026,08-Jul-2026,Cyber,INR,330990.86,1413842.11,1744832.97,O
CL003110,T0086,08-Sep-2024,21-Sep-2024,Directors & Officers,USD,72063.27,0.0,72063.27,S
CL002024,T0649,15-Sep-2023,27-Sep-2023,Natural Catastrophe,USD,93628.33,0.0,93628.33,S
CL004364,T0029,30-Aug-2025,08-Sep-2025,Marine Hull,USD,25817.62,0.0,25817.62,S
CL004913,T0203,21-Sep-2025,23-Jan-2026,Energy,INR,7664659.44,0.0,7664659.44,S
CL005652,T0294,23-Jul-2026,25-Jul-2026,Directors & Officers,EUR,30948.77,31079.94,62028.71,O
CL002076,T0041,29-Sep-2023,13-Oct-2023,Fire & Explosion,USD,529528.01,0.0,529528.01,S
CL004273,T0284,19-May-2025,13-Aug-2025,Cyber,EUR,176507.11,0.0,176507.11,S
CL002460,T0084,25-Dec-2023,23-Feb-2024,Energy,USD,29685.25,41555.74,71240.99,O
CL003414,T0618,27-Oct-2024,14-Dec-2024,Marine Hull,EUR,14256.22,0.0,14256.22,S
CL005716,T0397,18-Jul-2026,09-Aug-2026,Business Interruption,INR,74922.11,819846.5,894768.61,O
CL004289,T0603,31-Jul-2025,17-Aug-2025,Auto Liability,INR,6785937.62,0.0,6785937.62,S
CL003088,T0473,27-Jul-2024,15-Sep-2024,Business Interruption,GBP,155560.38,0.0,155560.38,S
CL003804,T0285,24-Feb-2025,02-Apr-2025,Energy,USD,86.86,16025.68,16112.54,O
CL005822,T0120,29-Aug-2026,12-Sep-2026,Energy,EUR,7492.36,13596.16,21088.52,O
CL004225,T0030,19-Jul-2025,31-Jul-2025,Natural Catastrophe,USD,68824.31,0.0,68824.31,S
CL004337,T0220,30-Aug-2025,01-Sep-2025,General Liability,EUR,2176.77,5215.27,7392.04,O
CL001843,T0569,17-Apr-2023,23-Jul-2023,Workers Compensation,USD,136303.8,58415.92,194719.72,R
CL004253,T0487,25-Jun-2025,07-Aug-2025,Fire & Explosion,USD,203778.77,220011.09,423789.86,O
CL000997,T0109,02-Nov-2022,05-Nov-2022,Natural Catastrophe,USD,42640.27,0.0,42640.27,S
CL005076,T0270,24-Jan-2026,28-Feb-2026,Workers Compensation,GBP,11390.8,14562.39,25953.19,O
CL002447,T0010,02-Nov-2023,18-Feb-2024,Fire & Explosion,USD,3966.68,1700.0,5666.68,R
CL002046,T0387,20-Jul-2023,04-Oct-2023,Natural Catastrophe,USD,22898.37,0.0,22898.37,S
CL001096,T0229,01-Dec-2022,10-Dec-2022,Business Interruption,USD,21516.07,0.0,21516.07,S
CL000342,T0615,09-Nov-2021,25-Dec-2021,Medical Malpractice,EUR,230602.63,0.0,230602.63,S
CL000482,T0197,09-Mar-2022,24-Mar-2022,Credit & Surety,USD,39838.11,0.0,39838.11,S
CL003546,T0547,09-Nov-2024,20-Jan-2025,Auto Liability,EUR,45025.81,0.0,45025.81,S
CL001914,T0626,16-Aug-2023,19-Aug-2023,Aviation,EUR,68006.72,0.0,68006.72,S
CL001052,T0342,05-Nov-2022,26-Nov-2022,Directors & Officers,EUR,391342.65,0.0,391342.65,S
CL002917,T0156,16-Jul-2024,19-Jul-2024,Business Interruption,USD,201431.54,0.0,201431.54,S
CL005701,T0686,02-Aug-2026,05-Aug-2026,Energy,USD,16746.12,317123.37,333869.49,O
CL001870,T0254,06-Jul-2023,03-Aug-2023,Professional Indemnity,USD,11919.43,0.0,11919.43,S
CL000460,T0653,18-Jan-2022,10-Mar-2022,Business Interruption,USD,27930.64,0.0,27930.64,S
CL001536,T0112,21-Mar-2023,14-Apr-2023,Business Interruption,USD,37848.04,0.0,37848.04,S
CL002920,T0239,23-Jun-2024,20-Jul-2024,Professional Indemnity,USD,396624.93,0.0,396624.93,S
CL001183,T0336,12-Nov-2022,31-Dec-2022,Natural Catastrophe,USD,92485.41,0.0,92485.41,S
CL001017,T0504,19-Oct-2022,13-Nov-2022,General Liability,USD,173079.32,0.0,173079.32,S
CL001697,T0570,21-May-2023,07-Jun-2023,Directors & Officers,INR,658926.11,1897852.36,2556778.47,O
CL005111,T0378,07-Mar-2026,09-Mar-2026,Professional Indemnity,INR,5076276.01,0.0,5076276.01,S
CL000720,T0354,22-Jul-2022,29-Jul-2022,General Liability,USD,126554.62,0.0,126554.62,S
CL005687,T0539,01-Aug-2026,03-Aug-2026,Marine Hull,USD,20678.75,339276.9,359955.65,O
CL004783,T0365,16-Dec-2025,21-Dec-2025,Marine Hull,EUR,17857.3,82256.95,100114.25,O
CL005654,T0400,19-Jul-2026,26-Jul-2026,Business Interruption,USD,140796.34,458045.59,598841.93,O
CL000805,T0383,09-Aug-2022,29-Aug-2022,Medical Malpractice,USD,306785.09,0.0,306785.09,S
CL000609,T0177,31-May-2022,01-Jun-2022,Medical Malpractice,USD,6596.98,0.0,6596.98,S
CL005514,T0503,13-May-2026,17-Jun-2026,Marine Hull,USD,28276.58,0.0,28276.58,S
CL000097,T0134,20-Apr-2021,22-Jun-2021,Fire & Explosion,USD,35780.18,0.0,35780.18,S
CL005030,T0471,30-Jan-2026,18-Feb-2026,Fire & Explosion,EUR,7346.89,0.0,7346.89,S
CL000084,T0558,02-Jun-2021,11-Jun-2021,Workers Compensation,USD,151883.07,0.0,151883.07,S
CL005319,T0263,14-Apr-2026,28-Apr-2026,Natural Catastrophe,EUR,652.7,1891.46,2544.16,O
CL005609,T0341,12-Jun-2026,14-Jul-2026,Marine Hull,USD,654.49,1340.05,1994.54,O
CL001350,T0196,21-Jan-2023,18-Feb-2023,Natural Catastrophe,EUR,4548.21,0.0,4548.21,S
CL000081,T0511,28-May-2021,10-Jun-2021,Natural Catastrophe,USD,228032.21,0.0,228032.21,S
CL005619,T0243,03-Jul-2026,16-Jul-2026,Energy,USD,23384.74,60701.51,84086.25,O
CL005856,T0055,16-Sep-2026,21-Sep-2026,Professional Indemnity,USD,3079.2,5693.75,8772.95,O
CL000944,T0451,05-Oct-2022,19-Oct-2022,Energy,USD,11910.47,0.0,11910.47,S
CL004122,T0372,19-Jun-2025,01-Jul-2025,Aviation,EUR,267161.83,903061.34,1170223.17,O
CL005493,T0494,27-May-2026,11-Jun-2026,Energy,GBP,17991.37,24240.19,42231.56,O
CL000686,T0554,30-May-2022,16-Jul-2022,Energy,EUR,5624.18,0.0,5624.18,S
CL002701,T0426,26-Mar-2024,04-May-2024,Fire & Explosion,USD,272026.31,0.0,272026.31,S
CL004682,T0479,23-Nov-2025,25-Nov-2025,Auto Liability,GBP,1669.73,0.0,1669.73,S
CL003442,T0639,06-Dec-2024,22-Dec-2024,Marine Hull,USD,113282.41,0.0,113282.41,S
CL004473,T0627,07-Oct-2025,07-Oct-2025,General Liability,USD,23785.24,28855.53,52640.77,O
CL003301,T0587,05-Oct-2024,12-Nov-2024,Directors & Officers,EUR,16629.05,0.0,16629.05,S
CL005816,T0243,07-Sep-2026,11-Sep-2026,Political Risk,USD,303934.43,472406.65,776341.08,O
CL004736,T0166,04-Dec-2025,09-Dec-2025,Aviation,USD,3527.4,9753.77,13281.17,O
CL005930,T0358,05-Sep-2026,30-Sep-2026,Cyber,USD,1242.96,44709.3,45952.26,O
CL000176,T0522,18-Aug-2021,03-Sep-2021,Business Interruption,USD,6150.03,0.0,6150.03,S
CL002369,T0304,03-Jan-2024,24-Jan-2024,Business Interruption,USD,69471.47,0.0,69471.47,S
CL002927,T0125,22-Jul-2024,22-Jul-2024,Workers Compensation,USD,83755.35,0.0,83755.35,S
CL003584,T0436,17-Jan-2025,02-Feb-2025,Professional Indemnity,USD,120666.29,0.0,120666.29,S
CL001771,T0672,18-May-2023,04-Jul-2023,Fire & Explosion,USD,15773.39,0.0,15773.39,S
CL003428,T0118,05-Dec-2024,18-Dec-2024,Business Interruption,USD,424269.12,0.0,424269.12,S
CL002165,T0296,01-Sep-2023,12-Nov-2023,Business Interruption,USD,17241.93,53493.79,70735.72,O
CL000569,T0676,02-Apr-2022,05-May-2022,Auto Liability,USD,19913.95,0.0,19913.95,S
CL003613,T0491,21-Jan-2025,08-Feb-2025,Energy,USD,215899.16,0.0,215899.16,S
CL003790,T0328,05-Mar-2025,28-Mar-2025,Workers Compensation,USD,22338.27,0.0,22338.27,S
CL000930,T0151,04-Oct-2022,14-Oct-2022,Workers Compensation,USD,100172.29,0.0,100172.29,S
CL005529,T0244,29-May-2026,24-Jun-2026,General Liability,USD,126712.26,0.0,126712.26,S
CL001656,T0622,25-Apr-2023,22-May-2023,Political Risk,INR,6775836.14,0.0,6775836.14,S
CL005092,T0670,09-Feb-2026,03-Mar-2026,Marine Hull,USD,22395.24,0.0,22395.24,S
CL003519,T0078,10-Jan-2025,13-Jan-2025,Cyber,INR,9696576.55,0.0,9696576.55,S
CL004234,T0270,23-Jun-2025,02-Aug-2025,Workers Compensation,GBP,133217.58,0.0,133217.58,S
CL004112,T0491,11-Jun-2025,26-Jun-2025,Energy,USD,18754.01,0.0,18754.01,S
CL004292,T0495,19-Aug-2025,19-Aug-2025,Business Interruption,INR,8208556.56,8285382.24,16493938.8,O
CL001233,T0150,23-Dec-2022,14-Jan-2023,Workers Compensation,USD,13012.7,0.0,13012.7,S
CL004384,T0204,03-Aug-2025,13-Sep-2025,Natural Catastrophe,USD,23413.93,172506.21,195920.14,O
CL003566,T0448,20-Dec-2024,27-Jan-2025,Marine Hull,EUR,13002.09,0.0,13002.09,S
CL004453,T0069,02-Sep-2025,01-Oct-2025,Directors & Officers,USD,31361.37,0.0,31361.37,S
CL005329,T0501,19-Mar-2026,01-May-2026,Directors & Officers,USD,2110.09,9514.33,11624.42,O
CL005707,T0530,30-Jul-2026,07-Aug-2026,Professional Indemnity,USD,1176.43,7115.7,8292.13,O
CL001750,T0322,27-Apr-2023,26-Jun-2023,Medical Malpractice,USD,59376.3,0.0,59376.3,S
CL001114,T0147,22-Nov-2022,15-Dec-2022,Professional Indemnity,USD,128188.84,54938.07,183126.91,R
CL004212,T0022,18-Jul-2025,28-Jul-2025,Professional Indemnity,INR,124562.21,5526496.79,5651059.0,O
CL000206,T0468,15-Sep-2021,27-Sep-2021,Fire & Explosion,USD,20516.29,0.0,20516.29,S
CL005264,T0375,07-Apr-2026,18-Apr-2026,Aviation,USD,21225.3,51508.51,72733.81,O
CL005571,T0667,19-Jun-2026,03-Jul-2026,Aviation,USD,9071.7,9944.61,19016.31,O
CL003792,T0299,14-Feb-2025,29-Mar-2025,Aviation,INR,20621583.64,0.0,20621583.64,S
CL005725,T0623,05-Aug-2026,10-Aug-2026,Cyber,USD,15793.0,0.0,15793.0,S
CL005330,T0085,03-Apr-2026,02-May-2026,Directors & Officers,INR,31363640.03,0.0,31363640.03,S
CL005081,T0607,02-Feb-2026,01-Mar-2026,Cyber,EUR,95853.95,0.0,95853.95,S
CL005167,T0613,11-Mar-2026,24-Mar-2026,Medical Malpractice,USD,33220.18,91565.51,124785.69,O
CL002223,T0420,10-Oct-2023,06-Dec-2023,Fire & Explosion,EUR,165882.07,0.0,165882.07,S
CL000502,T0316,23-Mar-2022,01-Apr-2022,Natural Catastrophe,USD,113652.75,435638.25,549291.0,O
CL002859,T0067,30-Jun-2024,30-Jun-2024,Natural Catastrophe,INR,31105188.23,0.0,31105188.23,S
CL002300,T0148,19-Nov-2023,03-Jan-2024,Workers Compensation,INR,19627178.81,0.0,19627178.81,S
CL004269,T0575,13-Jun-2025,12-Aug-2025,Natural Catastrophe,USD,4095.78,1755.33,5851.11,R
CL000893,T0036,23-Sep-2022,03-Oct-2022,Political Risk,USD,795.29,18699.59,19494.88,O
CL004407,T0391,25-Aug-2025,18-Sep-2025,Natural Catastrophe,INR,1631003.08,699001.32,2330004.4,R
CL004152,T0483,25-Jun-2025,10-Jul-2025,Workers Compensation,USD,76657.11,0.0,76657.11,S
CL003782,T0275,14-Feb-2025,26-Mar-2025,General Liability,USD,82810.18,0.0,82810.18,S
CL003932,T0079,09-Apr-2025,02-May-2025,Fire & Explosion,USD,1360.78,0.0,1360.78,S
CL005655,T0662,04-Jul-2026,26-Jul-2026,Fire & Explosion,USD,3170.43,5115.16,8285.59,O
CL000101,T0506,16-Jun-2021,23-Jun-2021,Medical Malpractice,EUR,11583.91,0.0,11583.91,S
CL001738,T0031,05-May-2023,21-Jun-2023,Workers Compensation,INR,1564158.56,0.0,1564158.56,S
CL000106,T0514,26-Jun-2021,30-Jun-2021,Marine Hull,USD,11956.78,47617.22,59574.0,O
CL002554,T0587,03-Mar-2024,21-Mar-2024,Directors & Officers,EUR,11898.71,0.0,11898.71,S
CL000716,T0144,25-Jul-2022,29-Jul-2022,Auto Liability,USD,199019.49,0.0,199019.49,S
CL001930,T0045,23-Aug-2023,25-Aug-2023,Workers Compensation,USD,150522.04,0.0,150522.04,S
CL000762,T0653,25-Jul-2022,13-Aug-2022,Fire & Explosion,USD,590165.01,0.0,590165.01,S
CL004804,T0166,30-Nov-2025,27-Dec-2025,Aviation,USD,323.07,664.81,987.88,O
CL003702,T0629,23-Feb-2025,01-Mar-2025,Marine Hull,USD,10575.36,0.0,10575.36,S
CL001929,T0531,27-Jul-2023,24-Aug-2023,Medical Malpractice,EUR,20374.76,0.0,20374.76,S
CL004558,T0372,26-Oct-2025,27-Oct-2025,Aviation,EUR,1537310.26,0.0,1537310.26,S
CL002030,T0295,26-Sep-2023,30-Sep-2023,Business Interruption,USD,132640.34,0.0,132640.34,S
CL003499,T0567,16-Oct-2024,06-Jan-2025,Fire & Explosion,INR,9364817.56,0.0,9364817.56,S
CL004215,T0016,15-Jul-2025,29-Jul-2025,Natural Catastrophe,USD,212011.08,0.0,212011.08,S
CL001762,T0435,22-Jun-2023,01-Jul-2023,Cyber,USD,12941.5,0.0,12941.5,S
CL005194,T0643,08-Jan-2026,31-Mar-2026,Fire & Explosion,EUR,114200.7,0.0,114200.7,S
CL004017,T0690,09-May-2025,29-May-2025,Political Risk,USD,7918.36,0.0,7918.36,S
CL000712,T0641,13-Jul-2022,27-Jul-2022,Credit & Surety,USD,77654.28,0.0,77654.28,S
CL005624,T0686,09-Jul-2026,16-Jul-2026,Marine Hull,USD,46030.8,0.0,46030.8,S
CL002646,T0145,14-Apr-2024,15-Apr-2024,Natural Catastrophe,USD,21878.75,0.0,21878.75,S
CL003904,T0634,03-Mar-2025,27-Apr-2025,Credit & Surety,USD,121001.4,368627.61,489629.01,O
CL003906,T0639,15-Feb-2025,27-Apr-2025,Aviation,USD,29209.59,77180.82,106390.41,O
CL000112,T0693,27-Jun-2021,03-Jul-2021,Political Risk,USD,4082.81,0.0,4082.81,S
CL000162,T0161,05-Aug-2021,18-Aug-2021,Credit & Surety,EUR,23843.08,10218.46,34061.54,R
CL003220,T0369,19-Oct-2024,21-Oct-2024,Workers Compensation,USD,203231.96,0.0,203231.96,S
CL005771,T0597,15-Aug-2026,25-Aug-2026,Marine Hull,USD,21978.94,104592.94,126571.88,O
CL003960,T0285,23-Apr-2025,12-May-2025,Aviation,USD,13192.91,46424.67,59617.58,O
CL000624,T0245,04-Mar-2022,09-Jun-2022,Auto Liability,EUR,10590.7,0.0,10590.7,S
CL001448,T0492,14-Mar-2023,18-Mar-2023,Professional Indemnity,USD,435719.16,0.0,435719.16,S
CL003479,T0272,13-Dec-2024,02-Jan-2025,Workers Compensation,USD,716021.92,0.0,716021.92,S
CL000378,T0590,09-Jan-2022,18-Jan-2022,Directors & Officers,USD,491381.49,0.0,491381.49,S
CL001053,T0383,25-Nov-2022,26-Nov-2022,Professional Indemnity,USD,345274.24,0.0,345274.24,S
CL005689,T0024,03-Jun-2026,04-Aug-2026,Marine Hull,USD,13837.66,26179.68,40017.34,O
CL003482,T0616,17-Dec-2024,02-Jan-2025,Aviation,EUR,4675.78,0.0,4675.78,S
CL005641,T0188,27-Jun-2026,21-Jul-2026,Workers Compensation,USD,1873.1,2639.89,4512.99,O
CL004733,T0483,19-Nov-2025,08-Dec-2025,Workers Compensation,USD,7969.19,0.0,7969.19,S
CL004057,T0284,23-May-2025,11-Jun-2025,Credit & Surety,EUR,997323.62,3247361.0,4244684.62,O
CL004087,T0635,08-Jun-2025,17-Jun-2025,Energy,EUR,107860.4,0.0,107860.4,S
CL002047,T0434,26-Sep-2023,04-Oct-2023,Natural Catastrophe,EUR,3441.56,0.0,3441.56,S
CL005610,T0485,23-May-2026,14-Jul-2026,Cyber,EUR,61804.65,83001.46,144806.11,O
CL003294,T0272,03-Nov-2024,09-Nov-2024,Auto Liability,USD,131320.91,0.0,131320.91,S
CL004000,T0438,26-Apr-2025,24-May-2025,Credit & Surety,USD,28211.73,49479.09,77690.82,O
CL003763,T0284,22-Feb-2025,22-Mar-2025,Cyber,EUR,100085.75,42893.89,142979.64,R
CL002121,T0273,13-Oct-2023,27-Oct-2023,Medical Malpractice,EUR,28733.56,12314.39,41047.95,R
CL000259,T0522,18-Sep-2021,30-Oct-2021,Business Interruption,USD,11162.8,4784.05,15946.85,R
CL001806,T0334,02-Jul-2023,12-Jul-2023,Natural Catastrophe,USD,3498.76,9000.62,12499.38,O
CL002844,T0420,13-Apr-2024,25-Jun-2024,Fire & Explosion,EUR,55342.01,0.0,55342.01,S
CL002805,T0455,26-Apr-2024,12-Jun-2024,Fire & Explosion,USD,35297.03,0.0,35297.03,S
CL001662,T0026,21-May-2023,26-May-2023,Auto Liability,USD,21184.97,0.0,21184.97,S
CL003697,T0015,26-Jan-2025,01-Mar-2025,Fire & Explosion,USD,38467.73,0.0,38467.73,S
CL003645,T0395,14-Feb-2025,17-Feb-2025,Auto Liability,USD,5345.63,0.0,5345.63,S
CL001964,T0451,23-May-2023,08-Sep-2023,Political Risk,USD,5071.53,0.0,6241.04,S
CL002356,T0482,01-Jan-2024,20-Jan-2024,Workers Compensation,USD,96556.44,0.0,96556.44,S
CL005547,T0170,10-May-2026,28-Jun-2026,Energy,USD,9491.4,46557.09,56048.49,O
CL003671,T0395,06-Feb-2025,23-Feb-2025,Auto Liability,USD,1028.4,0.0,1028.4,S
CL000564,T0098,11-Apr-2022,30-Apr-2022,Business Interruption,EUR,260235.51,0.0,260235.51,S
CL005629,T0057,02-Jul-2026,18-Jul-2026,Business Interruption,EUR,10570.2,11668.25,22238.45,O
CL001832,T0482,29-Jun-2023,19-Jul-2023,Workers Compensation,USD,185856.58,0.0,185856.58,S
CL002003,T0492,23-Aug-2023,22-Sep-2023,Medical Malpractice,USD,84972.97,0.0,84972.97,S
CL000450,T0361,26-Feb-2022,05-Mar-2022,General Liability,USD,20675.74,0.0,20675.74,S
CL004977,T0110,04-Feb-2026,07-Feb-2026,Natural Catastrophe,USD,561054.37,0.0,561054.37,S
CL001605,T0207,06-May-2023,07-May-2023,Aviation,EUR,295913.31,0.0,295913.31,S
CL003802,T0183,19-Mar-2025,01-Apr-2025,Professional Indemnity,USD,976078.5,0.0,976078.5,S
CL004320,T0495,21-Aug-2025,27-Aug-2025,Business Interruption,INR,1083150.34,1260209.07,2343359.41,O
CL000842,T0042,29-Aug-2022,12-Sep-2022,Political Risk,EUR,3541.94,0.0,3541.94,S
CL003657,T0237,12-Jan-2025,20-Feb-2025,Credit & Surety,USD,49681.75,0.0,49681.75,S
CL005631,T0529,23-Jun-2026,18-Jul-2026,Marine Hull,USD,536395.84,668710.01,1205105.85,O
CL002923,T0517,20-Jul-2024,20-Jul-2024,Directors & Officers,EUR,5956.31,0.0,5956.31,S
CL004116,T0637,27-Jun-2025,28-Jun-2025,Aviation,USD,22664.91,0.0,22664.91,S
CL005070,T0170,27-Feb-2026,27-Feb-2026,Energy,USD,19109.37,61143.9,80253.27,O
CL002432,T0430,01-Feb-2024,12-Feb-2024,Natural Catastrophe,USD,68685.23,0.0,68685.23,S
CL003723,T0071,11-Dec-2024,10-Mar-2025,Marine Hull,EUR,25737.39,0.0,25737.39,S
CL001071,T0083,01-Nov-2022,02-Dec-2022,Auto Liability,INR,13934805.69,0.0,13934805.69,S
CL000409,T0349,19-Jan-2022,07-Feb-2022,Directors & Officers,USD,31066.48,13314.21,44380.69,R
CL005356,T0301,19-Apr-2026,09-May-2026,Auto Liability,USD,677.45,2050.25,2727.7,O
CL001234,T0588,12-Dec-2022,14-Jan-2023,Business Interruption,EUR,30175.21,12932.24,43107.45,R
CL004044,T0192,19-May-2025,07-Jun-2025,Cyber,USD,561.34,13358.9,13920.24,O
CL001941,T0622,10-Aug-2023,31-Aug-2023,Energy,INR,2107889.46,0.0,2107889.46,S
CL000526,T0042,09-Apr-2022,14-Apr-2022,Aviation,EUR,71483.73,0.0,71483.73,S
CL004360,T0199,31-Aug-2025,06-Sep-2025,Marine Hull,INR,736153.27,0.0,736153.27,S
CL000641,T0528,23-May-2022,19-Jun-2022,Marine Hull,USD,31856.8,0.0,31856.8,S
CL002669,T0535,13-Apr-2024,24-Apr-2024,Political Risk,USD,35321.65,0.0,35321.65,S
CL001507,T0466,04-Apr-2023,05-Apr-2023,Business Interruption,USD,106239.24,0.0,106239.24,S
CL004681,T0495,21-Nov-2025,24-Nov-2025,Natural Catastrophe,INR,1846337.61,0.0,1846337.61,S
CL001492,T0251,23-Feb-2023,31-Mar-2023,Workers Compensation,EUR,32362.37,0.0,32362.37,S
CL003104,T0169,27-Jul-2024,19-Sep-2024,Natural Catastrophe,EUR,10602.71,0.0,10602.71,S
CL001239,T0151,23-Nov-2022,16-Jan-2023,Auto Liability,USD,574386.25,0.0,574386.25,S
CL004065,T0638,04-Jun-2025,13-Jun-2025,Auto Liability,USD,209056.91,0.0,209056.91,S
CL004556,T0224,28-Sep-2025,27-Oct-2025,Credit & Surety,USD,48871.79,0.0,48871.79,S
CL001793,T0308,20-Jun-2023,09-Jul-2023,Cyber,USD,9954.14,0.0,9954.14,S
CL001237,T0425,02-Dec-2022,15-Jan-2023,General Liability,USD,284624.63,0.0,284624.63,S
CL003929,T0261,28-Apr-2025,01-May-2025,Workers Compensation,EUR,42459.93,69608.01,112067.94,O
CL004457,T0269,05-Sep-2025,02-Oct-2025,Business Interruption,USD,114159.17,0.0,114159.17,S
CL000577,T0416,04-Apr-2022,09-May-2022,Cyber,USD,37611.69,0.0,37611.69,S
CL002803,T0156,24-Apr-2024,12-Jun-2024,Fire & Explosion,USD,75246.4,0.0,75246.4,S
CL001421,T0258,16-Feb-2023,09-Mar-2023,Marine Hull,USD,23237.39,0.0,23237.39,S
CL000280,T0361,09-Nov-2021,14-Nov-2021,Auto Liability,USD,16213.77,0.0,16213.77,S
CL002250,T0393,11-Nov-2023,19-Dec-2023,Business Interruption,USD,6685.25,0.0,6685.25,S
CL003567,T0072,02-Jan-2025,28-Jan-2025,Natural Catastrophe,USD,4002.26,0.0,4002.26,S
CL003682,T0443,18-Jan-2025,25-Feb-2025,Natural Catastrophe,USD,69178.88,0.0,69178.88,S
CL002485,T0241,28-Jan-2024,29-Feb-2024,Cyber,USD,65126.58,0.0,65126.58,S
CL003572,T0329,22-Jan-2025,29-Jan-2025,Natural Catastrophe,USD,79066.84,0.0,79066.84,S
CL002790,T0086,13-May-2024,09-Jun-2024,Credit & Surety,USD,96484.96,0.0,96484.96,S
CL001232,T0039,08-Dec-2022,14-Jan-2023,Marine Hull,USD,7189.17,0.0,7189.17,S
CL000597,T0006,20-May-2022,26-May-2022,Medical Malpractice,USD,4995.54,2140.94,7136.48,R
CL004846,T0436,02-Dec-2025,08-Jan-2026,Medical Malpractice,USD,4625.21,24128.29,31793.15,O
CL004946,T0198,12-Jan-2026,28-Jan-2026,Natural Catastrophe,USD,178813.44,0.0,178813.44,S
CL000389,T0548,09-Jan-2022,29-Jan-2022,Business Interruption,USD,381059.63,0.0,381059.63,S
CL005636,T0058,06-Apr-2026,20-Jul-2026,Marine Hull,USD,1931.4,5791.01,7722.41,O
CL005977,T0681,13-Aug-2026,30-Sep-2026,Fire & Explosion,USD,16977.0,123857.58,140834.58,O
CL000892,T0631,14-Sep-2022,02-Oct-2022,Credit & Surety,USD,33080.73,0.0,33080.73,S
CL004527,T0261,29-Aug-2025,21-Oct-2025,Auto Liability,EUR,19709.95,234635.21,254345.16,O
CL000864,T0151,12-Sep-2022,20-Sep-2022,Workers Compensation,USD,59624.3,0.0,59624.3,S
CL000856,T0581,23-Aug-2022,15-Sep-2022,Natural Catastrophe,USD,52744.59,0.0,52744.59,S
CL000135,T0558,22-Jul-2021,23-Jul-2021,General Liability,USD,71057.95,0.0,71057.95,S
CL005534,T0075,26-Jun-2026,26-Jun-2026,Natural Catastrophe,USD,231336.58,263073.6,494410.18,O
CL003673,T0173,24-Jan-2025,24-Feb-2025,Medical Malpractice,USD,300251.52,0.0,300251.52,S
CL004762,T0391,29-Nov-2025,15-Dec-2025,Business Interruption,INR,123929.29,2105164.85,2229094.14,O
CL002132,T0123,26-Sep-2023,31-Oct-2023,Business Interruption,USD,321713.03,0.0,321713.03,S
CL000740,T0655,28-Jul-2022,04-Aug-2022,Aviation,EUR,86130.73,0.0,86130.73,S
CL003882,T0600,14-Feb-2025,22-Apr-2025,Natural Catastrophe,USD,91541.77,0.0,91541.77,S
CL000543,T0098,30-Mar-2022,20-Apr-2022,Fire & Explosion,EUR,37498.41,0.0,37498.41,S
CL004059,T0370,28-May-2025,11-Jun-2025,Business Interruption,EUR,25995.24,0.0,25995.24,S
CL000489,T0011,27-Mar-2022,28-Mar-2022,Workers Compensation,EUR,118521.98,0.0,118521.98,S
CL002456,T0242,04-Feb-2024,21-Feb-2024,Marine Hull,USD,88337.72,0.0,88337.72,S
CL004376,T0168,29-Aug-2025,12-Sep-2025,Directors & Officers,USD,2260.19,13350.45,15610.64,O
CL003381,T0063,13-Nov-2024,05-Dec-2024,Credit & Surety,EUR,11976.16,0.0,11976.16,S
CL001859,T0604,23-Jul-2023,29-Jul-2023,Aviation,EUR,29654.69,0.0,29654.69,S
CL000110,T0314,17-Jun-2021,02-Jul-2021,Auto Liability,USD,34505.71,0.0,34505.71,S
CL004462,T0082,25-Sep-2025,04-Oct-2025,Business Interruption,USD,26448.58,78971.47,105420.05,O
CL002147,T0153,03-Oct-2023,04-Nov-2023,Auto Liability,USD,35339.38,0.0,35339.38,S
CL005130,T0662,12-Mar-2026,13-Mar-2026,Fire & Explosion,USD,10010.35,0.0,10010.35,S
CL001687,T0525,19-Feb-2023,05-Jun-2023,Medical Malpractice,USD,347112.21,0.0,347112.21,S
CL000335,T0675,11-Dec-2021,22-Dec-2021,Aviation,USD,22401.74,0.0,22401.74,S
CL004564,T0385,23-Oct-2025,28-Oct-2025,Directors & Officers,USD,49317.8,0.0,49317.8,S
CL001939,T0654,26-May-2023,30-Aug-2023,Natural Catastrophe,USD,53000.21,0.0,53000.21,S
CL000542,T0044,02-Apr-2022,20-Apr-2022,Fire & Explosion,USD,47239.94,0.0,47239.94,S
CL004415,T0198,25-Aug-2025,20-Sep-2025,Fire & Explosion,USD,430721.02,0.0,430721.02,S
CL003516,T0246,27-Dec-2024,12-Jan-2025,General Liability,EUR,327662.12,0.0,392346.97,S
CL003967,T0695,01-May-2025,13-May-2025,Business Interruption,EUR,67085.14,0.0,67085.14,S
CL005408,T0356,13-Apr-2026,20-May-2026,Workers Compensation,USD,4215.28,7608.33,11823.61,O
CL005018,T0495,31-Jan-2026,16-Feb-2026,Business Interruption,INR,796122.08,17866128.42,18662250.5,O
CL000615,T0144,25-May-2022,04-Jun-2022,Workers Compensation,USD,92967.84,0.0,92967.84,S
CL002146,T0148,03-Nov-2023,04-Nov-2023,Workers Compensation,INR,6454819.79,17068302.81,23523122.6,O
CL004982,T0095,24-Jan-2026,08-Feb-2026,Energy,USD,15739.27,0.0,15739.27,S
CL004179,T0071,23-Jun-2025,19-Jul-2025,Aviation,EUR,22266.01,0.0,22266.01,S
CL005936,T0439,03-Sep-2026,30-Sep-2026,Medical Malpractice,USD,7816.92,26656.96,34473.88,O
CL001255,T0267,03-Jan-2023,21-Jan-2023,Aviation,USD,354645.32,0.0,354645.32,S
CL004206,T0657,28-May-2025,25-Jul-2025,Energy,USD,18872.73,0.0,18872.73,S
CL003642,T0584,24-Jan-2025,16-Feb-2025,General Liability,USD,11219.36,0.0,11219.36,S
CL003313,T0275,07-Nov-2024,15-Nov-2024,General Liability,USD,388809.33,0.0,388809.33,S
CL003188,T0328,19-Sep-2024,10-Oct-2024,General Liability,USD,17106.97,0.0,17106.97,S
CL002892,T0519,07-Jun-2024,10-Jul-2024,Business Interruption,EUR,8164.62,0.0,8164.62,S
CL004609,T0298,25-Oct-2025,07-Nov-2025,General Liability,EUR,13514.03,0.0,13514.03,S
CL002287,T0334,06-Nov-2023,29-Dec-2023,Business Interruption,USD,93050.11,0.0,93050.11,S
CL005957,T0579,24-Sep-2026,30-Sep-2026,Credit & Surety,USD,4637.25,0.0,4637.25,S
CL000494,T0217,25-Mar-2022,29-Mar-2022,Marine Hull,EUR,236401.46,0.0,236401.46,S
CL001642,T0680,12-May-2023,18-May-2023,Business Interruption,USD,51355.86,0.0,51355.86,S
CL002668,T0432,03-Apr-2024,24-Apr-2024,Energy,INR,2246219.59,0.0,2246219.59,S
CL005724,T0536,14-Jul-2026,10-Aug-2026,Professional Indemnity,USD,17428.09,31667.0,49095.09,O
CL003280,T0015,07-Aug-2024,05-Nov-2024,Natural Catastrophe,USD,1020135.23,0.0,1020135.23,S
CL000926,T0538,30-Sep-2022,13-Oct-2022,Fire & Explosion,USD,204479.01,0.0,204479.01,S
CL005806,T0563,18-Aug-2026,07-Sep-2026,Cyber,USD,2577.54,13974.39,16551.93,O
CL005583,T0297,17-May-2026,06-Jul-2026,Directors & Officers,USD,3611.07,11740.01,15351.08,O
CL002630,T0571,03-Mar-2024,11-Apr-2024,Business Interruption,USD,9713.21,0.0,9713.21,S
CL002888,T0067,07-Jun-2024,08-Jul-2024,Natural Catastrophe,INR,4263757.83,54238769.92,58502527.75,O
CL001220,T0390,29-Dec-2022,11-Jan-2023,Auto Liability,INR,5575532.56,0.0,5575532.56,S
CL001848,T0384,09-May-2023,25-Jul-2023,Energy,EUR,8902.96,0.0,8902.96,S
CL003495,T0329,17-Dec-2024,05-Jan-2025,Fire & Explosion,USD,27434.73,0.0,27434.73,S
CL004209,T0249,22-Jul-2025,27-Jul-2025,Marine Hull,USD,54450.21,0.0,54450.21,S
CL001443,T0404,12-Feb-2023,16-Mar-2023,Business Interruption,USD,39938.28,636086.39,676024.67,O
CL002514,T0156,13-Feb-2024,09-Mar-2024,Fire & Explosion,USD,139655.19,0.0,139655.19,S
CL000305,T0361,21-Nov-2021,07-Dec-2021,General Liability,USD,313559.91,0.0,313559.91,S
CL001087,T0292,02-Dec-2022,07-Dec-2022,Medical Malpractice,EUR,85747.08,0.0,85747.08,S
CL002200,T0093,02-Oct-2023,27-Nov-2023,Cyber,USD,16169.36,0.0,16169.36,S
CL005284,T0471,17-Mar-2026,22-Apr-2026,Fire & Explosion,EUR,7512.39,0.0,7512.39,S
CL005750,T0397,09-Aug-2026,20-Aug-2026,Fire & Explosion,INR,586853.92,1702974.79,2289828.71,O
CL002113,T0186,10-Jun-2023,25-Oct-2023,Aviation,EUR,290770.62,0.0,290770.62,S
CL003972,T0284,22-Apr-2025,15-May-2025,Directors & Officers,EUR,128680.3,0.0,128680.3,S
CL002243,T0119,14-Dec-2023,15-Dec-2023,Workers Compensation,USD,35642.74,0.0,35642.74,S
CL003924,T0056,28-Apr-2025,30-Apr-2025,Workers Compensation,USD,221820.36,0.0,221820.36,S
CL005833,T0060,07-Sep-2026,14-Sep-2026,Professional Indemnity,USD,2.55,416.91,419.46,O
CL003320,T0335,03-Oct-2024,18-Nov-2024,Political Risk,USD,238948.99,0.0,238948.99,S
CL003839,T0284,18-Mar-2025,11-Apr-2025,Credit & Surety,EUR,338316.85,0.0,338316.85,S
CL005300,T0174,09-Apr-2026,25-Apr-2026,General Liability,USD,97216.06,130447.63,227663.69,O
CL000579,T0499,08-May-2022,10-May-2022,Professional Indemnity,EUR,2216.24,0.0,2216.24,S
CL000179,T0066,21-Jul-2021,05-Sep-2021,Natural Catastrophe,USD,17432.92,0.0,17432.92,S
CL004864,T0188,12-Jan-2026,13-Jan-2026,General Liability,USD,9611.71,22184.24,31795.95,O
CL001225,T0619,01-Jan-2023,12-Jan-2023,Business Interruption,USD,2119.35,0.0,2119.35,S
CL005839,T0172,21-May-2026,16-Sep-2026,Political Risk,EUR,79200.47,0.0,79200.47,S
CL003251,T0532,11-Oct-2024,27-Oct-2024,Auto Liability,EUR,50129.35,0.0,50129.35,S
CL005009,T0447,01-Feb-2026,14-Feb-2026,Aviation,EUR,103102.41,256708.08,359810.49,O
CL005589,T0605,29-Jun-2026,07-Jul-2026,Auto Liability,USD,21676.9,0.0,21676.9,S
CL004322,T0685,24-Jul-2025,27-Aug-2025,General Liability,EUR,353925.06,0.0,353925.06,S
CL000586,T0316,09-May-2022,17-May-2022,Business Interruption,USD,58138.48,0.0,58138.48,S
CL005052,T0607,18-Nov-2025,23-Feb-2026,Directors & Officers,EUR,495731.43,0.0,495731.43,S
CL005466,T0378,05-Jun-2026,05-Jun-2026,Medical Malpractice,INR,120724.41,131604.2,252328.61,O
CL005024,T0379,10-Feb-2026,17-Feb-2026,Credit & Surety,USD,797.07,2626.19,3423.26,O
CL003975,T0603,04-May-2025,16-May-2025,General Liability,INR,54736080.07,0.0,54736080.07,S
CL004275,T0355,21-Jul-2025,13-Aug-2025,Workers Compensation,USD,119757.44,0.0,119757.44,S
CL005933,T0397,06-Sep-2026,30-Sep-2026,Business Interruption,INR,3218516.54,4336932.97,7555449.51,O
CL002860,T0304,27-Jun-2024,30-Jun-2024,Business Interruption,USD,52497.95,0.0,52497.95,S
CL002627,T0264,10-Apr-2024,11-Apr-2024,Professional Indemnity,EUR,504544.67,0.0,504544.67,S
CL003582,T0417,18-Jan-2025,02-Feb-2025,Natural Catastrophe,EUR,332632.2,2029079.55,2361711.75,O
CL001788,T0677,22-Jun-2023,08-Jul-2023,Fire & Explosion,USD,18916.23,0.0,18916.23,S
CL004033,T0603,19-May-2025,04-Jun-2025,Auto Liability,INR,22949586.39,0.0,22949586.39,S
CL005713,T0559,16-May-2026,08-Aug-2026,Business Interruption,USD,216286.37,0.0,216286.37,S
CL001093,T0336,02-Nov-2022,09-Dec-2022,Business Interruption,USD,21830.41,0.0,21830.41,S
CL000910,T0561,19-Sep-2022,07-Oct-2022,Fire & Explosion,USD,150492.64,0.0,150492.64,S
CL002943,T0262,26-Aug-2025,26-Jul-2024,Directors & Officers,EUR,401049.39,0.0,401049.39,S
CL003665,T0696,14-Feb-2025,21-Feb-2025,General Liability,USD,34138.85,0.0,34138.85,S
CL005824,T0194,27-Aug-2026,12-Sep-2026,Fire & Explosion,EUR,73092.57,242785.4,315877.97,O
CL005709,T0194,05-Aug-2026,08-Aug-2026,Fire & Explosion,EUR,16304.68,62819.52,79124.2,O
CL002120,T0137,05-Oct-2023,27-Oct-2023,Professional Indemnity,USD,11233.53,0.0,11233.53,S
CL004028,T0208,02-Jun-2025,03-Jun-2025,Business Interruption,USD,1730441.41,0.0,1730441.41,S
CL004483,T0589,24-Sep-2025,11-Oct-2025,Fire & Explosion,EUR,25297.82,0.0,25297.82,S
CL004839,T0555,20-Nov-2025,04-Jan-2026,Professional Indemnity,USD,234354.57,0.0,234354.57,S
CL000940,T0258,16-Oct-2022,17-Oct-2022,Marine Hull,USD,65048.14,0.0,65048.14,S
CL001390,T0363,01-Feb-2023,01-Mar-2023,Business Interruption,EUR,10647.46,0.0,10647.46,S
CL002295,T0678,11-Nov-2023,31-Dec-2023,Aviation,INR,12622951.73,0.0,12622951.73,S
CL005945,T0501,27-Sep-2026,30-Sep-2026,Cyber,USD,1610.05,6821.79,8431.84,O
CL000726,T0210,13-Jul-2022,31-Jul-2022,Fire & Explosion,USD,7157.68,0.0,7157.68,S
CL002212,T0059,24-Nov-2023,03-Dec-2023,Energy,USD,69821.54,0.0,69821.54,S
CL000089,T0590,07-Jun-2021,17-Jun-2021,Cyber,USD,24217.46,0.0,24217.46,S
CL001111,T0317,09-Oct-2022,14-Dec-2022,Professional Indemnity,USD,313321.69,0.0,313321.69,S
CL004535,T0508,29-Sep-2025,22-Oct-2025,Political Risk,USD,13789.07,23082.4,36871.47,O
CL002254,T0322,14-Dec-2023,20-Dec-2023,Professional Indemnity,USD,929.05,4024.2,4953.25,O
CL001123,T0144,07-Nov-2022,17-Dec-2022,Auto Liability,USD,56684.61,0.0,56684.61,S
CL004623,T0057,24-Oct-2025,11-Nov-2025,Business Interruption,EUR,28121.29,0.0,28121.29,S
CL005566,T0579,28-Jun-2026,01-Jul-2026,Credit & Surety,USD,53690.58,0.0,53690.58,S
CL004124,T0284,02-Apr-2025,02-Jul-2025,Credit & Surety,EUR,202190.58,0.0,202190.58,S
CL002930,T0125,14-Jul-2024,23-Jul-2024,Auto Liability,USD,158502.36,0.0,158502.36,S
CL001876,T0394,03-Aug-2023,04-Aug-2023,Fire & Explosion,USD,52166.71,0.0,52166.71,S
CL001444,T0626,28-Feb-2023,17-Mar-2023,Political Risk,EUR,6515.89,0.0,6515.89,S
CL000198,T0068,06-Aug-2021,21-Sep-2021,Fire & Explosion,USD,165040.37,0.0,165040.37,S
CL000171,T0068,16-Aug-2021,29-Aug-2021,Business Interruption,USD,28029.89,0.0,28029.89,S
CL001909,T0393,13-Aug-2023,18-Aug-2023,Business Interruption,USD,97782.01,0.0,97782.01,S
CL004862,T0652,25-Dec-2025,12-Jan-2026,Aviation,INR,2084457.33,6296591.14,8381048.47,O
CL003383,T0091,14-Oct-2024,05-Dec-2024,General Liability,USD,130441.65,0.0,130441.65,S
CL001814,T0394,24-Jun-2023,14-Jul-2023,Fire & Explosion,USD,2469.29,27867.71,30337.0,O
CL002736,T0271,10-May-2024,18-May-2024,Political Risk,EUR,267.54,9146.63,9414.17,O
CL002374,T0238,19-Jan-2024,25-Jan-2024,Workers Compensation,USD,5637.77,2416.19,8053.96,R
CL005214,T0605,28-Feb-2026,04-Apr-2026,Workers Compensation,USD,76201.32,82293.32,158494.64,O
CL002658,T0482,01-Mar-2024,21-Apr-2024,General Liability,USD,58952.91,0.0,58952.91,S
CL001308,T0538,28-Jan-2023,06-Feb-2023,Natural Catastrophe,USD,160153.87,0.0,160153.87,S
CL002392,T0241,02-Dec-2023,30-Jan-2024,Directors & Officers,USD,31688.28,0.0,31688.28,S
CL000959,T0113,15-Oct-2022,26-Oct-2022,Medical Malpractice,INR,2068075.23,0.0,2068075.23,S
CL004616,T0071,29-Sep-2025,09-Nov-2025,Aviation,EUR,66945.57,0.0,66945.57,S
CL001592,T0610,26-Mar-2023,02-May-2023,Fire & Explosion,USD,203143.42,0.0,203143.42,S
CL001303,T0612,27-Jan-2023,04-Feb-2023,Workers Compensation,USD,160253.75,0.0,160253.75,S
CL003748,T0289,30-Jan-2025,16-Mar-2025,Political Risk,USD,53400.55,0.0,53400.55,S
CL001962,T0145,18-Aug-2023,08-Sep-2023,Business Interruption,USD,6544.56,0.0,6544.56,S
CL003048,T0237,29-Aug-2024,02-Sep-2024,Directors & Officers,USD,63141.15,27060.5,90201.65,R
CL002575,T0084,27-Jan-2024,29-Mar-2024,Political Risk,USD,88417.56,0.0,88417.56,S
CL001121,T0619,23-Nov-2022,16-Dec-2022,Fire & Explosion,USD,55764.19,0.0,55764.19,S
CL003437,T0019,05-Nov-2024,21-Dec-2024,Directors & Officers,USD,13393.8,0.0,13393.8,S
CL000688,T0349,03-Jul-2022,17-Jul-2022,Cyber,USD,33971.31,0.0,33971.31,S
CL005106,T0479,01-Mar-2026,07-Mar-2026,Workers Compensation,GBP,4565.32,18801.93,23367.25,O
CL004687,T0633,25-Nov-2025,26-Nov-2025,Professional Indemnity,USD,1294.5,7590.64,8885.14,O
CL000834,T0150,23-Aug-2022,09-Sep-2022,Workers Compensation,USD,92450.67,0.0,92450.67,S
CL004387,T0409,22-Aug-2025,13-Sep-2025,Auto Liability,EUR,141735.28,0.0,141735.28,S
CL001706,T0093,21-Mar-2023,11-Jun-2023,Cyber,USD,10601.29,0.0,10601.29,S
CL003923,T0599,10-Apr-2025,29-Apr-2025,Auto Liability,USD,8915.07,0.0,8915.07,S
CL002376,T0415,28-Dec-2023,25-Jan-2024,Aviation,INR,1924391.43,12006269.97,13930661.4,O
CL003434,T0532,28-Nov-2024,19-Dec-2024,Workers Compensation,EUR,9301.97,0.0,9301.97,S
CL004515,T0643,03-Oct-2025,16-Oct-2025,Fire & Explosion,EUR,59734.28,0.0,59734.28,S
CL005719,T0683,23-Apr-2026,09-Aug-2026,Workers Compensation,USD,17598.53,25773.16,43371.69,O
CL002865,T0368,27-May-2024,02-Jul-2024,Cyber,GBP,63202.35,0.0,63202.35,S
CL001055,T0176,13-Nov-2022,27-Nov-2022,Professional Indemnity,USD,27373.76,0.0,27373.76,S
CL005292,T0575,19-Nov-2025,23-Apr-2026,Fire & Explosion,USD,24930.92,26782.4,51713.32,O
CL003717,T0398,11-Feb-2025,08-Mar-2025,Natural Catastrophe,EUR,168921.51,0.0,168921.51,S
CL004175,T0284,19-May-2025,17-Jul-2025,Cyber,EUR,239966.36,0.0,239966.36,S
CL003174,T0157,07-Oct-2024,07-Oct-2024,Political Risk,USD,24556.05,0.0,24556.05,S
CL003244,T0469,22-Jul-2024,26-Oct-2024,Energy,USD,21376.75,0.0,21376.75,S
CL000416,T0468,18-Aug-2021,10-Feb-2022,Business Interruption,USD,16163.1,0.0,16163.1,S
CL002851,T0498,26-Jun-2024,27-Jun-2024,General Liability,USD,3400.03,0.0,3400.03,S
CL000749,T0150,17-Jul-2022,09-Aug-2022,General Liability,USD,75889.27,0.0,75889.27,S
CL005199,T0441,23-Mar-2026,02-Apr-2026,Credit & Surety,USD,6104.23,164413.73,170517.96,O
CL001785,T0148,03-Jul-2023,08-Jul-2023,Auto Liability,INR,3747888.9,0.0,3747888.9,S
CL004459,T0030,01-Oct-2025,03-Oct-2025,Fire & Explosion,USD,7487.96,0.0,7487.96,S
CL001660,T0322,13-May-2023,25-May-2023,Medical Malpractice,USD,21417.01,0.0,21417.01,S
CL003690,T0114,24-Feb-2025,27-Feb-2025,Professional Indemnity,USD,173703.96,0.0,173703.96,S
CL002542,T0271,14-Mar-2024,18-Mar-2024,Political Risk,EUR,12192.89,0.0,12192.89,S
CL003926,T0450,20-Mar-2025,30-Apr-2025,General Liability,USD,282355.3,0.0,282355.3,S
CL002353,T0136,23-Dec-2023,19-Jan-2024,Auto Liability,USD,167040.74,0.0,167040.74,S
CL004409,T0637,26-Jul-2025,18-Sep-2025,Energy,USD,13586.59,0.0,13586.59,S
CL004029,T0261,29-May-2025,03-Jun-2025,Workers Compensation,EUR,273860.53,0.0,273860.53,S
CL004920,T0488,11-Jan-2026,24-Jan-2026,Fire & Explosion,USD,84698.67,686519.03,771217.7,O
CL002103,T0186,15-Oct-2023,21-Oct-2023,Political Risk,EUR,290057.56,0.0,290057.56,S
CL004750,T0683,21-Nov-2025,11-Dec-2025,General Liability,USD,27320.06,0.0,27320.06,S
CL000330,T0453,21-Nov-2021,18-Dec-2021,Professional Indemnity,USD,328910.75,0.0,328910.75,S
CL005444,T0135,03-May-2026,31-May-2026,General Liability,EUR,100442.58,0.0,100442.58,S
CL000782,T0206,11-Jun-2022,22-Aug-2022,Business Interruption,INR,6727153.12,0.0,6727153.12,S
CL004685,T0249,18-Oct-2025,26-Nov-2025,Aviation,USD,185216.96,0.0,185216.96,S
CL005346,T0046,11-Mar-2026,07-May-2026,Credit & Surety,EUR,3016.98,14786.15,17803.13,O
CL000256,T0544,17-Oct-2021,29-Oct-2021,Cyber,USD,488348.94,0.0,488348.94,S
CL001835,T0622,14-Jul-2023,20-Jul-2023,Aviation,INR,604339.45,0.0,604339.45,S
CL003712,T0436,09-Jan-2025,05-Mar-2025,Professional Indemnity,USD,58276.06,108025.19,166301.25,O
CL005717,T0503,08-Jun-2026,09-Aug-2026,Energy,USD,53992.21,0.0,53992.21,S
CL000976,T0363,13-Oct-2022,01-Nov-2022,Business Interruption,EUR,10378.35,0.0,10378.35,S
CL002381,T0569,16-Jan-2024,26-Jan-2024,Auto Liability,USD,191516.18,0.0,191516.18,S
CL001280,T0610,12-Jan-2023,28-Jan-2023,Business Interruption,USD,353538.4,0.0,353538.4,X
CL001646,T0250,20-May-2023,20-May-2023,Marine Hull,EUR,116013.01,0.0,116013.01,S
CL002142,T0377,18-Oct-2023,03-Nov-2023,Workers Compensation,USD,56778.47,0.0,56778.47,S
CL004931,T0013,05-Nov-2025,26-Jan-2026,Business Interruption,USD,58329.92,0.0,58329.92,S
CL001716,T0434,16-May-2023,12-Jun-2023,Business Interruption,EUR,327733.02,0.0,327733.02,S
CL000841,T0581,30-Aug-2022,11-Sep-2022,Natural Catastrophe,USD,11255.36,0.0,11255.36,S
CL000764,T0554,14-Aug-2022,14-Aug-2022,Political Risk,EUR,20530.45,0.0,20530.45,S
CL005256,T0057,15-Apr-2026,17-Apr-2026,Fire & Explosion,EUR,124.43,3410.11,3534.54,O
CL002071,T0574,23-Sep-2023,11-Oct-2023,Workers Compensation,EUR,33206.41,0.0,33206.41,S
CL005835,T0379,14-Sep-2026,15-Sep-2026,Directors & Officers,USD,16212.8,32095.73,48308.53,O
CL001009,T0144,07-Oct-2022,10-Nov-2022,Auto Liability,USD,74037.72,0.0,74037.72,S
CL000025,T0431,27-Mar-2021,29-Mar-2021,Professional Indemnity,USD,1159411.41,0.0,1159411.41,S
CL005225,T0064,27-Mar-2026,08-Apr-2026,Fire & Explosion,USD,215055.48,265564.15,480619.63,O
CL004921,T0575,11-Jan-2026,24-Jan-2026,Natural Catastrophe,USD,1358.6,2285.94,3644.54,O
CL000765,T0630,12-Aug-2022,14-Aug-2022,Auto Liability,USD,15716.04,0.0,15716.04,S
CL002159,T0516,29-Oct-2023,09-Nov-2023,Professional Indemnity,USD,59884.59,0.0,59884.59,S
CL001278,T0396,19-Jan-2023,28-Jan-2023,Aviation,USD,124183.19,0.0,124183.19,S
CL003912,T0599,27-Feb-2025,28-Apr-2025,Workers Compensation,USD,2741.19,0.0,2741.19,S
CL002123,T0394,15-Oct-2023,27-Oct-2023,Natural Catastrophe,USD,23124.73,0.0,23124.73,S
CL002706,T0136,27-Apr-2024,06-May-2024,General Liability,USD,96446.05,0.0,96446.05,S
CL000193,T0231,11-Jun-2021,19-Sep-2021,Workers Compensation,USD,182933.32,0.0,182933.32,S
CL005623,T0495,05-Jul-2026,16-Jul-2026,Fire & Explosion,INR,3198720.99,4153511.77,7352232.76,O
CL002453,T0137,17-Feb-2024,19-Feb-2024,Professional Indemnity,USD,139279.48,0.0,139279.48,S
CL005283,T0087,26-Mar-2026,22-Apr-2026,Natural Catastrophe,USD,491628.24,582136.46,1073764.7,O
CL004698,T0291,07-Nov-2025,30-Nov-2025,Fire & Explosion,USD,187549.86,0.0,187549.86,S
CL001851,T0315,03-Jul-2023,26-Jul-2023,Auto Liability,USD,9790.37,0.0,9790.37,S
CL003598,T0033,02-Feb-2025,06-Feb-2025,Workers Compensation,USD,36166.15,0.0,36166.15,S
CL005561,T0035,24-Jun-2026,01-Jul-2026,Business Interruption,USD,58704.26,148890.21,207594.47,O
CL004185,T0651,28-Jun-2025,19-Jul-2025,Directors & Officers,USD,3605.01,0.0,3605.01,S
CL001172,T0113,24-Dec-2022,29-Dec-2022,Professional Indemnity,INR,1308334.4,0.0,1308334.4,S
CL004925,T0166,18-Jan-2026,25-Jan-2026,Energy,USD,5212.89,11152.39,16365.28,O
CL002649,T0264,01-Mar-2024,16-Apr-2024,Medical Malpractice,EUR,180492.84,77354.08,257846.92,R
CL001432,T0507,24-Feb-2023,12-Mar-2023,Directors & Officers,USD,36973.5,0.0,36973.5,S
CL004501,T0523,10-Oct-2025,14-Oct-2025,Natural Catastrophe,EUR,19309.87,0.0,19309.87,S
CL002163,T0699,11-Nov-2023,11-Nov-2023,Business Interruption,USD,66267.32,0.0,66267.32,S
CL000632,T0410,13-Jun-2022,13-Jun-2022,Credit & Surety,USD,147689.48,0.0,147689.48,S
CL000786,T0206,07-Jul-2022,24-Aug-2022,Fire & Explosion,INR,75481.68,0.0,75481.68,S
CL000200,T0175,13-Aug-2021,24-Sep-2021,Workers Compensation,USD,280297.54,0.0,280297.54,S
CL002521,T0454,07-Mar-2024,11-Mar-2024,Energy,USD,15665.83,6713.93,22379.76,R
CL005490,T0297,08-Jun-2026,11-Jun-2026,Cyber,USD,24696.35,44812.15,69508.5,O
CL001679,T0384,25-May-2023,02-Jun-2023,Political Risk,EUR,9613.41,101029.45,110642.86,O
CL001095,T0636,01-Dec-2022,09-Dec-2022,General Liability,EUR,2350.51,3507.16,5857.67,O
CL001583,T0059,28-Apr-2023,30-Apr-2023,Energy,USD,121831.18,0.0,121831.18,S
CL001302,T0538,24-Nov-2022,04-Feb-2023,Natural Catastrophe,USD,284105.12,0.0,284105.12,S
CL001276,T0193,15-Jan-2023,28-Jan-2023,Business Interruption,USD,26541.27,0.0,26541.27,S
CL000645,T0349,13-Jun-2022,21-Jun-2022,Cyber,USD,71260.34,0.0,71260.34,S
CL003892,T0226,12-Apr-2025,25-Apr-2025,Business Interruption,USD,231043.46,0.0,231043.46,S
CL001401,T0655,15-Feb-2023,03-Mar-2023,Marine Hull,EUR,146052.33,0.0,146052.33,S
CL002014,T0126,20-Aug-2023,25-Sep-2023,Natural Catastrophe,USD,44288.01,0.0,44288.01,S
CL005597,T0310,09-Jun-2026,09-Jul-2026,Natural Catastrophe,USD,5818.89,7602.06,17513.51,O
CL002853,T0086,05-Jun-2024,28-Jun-2024,Credit & Surety,USD,472201.0,0.0,472201.0,S
CL005891,T0013,09-Aug-2026,30-Sep-2026,Fire & Explosion,USD,6943.77,13678.6,20622.37,O
CL005136,T0344,14-Jan-2026,15-Mar-2026,Business Interruption,USD,6827.95,7397.62,14225.57,O
CL002061,T0525,02-Oct-2023,09-Oct-2023,Professional Indemnity,USD,297044.19,0.0,297044.19,S
CL003161,T0438,15-Sep-2024,03-Oct-2024,Credit & Surety,USD,66085.36,0.0,66085.36,S
CL003795,T0696,23-Mar-2025,29-Mar-2025,Workers Compensation,USD,502185.98,0.0,502185.98,S
CL001333,T0251,08-Jan-2023,12-Feb-2023,General Liability,EUR,18637.04,0.0,18637.04,S
CL001089,T0036,24-Nov-2022,08-Dec-2022,Aviation,USD,22435.98,0.0,22435.98,S
CL002776,T0454,06-May-2024,03-Jun-2024,Aviation,USD,8887.43,0.0,8887.43,S
CL005303,T0564,10-Feb-2026,25-Apr-2026,Directors & Officers,INR,5522279.04,9007565.57,14529844.61,O
CL005618,T0527,05-Jun-2026,15-Jul-2026,Cyber,EUR,20185.34,309553.26,329738.6,O
CL000070,T0511,28-May-2021,30-May-2021,Fire & Explosion,USD,358368.54,0.0,358368.54,S
CL004493,T0526,10-Oct-2025,13-Oct-2025,Medical Malpractice,EUR,125094.38,0.0,125094.38,S
CL000520,T0003,05-Apr-2022,10-Apr-2022,Directors & Officers,EUR,36914.63,0.0,36914.63,S
CL000729,T0340,23-Jul-2022,01-Aug-2022,Natural Catastrophe,USD,585632.08,0.0,585632.08,S
CL004317,T0568,24-Aug-2025,26-Aug-2025,Business Interruption,INR,15768867.02,0.0,15768867.02,S
CL002172,T0645,09-Nov-2023,17-Nov-2023,Fire & Explosion,EUR,29676.55,0.0,29676.55,S
CL000296,T0419,25-Nov-2021,26-Nov-2021,Fire & Explosion,USD,10313.86,0.0,10313.86,S
CL004396,T0450,05-Sep-2025,14-Sep-2025,Auto Liability,USD,123747.59,346579.29,470326.88,O
CL004767,T0564,16-Dec-2025,17-Dec-2025,Cyber,INR,66790562.15,0.0,66790562.15,S
CL000611,T0499,31-May-2022,02-Jun-2022,Professional Indemnity,EUR,35088.31,0.0,35088.31,S
CL000995,T0287,28-Oct-2022,04-Nov-2022,Political Risk,EUR,177169.93,0.0,177169.93,S
CL001869,T0049,07-Jun-2023,03-Aug-2023,Cyber,USD,67013.79,0.0,67013.79,S
CL001538,T0457,25-Mar-2023,14-Apr-2023,Business Interruption,USD,107868.21,0.0,107868.21,S
CL000314,T0514,06-Nov-2021,11-Dec-2021,Marine Hull,USD,140230.88,0.0,140230.88,S
CL003662,T0040,14-Feb-2025,21-Feb-2025,General Liability,USD,26246.43,0.0,26246.43,S
CL004749,T0575,02-Oct-2025,11-Dec-2025,Fire & Explosion,USD,5372.5,5690.12,11062.62,O
CL000559,T0669,25-Apr-2022,27-Apr-2022,Business Interruption,USD,35484.13,84659.94,120144.07,O
CL004808,T0097,12-Aug-2025,28-Dec-2025,Medical Malpractice,EUR,5042.53,23113.3,28155.83,O
CL002428,T0608,09-Jan-2024,10-Feb-2024,Cyber,USD,12854.37,42271.82,55126.19,O
CL002201,T0167,13-Nov-2023,27-Nov-2023,Medical Malpractice,USD,127772.0,0.0,127772.0,S
CL002619,T0570,04-Apr-2024,08-Apr-2024,Credit & Surety,INR,30864860.68,0.0,30864860.68,S
CL002464,T0505,21-Feb-2024,23-Feb-2024,Fire & Explosion,USD,746111.33,0.0,746111.33,S
CL000003,T0140,27-Jan-2021,01-Feb-2021,General Liability,EUR,304719.03,959704.85,1264423.88,O
CL000464,T0088,06-Feb-2022,13-Mar-2022,Business Interruption,USD,825.22,3265.02,4090.24,O
CL003073,T0472,14-Aug-2024,09-Sep-2024,Fire & Explosion,USD,19692.69,0.0,19692.69,S
CL003767,T0500,19-Jan-2025,22-Mar-2025,Directors & Officers,USD,251288.87,0.0,251288.87,S
CL002785,T0271,25-Apr-2024,07-Jun-2024,Energy,EUR,3390.89,0.0,3390.89,S
CL001847,T0290,14-May-2023,25-Jul-2023,General Liability,USD,84788.51,0.0,84788.51,S
CL000155,T0139,28-Jul-2021,09-Aug-2021,Credit & Surety,EUR,657.2,1428.77,2085.97,O
CL003769,T0038,01-Mar-2025,23-Mar-2025,Business Interruption,USD,116849.78,0.0,116849.78,S
CL005074,T0427,27-Feb-2026,27-Feb-2026,Political Risk,USD,8802.18,23408.4,32210.58,O
CL003022,T0272,23-Aug-2024,24-Aug-2024,Auto Liability,USD,444586.24,0.0,444586.24,S
CL002199,T0050,14-Nov-2023,27-Nov-2023,Workers Compensation,EUR,81758.3,0.0,81758.3,S
CL002109,T0570,26-Aug-2023,24-Oct-2023,Credit & Surety,INR,24659818.96,0.0,24659818.96,S
CL000704,T0144,21-Jul-2022,26-Jul-2022,Workers Compensation,USD,60713.31,0.0,60713.31,S
CL003750,T0546,23-Feb-2025,16-Mar-2025,Fire & Explosion,USD,151138.79,0.0,151138.79,S
CL004184,T0459,31-May-2025,19-Jul-2025,Aviation,USD,11423.21,0.0,11423.21,S
CL001557,T0031,06-Apr-2023,20-Apr-2023,Workers Compensation,INR,9094232.71,0.0,9094232.71,S
CL001563,T0238,19-Apr-2023,22-Apr-2023,General Liability,USD,4512.29,0.0,4512.29,S
CL004079,T0284,02-Jun-2025,16-Jun-2025,Credit & Surety,EUR,384750.23,0.0,384750.23,S
CL000935,T0466,27-Sep-2022,15-Oct-2022,Fire & Explosion,USD,52229.2,0.0,52229.2,S
CL005007,T0668,29-Jan-2026,13-Feb-2026,Aviation,INR,6209408.97,11155631.39,17365040.36,O
CL002921,T0377,15-Jul-2024,20-Jul-2024,General Liability,USD,49660.5,0.0,49660.5,S
CL000396,T0175,29-Dec-2021,02-Feb-2022,General Liability,USD,34015.57,0.0,34015.57,S
CL005852,T0583,10-Sep-2026,19-Sep-2026,Natural Catastrophe,GBP,25890.68,0.0,25890.68,S
CL000663,T0229,17-May-2022,30-Jun-2022,Business Interruption,USD,1414.51,2255.42,3669.93,O
CL002463,T0502,11-Feb-2024,23-Feb-2024,Workers Compensation,INR,30575.45,0.0,30575.45,S
CL003268,T0299,21-Oct-2024,30-Oct-2024,Marine Hull,INR,16608524.71,0.0,16608524.71,S
CL005605,T0670,30-Apr-2026,12-Jul-2026,Aviation,USD,38885.43,0.0,38885.43,S
CL000059,T0380,11-May-2021,15-May-2021,Natural Catastrophe,EUR,19247.03,0.0,19247.03,S
CL005332,T0543,06-Apr-2026,02-May-2026,Professional Indemnity,USD,5795.67,9409.97,15205.64,O
CL002962,T0469,01-Jul-2024,31-Jul-2024,Political Risk,USD,712453.1,2849812.38,3562265.48,O
CL002131,T0084,13-Oct-2023,31-Oct-2023,Aviation,USD,588816.45,0.0,588816.45,S
CL000558,T0410,25-Apr-2022,27-Apr-2022,Cyber,USD,58666.15,0.0,58666.15,S
CL001148,T0390,15-Dec-2022,24-Dec-2022,Auto Liability,INR,2922839.52,0.0,2922839.52,S
CL000692,T0687,14-Jul-2022,20-Jul-2022,Auto Liability,USD,74214.39,0.0,74214.39,S
CL003710,T0652,17-Feb-2025,04-Mar-2025,Political Risk,INR,14558927.83,6239540.5,20798468.33,R
CL001612,T0130,17-Apr-2023,09-May-2023,Auto Liability,USD,80043.87,0.0,80043.87,S
CL004434,T0220,26-Aug-2025,25-Sep-2025,General Liability,EUR,745.47,5135.07,5880.54,O
CL000299,T0104,29-Nov-2021,29-Nov-2021,Professional Indemnity,USD,68257.99,0.0,68257.99,S
CL001181,T0036,17-Dec-2022,31-Dec-2022,Energy,USD,236091.54,0.0,236091.54,S
CL003853,T0261,22-Mar-2025,15-Apr-2025,Auto Liability,EUR,1071152.4,0.0,1071152.4,S
CL001936,T0336,11-Jun-2023,30-Aug-2023,Natural Catastrophe,USD,190282.35,0.0,190282.35,S
CL002754,T0666,24-Mar-2024,25-May-2024,Aviation,GBP,136640.53,0.0,136640.53,S
CL001901,T0451,29-Jul-2023,14-Aug-2023,Energy,USD,39608.12,0.0,39608.12,S
CL001339,T0363,30-Jan-2023,13-Feb-2023,Business Interruption,EUR,37107.04,0.0,37107.04,S
CL003117,T0347,02-Sep-2024,23-Sep-2024,Auto Liability,EUR,47499.8,301619.34,349119.14,O
CL005169,T0184,19-Mar-2026,25-Mar-2026,Auto Liability,EUR,3345.47,0.0,3345.47,S
CL002050,T0009,11-Sep-2023,07-Oct-2023,Directors & Officers,USD,214710.41,0.0,214710.41,S
CL005648,T0523,08-Jun-2026,23-Jul-2026,Business Interruption,EUR,1912.89,8095.69,10008.58,O
CL001406,T0626,24-Feb-2023,04-Mar-2023,Marine Hull,EUR,184211.04,0.0,184211.04,S
CL001894,T0415,07-Jul-2023,12-Aug-2023,Energy,INR,3487372.32,0.0,3487372.32,S
CL003724,T0443,13-Feb-2025,10-Mar-2025,Fire & Explosion,USD,593398.37,0.0,593398.37,S
CL003114,T0239,10-Sep-2024,22-Sep-2024,Professional Indemnity,USD,100316.05,0.0,100316.05,S
CL005307,T0557,22-Feb-2026,26-Apr-2026,Aviation,EUR,23086.68,69988.95,93075.63,O
CL004418,T0436,14-Sep-2025,20-Sep-2025,Professional Indemnity,USD,33801.89,0.0,33801.89,S
CL004820,T0601,05-Nov-2025,29-Dec-2025,Auto Liability,EUR,74909.72,0.0,74909.72,S
CL002846,T0165,02-Jun-2024,26-Jun-2024,General Liability,EUR,33914.49,0.0,33914.49,S
CL005125,T0089,14-Feb-2026,12-Mar-2026,Credit & Surety,USD,27695.84,0.0,27695.84,S
CL001601,T0286,27-Apr-2023,06-May-2023,Political Risk,EUR,491350.65,0.0,491350.65,S
CL000088,T0542,27-May-2021,14-Jun-2021,Political Risk,USD,29194.31,0.0,29194.31,S
CL001566,T0617,29-Mar-2023,23-Apr-2023,Workers Compensation,INR,974073.2,0.0,974073.2,S
CL004471,T0568,23-Sep-2025,06-Oct-2025,Business Interruption,INR,8436788.24,21788773.98,30225562.22,O
CL004626,T0695,11-Nov-2025,11-Nov-2025,Fire & Explosion,EUR,195744.69,0.0,195744.69,S
CL001054,T0680,11-Nov-2022,26-Nov-2022,Natural Catastrophe,USD,13771.83,0.0,13771.83,S
CL004073,T0063,08-May-2025,15-Jun-2025,Cyber,EUR,1922.96,3701.57,5624.53,O
CL000098,T0175,16-Jun-2021,22-Jun-2021,Workers Compensation,USD,18582.79,0.0,18582.79,S
CL000214,T0073,25-Aug-2021,02-Oct-2021,General Liability,EUR,96310.27,0.0,96310.27,S
CL002341,T0218,09-Feb-2025,15-Jan-2024,Fire & Explosion,EUR,7114.98,0.0,7114.98,S
CL002549,T0430,11-Mar-2024,20-Mar-2024,Fire & Explosion,USD,3005.14,54846.96,57852.1,O
CL004009,T0663,07-May-2025,25-May-2025,General Liability,EUR,128347.29,0.0,128347.29,S
CL002072,T0593,25-Sep-2023,11-Oct-2023,Marine Hull,USD,250723.81,0.0,250723.81,S
CL003593,T0417,09-Jan-2025,04-Feb-2025,Natural Catastrophe,EUR,376122.76,0.0,376122.76,S
CL004330,T0284,03-Aug-2025,29-Aug-2025,Directors & Officers,EUR,28353.58,49394.09,77747.67,O
CL004550,T0212,04-Oct-2025,26-Oct-2025,Workers Compensation,EUR,1535601.04,0.0,1535601.04,S
CL003941,T0696,25-Apr-2025,05-May-2025,Workers Compensation,USD,34679.34,80960.22,115639.56,O
CL004832,T0203,06-Dec-2025,02-Jan-2026,Political Risk,INR,12606641.84,0.0,12606641.84,S
CL003283,T0443,24-Oct-2024,05-Nov-2024,Natural Catastrophe,USD,24811.66,0.0,24811.66,S
CL004518,T0087,22-Sep-2025,19-Oct-2025,Natural Catastrophe,USD,23988.66,26308.9,50297.56,O
CL004394,T0303,26-Aug-2025,14-Sep-2025,Business Interruption,USD,3234.08,84040.41,87274.49,O
CL004897,T0408,06-Jan-2026,19-Jan-2026,Professional Indemnity,USD,57758.03,294402.54,352160.57,O
CL000222,T0693,31-Aug-2021,08-Oct-2021,Political Risk,USD,1145.4,0.0,1145.4,S
CL000122,T0309,18-May-2021,12-Jul-2021,General Liability,EUR,5713.09,0.0,5713.09,S
CL002415,T0043,24-Jan-2024,06-Feb-2024,Credit & Surety,EUR,4264.09,0.0,4264.09,S
CL005479,T0439,14-May-2026,08-Jun-2026,Medical Malpractice,USD,16046.29,19087.91,35134.2,O
CL001795,T0322,20-May-2023,09-Jul-2023,Professional Indemnity,USD,2313.3,0.0,2313.3,S
CL004433,T0183,29-Aug-2025,25-Sep-2025,Professional Indemnity,USD,47567.3,0.0,47567.3,S
CL002378,T0153,14-Jan-2024,26-Jan-2024,General Liability,USD,143783.35,0.0,143783.35,S
CL002150,T0021,18-Oct-2023,06-Nov-2023,Professional Indemnity,USD,131526.31,0.0,131526.31,S
CL001077,T0363,24-Nov-2022,03-Dec-2022,Business Interruption,EUR,180911.95,0.0,180911.95,S
CL003687,T0469,18-Feb-2025,26-Feb-2025,Political Risk,USD,29119.65,0.0,29119.65,S
CL000031,T0542,18-Mar-2021,13-Apr-2021,Energy,USD,18874.47,0.0,18874.47,S
CL005700,T0583,29-Jul-2026,05-Aug-2026,Natural Catastrophe,GBP,229131.95,0.0,229131.95,S
CL002536,T0699,21-Feb-2024,16-Mar-2024,Fire & Explosion,USD,918634.44,0.0,918634.44,S
CL000814,T0250,31-Aug-2022,03-Sep-2022,Energy,EUR,20471.19,0.0,20471.19,S
CL002867,T0426,11-May-2024,02-Jul-2024,Business Interruption,USD,35621.26,0.0,35621.26,S
CL003601,T0302,03-Feb-2025,06-Feb-2025,Directors & Officers,EUR,21276.13,0.0,21276.13,S
CL005072,T0346,21-Jan-2026,27-Feb-2026,General Liability,EUR,29227.06,48462.19,77689.25,O
CL000695,T0672,19-Jun-2022,22-Jul-2022,Business Interruption,USD,82750.14,0.0,82750.14,S
CL003755,T0195,13-Mar-2025,20-Mar-2025,Natural Catastrophe,INR,11313466.94,0.0,11313466.94,S
CL002644,T0666,08-Apr-2024,14-Apr-2024,Energy,GBP,109681.45,0.0,109681.45,S
CL005222,T0400,22-Mar-2026,06-Apr-2026,Business Interruption,USD,1468739.19,0.0,2033469.31,S
CL004588,T0158,22-Oct-2025,03-Nov-2025,Auto Liability,USD,9724.31,22732.97,32457.28,O
CL002971,T0424,01-Jul-2024,04-Aug-2024,Cyber,USD,475216.45,0.0,475216.45,S
CL003477,T0484,06-Dec-2024,01-Jan-2025,Fire & Explosion,EUR,113719.78,0.0,113719.78,S
CL002053,T0112,17-Sep-2023,08-Oct-2023,Fire & Explosion,USD,585.83,4227.29,4813.12,O
CL002051,T0480,14-Aug-2023,07-Oct-2023,Auto Liability,EUR,165704.15,0.0,165704.15,S
CL004898,T0500,28-Oct-2025,19-Jan-2026,Directors & Officers,USD,156892.52,0.0,156892.52,S
CL000812,T0493,19-Jul-2022,01-Sep-2022,Credit & Surety,USD,185747.57,0.0,185747.57,S
CL000224,T0197,05-Oct-2021,10-Oct-2021,Cyber,USD,56160.77,0.0,56160.77,S
CL004883,T0198,03-Dec-2025,17-Jan-2026,Business Interruption,USD,129909.87,0.0,129909.87,S
CL005293,T0187,23-Mar-2026,24-Apr-2026,Business Interruption,INR,14015606.92,22076178.39,36091785.31,O
CL000006,T0175,11-Feb-2021,13-Feb-2021,General Liability,USD,39482.42,0.0,39482.42,S
CL004401,T0524,30-Aug-2025,16-Sep-2025,General Liability,USD,86094.9,0.0,86094.9,S
CL004987,T0524,06-Jan-2026,09-Feb-2026,Auto Liability,USD,573.46,134122.81,134696.27,O
CL005635,T0213,10-Jul-2026,19-Jul-2026,Fire & Explosion,USD,284.61,6161.99,6446.6,O
CL005350,T0263,01-Feb-2026,07-May-2026,Business Interruption,EUR,3968.38,20912.15,24880.53,O
CL004878,T0495,24-Dec-2025,16-Jan-2026,Business Interruption,INR,3685432.59,0.0,3685432.59,S
CL005218,T0553,16-Feb-2026,05-Apr-2026,Directors & Officers,USD,19841.89,28845.79,48687.68,O
CL000173,T0418,31-Aug-2021,31-Aug-2021,Workers Compensation,USD,117051.58,0.0,117051.58,S
CL004329,T0124,11-Aug-2025,29-Aug-2025,General Liability,USD,29135.36,0.0,29135.36,S
CL003276,T0019,16-Oct-2024,04-Nov-2024,Cyber,USD,29141.94,0.0,29141.94,S
CL005240,T0681,23-Mar-2026,12-Apr-2026,Natural Catastrophe,USD,13420.83,0.0,13420.83,S
CL002320,T0618,30-Dec-2023,09-Jan-2024,Marine Hull,EUR,113589.16,0.0,113589.16,S
CL003040,T0043,16-Aug-2024,01-Sep-2024,Credit & Surety,EUR,6627.68,0.0,6627.68,S
CL000399,T0217,13-Dec-2021,03-Feb-2022,Aviation,EUR,34820.56,0.0,34820.56,S
CL003296,T0072,27-Oct-2024,10-Nov-2024,Business Interruption,USD,5543.05,0.0,5543.05,S
CL001974,T0050,01-Aug-2023,13-Sep-2023,General Liability,EUR,80238.95,0.0,80238.95,S
CL000647,T0581,11-May-2022,21-Jun-2022,Natural Catastrophe,USD,9812.14,12840.34,22652.48,O
CL001659,T0489,17-May-2023,24-May-2023,Auto Liability,EUR,96984.56,0.0,96984.56,S
CL004357,T0500,22-Aug-2025,05-Sep-2025,Directors & Officers,USD,53977.09,103521.06,157498.15,O
CL900023,T9023,06-Sep-2025,10-Sep-2025,Cyber,USD,46609.6,19975.54,66585.14,R
CL005600,T0024,11-Apr-2026,10-Jul-2026,Energy,USD,665609.2,0.0,665609.2,S
CL001996,T0566,19-Sep-2023,21-Sep-2023,Natural Catastrophe,EUR,51373.81,0.0,51373.81,S
CL005118,T0263,12-Feb-2026,10-Mar-2026,Natural Catastrophe,EUR,3689.97,20613.78,24303.75,O
CL004747,T0496,11-Dec-2025,11-Dec-2025,Energy,USD,9019.89,27026.68,36046.57,O
CL005572,T0007,19-Jun-2026,04-Jul-2026,Workers Compensation,USD,164.97,7166.28,7331.25,O
CL001169,T0630,23-Oct-2022,28-Dec-2022,General Liability,USD,27894.3,0.0,27894.3,S
CL005893,T0013,04-Sep-2026,30-Sep-2026,Natural Catastrophe,USD,977.01,16905.98,17882.99,O
CL000473,T0590,28-Feb-2022,19-Mar-2022,Credit & Surety,USD,2045.67,0.0,2045.67,S
CL001945,T0415,15-Aug-2023,02-Sep-2023,Aviation,INR,1896762.48,0.0,1896762.48,S
CL004585,T0436,19-Oct-2025,02-Nov-2025,Professional Indemnity,USD,74317.54,0.0,74317.54,S
CL002434,T0505,05-Feb-2024,13-Feb-2024,Fire & Explosion,USD,913919.57,0.0,913919.57,S
CL002981,T0665,28-Jul-2024,08-Aug-2024,Credit & Surety,USD,118623.43,0.0,118623.43,S
CL002354,T0678,05-Oct-2023,19-Jan-2024,Political Risk,INR,2690672.49,0.0,2690672.49,S
CL001016,T0422,01-Nov-2022,12-Nov-2022,Business Interruption,USD,1320432.96,0.0,1320432.96,S
CL005166,T0577,27-Jan-2026,24-Mar-2026,Natural Catastrophe,EUR,46018.43,211271.42,257289.85,O
CL005399,T0024,30-Apr-2026,19-May-2026,Aviation,USD,273683.76,325141.57,598825.33,O
CL002505,T0252,01-Jan-2024,06-Mar-2024,Energy,USD,81142.96,0.0,81142.96,S
CL003540,T0491,14-Jan-2025,18-Jan-2025,Marine Hull,USD,82464.08,0.0,82464.08,S
CL005819,T0592,31-Aug-2026,11-Sep-2026,Cyber,USD,11732.01,37481.36,49213.37,O
CL005519,T0594,20-Jun-2026,20-Jun-2026,Business Interruption,EUR,36567.23,51448.58,88015.81,O
CL002598,T0671,26-Mar-2024,03-Apr-2024,General Liability,USD,103007.45,0.0,139001.55,S
CL004996,T0064,05-Feb-2026,12-Feb-2026,Natural Catastrophe,USD,26439.46,44572.27,71011.73,O
CL004693,T0643,19-Nov-2025,28-Nov-2025,Natural Catastrophe,EUR,11614.6,0.0,11614.6,S
CL002089,T0435,03-Oct-2023,16-Oct-2023,Credit & Surety,USD,49219.65,0.0,49219.65,S
CL000170,T0511,16-Aug-2021,28-Aug-2021,Natural Catastrophe,USD,85421.24,0.0,85421.24,S
CL004653,T0080,01-Nov-2025,18-Nov-2025,Natural Catastrophe,EUR,166994.18,0.0,166994.18,S
CL002279,T0308,26-Dec-2023,27-Dec-2023,Directors & Officers,USD,33009.88,0.0,33009.88,S
CL002592,T0136,29-Mar-2024,02-Apr-2024,General Liability,USD,63539.8,0.0,63539.8,S
CL005435,T0188,28-May-2026,29-May-2026,Workers Compensation,USD,3476.89,4793.9,8270.79,O
CL000223,T0514,08-Sep-2021,09-Oct-2021,Aviation,USD,97470.07,0.0,97470.07,S
CL002006,T0238,29-Aug-2023,23-Sep-2023,Workers Compensation,USD,1347.49,0.0,1347.49,S
CL005909,T0120,27-Aug-2026,30-Sep-2026,Political Risk,EUR,351.9,25740.38,26092.28,O
CL001518,T0282,21-Mar-2023,08-Apr-2023,Fire & Explosion,USD,240804.57,0.0,240804.57,S
CL001328,T0326,18-Jan-2023,11-Feb-2023,Energy,USD,7737.93,0.0,7737.93,S
CL003916,T0133,28-Apr-2025,29-Apr-2025,Cyber,INR,235533.34,284472.97,520006.31,O
CL002712,T0440,04-Apr-2024,10-May-2024,Political Risk,USD,8073.64,16427.08,24500.72,O
CL001994,T0148,20-Sep-2023,21-Sep-2023,General Liability,INR,7578973.36,0.0,7578973.36,S
CL001590,T0322,10-Feb-2023,02-May-2023,Professional Indemnity,USD,15000.92,0.0,15000.92,S
CL000530,T0468,05-Apr-2022,15-Apr-2022,Fire & Explosion,USD,7762.78,0.0,7762.78,S
CL000603,T0474,14-May-2022,28-May-2022,General Liability,USD,24614.48,0.0,24614.48,S
CL001363,T0609,29-Jan-2023,21-Feb-2023,Natural Catastrophe,USD,64549.43,0.0,64549.43,S
CL004143,T0163,05-Jul-2025,09-Jul-2025,Fire & Explosion,USD,189923.84,0.0,189923.84,S
CL003577,T0638,26-Jan-2025,30-Jan-2025,General Liability,USD,44697.16,0.0,44697.16,S
CL000086,T0175,31-May-2021,13-Jun-2021,Workers Compensation,USD,349799.8,0.0,349799.8,S
CL004667,T0613,17-Nov-2025,21-Nov-2025,Professional Indemnity,USD,29969.84,0.0,29969.84,S
CL005821,T0120,22-Aug-2026,12-Sep-2026,Marine Hull,EUR,6029.75,7617.92,13647.67,O
CL002563,T0242,07-Mar-2024,24-Mar-2024,Aviation,USD,162331.83,0.0,162331.83,S
CL005135,T0188,02-Mar-2026,15-Mar-2026,Auto Liability,USD,219.13,15439.26,15658.39,O
CL003971,T0141,15-May-2025,15-May-2025,Auto Liability,USD,57671.77,0.0,57671.77,S
CL000345,T0410,07-Dec-2021,28-Dec-2021,Directors & Officers,USD,143348.92,0.0,143348.92,S
CL004368,T0116,18-Jun-2025,09-Sep-2025,Political Risk,INR,701666.33,4541398.04,5243064.37,O
CL004076,T0589,19-May-2025,15-Jun-2025,Business Interruption,EUR,43443.63,0.0,43443.63,S
CL003928,T0513,09-Mar-2025,30-Apr-2025,Cyber,USD,43042.14,0.0,43042.14,S
CL000033,T0277,10-Apr-2021,17-Apr-2021,Workers Compensation,USD,70565.41,0.0,70565.41,S
CL003298,T0498,01-Oct-2024,10-Nov-2024,Auto Liability,USD,55955.02,0.0,55955.02,S
CL004871,T0018,23-Oct-2025,15-Jan-2026,Workers Compensation,USD,3995.7,4852.71,8848.41,O
CL004534,T0487,29-Sep-2025,22-Oct-2025,Business Interruption,USD,292382.52,0.0,292382.52,S
CL004287,T0398,09-Jul-2025,17-Aug-2025,Fire & Explosion,EUR,87265.03,0.0,87265.03,S
CL002946,T0678,24-Jul-2024,27-Jul-2024,Aviation,INR,5812414.54,0.0,5812414.54,S
CL003489,T0328,31-Dec-2024,04-Jan-2025,Workers Compensation,USD,3253.26,0.0,3253.26,S
CL001714,T0111,24-May-2023,12-Jun-2023,Directors & Officers,EUR,15789.09,28044.87,43833.96,O
CL003938,T0189,26-Apr-2025,05-May-2025,Fire & Explosion,USD,23443.35,0.0,23443.35,S
CL000613,T0581,02-Jun-2022,03-Jun-2022,Fire & Explosion,USD,73620.71,0.0,73620.71,S
CL005085,T0408,19-Feb-2026,03-Mar-2026,Professional Indemnity,USD,53287.71,0.0,53287.71,S
CL002746,T0393,11-May-2024,22-May-2024,Fire & Explosion,USD,25365.51,0.0,25365.51,S
CL002848,T0205,02-Jun-2024,27-Jun-2024,General Liability,USD,5892.0,0.0,5892.0,S
CL001620,T0144,22-Jan-2023,12-May-2023,Workers Compensation,USD,18278.61,0.0,18278.61,S
CL004441,T0103,22-Sep-2025,27-Sep-2025,Fire & Explosion,EUR,7212.4,32135.21,39347.61,O
CL005587,T0320,18-Jun-2026,07-Jul-2026,Professional Indemnity,USD,19202.5,52064.17,71266.67,O
CL002044,T0238,13-Aug-2023,04-Oct-2023,Auto Liability,USD,10164.64,0.0,10164.64,S
CL000019,T0027,20-Mar-2021,21-Mar-2021,Business Interruption,USD,97090.48,0.0,97090.48,S
CL005811,T0667,01-Sep-2026,09-Sep-2026,Aviation,USD,792.2,3820.31,4612.51,O
CL004744,T0391,07-Nov-2025,11-Dec-2025,Fire & Explosion,INR,31916.79,947281.77,979198.56,O
CL001658,T0363,23-May-2023,24-May-2023,Fire & Explosion,EUR,446250.24,0.0,528781.86,S
CL000043,T0544,08-Mar-2021,30-Apr-2021,Cyber,USD,342976.62,0.0,342976.62,S
CL000269,T0458,02-Sep-2021,04-Nov-2021,Aviation,USD,45368.46,85480.49,130848.95,O
CL005950,T0523,02-Aug-2026,30-Sep-2026,Business Interruption,EUR,2821.43,6102.99,8924.42,O
CL002307,T0571,27-Dec-2023,05-Jan-2024,Natural Catastrophe,USD,1283.52,1544.84,2828.36,O
CL002723,T0335,13-May-2024,14-May-2024,Aviation,USD,603616.42,0.0,603616.42,S
CL002092,T0352,10-Oct-2023,17-Oct-2023,Cyber,USD,182772.66,0.0,182772.66,S
CL005702,T0697,21-Jul-2026,05-Aug-2026,Medical Malpractice,EUR,53793.86,154582.96,208376.82,O
CL005599,T0013,19-Jun-2026,10-Jul-2026,Fire & Explosion,USD,5715.44,14222.91,19938.35,O
CL003018,T0657,19-Aug-2024,22-Aug-2024,Marine Hull,USD,7278.49,0.0,7278.49,S
CL001307,T0292,10-Jan-2023,06-Feb-2023,Professional Indemnity,EUR,14795.72,0.0,14795.72,S
CL004724,T0107,19-Oct-2025,06-Dec-2025,Fire & Explosion,USD,518326.3,0.0,518326.3,S
CL004050,T0192,04-May-2025,09-Jun-2025,Cyber,USD,67067.6,0.0,67067.6,S
CL000928,T0100,27-Jul-2022,14-Oct-2022,Medical Malpractice,USD,373525.77,0.0,373525.77,S
CL001638,T0478,07-May-2023,18-May-2023,Natural Catastrophe,USD,80217.42,34378.9,114596.32,R
CL003162,T0498,27-Sep-2024,04-Oct-2024,General Liability,USD,38234.06,0.0,38234.06,S
CL004601,T0222,28-Oct-2025,06-Nov-2025,Business Interruption,EUR,48573.85,0.0,48573.85,S
CL005117,T0132,09-Mar-2026,10-Mar-2026,Natural Catastrophe,USD,4811.59,0.0,4811.59,S
CL002999,T0128,24-Jul-2024,15-Aug-2024,Professional Indemnity,EUR,5250.61,0.0,5250.61,S
CL001314,T0376,21-Dec-2022,07-Feb-2023,Business Interruption,USD,9708.13,0.0,9708.13,S
CL002421,T0591,02-Jan-2024,08-Feb-2024,Political Risk,USD,57393.16,0.0,57393.16,S
CL000061,T0551,04-May-2021,19-May-2021,Business Interruption,EUR,132276.48,0.0,132276.48,S
CL005866,T0152,22-Sep-2026,24-Sep-2026,Fire & Explosion,GBP,46284.7,458357.21,504641.91,O
CL003731,T0330,05-Feb-2025,11-Mar-2025,Professional Indemnity,USD,62610.32,0.0,62610.32,S
CL000360,T0380,17-Nov-2021,07-Jan-2022,Fire & Explosion,EUR,58786.64,0.0,58786.64,S
CL002491,T0377,14-Feb-2024,02-Mar-2024,Workers Compensation,USD,18362.36,0.0,18362.36,S
CL002587,T0665,27-Mar-2024,31-Mar-2024,Credit & Surety,USD,39638.18,0.0,39638.18,S
CL000554,T0206,07-Apr-2022,26-Apr-2022,Natural Catastrophe,INR,4320493.57,0.0,4320493.57,S
CL900001,T9001,31-Aug-2023,09-Oct-2023,Cyber,USD,453593.82,0.0,453593.82,S
CL004902,T0356,29-Dec-2025,20-Jan-2026,Workers Compensation,USD,496927.05,0.0,496927.05,S
CL001197,T0337,03-Jan-2023,05-Jan-2023,Workers Compensation,USD,6772.95,0.0,6772.95,S
CL004664,T0436,03-Nov-2025,21-Nov-2025,Professional Indemnity,USD,122897.84,0.0,122897.84,S
CL000717,T0283,03-Jul-2022,29-Jul-2022,Workers Compensation,EUR,107361.59,0.0,107361.59,S
CL001728,T0624,25-May-2023,15-Jun-2023,Business Interruption,USD,32284.46,0.0,32284.46,S
CL000337,T0621,22-Dec-2021,23-Dec-2021,Business Interruption,EUR,100178.97,0.0,100178.97,S
CL003707,T0513,03-Mar-2025,03-Mar-2025,Directors & Officers,USD,76603.92,0.0,76603.92,S
CL005883,T0688,04-Sep-2026,28-Sep-2026,Fire & Explosion,GBP,11900.86,13407.97,25308.83,O
CL005766,T0555,15-Aug-2026,24-Aug-2026,Medical Malpractice,USD,1406.71,7326.7,8733.41,O
CL003661,T0560,16-Feb-2025,20-Feb-2025,Fire & Explosion,INR,9570211.63,0.0,9570211.63,S
CL001827,T0525,15-Jul-2023,17-Jul-2023,Medical Malpractice,USD,42350.98,0.0,42350.98,S
CL004537,T0124,17-Sep-2025,23-Oct-2025,Workers Compensation,USD,9315.38,29346.23,38661.61,O
CL002778,T0078,18-Mar-2024,04-Jun-2024,Cyber,INR,2581914.64,0.0,2581914.64,S
CL003784,T0462,21-Mar-2025,26-Mar-2025,Natural Catastrophe,GBP,757781.93,0.0,757781.93,S
CL001564,T0435,22-Mar-2023,23-Apr-2023,Directors & Officers,USD,25808.5,415138.86,440947.36,O
CL003374,T0402,01-Oct-2024,02-Dec-2024,Cyber,INR,2418576.62,0.0,2418576.62,S
CL001852,T0467,30-May-2023,26-Jul-2023,Natural Catastrophe,EUR,67294.15,0.0,67294.15,S
CL001373,T0636,29-Jan-2023,24-Feb-2023,Auto Liability,EUR,74601.81,0.0,74601.81,S
CL002529,T0649,11-Mar-2024,13-Mar-2024,Fire & Explosion,USD,53056.02,0.0,53056.02,S
CL004082,T0584,20-May-2025,16-Jun-2025,Workers Compensation,USD,68828.31,0.0,68828.31,S
CL001400,T0286,23-Feb-2023,03-Mar-2023,Political Risk,EUR,187682.27,0.0,187682.27,S
CL005869,T0004,23-Aug-2026,25-Sep-2026,Natural Catastrophe,INR,5203983.9,10514153.01,15718136.91,O
CL004999,T0163,12-Dec-2025,12-Feb-2026,Business Interruption,USD,238786.58,0.0,238786.58,S
CL002102,T0010,01-Oct-2023,21-Oct-2023,Fire & Explosion,USD,116187.02,0.0,116187.02,S
CL005611,T0501,05-Jul-2026,14-Jul-2026,Credit & Surety,USD,3701.35,9583.76,13285.11,O
CL004250,T0143,18-Jul-2025,07-Aug-2025,Fire & Explosion,USD,34676.87,0.0,34676.87,S
CL005826,T0075,10-Sep-2026,13-Sep-2026,Fire & Explosion,USD,29027.7,44176.05,73203.75,O
CL003638,T0180,28-Jan-2025,15-Feb-2025,Workers Compensation,EUR,23715.67,0.0,23715.67,S
CL002782,T0497,10-Apr-2024,04-Jun-2024,Workers Compensation,USD,170121.18,0.0,170121.18,S
CL003432,T0517,24-Nov-2024,18-Dec-2024,Cyber,EUR,17166.28,0.0,17166.28,S
CL002291,T0352,14-Dec-2023,30-Dec-2023,Directors & Officers,USD,225059.25,0.0,225059.25,S
CL004690,T0447,16-Sep-2025,27-Nov-2025,Political Risk,EUR,67747.87,0.0,67747.87,S
CL001136,T0610,01-Dec-2022,19-Dec-2022,Natural Catastrophe,USD,96592.08,163625.36,260217.44,O
CL001598,T0466,12-Apr-2023,05-May-2023,Fire & Explosion,USD,31662.55,0.0,31662.55,S
CL005886,T0170,20-Aug-2026,29-Sep-2026,Energy,USD,3335.21,65642.73,68977.94,O
CL000261,T0073,30-Oct-2021,31-Oct-2021,Auto Liability,EUR,127651.65,0.0,127651.65,S
CL003342,T0348,09-Oct-2024,25-Nov-2024,Business Interruption,USD,13268.74,0.0,13268.74,S
CL005137,T0408,14-Mar-2026,15-Mar-2026,Medical Malpractice,USD,41309.69,0.0,41309.69,S
CL004547,T0222,24-Oct-2025,25-Oct-2025,Business Interruption,EUR,43053.79,0.0,43053.79,S
CL002331,T0547,23-Dec-2023,12-Jan-2024,Workers Compensation,EUR,1698.61,727.97,2426.58,R
CL004673,T0256,05-Nov-2025,23-Nov-2025,Aviation,USD,46902.88,72278.84,119181.72,O
CL001460,T0632,20-Mar-2023,21-Mar-2023,Fire & Explosion,USD,14755.48,44056.76,58812.24,O
CL004070,T0249,25-May-2025,14-Jun-2025,Marine Hull,USD,33030.87,319806.75,352837.62,O
CL005003,T0008,29-Jan-2026,13-Feb-2026,Fire & Explosion,USD,75.48,2463.9,2539.38,O
CL000487,T0281,25-Mar-2022,26-Mar-2022,Natural Catastrophe,EUR,16591.97,0.0,16591.97,S
CL003260,T0587,24-Oct-2024,28-Oct-2024,Credit & Surety,EUR,43555.51,0.0,43555.51,S
CL002947,T0696,03-Jul-2024,27-Jul-2024,General Liability,USD,756643.95,0.0,756643.95,S
CL004911,T0074,13-Jan-2026,23-Jan-2026,Business Interruption,USD,300432.65,0.0,300432.65,S
CL001515,T0394,04-Apr-2023,07-Apr-2023,Business Interruption,USD,146687.53,0.0,146687.53,S
CL001926,T0609,26-Jun-2023,23-Aug-2023,Fire & Explosion,USD,75418.06,0.0,75418.06,S
CL005964,T0613,15-Sep-2026,30-Sep-2026,Medical Malpractice,USD,2498.25,76016.97,78515.22,O
CL003287,T0253,04-Aug-2024,06-Nov-2024,Medical Malpractice,USD,2948.27,0.0,2948.27,S
CL001935,T0171,16-Aug-2023,30-Aug-2023,Directors & Officers,USD,14813.26,0.0,14813.26,S
CL001163,T0326,15-Dec-2022,27-Dec-2022,Energy,USD,32891.92,0.0,32891.92,S
CL000397,T0314,30-Jan-2022,02-Feb-2022,General Liability,USD,4549.91,15139.09,19689.0,O
CL002677,T0502,22-Mar-2024,26-Apr-2024,General Liability,INR,248170.59,0.0,248170.59,S
CL000774,T0232,14-Jul-2022,19-Aug-2022,Fire & Explosion,USD,39552.98,0.0,39552.98,S
CL003102,T0067,07-Aug-2024,19-Sep-2024,Business Interruption,INR,9774338.88,0.0,9774338.88,S
CL000486,T0493,24-Mar-2022,25-Mar-2022,Credit & Surety,USD,79050.49,0.0,79050.49,S
CL004111,T0222,13-Feb-2025,26-Jun-2025,Business Interruption,EUR,109363.85,0.0,109363.85,S
CL001593,T0026,28-Mar-2023,03-May-2023,Workers Compensation,USD,2311.47,17346.17,19657.64,O
CL002306,T0205,01-Nov-2023,05-Jan-2024,Workers Compensation,USD,50483.9,0.0,50483.9,S
CL004066,T0030,11-May-2025,14-Jun-2025,Business Interruption,USD,8219.87,61101.15,69321.02,O
CL001025,T0630,10-Nov-2022,16-Nov-2022,Auto Liability,USD,134023.95,0.0,134023.95,S
CL002184,T0570,14-Nov-2023,21-Nov-2023,Cyber,INR,4664053.15,0.0,4664053.15,S
CL005279,T0297,06-Apr-2026,21-Apr-2026,Credit & Surety,USD,7515.93,293593.46,301109.39,O
CL003549,T0195,23-Nov-2024,21-Jan-2025,Business Interruption,INR,34662944.6,0.0,34662944.6,S
CL005103,T0032,17-Jan-2026,06-Mar-2026,Business Interruption,USD,11135.83,34806.08,45941.91,O
CL001528,T0489,21-Feb-2023,12-Apr-2023,General Liability,EUR,5769.11,0.0,5769.11,S
CL005487,T0243,05-Jun-2026,10-Jun-2026,Aviation,USD,11181.65,17412.86,28594.51,O
CL000447,T0380,07-Feb-2022,27-Feb-2022,Fire & Explosion,EUR,150585.56,0.0,150585.56,S
CL005820,T0596,07-Sep-2026,11-Sep-2026,Professional Indemnity,EUR,15217.47,35594.36,50811.83,O
CL003163,T0498,23-Sep-2024,04-Oct-2024,Workers Compensation,USD,66108.7,0.0,66108.7,S
CL004950,T0565,23-Jan-2026,29-Jan-2026,Auto Liability,USD,10588.29,34803.11,45391.4,O
CL005952,T0537,24-Sep-2026,30-Sep-2026,Natural Catastrophe,USD,1568.77,70518.86,72087.63,O
CL000547,T0333,15-Apr-2022,24-Apr-2022,Natural Catastrophe,USD,58805.69,0.0,58805.69,S
CL004243,T0056,25-Jun-2025,06-Aug-2025,Workers Compensation,USD,32020.8,0.0,32020.8,S
CL000831,T0336,02-Sep-2022,08-Sep-2022,Business Interruption,USD,43107.31,0.0,43107.31,S
CL004140,T0524,06-Jun-2025,08-Jul-2025,Auto Liability,USD,12404.58,12832.19,25236.77,O
CL002278,T0247,28-Nov-2023,27-Dec-2023,Auto Liability,GBP,139618.9,0.0,139618.9,S
CL003855,T0185,01-Apr-2025,16-Apr-2025,Fire & Explosion,EUR,381530.24,0.0,381530.24,S
CL004030,T0599,23-May-2025,03-Jun-2025,General Liability,USD,2684.18,0.0,2684.18,S
CL003491,T0517,15-Dec-2024,04-Jan-2025,Directors & Officers,EUR,7615.14,0.0,7615.14,S
CL004631,T0291,05-Oct-2025,13-Nov-2025,Natural Catastrophe,USD,4517.34,99434.48,103951.82,O
CL000164,T0590,06-Jun-2021,20-Aug-2021,Directors & Officers,USD,3916.45,0.0,3916.45,S
CL001410,T0186,10-Feb-2023,06-Mar-2023,Aviation,EUR,847212.55,0.0,847212.55,S
CL005879,T0662,13-Jul-2026,27-Sep-2026,Fire & Explosion,USD,1882.21,17469.45,19351.66,O
CL005311,T0310,22-Apr-2026,27-Apr-2026,Fire & Explosion,USD,106172.11,0.0,106172.11,S
CL000187,T0139,11-Sep-2021,12-Sep-2021,Cyber,EUR,46223.51,0.0,46223.51,S
CL004406,T0500,24-Aug-2025,17-Sep-2025,Directors & Officers,USD,63876.09,109832.39,173708.48,O
CL000156,T0399,19-Jul-2021,09-Aug-2021,Natural Catastrophe,USD,733945.32,0.0,733945.32,S
CL002763,T0666,14-May-2024,27-May-2024,Marine Hull,GBP,64263.48,0.0,64263.48,S
CL005667,T0052,14-Jul-2026,29-Jul-2026,Fire & Explosion,USD,30229.38,67625.05,97854.43,O
CL002355,T0454,27-Dec-2023,20-Jan-2024,Energy,USD,66981.2,0.0,66981.2,S
CL004707,T0187,05-Nov-2025,03-Dec-2025,Natural Catastrophe,INR,5037522.02,8183776.46,13221298.48,O
CL003796,T0305,30-Mar-2025,30-Mar-2025,Workers Compensation,USD,21002.64,0.0,21002.64,S
CL000250,T0458,26-Oct-2021,26-Oct-2021,Political Risk,USD,53118.52,0.0,53118.52,S
CL005412,T0447,10-May-2026,21-May-2026,Marine Hull,EUR,15101.73,171471.02,186572.75,O
CL002281,T0593,20-Dec-2023,27-Dec-2023,Aviation,USD,133631.75,0.0,133631.75,S
CL001875,T0296,11-Jul-2023,04-Aug-2023,Business Interruption,USD,1506.99,11794.83,13301.82,O
CL001547,T0354,26-Feb-2023,16-Apr-2023,General Liability,USD,154434.79,0.0,154434.79,S
CL000058,T0511,04-May-2021,14-May-2021,Business Interruption,USD,57790.24,0.0,57790.24,S
CL000011,T0230,23-Feb-2021,26-Feb-2021,Aviation,USD,112050.82,0.0,112050.82,S
CL000040,T0544,27-Mar-2021,27-Apr-2021,Credit & Surety,USD,4733.64,0.0,4733.64,S
CL001786,T0415,13-Jun-2023,08-Jul-2023,Aviation,INR,15507180.93,0.0,15507180.93,S
CL005053,T0374,08-Feb-2026,24-Feb-2026,Natural Catastrophe,EUR,5210.6,32965.77,38176.37,O
CL000948,T0612,17-Sep-2022,20-Oct-2022,Workers Compensation,USD,206970.68,0.0,206970.68,S
CL000924,T0061,07-Oct-2022,12-Oct-2022,Auto Liability,USD,33022.01,0.0,33022.01,S
CL002111,T0659,24-Oct-2023,24-Oct-2023,Fire & Explosion,EUR,59658.96,0.0,59658.96,S
CL002565,T0369,14-Feb-2024,25-Mar-2024,Workers Compensation,USD,34758.19,0.0,34758.19,S
CL004071,T0552,06-Jun-2025,14-Jun-2025,Cyber,USD,19812.79,0.0,19812.79,S
CL004855,T0427,21-Sep-2025,10-Jan-2026,Energy,USD,64515.22,0.0,64515.22,S
CL004256,T0356,13-Jul-2025,08-Aug-2025,Auto Liability,USD,43651.33,0.0,43651.33,S
CL003409,T0386,10-Nov-2024,13-Dec-2024,Natural Catastrophe,EUR,545515.48,0.0,545515.48,S
CL004959,T0589,19-Jan-2026,01-Feb-2026,Natural Catastrophe,EUR,62976.88,0.0,62976.88,S
CL002939,T0302,29-Jun-2024,25-Jul-2024,Credit & Surety,EUR,16622.91,0.0,16622.91,S
CL005062,T0681,30-Jan-2026,25-Feb-2026,Natural Catastrophe,USD,3186.31,33647.85,36834.16,O
CL002655,T0118,18-Apr-2024,19-Apr-2024,Fire & Explosion,USD,159480.24,245057.53,404537.77,O
CL003997,T0129,16-Apr-2025,23-May-2025,Workers Compensation,USD,1140.74,1555.31,2696.05,O
CL000169,T0068,29-Jul-2021,27-Aug-2021,Natural Catastrophe,USD,22891.29,129432.2,152323.49,O
CL005129,T0633,27-Feb-2026,13-Mar-2026,Medical Malpractice,USD,1846.91,6831.61,8678.52,O
CL005910,T0135,27-Sep-2026,30-Sep-2026,Auto Liability,EUR,23636.25,0.0,23636.25,S
CL000909,T0232,06-Sep-2022,06-Oct-2022,Business Interruption,USD,122902.53,0.0,122902.53,S
CL004127,T0016,28-Jun-2025,03-Jul-2025,Business Interruption,USD,321329.56,0.0,321329.56,S
CL001195,T0109,05-Jan-2023,05-Jan-2023,Natural Catastrophe,USD,93508.46,0.0,93508.46,S
CL002670,T0076,15-Mar-2024,25-Apr-2024,Auto Liability,EUR,55320.06,0.0,55320.06,S
CL003555,T0440,23-Dec-2024,23-Jan-2025,Aviation,USD,65360.89,0.0,65360.89,S
CL000421,T0361,13-Feb-2022,14-Feb-2022,General Liability,USD,17961.05,0.0,17961.05,S
CL005575,T0358,14-May-2026,04-Jul-2026,Cyber,USD,81688.33,198371.57,280059.9,O
CL003900,T0513,03-Apr-2025,26-Apr-2025,Directors & Officers,USD,32192.57,0.0,32192.57,S
CL000982,T0354,22-Oct-2022,02-Nov-2022,General Liability,USD,73802.65,0.0,73802.65,S
CL004836,T0074,28-Dec-2025,04-Jan-2026,Business Interruption,USD,679946.47,0.0,679946.47,S
CL003487,T0616,19-Dec-2024,03-Jan-2025,Energy,EUR,24216.72,0.0,24216.72,S
CL000873,T0481,23-Sep-2022,23-Sep-2022,Political Risk,USD,83844.4,0.0,83844.4,S
CL005285,T0485,22-Mar-2026,22-Apr-2026,Credit & Surety,EUR,38025.68,0.0,38025.68,S
CL003639,T0300,11-Feb-2025,15-Feb-2025,Aviation,USD,204020.05,0.0,204020.05,S
CL003185,T0491,14-Aug-2024,09-Oct-2024,Energy,USD,27021.41,0.0,27021.41,S
CL004686,T0427,05-Nov-2025,26-Nov-2025,Marine Hull,USD,13860.37,82736.57,96596.94,O
CL003494,T0192,07-Dec-2024,05-Jan-2025,Cyber,USD,90557.99,0.0,90557.99,S
CL001378,T0612,22-Feb-2023,25-Feb-2023,General Liability,USD,28425.63,0.0,28425.63,S
CL001632,T0096,19-Apr-2023,17-May-2023,Medical Malpractice,EUR,98792.76,0.0,98792.76,S
CL000891,T0292,21-Sep-2022,01-Oct-2022,Medical Malpractice,EUR,9852.79,0.0,9852.79,S
CL000051,T0542,26-Apr-2021,07-May-2021,Energy,USD,135188.63,0.0,135188.63,S
CL004676,T0565,11-Nov-2025,23-Nov-2025,General Liability,USD,107386.15,0.0,107386.15,S
CL004157,T0122,22-Jun-2025,11-Jul-2025,Fire & Explosion,USD,3304.69,32748.4,36053.09,O
CL002465,T0547,15-Jan-2024,23-Feb-2024,Workers Compensation,EUR,84472.16,0.0,84472.16,S
CL001006,T0177,17-Jul-2022,09-Nov-2022,Professional Indemnity,USD,5835.31,0.0,5835.31,S
CL005489,T0060,23-Apr-2026,11-Jun-2026,Medical Malpractice,USD,2873.15,4536.46,7409.61,O
CL001428,T0636,01-Mar-2023,11-Mar-2023,Workers Compensation,EUR,8243.1,0.0,8243.1,S
CL004770,T0436,14-Dec-2025,18-Dec-2025,Medical Malpractice,USD,6365.82,7101.68,13467.5,O
CL003845,T0385,11-Feb-2025,13-Apr-2025,Directors & Officers,USD,200600.04,0.0,200600.04,S
CL002075,T0512,25-Sep-2023,12-Oct-2023,Professional Indemnity,EUR,7292.62,0.0,7292.62,S
CL002293,T0535,26-Dec-2023,30-Dec-2023,Marine Hull,USD,63910.31,27390.14,91300.45,R
CL001498,T0357,03-Apr-2023,03-Apr-2023,Political Risk,INR,2497074.83,21073065.79,23570140.62,O
CL005804,T0094,02-Sep-2026,07-Sep-2026,Political Risk,EUR,2570.64,2993.89,5564.53,O
CL005844,T0623,09-Sep-2026,17-Sep-2026,Directors & Officers,USD,7496.54,13097.26,20593.8,O
CL003466,T0214,25-Dec-2024,28-Dec-2024,General Liability,USD,226149.04,0.0,226149.04,S
CL000522,T0088,08-Mar-2022,12-Apr-2022,Business Interruption,USD,58565.68,0.0,58565.68,S
CL000941,T0047,11-Oct-2022,18-Oct-2022,Political Risk,USD,39311.69,0.0,39311.69,S
CL001122,T0689,09-Dec-2022,16-Dec-2022,Credit & Surety,GBP,303214.95,0.0,303214.95,S
CL000585,T0003,05-Apr-2022,17-May-2022,Directors & Officers,EUR,228116.28,0.0,228116.28,S
CL004524,T0154,08-Oct-2025,21-Oct-2025,Medical Malpractice,USD,43860.15,101023.05,144883.2,O
CL003735,T0300,27-Feb-2025,12-Mar-2025,Marine Hull,USD,69552.05,0.0,69552.05,S
CL002871,T0339,12-Jun-2024,03-Jul-2024,Natural Catastrophe,EUR,18799.1,0.0,18799.1,S
CL002547,T0308,06-Mar-2024,20-Mar-2024,Cyber,USD,11242.21,0.0,11242.21,S
CL000643,T0437,02-Jun-2022,20-Jun-2022,Medical Malpractice,USD,14033.82,0.0,14033.82,S
CL003462,T0517,06-Nov-2024,27-Dec-2024,Cyber,EUR,12651.75,0.0,12651.75,S
CL005145,T0365,08-Mar-2026,17-Mar-2026,Energy,EUR,38547.74,96163.31,134711.05,O
CL000501,T0073,17-Feb-2022,01-Apr-2022,Auto Liability,EUR,1019972.6,0.0,1019972.6,S
CL002410,T0455,16-Jan-2024,04-Feb-2024,Fire & Explosion,USD,49039.92,53131.96,102171.88,O
CL004117,T0169,29-Jun-2025,29-Jun-2025,Natural Catastrophe,EUR,16.45,48090.43,48106.88,O
CL003990,T0438,19-May-2025,21-May-2025,Cyber,USD,233887.32,0.0,233887.32,S
CL001416,T0390,15-Feb-2023,07-Mar-2023,Workers Compensation,INR,10180563.29,0.0,10180563.29,S
CL004404,T0395,18-Jul-2025,17-Sep-2025,Workers Compensation,USD,7114.45,0.0,7114.45,S
CL002040,T0031,18-Sep-2023,03-Oct-2023,General Liability,INR,7593339.79,0.0,7593339.79,S
CL001351,T0282,03-Dec-2022,18-Feb-2023,Natural Catastrophe,USD,55328.36,0.0,55328.36,S
CL005627,T0374,10-Jul-2026,17-Jul-2026,Business Interruption,EUR,232.48,1264.53,1497.01,O
CL001561,T0632,08-Apr-2023,21-Apr-2023,Business Interruption,USD,86764.16,0.0,86764.16,S
CL002286,T0273,16-Dec-2023,29-Dec-2023,Medical Malpractice,EUR,49999.28,0.0,49999.28,S
CL005043,T0470,18-Feb-2026,20-Feb-2026,Credit & Surety,EUR,221666.32,0.0,221666.32,S
CL004990,T0684,25-Oct-2025,10-Feb-2026,General Liability,USD,11930.11,93903.97,105834.08,O
CL000204,T0175,21-Sep-2021,27-Sep-2021,Auto Liability,USD,12894.16,0.0,12894.16,S
CL001683,T0186,04-May-2023,03-Jun-2023,Political Risk,EUR,329717.31,0.0,329717.31,S
CL000138,T0134,09-Jul-2021,26-Jul-2021,Business Interruption,USD,25848.0,0.0,25848.0,S
CL002079,T0645,02-Sep-2023,13-Oct-2023,Business Interruption,EUR,33414.72,0.0,33414.72,S
CL002610,T0045,18-Mar-2024,07-Apr-2024,General Liability,USD,217294.65,0.0,217294.65,S
CL004278,T0356,12-Aug-2025,14-Aug-2025,Workers Compensation,USD,27933.7,0.0,27933.7,S
CL005625,T0089,01-Jul-2026,17-Jul-2026,Cyber,USD,28379.51,0.0,28379.51,S
CL004257,T0546,11-Apr-2025,08-Aug-2025,Business Interruption,USD,338374.71,0.0,338374.71,S
CL002497,T0308,18-Feb-2024,04-Mar-2024,Credit & Surety,USD,129055.13,0.0,129055.13,S
CL005110,T0375,03-Mar-2026,09-Mar-2026,Political Risk,USD,50383.93,55083.61,105467.54,O
CL000853,T0083,13-Aug-2022,15-Sep-2022,Auto Liability,INR,2618150.55,0.0,2618150.55,S
CL005715,T0310,25-Jul-2026,09-Aug-2026,Natural Catastrophe,USD,8054.92,60448.72,68503.64,O
CL003029,T0305,25-Aug-2024,28-Aug-2024,General Liability,USD,388563.74,0.0,388563.74,S
CL004309,T0385,13-Jul-2025,24-Aug-2025,Cyber,USD,239254.32,0.0,239254.32,S
CL003388,T0562,11-Sep-2024,05-Dec-2024,Natural Catastrophe,USD,154784.54,0.0,154784.54,S
CL003196,T0460,09-Oct-2024,11-Oct-2024,General Liability,EUR,104845.86,0.0,128389.81,S
CL003917,T0212,28-Apr-2025,29-Apr-2025,Workers Compensation,EUR,1004349.17,0.0,1004349.17,S
CL002297,T0290,26-Dec-2023,02-Jan-2024,Workers Compensation,USD,33358.12,0.0,33358.12,S
CL003344,T0584,05-Nov-2024,25-Nov-2024,General Liability,USD,10741.23,0.0,10741.23,S
CL002343,T0404,22-Sep-2023,15-Jan-2024,Natural Catastrophe,USD,406048.59,0.0,406048.59,S
CL000082,T0514,19-May-2021,10-Jun-2021,Aviation,USD,97939.83,0.0,97939.83,S
CL002678,T0167,23-Apr-2024,27-Apr-2024,Professional Indemnity,USD,53331.65,0.0,53331.65,S
CL003737,T0347,18-Jan-2025,12-Mar-2025,General Liability,EUR,7513.4,49306.45,56819.85,O
CL005325,T0085,15-Apr-2026,30-Apr-2026,Cyber,INR,1553034.14,3826857.68,5379891.82,O
CL001079,T0223,03-Nov-2022,04-Dec-2022,Natural Catastrophe,USD,50784.31,0.0,50784.31,S
CL002691,T0254,27-Apr-2024,01-May-2024,Professional Indemnity,USD,18498.4,0.0,18498.4,S
CL003868,T0016,19-Mar-2025,20-Apr-2025,Fire & Explosion,USD,1917350.0,0.0,1917350.0,S
CL005358,T0442,08-May-2026,09-May-2026,Natural Catastrophe,USD,1855.7,175331.45,177187.15,O
CL003927,T0500,17-Apr-2025,30-Apr-2025,Directors & Officers,USD,56372.16,0.0,56372.16,S
CL003587,T0328,18-Jan-2025,03-Feb-2025,Auto Liability,USD,16715.48,7163.78,23879.26,R
CL005651,T0132,07-Jul-2026,25-Jul-2026,Fire & Explosion,USD,6166.24,6668.32,12834.56,O
CL005104,T0409,24-Jan-2026,06-Mar-2026,General Liability,EUR,6732.68,31053.73,37786.41,O
CL003062,T0185,16-Jul-2024,05-Sep-2024,Business Interruption,EUR,392958.43,0.0,392958.43,S
CL005851,T0325,08-Sep-2026,19-Sep-2026,Business Interruption,USD,2575.86,9068.55,11644.41,O
CL001382,T0509,27-Jan-2023,27-Feb-2023,Medical Malpractice,USD,6118.57,20692.59,26811.16,O
CL001686,T0457,05-Jun-2023,05-Jun-2023,Natural Catastrophe,USD,238047.92,0.0,238047.92,S
CL004952,T0596,30-Jan-2026,30-Jan-2026,Professional Indemnity,EUR,190759.03,340547.18,531306.21,O
CL000407,T0161,05-Jan-2022,07-Feb-2022,Directors & Officers,EUR,5787.61,0.0,5787.61,S
CL002688,T0023,01-Apr-2024,01-May-2024,Natural Catastrophe,INR,3511849.39,0.0,3511849.39,S
CL001807,T0345,27-May-2023,12-Jul-2023,Professional Indemnity,EUR,71650.8,0.0,71650.8,S
CL001249,T0411,11-Jan-2023,19-Jan-2023,Natural Catastrophe,EUR,82951.37,0.0,82951.37,S
CL003509,T0291,09-Jan-2025,09-Jan-2025,Natural Catastrophe,USD,23379.7,0.0,23379.7,S
CL002164,T0216,11-Nov-2023,12-Nov-2023,Energy,USD,6004.79,0.0,6004.79,S
CL004452,T0646,17-Sep-2025,30-Sep-2025,Fire & Explosion,EUR,8887.4,0.0,8887.4,S
CL001615,T0049,16-Apr-2023,10-May-2023,Directors & Officers,USD,978874.75,0.0,978874.75,S
CL000588,T0410,07-May-2022,18-May-2022,Credit & Surety,USD,256652.34,0.0,256652.34,S
CL004845,T0356,30-Dec-2025,08-Jan-2026,Auto Liability,USD,28088.53,45763.14,73851.67,O
CL003794,T0513,10-Mar-2025,29-Mar-2025,Directors & Officers,USD,281432.35,0.0,281432.35,S
CL002192,T0480,04-Oct-2023,24-Nov-2023,Auto Liability,EUR,16995.53,0.0,16995.53,S
CL004615,T0601,13-Oct-2025,08-Nov-2025,General Liability,EUR,121121.47,0.0,121121.47,S
CL003120,T0076,08-Sep-2024,24-Sep-2024,General Liability,EUR,125456.37,0.0,125456.37,S
CL000394,T0588,29-Jan-2022,01-Feb-2022,Natural Catastrophe,EUR,102596.44,0.0,102596.44,S
CL002367,T0659,01-Oct-2023,23-Jan-2024,Natural Catastrophe,EUR,3154.2,0.0,3154.2,S
CL004579,T0543,23-Oct-2025,31-Oct-2025,Professional Indemnity,USD,11171.68,18959.2,30130.88,O
CL001458,T0538,08-Feb-2023,21-Mar-2023,Natural Catastrophe,USD,89977.56,0.0,89977.56,S
CL005213,T0601,19-Mar-2026,04-Apr-2026,Auto Liability,EUR,1748.69,88416.17,90164.86,O
CL000104,T0615,21-Jun-2021,24-Jun-2021,Medical Malpractice,EUR,679138.95,0.0,679138.95,S
CL005415,T0346,16-May-2026,22-May-2026,Workers Compensation,EUR,46862.39,0.0,46862.39,S
CL004532,T0338,19-Sep-2025,22-Oct-2025,Fire & Explosion,USD,257707.78,0.0,257707.78,S
CL000213,T0514,18-Aug-2021,01-Oct-2021,Aviation,USD,169882.66,0.0,169882.66,S
CL004351,T0037,09-Aug-2025,05-Sep-2025,Directors & Officers,EUR,495868.31,0.0,495868.31,S
CL003218,T0462,23-Sep-2024,20-Oct-2024,Business Interruption,GBP,74112.03,0.0,74112.03,S
CL004802,T0555,22-Dec-2025,26-Dec-2025,Medical Malpractice,USD,1373.44,21237.22,22610.66,O
CL003678,T0635,06-Feb-2025,24-Feb-2025,Marine Hull,EUR,31714.3,0.0,31714.3,S
CL001913,T0593,11-Aug-2023,19-Aug-2023,Aviation,USD,881750.85,0.0,881750.85,S
CL002271,T0512,04-Oct-2023,24-Dec-2023,Professional Indemnity,EUR,147304.39,0.0,147304.39,S
CL002520,T0412,02-Mar-2024,11-Mar-2024,Workers Compensation,EUR,31392.88,0.0,31392.88,S
CL001736,T0323,28-May-2023,19-Jun-2023,Marine Hull,USD,33338.98,0.0,33338.98,S
CL002802,T0128,23-May-2024,12-Jun-2024,Medical Malpractice,EUR,4926.66,0.0,4926.66,S
CL005720,T0060,09-Aug-2026,10-Aug-2026,Professional Indemnity,USD,21099.73,0.0,21099.73,S
CL003208,T0382,09-Oct-2024,18-Oct-2024,Workers Compensation,EUR,6123.59,0.0,6123.59,S
CL004259,T0651,12-May-2025,08-Aug-2025,Cyber,USD,12256.85,0.0,12256.85,S
CL000784,T0664,17-Aug-2022,23-Aug-2022,Medical Malpractice,USD,33086.44,0.0,33086.44,S
CL000232,T0332,15-Oct-2021,15-Oct-2021,Workers Compensation,EUR,13883.08,0.0,13883.08,S
CL000149,T0551,28-Apr-2022,01-Aug-2021,Fire & Explosion,EUR,26292.61,0.0,26292.61,S
CL001019,T0316,07-Sep-2022,14-Nov-2022,Business Interruption,USD,53176.92,0.0,53176.92,S
CL004956,T0565,20-Jan-2026,31-Jan-2026,Auto Liability,USD,24507.21,226605.99,251113.2,O
CL003135,T0497,19-Aug-2024,27-Sep-2024,Workers Compensation,USD,100981.02,0.0,100981.02,S
CL002108,T0377,13-Sep-2023,24-Oct-2023,Workers Compensation,USD,25509.53,0.0,25509.53,S
CL000388,T0504,17-Jan-2022,29-Jan-2022,Auto Liability,USD,49043.22,0.0,49043.22,S
CL005499,T0257,02-Jun-2026,14-Jun-2026,Medical Malpractice,USD,5160.62,0.0,5160.62,S
CL003836,T0016,03-Apr-2025,11-Apr-2025,Fire & Explosion,USD,203845.75,0.0,203845.75,S
CL003828,T0685,17-Mar-2025,08-Apr-2025,General Liability,EUR,358675.7,0.0,358675.7,S
CL002417,T0023,18-Jan-2024,08-Feb-2024,Business Interruption,INR,2312447.51,0.0,2312447.51,S
CL003337,T0091,18-Nov-2024,24-Nov-2024,Auto Liability,USD,198419.51,0.0,198419.51,S
CL000272,T0590,15-Jun-2021,05-Nov-2021,Credit & Surety,USD,17555.83,0.0,17555.83,S
CL001523,T0641,13-Mar-2023,10-Apr-2023,Cyber,USD,80026.92,0.0,80026.92,S
CL005739,T0075,24-Jul-2026,17-Aug-2026,Business Interruption,USD,95024.7,129327.22,224351.92,O
CL000141,T0431,28-May-2021,27-Jul-2021,Professional Indemnity,USD,125400.48,0.0,125400.48,S
CL001209,T0061,29-Dec-2022,10-Jan-2023,Workers Compensation,USD,30562.67,0.0,30562.67,S
CL000700,T0047,05-Jul-2022,25-Jul-2022,Marine Hull,USD,17388.18,0.0,17388.18,S
CL000758,T0411,08-Aug-2022,11-Aug-2022,Natural Catastrophe,EUR,98358.5,0.0,98358.5,S
CL005409,T0441,12-May-2026,20-May-2026,Directors & Officers,USD,18896.55,71625.98,90522.53,O
CL005023,T0346,30-Jan-2026,17-Feb-2026,General Liability,EUR,8374.72,49549.08,57923.8,O
CL001251,T0610,18-Dec-2022,19-Jan-2023,Fire & Explosion,USD,618627.17,0.0,618627.17,S
CL004178,T0685,12-May-2025,18-Jul-2025,Auto Liability,EUR,295054.61,0.0,295054.61,S
CL002899,T0101,25-May-2024,14-Jul-2024,Directors & Officers,USD,75405.55,0.0,75405.55,S
CL005099,T0058,05-Mar-2026,05-Mar-2026,Energy,USD,6798.44,0.0,6798.44,S
CL004917,T0446,21-Jan-2026,24-Jan-2026,Natural Catastrophe,USD,473.3,8511.8,8985.1,O
CL003485,T0426,25-Dec-2024,03-Jan-2025,Fire & Explosion,USD,90237.58,0.0,90237.58,S
CL003423,T0192,25-Nov-2024,17-Dec-2024,Cyber,USD,37993.31,0.0,37993.31,S
CL003010,T0657,19-Aug-2024,20-Aug-2024,Political Risk,USD,25109.41,0.0,25109.41,S
CL001080,T0111,03-Nov-2022,05-Dec-2022,Cyber,EUR,36742.6,0.0,36742.6,S
CL004896,T0301,02-Jan-2026,19-Jan-2026,General Liability,USD,31454.11,0.0,31454.11,S
CL001555,T0489,29-Mar-2023,19-Apr-2023,Workers Compensation,EUR,19811.14,0.0,19811.14,S
CL002100,T0611,20-Oct-2023,20-Oct-2023,Aviation,USD,8578.33,0.0,8578.33,S
CL002382,T0126,24-Jan-2024,27-Jan-2024,Business Interruption,USD,11044.74,0.0,11044.74,S
CL002559,T0415,29-Feb-2024,23-Mar-2024,Energy,INR,13421991.25,0.0,13421991.25,S
CL001708,T0247,31-May-2023,11-Jun-2023,General Liability,GBP,29706.06,0.0,29706.06,S
CL000894,T0109,09-Jul-2022,03-Oct-2022,Fire & Explosion,USD,109093.91,0.0,109093.91,S
CL003140,T0226,19-Sep-2024,29-Sep-2024,Business Interruption,USD,985171.6,0.0,985171.6,S
CL002724,T0405,05-May-2024,14-May-2024,Natural Catastrophe,USD,578426.54,0.0,578426.54,S
CL002944,T0547,24-Jul-2024,26-Jul-2024,Auto Liability,EUR,12475.55,0.0,12475.55,S
CL005451,T0312,30-May-2026,01-Jun-2026,Professional Indemnity,USD,9991.87,4282.23,14274.1,R
CL003235,T0517,01-Oct-2024,25-Oct-2024,Credit & Surety,EUR,3494.35,0.0,3494.35,S
CL005015,T0158,16-Feb-2026,16-Feb-2026,Auto Liability,USD,32854.66,92338.4,125193.06,O
CL002578,T0502,02-Mar-2024,29-Mar-2024,General Liability,INR,375308.17,0.0,375308.17,S
CL001381,T0394,16-Feb-2023,27-Feb-2023,Natural Catastrophe,USD,31399.32,51620.96,104718.35,O
CL004705,T0097,22-Oct-2025,03-Dec-2025,Professional Indemnity,EUR,5361.69,0.0,5361.69,S
CL004508,T0527,14-Sep-2025,15-Oct-2025,Credit & Surety,EUR,252445.37,0.0,252445.37,S
CL001241,T0282,03-Jan-2023,16-Jan-2023,Natural Catastrophe,USD,251360.13,0.0,251360.13,S
CL003000,T0285,12-Aug-2024,15-Aug-2024,Aviation,USD,91416.28,0.0,91416.28,S
CL005803,T0002,13-Aug-2026,06-Sep-2026,Business Interruption,GBP,1630.1,100579.63,102209.73,O
CL001108,T0036,04-Dec-2022,13-Dec-2022,Aviation,USD,145692.65,0.0,145692.65,S
CL003507,T0657,09-Dec-2024,08-Jan-2025,Aviation,USD,216530.12,0.0,216530.12,S
CL000229,T0159,10-Oct-2021,14-Oct-2021,Business Interruption,EUR,30433.61,0.0,30433.61,S
CL004961,T0212,02-Feb-2026,02-Feb-2026,Workers Compensation,EUR,79576.2,116025.18,195601.38,O
CL005907,T0095,27-Sep-2026,30-Sep-2026,Energy,USD,2702.86,7541.4,10244.26,O
CL004191,T0163,21-Jul-2025,21-Jul-2025,Business Interruption,USD,150708.47,0.0,150708.47,S
CL003734,T0483,28-Feb-2025,11-Mar-2025,Workers Compensation,USD,11572.21,0.0,11572.21,S
CL000317,T0558,12-Dec-2021,12-Dec-2021,Auto Liability,USD,4514.04,0.0,4514.04,S
CL001989,T0167,11-Sep-2023,17-Sep-2023,Professional Indemnity,USD,88674.88,0.0,88674.88,S
CL005204,T0124,21-Mar-2026,03-Apr-2026,General Liability,USD,962.38,21476.58,22438.96,O
CL000738,T0614,04-Aug-2022,04-Aug-2022,Business Interruption,USD,10870.77,0.0,10870.77,S
CL001337,T0061,30-Jan-2023,13-Feb-2023,Auto Liability,USD,45422.13,0.0,45422.13,S
CL900014,T9014,01-Dec-2022,09-Dec-2022,General Liability,EUR,2350.51,3507.16,5857.67,O
CL004361,T0204,20-May-2025,06-Sep-2025,Fire & Explosion,USD,118586.69,0.0,118586.69,S
CL002744,T0304,22-Mar-2024,21-May-2024,Natural Catastrophe,USD,55547.49,0.0,55547.49,S
CL003286,T0081,03-Sep-2024,06-Nov-2024,Professional Indemnity,EUR,1015.76,0.0,1015.76,S
CL005090,T0575,30-Jan-2026,03-Mar-2026,Fire & Explosion,USD,1489.84,0.0,1489.84,S
CL003476,T0500,16-Nov-2024,31-Dec-2024,Credit & Surety,USD,308401.0,132171.86,440572.86,R
CL005867,T0297,10-Sep-2026,24-Sep-2026,Directors & Officers,USD,13261.71,14927.31,28189.02,O
CL004947,T0485,28-Jan-2026,28-Jan-2026,Directors & Officers,EUR,37800.54,0.0,37800.54,S
CL002576,T0190,04-Mar-2024,29-Mar-2024,Workers Compensation,USD,74371.01,0.0,74371.01,S
CL002653,T0130,05-Mar-2024,18-Apr-2024,Workers Compensation,USD,51890.99,0.0,51890.99,S
CL001173,T0229,18-Dec-2022,29-Dec-2022,Natural Catastrophe,USD,23633.84,0.0,23633.84,S
CL001124,T0171,17-Dec-2022,17-Dec-2022,Cyber,USD,17680.18,53516.13,71196.31,O
CL005953,T0539,04-Sep-2026,30-Sep-2026,Aviation,USD,64249.03,384268.37,448517.4,O
CL004713,T0114,03-Dec-2025,04-Dec-2025,Professional Indemnity,USD,115343.51,364377.82,479721.33,O
CL005369,T0166,08-May-2026,13-May-2026,Energy,USD,4487.77,44706.08,49193.85,O
CL000301,T0230,18-Sep-2021,01-Dec-2021,Marine Hull,USD,77494.61,0.0,77494.61,S
CL004054,T0289,07-Jun-2025,10-Jun-2025,Energy,USD,9779.2,49563.71,59342.91,O
CL004405,T0395,18-Aug-2025,17-Sep-2025,Auto Liability,USD,1768.8,3797.65,5566.45,O
CL001216,T0609,30-Dec-2022,10-Jan-2023,Natural Catastrophe,USD,53056.22,0.0,53056.22,S
CL002452,T0119,15-Jan-2024,19-Feb-2024,General Liability,USD,239.23,2664.34,2903.57,O
CL000077,T0361,02-Jun-2021,08-Jun-2021,Auto Liability,USD,13990.48,0.0,13990.48,S
CL003242,T0366,21-Oct-2024,26-Oct-2024,Natural Catastrophe,USD,315342.63,0.0,315342.63,S
CL003233,T0502,09-Oct-2024,25-Oct-2024,Auto Liability,INR,2676203.3,0.0,2676203.3,S
CL000286,T0458,30-Aug-2021,17-Nov-2021,Energy,USD,113386.63,0.0,113386.63,S
CL001626,T0659,20-Apr-2023,14-May-2023,Fire & Explosion,EUR,1814.99,3668.53,5483.52,O
CL000942,T0061,16-Oct-2022,18-Oct-2022,Workers Compensation,USD,59694.44,0.0,59694.44,S
CL004220,T0110,12-Jul-2025,30-Jul-2025,Fire & Explosion,USD,1142.94,19958.44,21101.38,O
CL002884,T0540,07-Jun-2024,06-Jul-2024,Political Risk,USD,61102.82,0.0,68215.65,S
CL005434,T0184,08-May-2026,29-May-2026,General Liability,EUR,3379.61,3597.25,6976.86,O
CL003180,T0086,02-Oct-2024,09-Oct-2024,Directors & Officers,USD,46783.13,0.0,46783.13,S
CL000791,T0098,20-Aug-2022,25-Aug-2022,Natural Catastrophe,EUR,14207.4,0.0,14207.4,S
CL004742,T0110,05-Oct-2025,11-Dec-2025,Natural Catastrophe,USD,35177.58,0.0,35177.58,S
CL900011,T9011,04-Apr-2025,06-Apr-2025,Professional Indemnity,USD,98171.09,0.0,98171.09,S
CL002495,T0043,30-Jan-2024,04-Mar-2024,Credit & Surety,EUR,27886.34,0.0,27886.34,S
CL005728,T0530,06-Jul-2026,11-Aug-2026,Professional Indemnity,USD,17564.08,21885.68,39449.76,O
CL005344,T0479,16-Mar-2026,06-May-2026,Auto Liability,GBP,9139.07,14621.56,23760.63,O
CL001698,T0193,23-Mar-2023,08-Jun-2023,Fire & Explosion,USD,70911.92,127982.42,198894.34,O
CL000429,T0693,11-Jan-2022,16-Feb-2022,Aviation,USD,1619.27,0.0,1619.27,S
CL004561,T0694,12-Oct-2025,27-Oct-2025,Aviation,USD,50254.07,51485.33,101739.4,O
CL000710,T0206,09-Jul-2022,27-Jul-2022,Natural Catastrophe,INR,3826076.42,0.0,3826076.42,S
CL002531,T0624,29-Feb-2024,14-Mar-2024,Natural Catastrophe,USD,71280.81,0.0,71280.81,S
CL002767,T0023,17-Apr-2024,29-May-2024,Business Interruption,INR,835278.15,0.0,835278.15,S
CL005633,T0035,11-Jul-2026,19-Jul-2026,Natural Catastrophe,USD,191020.27,191451.82,382472.09,O
CL005057,T0124,08-Feb-2026,25-Feb-2026,Workers Compensation,USD,180.73,9510.46,9691.19,O
CL001685,T0645,08-May-2023,04-Jun-2023,Business Interruption,EUR,112852.36,0.0,112852.36,S
CL003329,T0155,05-Nov-2024,22-Nov-2024,Business Interruption,USD,2083.83,0.0,2083.83,S
CL001672,T0268,29-May-2023,29-May-2023,Aviation,USD,177465.04,0.0,177465.04,S
CL000178,T0419,02-Sep-2021,04-Sep-2021,Natural Catastrophe,USD,17507.6,0.0,17507.6,S
CL002191,T0271,07-Nov-2023,24-Nov-2023,Energy,EUR,24616.94,0.0,24616.94,S
CL001257,T0581,04-Dec-2022,22-Jan-2023,Business Interruption,USD,7092.99,0.0,7092.99,S
CL000383,T0468,06-Dec-2021,23-Jan-2022,Business Interruption,USD,144173.27,0.0,144173.27,S
CL000797,T0588,11-Aug-2022,26-Aug-2022,Business Interruption,EUR,14927.5,118385.8,133313.3,O
CL004297,T0559,05-Aug-2025,20-Aug-2025,Fire & Explosion,USD,539016.39,0.0,539016.39,S
CL002098,T0268,20-Oct-2023,20-Oct-2023,Marine Hull,USD,27427.24,0.0,27427.24,S
CL004944,T0646,22-Jan-2026,27-Jan-2026,Fire & Explosion,EUR,8453.43,0.0,8453.43,S
CL003282,T0164,05-Nov-2024,05-Nov-2024,Medical Malpractice,EUR,116042.17,130150.6,246192.77,O
CL003955,T0040,06-May-2025,10-May-2025,General Liability,USD,137935.06,0.0,137935.06,S
CL004695,T0436,25-Oct-2025,29-Nov-2025,Medical Malpractice,USD,36327.19,0.0,36327.19,S
CL004968,T0051,30-Jan-2026,04-Feb-2026,Natural Catastrophe,USD,497610.93,0.0,497610.93,S
CL001156,T0610,25-Dec-2022,25-Dec-2022,Natural Catastrophe,USD,461399.23,0.0,461399.23,S
CL005895,T0028,07-Sep-2026,30-Sep-2026,General Liability,USD,3983.77,0.0,3983.77,S
CL002422,T0570,07-Jan-2024,09-Feb-2024,Cyber,INR,3897431.05,0.0,3897431.05,S
CL000781,T0109,26-Jun-2022,22-Aug-2022,Business Interruption,USD,42564.34,81159.43,123723.77,O
CL004367,T0585,31-Aug-2025,08-Sep-2025,General Liability,EUR,30376.55,0.0,30376.55,S
CL003636,T0500,19-Jan-2025,14-Feb-2025,Cyber,USD,41093.36,0.0,41093.36,S
CL004271,T0269,11-Aug-2025,13-Aug-2025,Natural Catastrophe,USD,116072.85,0.0,116072.85,S
CL000947,T0676,13-Oct-2022,19-Oct-2022,Workers Compensation,USD,106959.99,0.0,106959.99,S
CL004425,T0553,16-Sep-2025,22-Sep-2025,Directors & Officers,USD,259248.37,0.0,259248.37,S
CL001455,T0292,22-Feb-2023,21-Mar-2023,Medical Malpractice,EUR,6939.14,17998.39,24937.53,O
CL000208,T0027,28-Sep-2021,28-Sep-2021,Fire & Explosion,USD,64874.18,0.0,64874.18,S
CL003500,T0598,23-Nov-2024,06-Jan-2025,General Liability,USD,69976.04,0.0,69976.04,S
CL004992,T0201,07-Feb-2026,11-Feb-2026,Natural Catastrophe,USD,7836.93,13911.08,21748.01,O
CL000041,T0545,25-Apr-2021,28-Apr-2021,Auto Liability,EUR,89151.61,0.0,89151.61,S
CL001805,T0322,12-Jul-2023,12-Jul-2023,Professional Indemnity,USD,6066.67,0.0,6066.67,S
CL001828,T0617,09-Jun-2023,17-Jul-2023,General Liability,INR,3937630.08,0.0,3937630.08,S
CL003186,T0216,22-Sep-2024,10-Oct-2024,Energy,USD,10024.07,0.0,10024.07,S
CL003729,T0143,24-Feb-2025,11-Mar-2025,Fire & Explosion,USD,20202.67,98220.46,118423.13,O
CL001310,T0151,15-Jan-2023,07-Feb-2023,Workers Compensation,USD,105354.58,0.0,105354.58,S
CL005302,T0439,10-Apr-2026,25-Apr-2026,Medical Malpractice,USD,6381.82,32918.83,39300.65,O
CL000075,T0576,04-Jun-2021,06-Jun-2021,Aviation,USD,6642.43,0.0,6642.43,S
CL000961,T0507,23-Sep-2022,26-Oct-2022,Credit & Surety,USD,212.18,11673.55,11885.73,O
CL005959,T0579,10-Sep-2026,30-Sep-2026,Credit & Surety,USD,4848.03,5516.67,10364.7,O
CL001084,T0632,03-Dec-2022,06-Dec-2022,Natural Catastrophe,USD,33716.98,0.0,33716.98,S
CL003901,T0179,27-Jan-2024,27-Apr-2025,General Liability,USD,331213.9,0.0,331213.9,S
CL001623,T0604,28-Mar-2023,13-May-2023,Marine Hull,EUR,30964.31,0.0,30964.31,S
CL003951,T0168,24-Apr-2025,09-May-2025,Cyber,USD,131541.21,0.0,131541.21,S
CL004972,T0372,04-Jan-2026,04-Feb-2026,Energy,EUR,477487.92,0.0,477487.92,S
CL002952,T0081,11-Jul-2024,30-Jul-2024,Professional Indemnity,EUR,2510.72,9278.77,11789.49,O
CL003896,T0080,23-Apr-2025,26-Apr-2025,Natural Catastrophe,EUR,44386.72,0.0,44386.72,S
CL002561,T0455,22-Mar-2024,23-Mar-2024,Fire & Explosion,USD,46110.59,0.0,46110.59,S
CL001063,T0150,26-Nov-2022,29-Nov-2022,Auto Liability,USD,100470.03,0.0,100470.03,S
CL000642,T0191,12-Jun-2022,20-Jun-2022,Marine Hull,USD,143736.37,0.0,143736.37,S
CL004091,T0690,25-May-2025,19-Jun-2025,Political Risk,USD,780.76,5215.12,5995.88,O
CL004584,T0407,15-Oct-2025,02-Nov-2025,General Liability,GBP,16841.46,26551.63,43393.09,O
CL000454,T0474,29-Dec-2021,08-Mar-2022,Auto Liability,USD,79285.53,0.0,79285.53,S
CL004509,T0553,29-Sep-2025,15-Oct-2025,Credit & Surety,USD,47484.89,0.0,47484.89,S
CL002662,T0424,17-Apr-2024,22-Apr-2024,Directors & Officers,USD,109521.06,0.0,109521.06,S
CL000437,T0088,23-Feb-2022,23-Feb-2022,Fire & Explosion,USD,10656.14,0.0,10656.14,S
CL005433,T0005,26-May-2026,29-May-2026,Natural Catastrophe,USD,631.3,12851.86,13483.16,O
CL003184,T0462,09-Oct-2024,09-Oct-2024,Natural Catastrophe,GBP,79101.15,0.0,79101.15,S
CL003165,T0118,28-Aug-2024,05-Oct-2024,Business Interruption,USD,117130.2,0.0,117130.2,S
CL004158,T0270,19-Jun-2025,11-Jul-2025,General Liability,GBP,49323.44,0.0,49323.44,S
CL001049,T0349,24-Jul-2022,24-Nov-2022,Cyber,USD,245250.98,0.0,245250.98,S
CL003137,T0128,18-Jul-2024,28-Sep-2024,Professional Indemnity,EUR,37181.37,0.0,37181.37,S
CL001394,T0492,01-Mar-2023,01-Mar-2023,Medical Malpractice,USD,17296.9,0.0,17296.9,S
CL001529,T0017,27-Mar-2023,13-Apr-2023,Natural Catastrophe,EUR,38431.86,0.0,38431.86,S
CL002768,T0218,13-May-2024,30-May-2024,Business Interruption,EUR,2908.14,0.0,2908.14,S
CL000309,T0522,16-Oct-2021,09-Dec-2021,Natural Catastrophe,USD,9131.38,3913.45,13044.83,R
CL004970,T0170,22-Jan-2026,04-Feb-2026,Aviation,USD,57967.78,84743.98,142711.76,O
CL001841,T0142,17-Jul-2023,23-Jul-2023,Workers Compensation,EUR,9964.59,0.0,9964.59,S
CL000581,T0098,01-Apr-2022,12-May-2022,Business Interruption,EUR,236843.25,0.0,236843.25,S
CL004089,T0663,23-Apr-2025,18-Jun-2025,General Liability,EUR,78774.68,102178.19,180952.87,O
CL001667,T0569,09-May-2023,27-May-2023,General Liability,USD,411075.28,0.0,411075.28,S
CL000811,T0229,24-Aug-2022,01-Sep-2022,Fire & Explosion,USD,23041.57,0.0,23041.57,S
CL005697,T0397,07-Jul-2026,05-Aug-2026,Business Interruption,INR,726195.95,0.0,726195.95,S
CL000556,T0636,20-Apr-2022,26-Apr-2022,General Liability,EUR,812.96,1084.0,1896.96,O
CL002481,T0153,19-Jan-2024,27-Feb-2024,Workers Compensation,USD,57024.69,0.0,57024.69,S
CL000707,T0474,02-Jul-2022,26-Jul-2022,Auto Liability,USD,1475843.83,0.0,1475843.83,S
CL001317,T0247,07-Feb-2023,09-Feb-2023,Workers Compensation,GBP,13193.56,27390.46,40584.02,O
CL003583,T0426,21-Jan-2025,02-Feb-2025,Fire & Explosion,USD,52347.3,0.0,52347.3,S
CL003791,T0063,29-Jan-2025,29-Mar-2025,Credit & Surety,EUR,9198.57,34360.18,43558.75,O
CL000902,T0171,20-Sep-2022,05-Oct-2022,Credit & Surety,USD,2024.11,0.0,2024.11,S
CL000352,T0332,23-Dec-2021,01-Jan-2022,Workers Compensation,EUR,13437.14,0.0,13437.14,S
CL001741,T0582,29-May-2023,22-Jun-2023,Fire & Explosion,EUR,193439.98,0.0,193439.98,S
CL005919,T0227,23-Aug-2026,30-Sep-2026,Energy,USD,11113.18,26231.56,37344.74,O
CL004306,T0192,04-Aug-2025,23-Aug-2025,Directors & Officers,USD,29622.65,57536.01,87158.66,O
CL004803,T0132,05-Dec-2025,27-Dec-2025,Fire & Explosion,USD,12270.59,0.0,12270.59,S
CL002240,T0308,01-Dec-2023,13-Dec-2023,Directors & Officers,USD,115172.29,0.0,115172.29,S
CL000513,T0210,08-Apr-2022,08-Apr-2022,Fire & Explosion,USD,31603.97,0.0,31603.97,S
CL002007,T0252,15-Jul-2023,23-Sep-2023,Marine Hull,USD,94431.42,0.0,94431.42,S
CL005834,T0152,19-Aug-2026,14-Sep-2026,Fire & Explosion,GBP,10878.52,20558.99,31437.51,O
CL002483,T0455,08-Jan-2024,28-Feb-2024,Fire & Explosion,USD,5136.98,9667.58,14804.56,O
CL001266,T0011,03-Jan-2023,26-Jan-2023,Auto Liability,EUR,404070.23,0.0,404070.23,S
CL000888,T0509,22-Jul-2022,29-Sep-2022,Professional Indemnity,USD,21059.01,0.0,21059.01,S
CL005653,T0227,24-Jun-2026,26-Jul-2026,Political Risk,USD,6360.78,9086.89,15447.67,O
CL003380,T0526,03-Dec-2024,04-Dec-2024,Professional Indemnity,EUR,26767.2,0.0,26767.2,S
CL003894,T0262,09-Mar-2025,25-Apr-2025,Cyber,EUR,69750.57,0.0,69750.57,S
CL000233,T0468,04-Oct-2021,15-Oct-2021,Fire & Explosion,USD,51556.14,0.0,51556.14,S
CL005481,T0495,29-May-2026,08-Jun-2026,Business Interruption,INR,265455.74,364413.55,629869.29,O
CL000388,T0504,17-Jan-2022,29-Jan-2022,Auto Liability,USD,49043.22,0.0,49043.22,S
CL003511,T0440,27-Dec-2024,10-Jan-2025,Energy,USD,3247.83,0.0,3247.83,S
CL002577,T0482,23-Mar-2024,29-Mar-2024,General Liability,USD,308963.3,0.0,308963.3,S
CL005265,T0495,14-Apr-2026,18-Apr-2026,Business Interruption,INR,1131427.34,5511648.2,6643075.54,O
CL003373,T0215,30-Nov-2024,02-Dec-2024,Fire & Explosion,USD,614831.36,0.0,614831.36,S
CL004872,T0503,03-Jan-2026,15-Jan-2026,Energy,USD,270.87,14497.16,14768.03,O
CL003215,T0086,19-Sep-2024,20-Oct-2024,Directors & Officers,USD,23971.46,0.0,23971.46,S
CL000788,T0282,11-Jul-2022,24-Aug-2022,Fire & Explosion,USD,78788.18,0.0,78788.18,S
CL003274,T0054,31-Oct-2024,02-Nov-2024,General Liability,EUR,21569.53,0.0,21569.53,S
CL001188,T0478,02-Jan-2023,02-Jan-2023,Natural Catastrophe,USD,16322.26,0.0,16322.26,S
CL000053,T0558,10-Apr-2021,08-May-2021,General Liability,USD,39849.37,0.0,39849.37,S
CL000739,T0630,27-Apr-2022,04-Aug-2022,Auto Liability,USD,50498.82,21642.35,72141.17,R
CL004435,T0338,21-Sep-2025,25-Sep-2025,Business Interruption,USD,210168.48,0.0,210168.48,S
CL004319,T0103,26-Aug-2025,27-Aug-2025,Natural Catastrophe,EUR,19960.06,0.0,19960.06,S
CL005299,T0060,08-Apr-2026,25-Apr-2026,Professional Indemnity,USD,2367.13,0.0,2367.13,S
CL001415,T0292,06-Mar-2023,07-Mar-2023,Professional Indemnity,EUR,233704.17,0.0,233704.17,S
CL002882,T0486,30-Jun-2024,06-Jul-2024,General Liability,USD,54923.22,0.0,54923.22,S
CL001103,T0177,09-Oct-2022,12-Dec-2022,Professional Indemnity,USD,10853.82,0.0,10853.82,S
CL005525,T0601,12-Mar-2026,22-Jun-2026,Auto Liability,EUR,45374.69,76187.72,121562.41,O
CL000291,T0068,27-Sep-2021,21-Nov-2021,Natural Catastrophe,USD,62630.02,0.0,62630.02,S
CL004486,T0338,08-Sep-2025,12-Oct-2025,Natural Catastrophe,USD,16270.27,0.0,16270.27,S
CL000125,T0333,11-Jul-2021,15-Jul-2021,Natural Catastrophe,USD,228114.68,0.0,228114.68,S
CL000572,T0349,18-Apr-2022,07-May-2022,Directors & Officers,USD,83875.99,0.0,83875.99,S
CL004675,T0465,17-Nov-2025,23-Nov-2025,Business Interruption,INR,1003169.61,0.0,1003169.61,S
CL003144,T0469,27-Aug-2024,29-Sep-2024,Energy,USD,23276.5,0.0,23276.5,S
CL003628,T0063,03-Feb-2025,12-Feb-2025,Directors & Officers,EUR,4078.79,0.0,4078.79,S
CL004208,T0572,15-May-2025,26-Jul-2025,Auto Liability,EUR,8134.03,48638.44,56772.47,O
CL005361,T0209,09-May-2026,10-May-2026,Political Risk,USD,75.29,942.49,1017.78,O
CL004137,T0107,17-Jun-2025,08-Jul-2025,Natural Catastrophe,USD,37839.25,94147.21,131986.46,O
CL005784,T0057,24-Jun-2026,29-Aug-2026,Natural Catastrophe,EUR,145.03,2646.24,2791.27,O
CL005260,T0485,16-Apr-2026,17-Apr-2026,Cyber,EUR,144524.01,0.0,144524.01,S
CL000733,T0042,19-Jul-2022,03-Aug-2022,Aviation,EUR,11049.7,0.0,11049.7,S
CL004397,T0054,15-Jul-2025,15-Sep-2025,General Liability,EUR,19884.28,0.0,19884.28,S
CL000264,T0333,02-Nov-2021,02-Nov-2021,Natural Catastrophe,USD,55212.16,0.0,55212.16,S
CL000713,T0111,23-Sep-2023,28-Jul-2022,Cyber,EUR,21099.79,0.0,21099.79,S
CL003107,T0455,08-Sep-2024,19-Sep-2024,Business Interruption,USD,297657.99,0.0,297657.99,S
CL001277,T0394,11-Jan-2023,28-Jan-2023,Natural Catastrophe,USD,26335.5,0.0,26335.5,S
CL002710,T0155,05-May-2024,09-May-2024,Fire & Explosion,USD,4092.84,0.0,4092.84,S
CL005039,T0146,31-Jan-2026,20-Feb-2026,Natural Catastrophe,EUR,129778.51,154641.12,284419.63,O
CL004850,T0032,25-Dec-2025,09-Jan-2026,Natural Catastrophe,USD,53553.3,0.0,53553.3,S
CL004120,T0311,22-Jun-2025,30-Jun-2025,Natural Catastrophe,INR,5379780.0,11474008.35,16853788.35,O
CL004629,T0114,29-Oct-2025,13-Nov-2025,Professional Indemnity,USD,349862.17,0.0,349862.17,S
CL005536,T0166,15-Jun-2026,26-Jun-2026,Aviation,USD,4491.07,38318.79,42809.86,O
CL000370,T0410,14-Jan-2022,14-Jan-2022,Directors & Officers,USD,115896.63,0.0,115896.63,S
CL003396,T0078,06-Nov-2024,10-Dec-2024,Credit & Surety,INR,4925461.48,0.0,4925461.48,S
CL001253,T0492,17-Dec-2022,20-Jan-2023,Professional Indemnity,USD,94240.15,0.0,94240.15,S
CL005663,T0075,15-Jul-2026,28-Jul-2026,Fire & Explosion,USD,6676.76,21964.02,28640.78,O
CL003115,T0699,07-Sep-2024,22-Sep-2024,Business Interruption,USD,661388.44,0.0,661388.44,S
CL001194,T0630,10-Dec-2022,04-Jan-2023,Workers Compensation,USD,527840.39,0.0,527840.39,S
CL003108,T0001,30-Aug-2024,20-Sep-2024,Natural Catastrophe,USD,1942431.11,0.0,1942431.11,S
CL001274,T0631,16-Dec-2022,27-Jan-2023,Cyber,USD,11361.59,0.0,11361.59,S
CL003265,T0043,30-Aug-2024,30-Oct-2024,Cyber,EUR,38526.82,0.0,38526.82,S
CL003037,T0070,25-Aug-2024,30-Aug-2024,Fire & Explosion,USD,9787.52,0.0,9787.52,S
CL000836,T0083,13-Aug-2022,10-Sep-2022,General Liability,INR,6642040.42,0.0,6642040.42,S
CL005755,T0307,19-Aug-2026,21-Aug-2026,General Liability,USD,64609.6,69127.37,133736.97,O
CL003034,T0519,06-Aug-2024,29-Aug-2024,Natural Catastrophe,EUR,5956.18,0.0,5956.18,S
CL000064,T0511,14-May-2021,24-May-2021,Business Interruption,USD,34515.8,0.0,34515.8,S
CL004304,T0414,13-Jul-2025,22-Aug-2025,Workers Compensation,USD,18163.71,31452.96,49616.67,O
CL003049,T0302,09-Aug-2024,02-Sep-2024,Directors & Officers,EUR,3254.23,36177.06,39431.29,O
CL005407,T0256,24-Apr-2026,20-May-2026,Energy,USD,794.59,5742.73,6537.32,O
CL001978,T0650,23-Aug-2023,13-Sep-2023,Cyber,USD,31176.03,0.0,31176.03,S
CL001705,T0647,04-Jun-2023,10-Jun-2023,Professional Indemnity,USD,223427.22,0.0,223427.22,S
CL005315,T0005,19-Apr-2026,28-Apr-2026,Fire & Explosion,USD,28206.78,358663.94,386870.72,O
CL000376,T0332,17-Jan-2022,18-Jan-2022,Workers Compensation,EUR,3919.52,0.0,3919.52,S
CL005291,T0346,06-Apr-2026,23-Apr-2026,General Liability,EUR,2804.41,92195.23,94999.64,O
CL002980,T0405,21-Jul-2024,08-Aug-2024,Business Interruption,USD,100020.68,0.0,100020.68,S
CL003376,T0598,24-Nov-2024,02-Dec-2024,Workers Compensation,USD,16953.51,0.0,16953.51,S
CL002363,T0077,19-Jan-2024,23-Jan-2024,General Liability,USD,140730.54,0.0,140730.54,S
CL002664,T0156,10-Apr-2024,23-Apr-2024,Natural Catastrophe,USD,15647.06,0.0,15647.06,S
CL001286,T0357,28-Dec-2022,31-Jan-2023,Energy,INR,30818431.46,0.0,30818431.46,S
CL004886,T0485,17-Dec-2025,17-Jan-2026,Directors & Officers,EUR,8244.53,54727.77,62972.3,O
CL005394,T0060,08-May-2026,18-May-2026,Professional Indemnity,USD,997.98,9637.19,10635.17,O
CL002087,T0377,07-Oct-2023,16-Oct-2023,Workers Compensation,USD,70613.81,0.0,70613.81,S
CL002328,T0165,01-Jan-2024,12-Jan-2024,General Liability,EUR,107228.83,0.0,107228.83,S
CL004723,T0643,04-Oct-2025,05-Dec-2025,Natural Catastrophe,EUR,57151.27,185316.13,242467.4,O
CL004092,T0019,17-Jun-2025,20-Jun-2025,Directors & Officers,USD,450.21,686.21,1136.42,O
CL004738,T0058,06-Dec-2025,10-Dec-2025,Aviation,USD,32118.36,0.0,32118.36,S
CL001412,T0672,07-Feb-2023,06-Mar-2023,Natural Catastrophe,USD,187569.36,0.0,187569.36,S
CL003824,T0443,29-Mar-2025,07-Apr-2025,Fire & Explosion,USD,154218.53,0.0,154218.53,S
CL003706,T0289,03-Apr-2024,03-Mar-2025,Energy,USD,58541.01,106699.44,165240.45,O
CL005473,T0201,04-Jun-2026,07-Jun-2026,Business Interruption,USD,7882.7,0.0,7882.7,S
CL004342,T0301,27-Jun-2025,02-Sep-2025,General Liability,USD,1610.57,7446.68,9057.25,O
CL000637,T0416,25-May-2022,15-Jun-2022,Directors & Officers,USD,12491.59,0.0,12491.59,S
CL000735,T0109,18-Jun-2022,04-Aug-2022,Natural Catastrophe,USD,5505.98,20925.41,26431.39,O
CL001522,T0477,13-Mar-2023,09-Apr-2023,Natural Catastrophe,EUR,5366.6,0.0,5366.6,S
CL000536,T0551,28-Feb-2022,17-Apr-2022,Fire & Explosion,EUR,434655.1,0.0,434655.1,S
CL004284,T0450,16-Jul-2025,16-Aug-2025,Auto Liability,USD,1583429.46,1854187.53,3437616.99,O
CL003809,T0300,19-Mar-2025,03-Apr-2025,Energy,USD,90048.03,0.0,90048.03,S
CL000451,T0453,05-Mar-2022,07-Mar-2022,Professional Indemnity,USD,2263937.65,0.0,2263937.65,S
CL000996,T0489,25-Oct-2022,04-Nov-2022,General Liability,EUR,54697.71,0.0,54697.71,S
CL001530,T0034,11-Apr-2023,13-Apr-2023,Business Interruption,USD,6180.07,0.0,6180.07,S
CL002249,T0238,18-Dec-2023,18-Dec-2023,Workers Compensation,USD,7582.23,0.0,7582.23,S
CL001125,T0206,06-Dec-2022,17-Dec-2022,Fire & Explosion,INR,9141744.21,0.0,9141744.21,S
CL003033,T0304,24-Jul-2024,29-Aug-2024,Fire & Explosion,USD,17626.31,0.0,17626.31,S
CL004874,T0575,11-Jan-2026,15-Jan-2026,Natural Catastrophe,USD,38999.15,0.0,38999.15,S
CL000485,T0047,14-Mar-2022,25-Mar-2022,Aviation,USD,98146.23,0.0,98146.23,S
CL001899,T0654,31-Jul-2023,13-Aug-2023,Fire & Explosion,USD,130236.06,0.0,130236.06,S
CL004398,T0222,26-Aug-2025,15-Sep-2025,Fire & Explosion,EUR,71325.35,0.0,71325.35,S
CL004232,T0169,18-May-2025,02-Aug-2025,Natural Catastrophe,EUR,704.56,5375.7,6080.26,O
CL003155,T0366,03-Sep-2024,02-Oct-2024,Business Interruption,USD,150092.71,0.0,150092.71,S
CL003588,T0355,02-Feb-2025,03-Feb-2025,Auto Liability,USD,27977.98,0.0,27977.98,S
CL005354,T0589,03-Apr-2026,08-May-2026,Natural Catastrophe,EUR,6171.98,7300.24,13472.22,O
CL005528,T0213,07-Jun-2026,24-Jun-2026,Business Interruption,USD,629.65,3768.85,4398.5,O
CL005087,T0494,25-Feb-2026,03-Mar-2026,Marine Hull,GBP,798.6,3830.89,4629.49,O
CL003354,T0360,09-Nov-2024,28-Nov-2024,Cyber,USD,75507.08,0.0,75507.08,S
CL004101,T0114,20-Jun-2025,23-Jun-2025,Medical Malpractice,USD,67654.29,0.0,67654.29,S
CL005850,T0060,06-Aug-2026,19-Sep-2026,Medical Malpractice,USD,14243.67,40675.73,54919.4,O
CL002842,T0253,21-Jun-2024,25-Jun-2024,Professional Indemnity,USD,39854.96,0.0,39854.96,S
CL003202,T0214,13-Jul-2024,16-Oct-2024,General Liability,USD,21758.28,0.0,21758.28,S
CL001275,T0044,31-Dec-2022,28-Jan-2023,Business Interruption,USD,79811.81,0.0,79811.81,S
CL002858,T0015,29-Jun-2024,30-Jun-2024,Business Interruption,USD,450673.11,0.0,450673.11,S
CL002204,T0677,15-Nov-2023,29-Nov-2023,Business Interruption,USD,10669.98,53749.48,64419.46,O
CL004717,T0557,03-Aug-2025,04-Dec-2025,Aviation,EUR,78120.41,0.0,78120.41,S
CL001228,T0117,12-Jan-2023,13-Jan-2023,Fire & Explosion,USD,160217.51,0.0,160217.51,S
CL005558,T0445,30-Jun-2026,30-Jun-2026,Workers Compensation,USD,111049.19,159706.97,270756.16,O
CL005672,T0439,26-Jul-2026,30-Jul-2026,Professional Indemnity,USD,19780.72,22792.98,42573.7,O
CL001206,T0435,07-Jan-2023,09-Jan-2023,Credit & Surety,USD,8582.04,11892.4,20474.44,O
CL003781,T0652,06-Feb-2025,25-Mar-2025,Marine Hull,INR,1658660.57,0.0,1658660.57,S
CL005331,T0166,18-Apr-2026,02-May-2026,Energy,USD,234.85,14910.18,15145.03,O
CL003727,T0695,08-Mar-2025,10-Mar-2025,Fire & Explosion,EUR,398979.63,0.0,398979.63,S
CL000820,T0687,27-Aug-2022,05-Sep-2022,Workers Compensation,USD,42215.29,76235.23,118450.52,O
CL005783,T0018,12-Jul-2026,29-Aug-2026,General Liability,USD,53890.64,104531.7,158422.34,O
CL003179,T0696,26-Sep-2024,08-Oct-2024,Workers Compensation,USD,418096.56,0.0,418096.56,S
CL002439,T0368,15-Jan-2024,15-Feb-2024,Credit & Surety,GBP,233835.88,0.0,233835.88,S
CL003585,T0556,14-Dec-2024,02-Feb-2025,Fire & Explosion,USD,61974.0,0.0,61974.0,S
CL002635,T0377,01-Apr-2024,12-Apr-2024,Auto Liability,USD,78827.78,0.0,78827.78,S
CL002366,T0304,15-Jan-2024,23-Jan-2024,Natural Catastrophe,USD,28372.46,0.0,28372.46,S
CL000298,T0232,26-Nov-2021,28-Nov-2021,Business Interruption,USD,23084.67,0.0,23084.67,S
CL004526,T0256,30-Sep-2025,21-Oct-2025,Marine Hull,USD,68168.7,0.0,68168.7,S
CL004321,T0575,24-Aug-2025,27-Aug-2025,Fire & Explosion,USD,2067.46,2255.4,4322.86,O
CL000188,T0615,05-Aug-2021,12-Sep-2021,Medical Malpractice,EUR,33457.52,0.0,33457.52,S
CL000194,T0231,06-Sep-2021,19-Sep-2021,Auto Liability,USD,165895.42,0.0,165895.42,S
CL004692,T0082,26-Nov-2025,28-Nov-2025,Natural Catastrophe,USD,48898.06,49237.04,98135.1,O
CL004305,T0646,12-Aug-2025,22-Aug-2025,Natural Catastrophe,EUR,19366.99,0.0,19366.99,S
CL005334,T0601,10-Apr-2026,02-May-2026,Workers Compensation,EUR,231523.84,0.0,231523.84,S
CL000160,T0088,26-Jul-2021,14-Aug-2021,Business Interruption,USD,111667.32,0.0,111667.32,S
CL003800,T0567,26-Mar-2025,31-Mar-2025,Business Interruption,INR,4185358.48,0.0,4185358.48,S
CL005951,T0530,23-Sep-2026,30-Sep-2026,Professional Indemnity,USD,2039.71,2824.8,4864.51,O
CL000933,T0499,11-Oct-2022,14-Oct-2022,Professional Indemnity,EUR,91433.67,0.0,91433.67,S
CL002626,T0045,23-Mar-2024,11-Apr-2024,Workers Compensation,USD,399592.99,0.0,399592.99,S
CL003146,T0639,04-Sep-2024,29-Sep-2024,Energy,USD,251745.51,0.0,251745.51,S
CL003147,T0181,26-Aug-2024,30-Sep-2024,Workers Compensation,USD,180946.24,0.0,180946.24,S
CL005427,T0248,22-Dec-2025,27-May-2026,Aviation,USD,64971.53,137200.13,202171.66,O
CL003256,T0353,28-Oct-2024,28-Oct-2024,Business Interruption,USD,56499.52,0.0,56499.52,S
CL004315,T0414,21-Jun-2025,26-Aug-2025,Auto Liability,USD,28438.83,0.0,28438.83,S
CL000777,T0047,03-Jul-2022,20-Aug-2022,Energy,USD,2412.38,0.0,2412.38,S
CL004068,T0125,18-May-2025,14-Jun-2025,Auto Liability,USD,170504.47,176091.24,346595.71,O
CL003866,T0284,07-Apr-2025,19-Apr-2025,Cyber,EUR,118751.85,0.0,118751.85,S
CL005660,T0008,19-Jul-2026,28-Jul-2026,Natural Catastrophe,USD,3408.46,5368.73,8777.19,O
CL001407,T0680,31-Dec-2022,04-Mar-2023,Fire & Explosion,USD,118147.94,0.0,118147.94,S
CL000477,T0293,17-Jan-2022,21-Mar-2022,Natural Catastrophe,EUR,59616.09,0.0,59616.09,S
CL000102,T0231,04-Jun-2021,24-Jun-2021,General Liability,USD,128669.57,0.0,128669.57,S
CL005813,T0058,02-Sep-2026,10-Sep-2026,Energy,USD,4223.76,0.0,4223.76,S
CL001778,T0680,24-May-2023,06-Jul-2023,Natural Catastrophe,USD,7323.11,0.0,7323.11,S
CL005976,T0679,20-Sep-2026,30-Sep-2026,Fire & Explosion,USD,5068.49,5955.31,11023.8,O
CL001482,T0609,28-Mar-2023,29-Mar-2023,Business Interruption,USD,223530.09,0.0,223530.09,S
CL003285,T0690,05-Nov-2024,05-Nov-2024,Aviation,USD,13781.83,0.0,13781.83,S
CL004940,T0188,18-Jan-2026,27-Jan-2026,General Liability,USD,3928.75,13748.94,17677.69,O
CL001088,T0026,30-Nov-2022,08-Dec-2022,General Liability,USD,23309.31,0.0,23309.31,S
CL002640,T0031,11-Feb-2024,14-Apr-2024,Workers Compensation,INR,4520690.28,5814464.31,10335154.59,O
CL001641,T0611,10-Apr-2023,18-May-2023,Marine Hull,USD,35206.6,0.0,35206.6,S
CL004095,T0037,15-May-2025,22-Jun-2025,Cyber,EUR,49758.73,0.0,49758.73,S
CL005978,T0688,21-Sep-2026,30-Sep-2026,Business Interruption,GBP,1640.37,5615.41,7255.78,O
CL005123,T0487,02-Feb-2026,11-Mar-2026,Fire & Explosion,USD,6583.59,91852.15,98435.74,O
CL002924,T0195,07-Jul-2024,21-Jul-2024,Business Interruption,INR,4751332.83,0.0,4751332.83,S
CL005390,T0005,11-Apr-2026,18-May-2026,Natural Catastrophe,USD,2009.93,35368.97,37378.9,O
CL005011,T0494,01-Feb-2026,14-Feb-2026,Marine Hull,GBP,4187.53,15297.43,19484.96,O
CL003203,T0272,13-Oct-2024,16-Oct-2024,Workers Compensation,USD,871066.89,0.0,871066.89,S
CL002325,T0290,24-Dec-2023,11-Jan-2024,Workers Compensation,USD,7451.18,9435.96,16887.14,O
CL002634,T0377,26-Jan-2024,12-Apr-2024,Auto Liability,USD,108709.95,0.0,108709.95,S
CL004967,T0652,16-Jan-2026,03-Feb-2026,Political Risk,INR,466609.27,510845.96,977455.23,O
CL000899,T0098,14-Aug-2022,04-Oct-2022,Fire & Explosion,EUR,3297.48,0.0,3297.48,S
CL003865,T0262,18-Mar-2025,19-Apr-2025,Credit & Surety,EUR,146123.81,0.0,146123.81,S
CL003159,T0242,28-Sep-2024,03-Oct-2024,Political Risk,USD,663836.93,0.0,663836.93,S
CL001809,T0059,09-Jul-2023,13-Jul-2023,Energy,USD,144349.09,0.0,144349.09,S
CL002019,T0648,10-Sep-2023,25-Sep-2023,Fire & Explosion,EUR,113138.8,0.0,113138.8,S
CL005108,T0592,28-Feb-2026,08-Mar-2026,Directors & Officers,USD,11976.16,12311.42,24287.58,O
CL004279,T0382,07-Aug-2025,14-Aug-2025,General Liability,EUR,138221.88,0.0,138221.88,S
CL003793,T0300,09-Mar-2025,29-Mar-2025,Energy,USD,1846527.21,0.0,1846527.21,S
CL002288,T0518,26-Dec-2023,29-Dec-2023,Professional Indemnity,USD,62883.63,0.0,62883.63,S
CL002475,T0484,19-Feb-2024,25-Feb-2024,Fire & Explosion,EUR,340873.0,0.0,340873.0,S
CL002323,T0023,16-Dec-2023,11-Jan-2024,Fire & Explosion,INR,9305741.0,0.0,9305741.0,S
CL003160,T0426,06-Sep-2024,03-Oct-2024,Fire & Explosion,USD,39541.3,0.0,39541.3,S
CL004204,T0301,24-Jul-2025,24-Jul-2025,Workers Compensation,USD,1828.36,0.0,1828.36,S
CL002830,T0021,31-May-2024,21-Jun-2024,Medical Malpractice,USD,47024.32,0.0,47024.32,S
CL001577,T0680,27-Mar-2023,27-Apr-2023,Fire & Explosion,USD,16828.46,0.0,16828.46,S
CL000763,T0281,29-Jul-2022,14-Aug-2022,Natural Catastrophe,EUR,15987.88,0.0,15987.88,S
CL001967,T0478,28-Jul-2023,09-Sep-2023,Fire & Explosion,USD,274443.24,0.0,274443.24,S
CL005421,T0257,24-May-2026,25-May-2026,Professional Indemnity,USD,886.68,8672.72,9559.4,O
CL001090,T0196,03-Dec-2022,08-Dec-2022,Business Interruption,EUR,1251.1,4317.43,5568.53,O
CL003314,T0350,03-Nov-2024,15-Nov-2024,Workers Compensation,INR,12821148.21,0.0,12821148.21,S
CL004914,T0543,25-Dec-2025,23-Jan-2026,Professional Indemnity,USD,811.37,3316.58,4127.95,O
CL001943,T0065,21-Aug-2023,02-Sep-2023,Auto Liability,INR,914386.91,13067670.85,13982057.76,O
CL005328,T0172,22-Apr-2026,01-May-2026,Political Risk,EUR,56120.02,87347.53,143467.55,O
CL002143,T0699,14-Oct-2023,03-Nov-2023,Natural Catastrophe,USD,124931.23,0.0,124931.23,S
CL003177,T0299,14-Sep-2024,08-Oct-2024,Aviation,INR,2109765.59,0.0,2109765.59,S
CL004624,T0163,06-Nov-2025,11-Nov-2025,Business Interruption,USD,293060.68,0.0,293060.68,S
CL004505,T0097,01-Jun-2025,15-Oct-2025,Medical Malpractice,EUR,3656.39,10759.59,14415.98,O
CL001207,T0622,26-Nov-2022,09-Jan-2023,Energy,INR,452454.28,0.0,452454.28,S
CL900021,T9021,17-May-2023,16-Jul-2023,Professional Indemnity,EUR,42806.59,0.0,42806.59,S
CL002638,T0331,14-Mar-2024,13-Apr-2024,Business Interruption,USD,268871.1,0.0,268871.1,S
CL005049,T0209,28-Nov-2025,22-Feb-2026,Energy,USD,15457.93,101526.57,116984.5,O
CL003393,T0532,13-Jul-2024,07-Dec-2024,Workers Compensation,EUR,19327.49,0.0,19327.49,S
CL002517,T0618,02-Feb-2024,10-Mar-2024,Marine Hull,EUR,28712.36,12305.29,41017.65,R
CL002804,T0364,17-May-2024,12-Jun-2024,Energy,EUR,172055.07,269533.95,441589.02,O
CL004536,T0038,22-Oct-2025,23-Oct-2025,Natural Catastrophe,USD,166531.07,235892.35,402423.42,O
CL003319,T0129,23-Oct-2024,18-Nov-2024,Auto Liability,USD,57995.97,0.0,57995.97,S
CL005253,T0358,16-Feb-2026,16-Apr-2026,Credit & Surety,USD,120820.15,297651.5,418471.65,O
CL001619,T0336,06-Apr-2023,11-May-2023,Fire & Explosion,USD,16875.07,78471.36,95346.43,O
CL005703,T0013,04-Aug-2026,06-Aug-2026,Business Interruption,USD,20550.61,22006.52,42557.13,O
CL002020,T0238,08-Aug-2023,26-Sep-2023,General Liability,USD,6121.51,0.0,6121.51,S
CL001952,T0566,20-May-2023,05-Sep-2023,Fire & Explosion,EUR,35802.28,0.0,35802.28,S
CL001470,T0672,14-Mar-2023,26-Mar-2023,Natural Catastrophe,USD,154503.03,0.0,154503.03,S
CL000195,T0522,18-Sep-2021,19-Sep-2021,Fire & Explosion,USD,8361.57,0.0,8361.57,S
CL000411,T0642,05-Feb-2022,08-Feb-2022,Marine Hull,EUR,154264.02,0.0,154264.02,S
CL001719,T0258,11-Jun-2023,13-Jun-2023,Energy,USD,1234893.14,0.0,1234893.14,S
CL000387,T0653,07-Jan-2022,26-Jan-2022,Fire & Explosion,USD,565214.95,0.0,565214.95,S
CL001336,T0619,17-Jan-2022,12-Feb-2023,Business Interruption,USD,46309.38,0.0,46309.38,S
CL001586,T0518,24-Apr-2023,30-Apr-2023,Medical Malpractice,USD,53305.38,0.0,53305.38,S
CL001330,T0041,24-Jan-2023,12-Feb-2023,Business Interruption,USD,313394.65,0.0,313394.65,S
CL000549,T0006,06-Apr-2022,25-Apr-2022,Professional Indemnity,USD,6187.2,0.0,6187.2,S
CL001389,T0292,13-Feb-2023,01-Mar-2023,Professional Indemnity,EUR,249913.04,0.0,249913.04,S
CL005182,T0613,01-Mar-2026,28-Mar-2026,Professional Indemnity,USD,30035.23,0.0,30035.23,S
CL003331,T0225,14-Nov-2024,22-Nov-2024,Political Risk,EUR,22687.66,0.0,22687.66,S
CL000565,T0265,05-Apr-2022,30-Apr-2022,Natural Catastrophe,USD,808857.17,0.0,808857.17,S
CL005212,T0601,27-Mar-2026,04-Apr-2026,General Liability,EUR,23161.65,105536.5,128698.15,O
CL001973,T0021,28-Aug-2023,12-Sep-2023,Professional Indemnity,USD,23022.7,61832.27,84854.97,O
CL004500,T0385,09-Aug-2025,14-Oct-2025,Directors & Officers,USD,51526.68,84773.57,136300.25,O
CL002033,T0570,18-Aug-2023,30-Sep-2023,Cyber,INR,20021143.81,0.0,20021143.81,S
CL000339,T0217,18-Nov-2021,24-Dec-2021,Aviation,EUR,67085.25,0.0,67085.25,S
CL005849,T0005,11-Sep-2026,19-Sep-2026,Fire & Explosion,USD,1987.94,77779.22,79767.16,O
CL005659,T0579,04-Jul-2026,27-Jul-2026,Cyber,USD,508.35,3333.74,3842.09,O
CL004976,T0234,02-Feb-2026,06-Feb-2026,Business Interruption,USD,700.51,80299.96,81000.47,O
CL002114,T0336,16-Jul-2023,25-Oct-2023,Business Interruption,USD,52113.62,0.0,52113.62,S
CL002599,T0352,29-Mar-2024,04-Apr-2024,Credit & Surety,USD,93957.99,0.0,93957.99,S
CL003424,T0311,27-Nov-2024,17-Dec-2024,Business Interruption,INR,27706382.94,0.0,27706382.94,S
CL003129,T0285,14-Jul-2024,26-Sep-2024,Political Risk,USD,120363.68,0.0,120363.68,S
CL000614,T0590,22-Apr-2022,03-Jun-2022,Cyber,USD,19892.15,0.0,19892.15,S
CL004052,T0638,09-Jun-2025,09-Jun-2025,Workers Compensation,USD,817.05,4024.41,4841.46,O
CL003789,T0239,17-Mar-2025,28-Mar-2025,Professional Indemnity,USD,33903.98,0.0,33903.98,S
CL001927,T0671,06-Jul-2023,23-Aug-2023,Workers Compensation,USD,52344.53,0.0,52344.53,S
CL001578,T0193,10-Mar-2023,29-Apr-2023,Business Interruption,USD,22466.54,0.0,22466.54,S
CL002244,T0034,24-Sep-2023,16-Dec-2023,Fire & Explosion,USD,420.46,1352.09,1772.55,O
CL000503,T0411,28-Mar-2022,01-Apr-2022,Fire & Explosion,EUR,77785.14,0.0,77785.14,S
CL005075,T0549,29-Dec-2025,27-Feb-2026,Auto Liability,USD,16.48,9776.46,9792.94,O
CL003148,T0343,27-Sep-2024,30-Sep-2024,Business Interruption,USD,166730.38,0.0,166730.38,S
CL004962,T0310,16-Dec-2025,02-Feb-2026,Fire & Explosion,USD,256742.16,0.0,256742.16,S
CL002426,T0274,26-Oct-2023,10-Feb-2024,Aviation,EUR,6511.77,2790.76,9302.53,R
CL001058,T0326,13-Nov-2022,27-Nov-2022,Energy,USD,38033.53,0.0,38033.53,S
CL001751,T0434,15-May-2023,26-Jun-2023,Business Interruption,EUR,42260.71,0.0,42260.71,S
CL003959,T0012,23-Apr-2025,12-May-2025,Auto Liability,USD,10164.58,45318.03,55482.61,O
CL005616,T0306,19-Apr-2026,15-Jul-2026,Marine Hull,USD,5465.52,16381.14,21846.66,O
CL004419,T0143,27-Aug-2025,21-Sep-2025,Business Interruption,USD,88692.42,0.0,88692.42,S
CL002690,T0190,26-Feb-2024,01-May-2024,Auto Liability,USD,117728.23,0.0,117728.23,S
CL002612,T0218,20-Mar-2024,07-Apr-2024,Business Interruption,EUR,4427.0,0.0,4427.0,S
CL000515,T0349,04-Apr-2022,08-Apr-2022,Credit & Surety,USD,30444.8,0.0,30444.8,S
CL002018,T0393,16-Sep-2023,25-Sep-2023,Fire & Explosion,USD,82406.85,0.0,82406.85,S
CL002828,T0252,07-May-2024,20-Jun-2024,Aviation,USD,180247.59,0.0,180247.59,S
CL000016,T0431,17-Feb-2021,12-Mar-2021,Medical Malpractice,USD,204486.72,0.0,204486.72,S
CL005782,T0313,20-Aug-2026,28-Aug-2026,Workers Compensation,USD,18751.06,35609.38,54360.44,O
CL004200,T0020,18-Jul-2025,24-Jul-2025,Professional Indemnity,USD,957853.43,0.0,957853.43,S
CL005211,T0600,11-Dec-2025,04-Apr-2026,Natural Catastrophe,USD,9223.04,42900.47,52123.51,O
CL003994,T0029,25-Apr-2025,22-May-2025,Aviation,USD,209818.56,0.0,209818.56,S
CL003786,T0443,21-Feb-2025,27-Mar-2025,Fire & Explosion,USD,65129.5,0.0,65129.5,S
CL001372,T0387,03-Feb-2023,24-Feb-2023,Natural Catastrophe,USD,97257.92,0.0,97257.92,S
CL003840,T0168,28-Mar-2025,12-Apr-2025,Cyber,USD,173674.25,0.0,173674.25,S
CL002232,T0031,02-Dec-2023,10-Dec-2023,Workers Compensation,INR,2834845.6,0.0,2834845.6,S
CL003679,T0128,23-Jan-2025,25-Feb-2025,Medical Malpractice,EUR,20109.02,0.0,20109.02,S
CL000998,T0612,19-Oct-2022,05-Nov-2022,Workers Compensation,USD,3594.56,10543.0,14137.56,O
CL003644,T0291,15-Feb-2025,17-Feb-2025,Natural Catastrophe,USD,309422.03,0.0,309422.03,S
CL004853,T0071,08-Oct-2025,10-Jan-2026,Aviation,EUR,24734.15,0.0,24734.15,S
CL001502,T0096,05-Apr-2023,05-Apr-2023,Medical Malpractice,EUR,4141.77,0.0,4141.77,S
CL001097,T0477,16-Aug-2022,10-Dec-2022,Natural Catastrophe,EUR,84263.72,0.0,84263.72,S
CL002231,T0650,06-Dec-2023,09-Dec-2023,Credit & Surety,USD,52742.81,0.0,52742.81,S
CL004991,T0201,23-Jan-2026,11-Feb-2026,Business Interruption,USD,20155.77,20576.29,40732.06,O
CL005411,T0057,17-May-2026,21-May-2026,Business Interruption,EUR,109.5,9610.87,9720.37,O
CL001397,T0371,03-Feb-2023,02-Mar-2023,General Liability,USD,12593.57,0.0,12593.57,S
CL004806,T0501,17-Dec-2025,27-Dec-2025,Directors & Officers,USD,10368.7,16916.85,27285.55,O
CL001399,T0102,31-Dec-2022,03-Mar-2023,Medical Malpractice,USD,319943.48,0.0,319943.48,S
CL003404,T0289,10-Dec-2024,12-Dec-2024,Aviation,USD,28778.47,0.0,28778.47,S
CL001101,T0512,18-Nov-2022,11-Dec-2022,Medical Malpractice,EUR,35804.92,0.0,35804.92,S
CL002868,T0157,03-Jul-2024,03-Jul-2024,Aviation,USD,8804.12,3773.2,12577.32,R
CL000207,T0615,30-Aug-2021,27-Sep-2021,Medical Malpractice,EUR,86991.84,0.0,86991.84,S
CL002780,T0304,10-May-2024,04-Jun-2024,Natural Catastrophe,USD,62881.21,0.0,62881.21,S
CL004910,T0695,29-Oct-2025,22-Jan-2026,Fire & Explosion,EUR,45461.67,72148.76,117610.43,O
CL003856,T0215,03-Apr-2025,16-Apr-2025,Fire & Explosion,USD,163239.92,0.0,163239.92,S
CL003768,T0600,08-Mar-2025,22-Mar-2025,Fire & Explosion,USD,81844.46,0.0,81844.46,S
CL003608,T0329,13-Oct-2024,07-Feb-2025,Fire & Explosion,USD,342341.72,0.0,342341.72,S
CL002758,T0535,12-May-2024,26-May-2024,Aviation,USD,11933.98,0.0,11933.98,S
CL003249,T0417,22-Oct-2024,27-Oct-2024,Natural Catastrophe,EUR,501929.08,0.0,501929.08,S
CL005119,T0374,17-Jan-2026,10-Mar-2026,Natural Catastrophe,EUR,15553.03,0.0,15553.03,S
CL003919,T0259,27-Mar-2025,29-Apr-2025,General Liability,EUR,92455.3,1660012.11,1752467.41,O
CL003910,T0288,07-Apr-2025,28-Apr-2025,Auto Liability,USD,9241.43,0.0,9241.43,S
CL000826,T0210,10-Oct-2021,07-Sep-2022,Business Interruption,USD,6272.12,0.0,6272.12,S
CL003889,T0261,20-Apr-2025,24-Apr-2025,Auto Liability,EUR,18714.21,55095.48,73809.69,O
CL003209,T0386,27-Sep-2024,18-Oct-2024,Fire & Explosion,EUR,11404.83,0.0,11404.83,S
CL005219,T0005,22-Mar-2026,06-Apr-2026,Natural Catastrophe,USD,2796.76,5445.41,8242.17,O
CL002420,T0547,27-Jan-2024,08-Feb-2024,Auto Liability,EUR,1556.36,0.0,1556.36,S
CL000776,T0554,10-Aug-2022,19-Aug-2022,Marine Hull,EUR,19299.42,0.0,19299.42,S
CL000878,T0554,15-Sep-2022,26-Sep-2022,Political Risk,EUR,7611.56,0.0,7611.56,S
CL001715,T0117,16-May-2023,12-Jun-2023,Fire & Explosion,USD,129431.4,0.0,129431.4,S
CL000869,T0011,21-Sep-2022,22-Sep-2022,General Liability,EUR,31616.75,13550.03,45166.78,R
CL003171,T0253,04-Oct-2024,06-Oct-2024,Medical Malpractice,USD,5381.76,0.0,5381.76,S
CL004281,T0640,29-Jul-2025,15-Aug-2025,Energy,EUR,69554.93,0.0,69554.93,S
CL004202,T0169,22-May-2025,24-Jul-2025,Business Interruption,EUR,9685.8,27489.18,37174.98,O
CL003730,T0328,25-Feb-2025,11-Mar-2025,General Liability,USD,43514.97,0.0,43514.97,S
CL000427,T0265,12-Feb-2022,16-Feb-2022,Business Interruption,USD,221048.12,0.0,221048.12,S
CL000462,T0642,18-Feb-2022,11-Mar-2022,Political Risk,EUR,346077.0,0.0,346077.0,S
CL005778,T0403,22-Aug-2026,27-Aug-2026,Fire & Explosion,USD,24187.08,114033.38,138220.46,O
CL001984,T0505,22-Aug-2023,15-Sep-2023,Natural Catastrophe,USD,746074.72,319746.31,1065821.03,R
CL003880,T0280,16-Mar-2025,22-Apr-2025,Fire & Explosion,USD,5559.84,0.0,5559.84,S
CL004061,T0212,08-May-2025,13-Jun-2025,Workers Compensation,EUR,120355.6,0.0,120355.6,S
CL002926,T0086,21-Jul-2024,22-Jul-2024,Directors & Officers,USD,243812.06,0.0,243812.06,S
CL005769,T0397,09-Aug-2026,25-Aug-2026,Business Interruption,INR,528872.58,1166205.5,1695078.08,O
CL005035,T0585,14-Jan-2026,19-Feb-2026,Workers Compensation,EUR,12194.05,207630.8,219824.85,O
CL001479,T0680,22-Feb-2023,28-Mar-2023,Natural Catastrophe,USD,30788.87,0.0,30788.87,S
CL003650,T0218,01-Oct-2024,18-Feb-2025,Business Interruption,EUR,5896.35,0.0,5896.35,S
CL004163,T0414,29-Jun-2025,12-Jul-2025,Workers Compensation,USD,41796.89,0.0,41796.89,S
CL005665,T0407,15-Jul-2026,28-Jul-2026,Workers Compensation,GBP,56522.92,154488.39,211011.31,O
CL005647,T0178,10-Jun-2026,23-Jul-2026,Cyber,USD,74409.81,100839.31,175249.12,O
CL005944,T0494,22-Sep-2026,30-Sep-2026,Energy,GBP,474.56,21625.1,22099.66,O
CL004553,T0168,20-Oct-2025,27-Oct-2025,Cyber,USD,141272.34,0.0,141272.34,S
CL000544,T0340,09-Apr-2022,21-Apr-2022,Fire & Explosion,USD,87355.47,0.0,87355.47,S
CL000470,T0493,18-Mar-2022,18-Mar-2022,Directors & Officers,USD,10576.97,0.0,10576.97,S
CL001020,T0149,11-Nov-2022,15-Nov-2022,General Liability,USD,14731.52,0.0,14731.52,S
CL002251,T0650,25-Oct-2023,19-Dec-2023,Directors & Officers,USD,2638.55,0.0,2638.55,S
CL000274,T0245,05-Nov-2021,07-Nov-2021,General Liability,EUR,26233.59,0.0,26233.59,S
CL000846,T0044,31-Aug-2022,13-Sep-2022,Natural Catastrophe,USD,196390.87,0.0,196390.87,S
CL003557,T0019,09-Jan-2025,24-Jan-2025,Directors & Officers,USD,32828.27,0.0,32828.27,S
CL003875,T0185,17-Apr-2025,21-Apr-2025,Fire & Explosion,EUR,178718.64,327179.5,505898.14,O
CL001210,T0148,23-Dec-2022,10-Jan-2023,General Liability,INR,8850278.28,0.0,8850278.28,S
CL004599,T0575,22-Oct-2025,05-Nov-2025,Business Interruption,USD,10546.65,0.0,10546.65,S
CL004437,T0355,09-Jul-2025,26-Sep-2025,General Liability,USD,16736.0,31509.71,48245.71,O
CL005232,T0087,09-Apr-2026,10-Apr-2026,Fire & Explosion,USD,146503.22,231603.17,378106.39,O
CL000967,T0147,10-Oct-2022,29-Oct-2022,Medical Malpractice,USD,83771.03,0.0,83771.03,S
CL005906,T0094,24-Sep-2026,30-Sep-2026,Energy,EUR,19826.31,42787.67,62613.98,O
CL004266,T0279,30-Jul-2025,12-Aug-2025,Political Risk,EUR,12293.31,39819.92,52113.23,O
CL001509,T0538,29-Mar-2023,05-Apr-2023,Natural Catastrophe,USD,112498.8,0.0,112498.8,S
CL001767,T0084,29-May-2023,04-Jul-2023,Energy,USD,68854.98,0.0,68854.98,S
CL003087,T0443,28-Aug-2024,15-Sep-2024,Fire & Explosion,USD,125921.55,0.0,125921.55,S
CL003689,T0040,21-Feb-2025,27-Feb-2025,Auto Liability,USD,89502.13,0.0,89502.13,S
CL005523,T0557,23-May-2026,21-Jun-2026,Political Risk,EUR,615.77,40342.43,40958.2,O
CL005938,T0446,28-Sep-2026,30-Sep-2026,Business Interruption,USD,67921.69,73277.83,141199.52,O
CL004608,T0279,28-Sep-2025,07-Nov-2025,Political Risk,EUR,12972.41,0.0,12972.41,S
CL001552,T0061,16-Feb-2023,18-Apr-2023,Auto Liability,USD,41945.31,0.0,41945.31,S
CL002673,T0240,24-Mar-2024,25-Apr-2024,Business Interruption,EUR,41771.42,0.0,41771.42,S
CL000092,T0545,24-May-2021,18-Jun-2021,Workers Compensation,EUR,48753.35,460206.4,508959.75,O
CL005233,T0224,10-Feb-2026,10-Apr-2026,Cyber,USD,31990.65,40197.19,72187.84,O
CL002818,T0505,20-May-2024,16-Jun-2024,Business Interruption,USD,361520.9,0.0,361520.9,S
CL002845,T0010,26-Jun-2024,26-Jun-2024,Business Interruption,USD,9564.21,0.0,9564.21,S
CL005097,T0553,13-Feb-2026,04-Mar-2026,Cyber,USD,6788.13,34678.92,41467.05,O
CL005974,T0667,13-Sep-2026,30-Sep-2026,Political Risk,USD,3155.46,6585.83,9741.29,O
CL003408,T0081,12-Oct-2024,13-Dec-2024,Medical Malpractice,EUR,5864.21,0.0,5864.21,S
CL004694,T0163,30-Sep-2025,29-Nov-2025,Natural Catastrophe,USD,66284.72,105072.74,171357.46,O
CL000009,T0230,15-Feb-2021,24-Feb-2021,Aviation,USD,271193.26,0.0,271193.26,S
CL005367,T0135,13-Apr-2026,12-May-2026,Auto Liability,EUR,26365.28,27294.46,53659.74,O
CL002745,T0673,18-May-2024,21-May-2024,General Liability,EUR,87140.44,0.0,87140.44,S
CL005335,T0683,24-Feb-2026,02-May-2026,General Liability,USD,34140.09,0.0,34140.09,S
CL001748,T0609,22-Jun-2023,25-Jun-2023,Fire & Explosion,USD,41720.64,0.0,41720.64,S
CL004780,T0338,06-Nov-2025,21-Dec-2025,Business Interruption,USD,42745.99,225583.97,268329.96,O
CL003187,T0299,10-Oct-2024,10-Oct-2024,Political Risk,INR,1591385.56,5518401.46,7109787.02,O
CL005497,T0623,07-Jun-2026,13-Jun-2026,Cyber,USD,28501.9,0.0,28501.9,S
CL001046,T0499,10-Nov-2022,23-Nov-2022,Medical Malpractice,EUR,11016.73,0.0,11016.73,S
CL003050,T0473,31-Aug-2024,02-Sep-2024,Natural Catastrophe,GBP,30244.45,0.0,30244.45,S
CL001288,T0689,09-Nov-2022,31-Jan-2023,Credit & Surety,GBP,579420.74,0.0,579420.74,S
CL001263,T0123,26-Nov-2022,24-Jan-2023,Natural Catastrophe,USD,13621.76,0.0,13621.76,S
CL000217,T0361,17-Aug-2021,04-Oct-2021,Auto Liability,USD,37990.31,0.0,37990.31,S
CL003879,T0239,03-Apr-2025,22-Apr-2025,Medical Malpractice,USD,32008.05,0.0,32008.05,S
CL001650,T0531,19-May-2023,21-May-2023,Professional Indemnity,EUR,11368.64,0.0,11368.64,S
CL005812,T0013,11-Aug-2026,10-Sep-2026,Business Interruption,USD,488.89,19842.13,20331.02,O
CL003345,T0001,03-Nov-2024,26-Nov-2024,Fire & Explosion,USD,910039.38,0.0,910039.38,S
CL003212,T0350,27-Aug-2024,19-Oct-2024,Auto Liability,INR,2184265.35,0.0,2184265.35,S
CL005172,T0414,26-Nov-2025,25-Mar-2026,General Liability,USD,4054.38,0.0,4054.38,S
CL002935,T0236,05-Jul-2024,24-Jul-2024,Workers Compensation,USD,1671.51,0.0,1671.51,S
CL003245,T0486,26-Oct-2024,26-Oct-2024,General Liability,USD,107652.69,0.0,107652.69,S
CL003713,T0129,27-Jan-2025,06-Mar-2025,Workers Compensation,USD,10129.23,0.0,10129.23,S
CL004520,T0635,05-Jun-2025,19-Oct-2025,Energy,EUR,25954.41,0.0,25954.41,S
CL004737,T0423,17-Oct-2025,09-Dec-2025,Directors & Officers,USD,400068.0,0.0,400068.0,S
CL001359,T0499,09-Dec-2022,20-Feb-2023,Medical Malpractice,EUR,10790.19,0.0,10790.19,S
CL004979,T0395,23-Dec-2025,07-Feb-2026,Workers Compensation,USD,4362.27,0.0,4362.27,S
CL002714,T0253,25-Mar-2024,11-May-2024,Professional Indemnity,USD,9780.98,0.0,9780.98,S
CL002149,T0412,01-Nov-2023,05-Nov-2023,Workers Compensation,EUR,51199.5,0.0,51199.5,S
CL000499,T0066,06-Jan-2022,31-Mar-2022,Fire & Explosion,USD,15145.81,0.0,15145.81,S
CL004432,T0029,02-Sep-2025,25-Sep-2025,Energy,USD,8061.04,25992.23,34053.27,O
CL000939,T0245,05-Sep-2022,17-Oct-2022,Auto Liability,EUR,14385.0,0.0,14385.0,S
CL001200,T0083,21-Nov-2022,06-Jan-2023,Auto Liability,INR,30276972.35,0.0,30276972.35,S
CL004542,T0338,04-Oct-2025,24-Oct-2025,Fire & Explosion,USD,13617.75,29779.44,43397.19,O
CL003664,T0327,02-Feb-2025,21-Feb-2025,Cyber,INR,28385465.32,0.0,28385465.32,S
CL001267,T0047,14-Jan-2023,26-Jan-2023,Political Risk,USD,64640.67,0.0,64640.67,S
CL004134,T0141,28-May-2025,07-Jul-2025,Workers Compensation,USD,28125.02,62766.93,90891.95,O
CL005639,T0607,12-May-2026,20-Jul-2026,Directors & Officers,EUR,730.51,17159.79,17890.3,O
CL004245,T0168,05-Aug-2025,06-Aug-2025,Credit & Surety,USD,22885.09,0.0,22885.09,S
CL002750,T0264,14-May-2024,24-May-2024,Professional Indemnity,EUR,262246.94,0.0,262246.94,S
CL003224,T0402,21-Aug-2024,22-Oct-2024,Directors & Officers,INR,12938804.77,0.0,12938804.77,S
CL003771,T0125,06-Feb-2025,23-Mar-2025,Workers Compensation,USD,477981.03,0.0,477981.03,S
CL001069,T0622,01-Dec-2022,01-Dec-2022,Political Risk,INR,1222748.44,0.0,1222748.44,S
CL004578,T0370,12-Sep-2025,31-Oct-2025,Natural Catastrophe,EUR,116876.39,0.0,116876.39,S
CL005892,T0013,03-Sep-2026,30-Sep-2026,Business Interruption,USD,4981.4,5325.14,10306.54,O
CL004844,T0637,01-Jan-2026,07-Jan-2026,Marine Hull,USD,11515.64,0.0,11515.64,S
CL001014,T0296,04-Nov-2022,12-Nov-2022,Fire & Explosion,USD,37337.13,0.0,37337.13,S
CL000525,T0196,06-Apr-2022,13-Apr-2022,Fire & Explosion,EUR,1103.65,0.0,1103.65,S
CL000435,T0316,06-Feb-2022,21-Feb-2022,Business Interruption,USD,30582.41,0.0,30582.41,S
CL002876,T0616,13-Jun-2024,04-Jul-2024,Aviation,EUR,1165.63,0.0,1165.63,S
CL003602,T0360,04-Feb-2025,06-Feb-2025,Credit & Surety,USD,8685.75,0.0,8685.75,S
CL004958,T0470,06-Jan-2026,01-Feb-2026,Directors & Officers,EUR,28067.28,293109.31,321176.59,O
CL002088,T0404,08-Jul-2023,16-Oct-2023,Fire & Explosion,USD,232179.73,0.0,232179.73,S
CL000325,T0316,27-Oct-2021,16-Dec-2021,Business Interruption,USD,77462.53,0.0,77462.53,S
CL001427,T0411,19-Feb-2023,11-Mar-2023,Fire & Explosion,EUR,26089.52,98190.91,124280.43,O
CL004238,T0097,24-Jul-2025,03-Aug-2025,Medical Malpractice,EUR,2867.09,0.0,2867.09,S
CL000589,T0283,22-Apr-2022,20-May-2022,General Liability,EUR,1238933.56,0.0,1238933.56,S
CL005431,T0688,26-May-2026,27-May-2026,Fire & Explosion,GBP,92287.64,204832.16,297119.8,O
CL004083,T0644,13-May-2025,16-Jun-2025,General Liability,USD,42949.01,0.0,42949.01,S
CL001965,T0622,01-Sep-2023,08-Sep-2023,Political Risk,INR,1519617.92,0.0,1519617.92,S
CL000988,T0267,31-Oct-2022,03-Nov-2022,Marine Hull,USD,117211.56,0.0,117211.56,S
CL004593,T0568,19-Oct-2025,03-Nov-2025,Natural Catastrophe,INR,882347.06,6128643.07,7010990.13,O
CL004469,T0450,31-Aug-2025,06-Oct-2025,Auto Liability,USD,2126955.25,0.0,2126955.25,S
CL003446,T0199,22-Dec-2024,24-Dec-2024,Energy,INR,851344.78,0.0,851344.78,S
CL000249,T0333,24-Oct-2021,25-Oct-2021,Fire & Explosion,USD,104437.9,0.0,104437.9,S
CL003347,T0335,08-Nov-2024,26-Nov-2024,Energy,USD,63388.61,0.0,63388.61,S
CL000736,T0287,31-Jul-2022,04-Aug-2022,Political Risk,EUR,78617.38,0.0,78617.38,S
CL001501,T0591,10-Mar-2023,04-Apr-2023,Marine Hull,USD,40728.27,0.0,40728.27,S
CL003191,T0218,10-Sep-2024,11-Oct-2024,Business Interruption,EUR,18974.45,0.0,18974.45,S
CL004128,T0356,01-Jul-2025,04-Jul-2025,General Liability,USD,247024.37,0.0,247024.37,S
CL002623,T0271,08-Apr-2024,10-Apr-2024,Political Risk,EUR,33505.18,0.0,33505.18,S
CL001855,T0384,14-Jan-2023,27-Jul-2023,Marine Hull,EUR,37904.13,142321.78,180225.91,O
CL002814,T0547,10-Jun-2024,15-Jun-2024,Workers Compensation,EUR,46572.55,0.0,46572.55,S
CL002836,T0272,23-Apr-2024,22-Jun-2024,Workers Compensation,USD,3424691.22,0.0,3424691.22,S
CL002083,T0489,16-Sep-2023,14-Oct-2023,Workers Compensation,EUR,9276.48,0.0,9276.48,S
CL003384,T0157,21-Oct-2024,05-Dec-2024,Energy,USD,22829.49,0.0,22829.49,S
CL003873,T0179,20-Apr-2025,21-Apr-2025,General Liability,USD,531592.68,0.0,531592.68,S
CL004126,T0643,22-Jun-2025,02-Jul-2025,Natural Catastrophe,EUR,27224.16,0.0,27224.16,S
CL005164,T0391,22-Mar-2026,24-Mar-2026,Natural Catastrophe,INR,1229487.66,3292977.86,4522465.52,O
CL005447,T0700,28-Apr-2026,31-May-2026,Business Interruption,EUR,2798.98,13279.06,16078.04,O
CL004410,T0016,05-Aug-2025,19-Sep-2025,Natural Catastrophe,USD,197445.44,0.0,197445.44,S
CL002319,T0264,09-Jan-2024,09-Jan-2024,Medical Malpractice,EUR,42076.34,0.0,42076.34,S
CL003444,T0657,26-Oct-2024,23-Dec-2024,Aviation,USD,23986.11,0.0,23986.11,S
CL003963,T0285,31-Mar-2025,13-May-2025,Marine Hull,USD,56341.65,0.0,56341.65,S
CL004043,T0157,01-Jun-2025,07-Jun-2025,Marine Hull,USD,156469.04,0.0,156469.04,S
CL004887,T0490,17-Jan-2026,17-Jan-2026,Aviation,EUR,51851.43,68310.52,120161.95,O
CL002757,T0299,22-May-2024,26-May-2024,Energy,INR,11616079.16,0.0,11616079.16,S
CL000191,T0380,01-Jul-2021,17-Sep-2021,Natural Catastrophe,EUR,9145.41,11010.79,20156.2,O
CL005261,T0503,12-Apr-2026,17-Apr-2026,Aviation,USD,5165.8,8249.25,13415.05,O
CL003363,T0302,20-Nov-2024,30-Nov-2024,Directors & Officers,EUR,1465.16,0.0,1465.16,S
CL005159,T0064,22-Mar-2026,23-Mar-2026,Fire & Explosion,USD,137566.83,0.0,137566.83,S
CL000094,T0511,28-May-2021,20-Jun-2021,Natural Catastrophe,USD,20469.78,40442.64,60912.42,O
CL004549,T0485,01-Oct-2025,25-Oct-2025,Directors & Officers,EUR,33840.99,94021.98,127862.97,O
CL002620,T0093,03-Nov-2023,09-Apr-2024,Credit & Surety,USD,5105.93,0.0,5105.93,S
CL001213,T0315,27-Dec-2022,10-Jan-2023,Auto Liability,USD,2330.25,49182.42,51512.67,O
CL004383,T0184,08-Aug-2025,13-Sep-2025,General Liability,EUR,6936.21,15704.64,22640.85,O
CL003783,T0382,13-Mar-2025,26-Mar-2025,Workers Compensation,EUR,42359.66,0.0,42359.66,S
CL005280,T0318,11-Apr-2026,21-Apr-2026,Fire & Explosion,EUR,369798.44,517491.96,887290.4,O
CL004858,T0447,02-Jan-2026,12-Jan-2026,Energy,EUR,8707.92,9942.97,18650.89,O
CL004290,T0114,25-Jun-2025,19-Aug-2025,Medical Malpractice,USD,42584.13,0.0,42584.13,S
CL004753,T0447,08-Dec-2025,12-Dec-2025,Marine Hull,EUR,11737.84,52554.63,64292.47,O
CL005449,T0244,14-May-2026,01-Jun-2026,Workers Compensation,USD,60013.58,0.0,60013.58,S
CL003765,T0462,17-Mar-2025,22-Mar-2025,Fire & Explosion,GBP,13910.2,0.0,13910.2,S
CL001000,T0676,03-Nov-2022,06-Nov-2022,General Liability,USD,47565.2,0.0,47565.2,S
CL004363,T0276,06-Sep-2025,07-Sep-2025,Directors & Officers,USD,47190.8,100871.52,148062.32,O
CL001119,T0411,12-Dec-2022,16-Dec-2022,Natural Catastrophe,EUR,17258.48,0.0,17258.48,S
CL002412,T0205,29-Jan-2024,05-Feb-2024,General Liability,USD,42063.8,0.0,42063.8,S
CL001430,T0478,01-Dec-2022,12-Mar-2023,Fire & Explosion,USD,110618.0,0.0,110618.0,S
CL003471,T0078,14-Dec-2024,29-Dec-2024,Directors & Officers,INR,12305447.33,0.0,12305447.33,S
CL001763,T0412,17-Jun-2023,02-Jul-2023,Workers Compensation,EUR,33449.17,0.0,33449.17,S
CL001513,T0144,28-Feb-2023,07-Apr-2023,General Liability,USD,44992.32,0.0,57557.98,S
CL002028,T0512,18-Aug-2023,28-Sep-2023,Medical Malpractice,EUR,84134.53,0.0,84134.53,S
CL004684,T0037,03-Sep-2025,26-Nov-2025,Directors & Officers,EUR,48089.49,63522.88,111612.37,O
CL004906,T0058,18-Dec-2025,22-Jan-2026,Aviation,USD,7385.55,0.0,7385.55,S
CL004213,T0600,06-Jul-2025,28-Jul-2025,Natural Catastrophe,USD,86789.94,0.0,86789.94,S
CL003580,T0440,19-Jan-2025,01-Feb-2025,Political Risk,USD,27423.29,0.0,27423.29,S
CL002080,T0021,10-Oct-2023,14-Oct-2023,Professional Indemnity,USD,21763.93,9327.4,31091.33,R
CL003349,T0475,05-Sep-2024,26-Nov-2024,Auto Liability,USD,222766.57,0.0,222766.57,S
CL002029,T0190,21-Jul-2023,29-Sep-2023,General Liability,USD,91153.67,0.0,91153.67,S
CL001616,T0610,30-Mar-2023,10-May-2023,Natural Catastrophe,USD,892342.54,0.0,892342.54,S
CL004138,T0220,20-May-2025,08-Jul-2025,Workers Compensation,EUR,7994.21,0.0,7994.21,S
CL004370,T0224,06-Sep-2025,10-Sep-2025,Cyber,USD,46609.6,19975.54,66585.14,R
CL005195,T0403,11-Mar-2026,01-Apr-2026,Natural Catastrophe,USD,3428.23,5784.52,9212.75,O
CL005460,T0597,29-May-2026,02-Jun-2026,Energy,USD,24492.31,26561.02,51053.33,O
CL002551,T0156,07-Feb-2024,21-Mar-2024,Natural Catastrophe,USD,76631.94,0.0,76631.94,S
CL002583,T0484,20-Feb-2024,30-Mar-2024,Business Interruption,EUR,185176.75,0.0,185176.75,S
CL004107,T0700,16-Jun-2025,24-Jun-2025,Fire & Explosion,EUR,15249.7,0.0,15249.7,S
CL001202,T0411,25-Dec-2022,06-Jan-2023,Fire & Explosion,EUR,49251.8,0.0,49251.8,S
CL003616,T0285,22-Dec-2024,09-Feb-2025,Aviation,USD,221052.07,0.0,221052.07,S
CL005501,T0503,20-May-2026,14-Jun-2026,Marine Hull,USD,2380.25,11649.47,14029.72,O
CL000277,T0419,01-Nov-2021,08-Nov-2021,Business Interruption,USD,20031.26,0.0,20031.26,S
CL001344,T0282,18-Dec-2022,15-Feb-2023,Business Interruption,USD,62982.65,0.0,62982.65,S
CL003395,T0692,22-Oct-2024,09-Dec-2024,Directors & Officers,EUR,132243.82,0.0,132243.82,S
CL003009,T0639,30-Jul-2024,20-Aug-2024,Political Risk,USD,45248.18,0.0,45248.18,S
CL005890,T0002,23-Sep-2026,30-Sep-2026,Natural Catastrophe,GBP,689.92,4917.89,5607.81,O
CL005854,T0625,28-Aug-2026,20-Sep-2026,Professional Indemnity,EUR,6664.9,10583.83,17248.73,O
CL005395,T0485,08-May-2026,18-May-2026,Credit & Surety,EUR,22125.8,79560.3,101686.1,O
CL005731,T0446,05-Aug-2026,14-Aug-2026,Fire & Explosion,USD,3926.9,9623.77,13550.67,O
CL004589,T0184,24-Sep-2025,03-Nov-2025,Auto Liability,EUR,43950.0,83413.96,127363.96,O
CL000348,T0653,25-Dec-2021,29-Dec-2021,Fire & Explosion,USD,494125.87,0.0,494125.87,S
CL005054,T0550,12-Feb-2026,24-Feb-2026,Professional Indemnity,USD,7503.3,64432.09,71935.39,O
CL000587,T0333,17-Apr-2022,17-May-2022,Fire & Explosion,USD,129064.54,0.0,129064.54,S
CL005359,T0670,15-Mar-2026,09-May-2026,Marine Hull,USD,128.09,9151.92,9280.01,O
CL000655,T0011,10-May-2022,24-Jun-2022,General Liability,EUR,126992.41,0.0,126992.41,S
CL004199,T0398,30-Jun-2025,23-Jul-2025,Natural Catastrophe,EUR,403095.7,0.0,403095.7,S
CL002105,T0404,22-Oct-2023,22-Oct-2023,Natural Catastrophe,USD,259264.56,496563.03,755827.59,O
CL004933,T0103,10-Jan-2026,26-Jan-2026,Fire & Explosion,EUR,364961.45,0.0,364961.45,S
CL001282,T0354,10-Jan-2023,30-Jan-2023,Auto Liability,USD,53782.62,0.0,53782.62,S
CL002738,T0473,06-May-2024,18-May-2024,Business Interruption,GBP,34528.9,0.0,34528.9,S
CL003816,T0280,30-Mar-2025,06-Apr-2025,Fire & Explosion,USD,80880.52,0.0,80880.52,S
CL001842,T0241,04-Jul-2023,23-Jul-2023,Credit & Surety,USD,87596.46,0.0,87596.46,S
CL001438,T0098,28-Feb-2023,15-Mar-2023,Business Interruption,EUR,29655.24,0.0,29655.24,S
CL003112,T0335,09-Sep-2024,21-Sep-2024,Political Risk,USD,31655.64,0.0,31655.64,S
CL002637,T0304,29-Mar-2024,13-Apr-2024,Business Interruption,USD,112907.88,0.0,112907.88,S
CL000690,T0354,30-Jun-2022,20-Jul-2022,Auto Liability,USD,76892.53,0.0,76892.53,S
CL002438,T0236,10-Feb-2024,15-Feb-2024,Workers Compensation,USD,3907.52,1674.65,5582.17,R
CL005557,T0378,27-Jun-2026,30-Jun-2026,Medical Malpractice,INR,504539.23,884651.67,1389190.9,O
CL001861,T0111,07-Apr-2023,31-Jul-2023,Cyber,EUR,12246.57,0.0,12246.57,S
CL003461,T0249,07-Dec-2024,27-Dec-2024,Marine Hull,USD,161173.1,0.0,161173.1,S
CL001157,T0278,04-Dec-2022,26-Dec-2022,Auto Liability,USD,47650.96,0.0,47650.96,S
CL002645,T0126,16-Mar-2024,15-Apr-2024,Fire & Explosion,USD,1734.31,0.0,2410.98,S
CL001933,T0384,16-Aug-2023,28-Aug-2023,Aviation,EUR,119821.56,0.0,119821.56,S
CL003493,T0107,10-Dec-2024,05-Jan-2025,Fire & Explosion,USD,87378.59,0.0,87378.59,S
CL005576,T0592,24-Jun-2026,04-Jul-2026,Credit & Surety,USD,3620.04,25471.34,29091.38,O
CL005661,T0028,18-Jul-2026,28-Jul-2026,General Liability,USD,683.53,9943.18,10626.71,O
CL002573,T0649,20-Feb-2024,28-Mar-2024,Fire & Explosion,USD,39110.4,0.0,39110.4,S
CL003983,T0395,18-Apr-2025,19-May-2025,General Liability,USD,655.17,2469.94,3125.11,O
CL003238,T0586,23-Oct-2024,25-Oct-2024,Professional Indemnity,EUR,10596.41,0.0,10596.41,S
CL005491,T0306,03-May-2026,11-Jun-2026,Aviation,USD,7853.63,27916.65,35770.28,O
CL002665,T0255,03-Mar-2024,23-Apr-2024,Political Risk,INR,3003306.55,0.0,3003306.55,S
CL000847,T0191,09-Aug-2022,13-Sep-2022,Energy,USD,135609.39,0.0,135609.39,S
CL005560,T0449,20-May-2026,30-Jun-2026,Directors & Officers,INR,1648443.86,2812266.67,4460710.53,O
CL000669,T0061,03-Jul-2022,03-Jul-2022,Workers Compensation,USD,60841.26,0.0,60841.26,S
CL003596,T0276,24-Nov-2024,05-Feb-2025,Cyber,USD,603036.7,0.0,603036.7,S
CL005864,T0064,10-Sep-2026,24-Sep-2026,Fire & Explosion,USD,12645.96,18702.01,31347.97,O
CL002371,T0587,06-Jan-2024,24-Jan-2024,Credit & Surety,EUR,20232.05,0.0,20232.05,S
CL003045,T0424,28-Aug-2024,01-Sep-2024,Cyber,USD,224875.77,0.0,224875.77,S
CL000844,T0342,05-Sep-2022,12-Sep-2022,Cyber,EUR,68437.67,0.0,68437.67,S
CL005235,T0184,18-Mar-2026,11-Apr-2026,General Liability,EUR,57485.53,0.0,57485.53,S
CL001724,T0647,31-May-2023,14-Jun-2023,Professional Indemnity,USD,390173.18,0.0,390173.18,S
CL004818,T0310,17-Dec-2025,29-Dec-2025,Business Interruption,USD,119990.9,143041.96,263032.86,O
CL002104,T0045,02-Sep-2023,22-Oct-2023,Auto Liability,USD,313764.01,0.0,313764.01,S
CL005722,T0213,08-Aug-2026,10-Aug-2026,Fire & Explosion,USD,2322.41,4576.97,6899.38,O
CL002687,T0454,01-Apr-2024,30-Apr-2024,Political Risk,USD,23760.37,0.0,23760.37,S
CL001702,T0282,12-May-2023,09-Jun-2023,Natural Catastrophe,USD,28071.27,12030.54,40101.81,R
CL002012,T0525,12-Aug-2023,24-Sep-2023,Medical Malpractice,USD,289665.54,0.0,289665.54,S
CL003131,T0118,10-Sep-2024,27-Sep-2024,Natural Catastrophe,USD,25062.88,121812.06,146874.94,O
CL005016,T0341,24-Jan-2026,16-Feb-2026,Energy,USD,33676.22,0.0,33676.22,S
CL003305,T0386,29-Oct-2024,13-Nov-2024,Fire & Explosion,EUR,39567.63,0.0,39567.63,S
CL003543,T0033,23-Dec-2024,20-Jan-2025,Workers Compensation,USD,195921.98,0.0,195921.98,S
CL000912,T0493,24-Sep-2022,08-Oct-2022,Credit & Surety,USD,152466.86,0.0,152466.86,S
CL004760,T0327,11-Dec-2025,15-Dec-2025,Cyber,INR,4621289.32,0.0,4621289.32,S
CL005965,T0613,01-Sep-2026,30-Sep-2026,Professional Indemnity,USD,4961.83,5892.49,10854.32,O
CL002898,T0101,15-Jun-2024,14-Jul-2024,Directors & Officers,USD,8405.06,0.0,8405.06,S
CL000593,T0468,21-Apr-2022,23-May-2022,Natural Catastrophe,USD,67526.16,0.0,67526.16,S
CL005737,T0494,18-Jul-2025,15-Aug-2026,Marine Hull,GBP,39110.35,51024.82,90135.17,O
CL000845,T0416,19-Jul-2022,12-Sep-2022,Directors & Officers,USD,11637.77,0.0,11637.77,S
CL005880,T0035,19-Aug-2026,28-Sep-2026,Natural Catastrophe,USD,22017.33,23145.55,45162.88,O
CL002311,T0415,02-Jan-2024,07-Jan-2024,Energy,INR,1662489.18,0.0,1662489.18,S
CL003589,T0107,19-Jan-2025,04-Feb-2025,Business Interruption,USD,125917.42,0.0,125917.42,S
CL000696,T0286,06-Jul-2022,23-Jul-2022,Aviation,EUR,84480.11,0.0,84480.11,S
CL000757,T0316,26-Jun-2022,11-Aug-2022,Natural Catastrophe,USD,54385.01,0.0,54385.01,S
CL000832,T0612,06-Aug-2022,08-Sep-2022,General Liability,USD,202822.71,0.0,202822.71,S
CL000644,T0687,31-May-2022,20-Jun-2022,Workers Compensation,USD,14780.64,0.0,14780.64,S
CL001944,T0145,12-Aug-2023,02-Sep-2023,Fire & Explosion,USD,20250.95,0.0,20250.95,S
CL000074,T0309,14-Apr-2021,05-Jun-2021,Workers Compensation,EUR,5099.23,0.0,5099.23,S
CL002945,T0369,05-Jul-2024,27-Jul-2024,Workers Compensation,USD,95955.1,0.0,95955.1,S
CL003757,T0116,11-Feb-2025,21-Mar-2025,Aviation,INR,1060739.34,454602.58,1515341.92,R
CL000308,T0511,08-Dec-2021,08-Dec-2021,Fire & Explosion,USD,167661.83,0.0,167661.83,S
CL003884,T0328,07-Apr-2025,23-Apr-2025,Auto Liability,USD,75312.1,0.0,75312.1,S
CL001678,T0363,29-May-2023,02-Jun-2023,Fire & Explosion,EUR,1089624.28,0.0,1089624.28,S
CL000687,T0642,13-May-2022,16-Jul-2022,Aviation,EUR,114603.53,0.0,114603.53,S
CL002242,T0026,10-Aug-2023,15-Dec-2023,Workers Compensation,USD,34190.5,0.0,34190.5,S
CL000026,T0544,30-Jan-2021,31-Mar-2021,Credit & Surety,USD,369131.58,0.0,369131.58,S
CL001956,T0582,20-Jul-2023,06-Sep-2023,Fire & Explosion,EUR,37065.17,227772.81,264837.98,O
CL002815,T0045,24-Mar-2024,16-Jun-2024,General Liability,USD,48814.38,0.0,48814.38,S
CL005763,T0325,22-Aug-2026,24-Aug-2026,Natural Catastrophe,USD,16481.67,20548.53,37030.2,O
CL004994,T0346,23-Jan-2026,11-Feb-2026,General Liability,EUR,7173.79,44424.63,51598.42,O
CL005387,T0413,08-May-2026,17-May-2026,Business Interruption,GBP,42680.26,61483.65,104163.91,O
CL003134,T0486,06-Sep-2024,27-Sep-2024,Workers Compensation,USD,74131.5,203638.45,277769.95,O
CL004877,T0459,28-Dec-2025,16-Jan-2026,Political Risk,USD,11093.03,0.0,11093.03,S
CL000353,T0506,14-Dec-2021,02-Jan-2022,Professional Indemnity,EUR,23852.05,0.0,23852.05,S
CL004671,T0585,09-Nov-2025,22-Nov-2025,Workers Compensation,EUR,33494.65,0.0,33494.65,S
CL000151,T0139,02-Aug-2021,04-Aug-2021,Directors & Officers,EUR,9366.81,0.0,9366.81,X
CL001318,T0250,06-Jan-2023,09-Feb-2023,Political Risk,EUR,45530.64,0.0,45530.64,S
CL005152,T0446,26-Dec-2025,20-Mar-2026,Natural Catastrophe,USD,3887.02,56865.56,60752.58,O
CL000904,T0232,24-Sep-2022,05-Oct-2022,Natural Catastrophe,USD,49867.1,0.0,49867.1,S
CL003175,T0054,23-Sep-2024,08-Oct-2024,Auto Liability,EUR,24021.71,0.0,24021.71,S
CL001354,T0113,20-Jan-2023,19-Feb-2023,Professional Indemnity,INR,3974036.67,0.0,3974036.67,S
CL000048,T0231,29-Apr-2021,06-May-2021,Workers Compensation,USD,486946.51,0.0,486946.51,S
CL001691,T0390,29-Jan-2023,06-Jun-2023,General Liability,INR,2373646.99,0.0,2373646.99,S
CL005210,T0064,27-Mar-2026,04-Apr-2026,Natural Catastrophe,USD,3442.65,48133.25,51575.9,O
CL001476,T0655,21-Mar-2023,27-Mar-2023,Aviation,EUR,17925.04,0.0,17925.04,S
CL002730,T0520,06-Apr-2024,16-May-2024,Energy,EUR,440555.81,0.0,440555.81,S
CL000950,T0687,15-Oct-2022,20-Oct-2022,Auto Liability,USD,238229.82,0.0,238229.82,S
CL002013,T0102,20-Aug-2023,25-Sep-2023,Medical Malpractice,USD,73794.24,0.0,73794.24,S
CL001168,T0509,24-Nov-2022,28-Dec-2022,Medical Malpractice,USD,55104.2,0.0,55104.2,S
CL000799,T0390,05-Aug-2022,28-Aug-2022,General Liability,INR,13505426.44,0.0,13505426.44,S
CL002110,T0622,04-Sep-2023,24-Oct-2023,Political Risk,INR,2706884.99,0.0,2706884.99,S
CL004964,T0651,14-Sep-2025,02-Feb-2026,Credit & Surety,USD,669.74,1142.84,1812.58,O
CL000375,T0217,03-Jan-2022,18-Jan-2022,Energy,EUR,50363.67,0.0,50363.67,S
CL005237,T0559,11-Apr-2026,12-Apr-2026,Natural Catastrophe,USD,47672.63,108523.62,156196.25,O
CL005657,T0064,25-Jul-2026,27-Jul-2026,Natural Catastrophe,USD,3334.33,21575.67,24910.0,O
CL005190,T0057,15-Feb-2026,31-Mar-2026,Natural Catastrophe,EUR,1967.7,5620.84,7588.54,O
CL003981,T0082,15-May-2025,19-May-2025,Business Interruption,USD,127169.13,0.0,127169.13,S
CL003813,T0116,10-Mar-2025,05-Apr-2025,Energy,INR,12264700.22,0.0,12264700.22,S
CL003359,T0673,24-Nov-2024,29-Nov-2024,General Liability,EUR,161518.45,69222.2,230740.65,R
CL004789,T0408,19-Dec-2025,23-Dec-2025,Professional Indemnity,USD,213046.39,0.0,213046.39,S
CL001072,T0383,07-Nov-2022,02-Dec-2022,Professional Indemnity,USD,121080.02,0.0,121080.02,S
CL005878,T0115,17-Sep-2026,27-Sep-2026,Credit & Surety,USD,4572.06,86939.66,91511.72,O
CL004055,T0305,16-Mar-2025,10-Jun-2025,Workers Compensation,USD,111366.3,0.0,111366.3,S
CL001673,T0219,28-May-2023,30-May-2023,Business Interruption,USD,15784.55,0.0,15784.55,S
CL003068,T0517,16-Aug-2024,06-Sep-2024,Credit & Surety,EUR,4827.57,0.0,4827.57,S
CL001569,T0509,11-Apr-2023,24-Apr-2023,Professional Indemnity,USD,101264.46,0.0,101264.46,S
CL003364,T0339,01-Oct-2024,30-Nov-2024,Natural Catastrophe,EUR,2305.34,988.0,3293.34,R
CL005450,T0310,12-May-2026,01-Jun-2026,Natural Catastrophe,USD,23201.11,35701.51,58902.62,O
CL005140,T0158,14-Mar-2026,16-Mar-2026,Auto Liability,USD,63752.8,0.0,63752.8,S
CL004193,T0521,13-Jul-2025,21-Jul-2025,Professional Indemnity,USD,58514.87,157226.63,215741.5,O
CL003574,T0534,28-Jan-2025,29-Jan-2025,Aviation,USD,54002.68,0.0,54002.68,S
CL005630,T0325,16-Jul-2026,18-Jul-2026,Business Interruption,USD,4029.32,4241.99,8271.31,O
CL001540,T0672,25-Dec-2021,14-Apr-2023,Natural Catastrophe,USD,108307.7,46417.58,154725.28,R
CL002400,T0274,12-Nov-2023,01-Feb-2024,Aviation,EUR,1619.37,27537.71,29157.08,O
CL001599,T0656,26-Dec-2022,05-May-2023,Business Interruption,USD,85006.27,0.0,85006.27,S
CL004939,T0163,21-Jan-2026,27-Jan-2026,Business Interruption,USD,6809.3,371806.42,378615.72,O
CL005065,T0187,10-Feb-2026,26-Feb-2026,Fire & Explosion,INR,677070.04,1516411.27,2193481.31,O
CL000843,T0292,16-Jul-2022,12-Sep-2022,Professional Indemnity,EUR,838.87,7435.56,8274.43,O
CL002934,T0236,11-Jul-2024,24-Jul-2024,Auto Liability,USD,18192.71,0.0,18192.71,S
CL001446,T0394,30-Jan-2023,18-Mar-2023,Natural Catastrophe,USD,505296.73,0.0,505296.73,S
CL005398,T0018,10-May-2026,19-May-2026,Workers Compensation,USD,84840.95,224307.92,309148.87,O
CL001396,T0656,22-Feb-2023,01-Mar-2023,Fire & Explosion,USD,437252.16,0.0,437252.16,S
CL002490,T0253,03-Jan-2024,01-Mar-2024,Professional Indemnity,USD,31003.8,0.0,31003.8,S
CL004759,T0097,11-Dec-2025,15-Dec-2025,Professional Indemnity,EUR,6948.52,15750.23,22698.75,O
CL004825,T0670,20-Dec-2025,30-Dec-2025,Political Risk,USD,24363.91,71781.97,96145.88,O
CL004314,T0365,23-Aug-2025,26-Aug-2025,Energy,EUR,289641.93,0.0,289641.93,S
CL000974,T0196,10-Oct-2022,31-Oct-2022,Fire & Explosion,EUR,8609.56,3689.81,12299.37,R
CL000574,T0416,30-Jul-2023,08-May-2022,Credit & Surety,USD,2302.21,5271.89,7574.1,O
CL002569,T0308,21-Mar-2024,26-Mar-2024,Directors & Officers,USD,67394.05,0.0,67394.05,S
CL003127,T0285,01-Sep-2024,25-Sep-2024,Energy,USD,53127.98,0.0,53127.98,S
CL001190,T0687,01-Jan-2023,03-Jan-2023,Auto Liability,USD,430028.29,0.0,430028.29,S
CL001061,T0451,15-Oct-2022,28-Nov-2022,Marine Hull,USD,16072.36,0.0,16072.36,S
CL000946,T0669,05-Aug-2022,19-Oct-2022,Natural Catastrophe,USD,21139.48,0.0,21139.48,S
CL005902,T0074,24-Sep-2026,30-Sep-2026,Fire & Explosion,USD,63331.77,76155.34,139487.11,O
CL003625,T0370,22-Dec-2024,11-Feb-2025,Fire & Explosion,EUR,49434.42,0.0,49434.42,S
CL003211,T0157,08-Oct-2024,19-Oct-2024,Aviation,USD,116083.79,0.0,116083.79,S
CL005133,T0565,23-Jan-2026,14-Mar-2026,General Liability,USD,38615.62,0.0,38615.62,S
CL001820,T0151,11-Jul-2023,16-Jul-2023,Auto Liability,USD,38868.63,0.0,38868.63,S
CL002721,T0571,24-Mar-2024,13-May-2024,Business Interruption,USD,3430.63,0.0,3430.63,S
CL004252,T0471,28-Jun-2025,07-Aug-2025,Business Interruption,EUR,22774.6,0.0,22774.6,S
CL000220,T0104,24-Sep-2021,06-Oct-2021,Professional Indemnity,USD,151.3,3066.06,3217.36,O
CL000792,T0150,19-Aug-2022,25-Aug-2022,General Liability,USD,122864.65,0.0,122864.65,S
CL003897,T0239,19-Mar-2025,26-Apr-2025,Professional Indemnity,USD,105876.48,0.0,105876.48,S
CL000240,T0522,15-Oct-2021,17-Oct-2021,Fire & Explosion,USD,3730.01,41222.74,44952.75,O
CL000349,T0437,12-Nov-2021,30-Dec-2021,Medical Malpractice,USD,38012.93,16291.26,54304.19,R
CL000177,T0314,09-Jul-2021,04-Sep-2021,Workers Compensation,USD,2938.81,32327.23,35266.04,O
CL001180,T0422,18-Dec-2022,30-Dec-2022,Fire & Explosion,USD,1960557.24,0.0,1960557.24,S
CL003743,T0395,05-Feb-2025,14-Mar-2025,Workers Compensation,USD,7851.46,0.0,7851.46,S
CL002136,T0130,01-Oct-2023,02-Nov-2023,Auto Liability,USD,178040.25,0.0,178040.25,S
CL005338,T0378,01-Apr-2026,03-May-2026,Professional Indemnity,INR,638855.73,802985.19,1441840.92,O
CL002000,T0240,21-Aug-2023,22-Sep-2023,Fire & Explosion,EUR,126420.03,0.0,126420.03,S
CL001631,T0622,25-Apr-2023,16-May-2023,Political Risk,INR,1095324.63,0.0,1095324.63,S
CL002151,T0420,06-Nov-2023,06-Nov-2023,Natural Catastrophe,EUR,41612.04,0.0,41612.04,S
CL003962,T0215,09-Apr-2025,13-May-2025,Business Interruption,USD,149185.31,374061.17,523246.48,O
CL005774,T0374,22-Aug-2026,26-Aug-2026,Business Interruption,EUR,7042.95,19656.92,26699.87,O
CL004876,T0379,04-Jan-2026,16-Jan-2026,Credit & Surety,USD,5918.61,13055.54,18974.15,O
CL003779,T0355,23-Mar-2025,25-Mar-2025,General Liability,USD,100571.97,0.0,100571.97,S
CL005485,T0485,25-Apr-2026,09-Jun-2026,Cyber,EUR,179993.02,77139.87,257132.89,R
CL004541,T0589,30-Sep-2025,23-Oct-2025,Natural Catastrophe,EUR,207749.47,0.0,207749.47,S
CL004604,T0138,21-Oct-2025,07-Nov-2025,Political Risk,USD,184944.71,0.0,184944.71,S
CL002099,T0415,04-Sep-2023,20-Oct-2023,Marine Hull,INR,6365918.12,0.0,6365918.12,S
CL004971,T0209,25-Jan-2026,04-Feb-2026,Aviation,USD,11735.23,20745.19,32480.42,O
CL001008,T0626,29-Oct-2022,09-Nov-2022,Aviation,EUR,181652.47,0.0,181652.47,S
CL004565,T0483,09-Sep-2025,28-Oct-2025,General Liability,USD,7708.92,0.0,7708.92,S
CL005114,T0625,28-Feb-2026,09-Mar-2026,Medical Malpractice,EUR,56456.46,0.0,56456.46,S
CL002940,T0475,20-Jul-2024,25-Jul-2024,Workers Compensation,USD,1326680.2,0.0,1326680.2,S
CL003310,T0063,19-Oct-2024,15-Nov-2024,Directors & Officers,EUR,3969.85,0.0,3969.85,S
CL004399,T0246,08-Sep-2025,15-Sep-2025,Workers Compensation,EUR,265314.61,0.0,265314.61,S
CL004395,T0450,15-Jul-2025,14-Sep-2025,Auto Liability,USD,5522944.87,0.0,5522944.87,S
CL003859,T0211,05-Apr-2025,17-Apr-2025,Credit & Surety,USD,145904.05,222426.28,368330.33,O
CL004219,T0448,07-Jun-2025,29-Jul-2025,Energy,EUR,28155.21,0.0,28155.21,S
CL001613,T0315,05-May-2023,09-May-2023,Workers Compensation,USD,6369.26,0.0,6369.26,S
CL003563,T0388,19-Jan-2025,26-Jan-2025,Fire & Explosion,USD,65910.93,0.0,65910.93,S
CL005598,T0679,21-Jun-2026,09-Jul-2026,Business Interruption,USD,70451.72,0.0,70451.72,S
CL004094,T0220,24-May-2025,21-Jun-2025,Auto Liability,EUR,1535.64,0.0,1535.64,S
CL003815,T0168,24-Mar-2025,06-Apr-2025,Directors & Officers,USD,41484.95,0.0,41484.95,S
CL005574,T0200,31-May-2026,04-Jul-2026,Aviation,USD,360502.2,495532.96,856035.16,O
CL005595,T0356,17-May-2026,08-Jul-2026,General Liability,USD,7967.27,8265.57,16232.84,O
CL000848,T0371,09-Sep-2022,13-Sep-2022,Auto Liability,USD,92579.05,0.0,92579.05,S
CL001176,T0117,26-Dec-2022,30-Dec-2022,Fire & Explosion,USD,210900.39,0.0,210900.39,S
CL005059,T0356,10-Feb-2026,25-Feb-2026,General Liability,USD,11149.56,0.0,11149.56,S
CL005202,T0057,05-Feb-2026,03-Apr-2026,Natural Catastrophe,EUR,1627.8,6924.39,8552.19,O
CL000972,T0604,01-Oct-2022,30-Oct-2022,Political Risk,EUR,106329.58,0.0,106329.58,S
CL001145,T0689,27-Sep-2022,22-Dec-2022,Cyber,GBP,1018307.3,0.0,1018307.3,S
CL005432,T0110,27-May-2026,28-May-2026,Natural Catastrophe,USD,9250.08,27131.92,36382.0,O
CL002117,T0659,20-Oct-2023,25-Oct-2023,Business Interruption,EUR,1657.52,0.0,1657.52,S
CL002824,T0077,13-Jun-2024,18-Jun-2024,Auto Liability,USD,21921.17,0.0,21921.17,S
CL005863,T0503,02-Sep-2026,23-Sep-2026,Energy,USD,63.78,4186.25,4250.03,O
CL000775,T0354,07-Jul-2022,19-Aug-2022,Workers Compensation,USD,49154.51,0.0,49154.51,S
CL002760,T0091,22-May-2024,27-May-2024,Workers Compensation,USD,305446.63,0.0,419924.63,S
CL004168,T0550,26-Apr-2025,14-Jul-2025,Professional Indemnity,USD,72139.16,114654.46,186793.62,O
CL005308,T0565,13-Apr-2026,26-Apr-2026,General Liability,USD,108528.44,473938.44,582466.88,O
CL005173,T0646,23-Mar-2026,25-Mar-2026,Fire & Explosion,EUR,2585.39,45872.71,48458.1,O
CL004352,T0038,05-Sep-2025,05-Sep-2025,Fire & Explosion,USD,12889.11,22532.13,35421.24,O
CL001553,T0207,19-Apr-2023,19-Apr-2023,Marine Hull,EUR,49365.8,0.0,49365.8,S
CL003292,T0101,09-Nov-2024,09-Nov-2024,Directors & Officers,USD,142761.82,0.0,142761.82,S
CL003221,T0456,28-Aug-2024,21-Oct-2024,Business Interruption,USD,164089.42,0.0,164089.42,S
CL003569,T0199,02-Feb-2026,28-Jan-2025,Marine Hull,INR,5393299.77,0.0,5393299.77,S
CL001900,T0142,09-Aug-2023,14-Aug-2023,Auto Liability,EUR,82368.89,0.0,82368.89,S
CL003571,T0101,19-Dec-2024,29-Jan-2025,Credit & Surety,USD,30734.14,0.0,30734.14,S
CL003168,T0586,16-Sep-2024,05-Oct-2024,Medical Malpractice,EUR,2655.36,6051.23,8706.59,O
CL003152,T0076,29-Sep-2024,01-Oct-2024,General Liability,EUR,106791.44,0.0,106791.44,S
CL004557,T0301,02-Oct-2025,27-Oct-2025,Workers Compensation,USD,124.39,830.58,954.97,O
CL000439,T0541,08-Jan-2022,23-Feb-2022,Political Risk,USD,348853.22,565018.04,913871.26,O
CL004769,T0318,04-Dec-2025,18-Dec-2025,Business Interruption,EUR,25002.06,146063.6,171065.66,O
CL001505,T0387,19-Mar-2023,05-Apr-2023,Business Interruption,USD,66724.97,0.0,66724.97,S
CL005380,T0307,29-Apr-2026,16-May-2026,Workers Compensation,USD,64535.15,200025.69,264560.84,O
CL000858,T0278,07-Aug-2022,16-Sep-2022,General Liability,USD,22127.06,0.0,22127.06,S
CL004331,T0646,30-Jul-2025,29-Aug-2025,Business Interruption,EUR,53599.32,0.0,53599.32,S
CL003465,T0192,17-Nov-2024,28-Dec-2024,Directors & Officers,USD,70297.13,0.0,70297.13,S
CL000954,T0528,26-Sep-2022,22-Oct-2022,Energy,USD,62644.96,0.0,62644.96,S
CL000457,T0068,28-Feb-2022,10-Mar-2022,Business Interruption,USD,43912.61,0.0,43912.61,S
CL002198,T0009,05-Sep-2023,27-Nov-2023,Cyber,USD,79212.74,0.0,79212.74,S
CL900020,T9020,20-Mar-2022,29-Mar-2022,Business Interruption,USD,182347.08,0.0,182347.08,S
CL002219,T0077,08-Nov-2023,06-Dec-2023,General Liability,USD,517743.3,0.0,517743.3,S
CL000665,T0664,29-Jun-2022,30-Jun-2022,Professional Indemnity,USD,226305.61,96988.12,323293.73,R
CL002324,T0165,13-Dec-2023,11-Jan-2024,General Liability,EUR,69855.39,0.0,69855.39,S
CL003989,T0370,15-May-2025,21-May-2025,Fire & Explosion,EUR,101095.41,0.0,101095.41,S
CL002077,T0367,03-Oct-2023,13-Oct-2023,General Liability,USD,399834.46,0.0,399834.46,S
CL005289,T0004,23-Apr-2026,23-Apr-2026,Natural Catastrophe,INR,1576777.5,0.0,1576777.5,S
CL001141,T0622,22-Nov-2022,21-Dec-2022,Marine Hull,INR,2945663.65,0.0,2945663.65,S
CL000555,T0292,29-Mar-2022,26-Apr-2022,Medical Malpractice,EUR,223141.73,0.0,223141.73,S
CL003441,T0526,20-Dec-2024,22-Dec-2024,Professional Indemnity,EUR,148744.0,0.0,148744.0,S
CL002026,T0153,28-Aug-2023,28-Sep-2023,Auto Liability,USD,34682.38,0.0,34682.38,S
CL005405,T0188,04-Mar-2026,20-May-2026,Auto Liability,USD,23270.52,0.0,23270.52,S
CL002602,T0593,01-Apr-2024,04-Apr-2024,Political Risk,USD,495213.11,0.0,495213.11,S
CL004114,T0284,06-May-2025,28-Jun-2025,Cyber,EUR,235787.68,0.0,235787.68,S
CL004373,T0318,09-Jul-2025,11-Sep-2025,Fire & Explosion,EUR,250910.15,0.0,250910.15,S
CL004978,T0395,25-Dec-2025,07-Feb-2026,Auto Liability,USD,15769.12,0.0,15769.12,S
CL002852,T0535,26-Jun-2024,27-Jun-2024,Marine Hull,USD,18764.09,0.0,18764.09,S
CL004574,T0388,07-Oct-2025,30-Oct-2025,Business Interruption,USD,85915.05,0.0,85915.05,S
CL002362,T0648,21-Jan-2024,22-Jan-2024,Fire & Explosion,EUR,5304.58,42536.6,47841.18,O
CL005521,T0413,17-Jun-2026,21-Jun-2026,Fire & Explosion,GBP,149977.5,0.0,149977.5,S
CL000440,T0653,18-Feb-2022,23-Feb-2022,Fire & Explosion,USD,78873.12,604131.02,683004.14,O
CL002408,T0673,16-Jan-2024,03-Feb-2024,General Liability,EUR,417629.29,0.0,417629.29,S
CL000532,T0027,13-Feb-2022,16-Apr-2022,Business Interruption,USD,62707.13,0.0,62707.13,S
CL005079,T0099,08-Jan-2026,01-Mar-2026,Energy,USD,74044.03,0.0,74044.03,S
CL001732,T0111,28-May-2023,17-Jun-2023,Directors & Officers,EUR,22709.32,0.0,22709.32,S
CL001488,T0626,03-Mar-2023,30-Mar-2023,Marine Hull,EUR,5004.82,0.0,5004.82,S
CL001081,T0326,17-Nov-2022,05-Dec-2022,Political Risk,USD,2156.97,2517.82,4674.79,O
CL004645,T0298,06-Nov-2025,16-Nov-2025,General Liability,EUR,50901.32,0.0,50901.32,S
CL005294,T0378,04-Apr-2026,24-Apr-2026,Professional Indemnity,INR,375924.63,0.0,375924.63,S
CL005155,T0471,09-Mar-2026,21-Mar-2026,Business Interruption,EUR,47125.06,0.0,47125.06,S
CL000258,T0139,11-Sep-2021,30-Oct-2021,Credit & Surety,EUR,1454.94,0.0,1454.94,S
CL000783,T0656,20-Aug-2022,22-Aug-2022,Business Interruption,USD,39405.22,0.0,39405.22,S
CL001886,T0273,05-Aug-2023,10-Aug-2023,Medical Malpractice,EUR,7868.5,15685.97,23554.47,O
CL002129,T0454,16-Oct-2023,29-Oct-2023,Aviation,USD,375338.25,0.0,375338.25,S
CL000618,T0664,04-May-2022,05-Jun-2022,Medical Malpractice,USD,355651.83,0.0,355651.83,S
CL000550,T0100,25-Apr-2022,25-Apr-2022,Medical Malpractice,USD,162495.62,0.0,162495.62,S
CL004060,T0663,07-Jun-2025,12-Jun-2025,Workers Compensation,EUR,85584.93,0.0,85584.93,S
CL004835,T0565,28-Dec-2025,03-Jan-2026,General Liability,USD,1211.73,34890.76,36102.49,O
CL002948,T0699,10-Jul-2024,27-Jul-2024,Fire & Explosion,USD,371473.26,0.0,371473.26,S
CL001135,T0493,20-Nov-2022,19-Dec-2022,Cyber,USD,50873.52,21802.94,72676.46,R
CL004268,T0406,18-May-2025,12-Aug-2025,Marine Hull,GBP,12976.51,75617.97,88594.48,O
CL002629,T0516,08-Apr-2024,11-Apr-2024,Medical Malpractice,USD,423048.04,0.0,423048.04,S
CL000837,T0612,29-Aug-2022,10-Sep-2022,Auto Liability,USD,44877.98,0.0,44877.98,S
CL005034,T0555,10-Jan-2026,19-Feb-2026,Medical Malpractice,USD,3349.05,0.0,3349.05,S
CL002654,T0571,12-Apr-2024,18-Apr-2024,Business Interruption,USD,71453.94,0.0,71453.94,S
CL004755,T0529,26-Sep-2025,13-Dec-2025,Energy,USD,973379.04,0.0,973379.04,S
CL004620,T0607,08-Oct-2025,10-Nov-2025,Directors & Officers,EUR,77261.72,246636.15,323897.87,O
CL005462,T0423,30-May-2026,03-Jun-2026,Credit & Surety,USD,68434.04,108072.9,176506.94,O
CL003883,T0300,11-Apr-2025,23-Apr-2025,Aviation,USD,20769.34,113308.27,134077.61,O
CL003357,T0533,17-Nov-2024,29-Nov-2024,Workers Compensation,USD,359499.11,0.0,359499.11,S
CL002541,T0216,29-Feb-2024,18-Mar-2024,Marine Hull,USD,38241.45,0.0,38241.45,S
CL001062,T0109,16-Nov-2022,29-Nov-2022,Fire & Explosion,USD,76006.24,0.0,76006.24,S
CL005372,T0110,23-Jan-2026,14-May-2026,Business Interruption,USD,111939.31,160747.95,272687.26,O
CL002135,T0240,14-Sep-2023,01-Nov-2023,Fire & Explosion,EUR,245011.79,0.0,245011.79,S
CL000133,T0380,30-Jun-2021,21-Jul-2021,Natural Catastrophe,EUR,36489.21,0.0,36489.21,S
CL001503,T0235,19-Mar-2023,05-Apr-2023,Political Risk,USD,87467.55,0.0,87467.55,S
CL004478,T0071,29-Jul-2025,10-Oct-2025,Marine Hull,EUR,77919.0,0.0,77919.0,S
CL000087,T0293,10-Jun-2021,14-Jun-2021,Business Interruption,EUR,16565.5,0.0,16565.5,S
CL004935,T0686,03-Dec-2025,26-Jan-2026,Aviation,USD,10989.1,64670.64,75659.74,O
CL003738,T0637,23-Feb-2025,12-Mar-2025,Energy,USD,12990.47,0.0,12990.47,S
CL005621,T0374,09-May-2026,16-Jul-2026,Natural Catastrophe,EUR,302.86,1774.39,2077.25,O
CL004928,T0488,18-Jan-2026,25-Jan-2026,Fire & Explosion,USD,494910.34,0.0,494910.34,S
CL001041,T0457,15-Aug-2022,21-Nov-2022,Fire & Explosion,USD,39951.84,0.0,39951.84,S
CL000046,T0159,04-May-2021,04-May-2021,Business Interruption,EUR,108661.17,0.0,108661.17,S
CL002831,T0101,18-Jun-2024,21-Jun-2024,Directors & Officers,USD,404071.97,0.0,404071.97,S
CL000504,T0333,02-Apr-2022,02-Apr-2022,Fire & Explosion,USD,29829.03,0.0,29829.03,S
CL005756,T0503,16-Aug-2026,21-Aug-2026,Marine Hull,USD,1043.28,206278.64,207321.92,O
CL001143,T0682,04-Nov-2022,21-Dec-2022,Workers Compensation,USD,29319.55,0.0,29319.55,S
CL005093,T0681,15-Feb-2026,03-Mar-2026,Fire & Explosion,USD,10732.93,123713.76,134446.69,O
CL002525,T0334,12-Mar-2024,12-Mar-2024,Business Interruption,USD,370558.16,0.0,370558.16,S
CL001074,T0632,25-Nov-2022,02-Dec-2022,Natural Catastrophe,USD,62255.96,0.0,62255.96,S
CL003659,T0513,25-Jan-2025,20-Feb-2025,Directors & Officers,USD,39365.84,48884.23,88250.07,O
CL002749,T0254,09-May-2024,24-May-2024,Professional Indemnity,USD,62259.93,0.0,62259.93,S
CL004909,T0543,08-Nov-2025,22-Jan-2026,Professional Indemnity,USD,2559.72,0.0,2559.72,S
CL003182,T0181,19-Sep-2024,09-Oct-2024,Auto Liability,USD,49176.55,0.0,49176.55,S
CL004201,T0122,19-Jul-2025,24-Jul-2025,Fire & Explosion,USD,25257.31,76847.3,102104.61,O
CL004779,T0154,21-Dec-2025,21-Dec-2025,Professional Indemnity,USD,35341.25,0.0,35341.25,S
CL001556,T0604,05-Mar-2023,19-Apr-2023,Marine Hull,EUR,23487.75,0.0,23487.75,S
CL005593,T0170,08-May-2026,08-Jul-2026,Marine Hull,USD,3340.87,50234.83,53575.7,O
CL004002,T0071,17-May-2025,25-May-2025,Marine Hull,EUR,13770.95,0.0,13770.95,S
CL001694,T0148,11-May-2023,07-Jun-2023,Auto Liability,INR,1326308.79,0.0,1326308.79,S
CL004187,T0526,19-Jun-2025,20-Jul-2025,Medical Malpractice,EUR,48037.89,93102.8,141140.69,O
CL001044,T0207,22-Nov-2022,23-Nov-2022,Energy,EUR,142895.26,0.0,142895.26,S
CL002082,T0295,07-Oct-2023,14-Oct-2023,Business Interruption,USD,110456.49,0.0,110456.49,S
CL000192,T0003,09-Aug-2021,19-Sep-2021,Directors & Officers,EUR,28756.84,0.0,28756.84,S
CL005108,T0592,28-Feb-2026,08-Mar-2026,Directors & Officers,USD,11976.16,12311.42,24287.58,O
CL002994,T0616,10-Jul-2024,13-Aug-2024,Political Risk,EUR,100607.97,0.0,100607.97,S
CL002445,T0273,30-Jan-2024,17-Feb-2024,Medical Malpractice,EUR,89207.78,0.0,89207.78,S
CL002982,T0299,07-Aug-2024,09-Aug-2024,Aviation,INR,16928813.15,0.0,16928813.15,S
CL004311,T0684,23-Aug-2025,25-Aug-2025,General Liability,USD,6498.27,24822.57,31320.84,O
CL004930,T0553,25-Dec-2025,25-Jan-2026,Cyber,USD,150327.45,389018.96,539346.41,O
CL000384,T0139,06-Jan-2022,25-Jan-2022,Cyber,EUR,10155.58,0.0,10155.58,S
CL005439,T0146,11-May-2026,30-May-2026,Business Interruption,EUR,6605.58,51070.93,57676.51,O
CL004210,T0261,13-Jul-2025,27-Jul-2025,General Liability,EUR,132121.94,0.0,132121.94,S
CL005420,T0700,04-May-2026,24-May-2026,Business Interruption,EUR,4984.69,90915.71,95900.4,O
CL005192,T0270,03-Mar-2026,31-Mar-2026,General Liability,GBP,2150.86,6457.44,8608.3,O
CL004731,T0257,14-Nov-2025,08-Dec-2025,Professional Indemnity,USD,76114.5,0.0,76114.5,S
CL005478,T0429,13-May-2026,08-Jun-2026,Cyber,USD,35443.28,0.0,35443.28,S
CL003259,T0520,04-Oct-2024,28-Oct-2024,Marine Hull,EUR,432713.3,0.0,432713.3,S
CL005677,T0294,27-Jul-2026,31-Jul-2026,Credit & Surety,EUR,19147.2,157973.49,177120.69,O
CL004371,T0495,18-Aug-2025,10-Sep-2025,Fire & Explosion,INR,18392379.37,0.0,18392379.37,S
CL000810,T0317,27-Aug-2022,31-Aug-2022,Medical Malpractice,USD,487372.15,0.0,487372.15,S
CL003402,T0157,09-Nov-2024,12-Dec-2024,Aviation,USD,132501.88,0.0,132501.88,S
CL002685,T0241,18-Apr-2024,30-Apr-2024,Credit & Surety,USD,41521.75,0.0,41521.75,S
CL001369,T0093,30-Jan-2023,23-Feb-2023,Directors & Officers,USD,7999.15,0.0,7999.15,S
CL000698,T0292,18-Jul-2022,24-Jul-2022,Professional Indemnity,EUR,35492.51,0.0,35492.51,S
CL000271,T0349,03-Nov-2021,05-Nov-2021,Credit & Surety,USD,117886.68,0.0,117886.68,S
CL002965,T0305,17-Jul-2024,01-Aug-2024,General Liability,USD,122136.32,623985.99,746122.31,O
CL003871,T0072,21-Apr-2025,21-Apr-2025,Natural Catastrophe,USD,19145.31,0.0,19145.31,S
CL004005,T0275,20-May-2025,25-May-2025,General Liability,USD,41266.47,0.0,41266.47,S
CL005333,T0596,26-Mar-2026,02-May-2026,Medical Malpractice,EUR,10606.28,97341.63,107947.91,O
CL002695,T0665,14-Apr-2024,02-May-2024,Cyber,USD,7557.91,0.0,7557.91,S
CL003121,T0519,05-Sep-2024,24-Sep-2024,Business Interruption,EUR,1667.55,0.0,1667.55,S
CL000467,T0504,15-Feb-2022,15-Mar-2022,Workers Compensation,USD,1166297.19,0.0,1166297.19,S
CL000699,T0642,16-Jul-2022,24-Jul-2022,Political Risk,EUR,330664.01,0.0,330664.01,S
CL004265,T0249,03-Jun-2025,12-Aug-2025,Energy,USD,31510.54,122127.19,153637.73,O
CL001393,T0464,10-Feb-2023,01-Mar-2023,Credit & Surety,USD,540735.81,0.0,540735.81,S
CL003640,T0360,03-Jan-2025,15-Feb-2025,Credit & Surety,USD,148438.83,63616.64,212055.47,R
CL002185,T0323,21-Nov-2023,22-Nov-2023,Energy,USD,46524.54,0.0,46524.54,S
CL002568,T0624,15-Mar-2024,25-Mar-2024,Business Interruption,USD,90894.28,0.0,90894.28,S
CL000794,T0493,24-Aug-2022,25-Aug-2022,Directors & Officers,USD,110758.49,0.0,110758.49,S
CL004870,T0589,20-Dec-2025,14-Jan-2026,Business Interruption,EUR,2914.56,3539.96,6454.52,O
CL002345,T0648,12-Jan-2024,15-Jan-2024,Natural Catastrophe,EUR,386829.98,0.0,386829.98,S
CL002895,T0043,06-Jul-2024,13-Jul-2024,Credit & Surety,EUR,9163.05,0.0,9163.05,S
CL003833,T0638,16-Feb-2025,09-Apr-2025,Auto Liability,USD,50308.36,0.0,50308.36,S
CL001584,T0065,30-Apr-2023,30-Apr-2023,Workers Compensation,INR,200154.68,3952004.16,4152158.84,O
CL002280,T0334,01-Dec-2023,27-Dec-2023,Natural Catastrophe,USD,134444.55,0.0,134444.55,S
CL000175,T0217,29-Aug-2021,02-Sep-2021,Aviation,EUR,52494.42,0.0,52494.42,S
CL000275,T0664,30-Oct-2021,07-Nov-2021,Medical Malpractice,USD,64575.9,0.0,64575.9,S
CL004960,T0182,31-Oct-2025,02-Feb-2026,Energy,USD,36086.95,0.0,36086.95,S
CL005696,T0341,02-Aug-2026,05-Aug-2026,Political Risk,USD,2.97,5682.72,5685.69,O
CL000344,T0361,18-Nov-2021,28-Dec-2021,Auto Liability,USD,11300.36,0.0,11300.36,S
CL001572,T0477,13-Apr-2023,25-Apr-2023,Fire & Explosion,EUR,11123.21,0.0,11123.21,S
CL003600,T0261,02-Feb-2025,06-Feb-2025,Workers Compensation,EUR,76978.2,32990.66,109968.86,R
CL003481,T0462,29-Dec-2024,02-Jan-2025,Natural Catastrophe,GBP,99687.45,0.0,99687.45,S
CL005550,T0427,20-Apr-2026,28-Jun-2026,Political Risk,USD,408972.88,1842202.72,2251175.6,O
CL003405,T0328,10-Dec-2024,12-Dec-2024,Workers Compensation,USD,82413.91,0.0,82413.91,S
CL004056,T0524,08-Jun-2025,10-Jun-2025,General Liability,USD,8996.79,19117.77,28114.56,O
CL001012,T0267,21-Jul-2022,11-Nov-2022,Marine Hull,USD,639930.31,0.0,639930.31,S
CL002009,T0415,25-Aug-2023,24-Sep-2023,Aviation,INR,2044799.7,0.0,2044799.7,S
CL005896,T0028,26-Sep-2026,30-Sep-2026,General Liability,USD,1762.98,6071.9,7834.88,O
CL000578,T0245,30-Apr-2022,10-May-2022,Workers Compensation,EUR,127219.68,0.0,127219.68,S
CL001621,T0566,25-Mar-2023,12-May-2023,Business Interruption,EUR,45739.61,0.0,45739.61,S
CL000109,T0621,28-Jun-2021,01-Jul-2021,Fire & Explosion,EUR,83631.01,0.0,83631.01,S
CL001836,T0137,12-Jun-2023,21-Jul-2023,Medical Malpractice,USD,3134.78,0.0,3134.78,S
CL005463,T0269,05-Apr-2026,04-Jun-2026,Business Interruption,USD,33046.34,42412.13,75458.47,O
CL001689,T0334,27-May-2023,06-Jun-2023,Fire & Explosion,USD,60781.04,0.0,60781.04,S
CL001774,T0219,01-Jul-2023,06-Jul-2023,Fire & Explosion,USD,16160.34,0.0,16160.34,S
CL000625,T0278,30-May-2022,09-Jun-2022,General Liability,USD,45005.01,0.0,45005.01,S
CL004489,T0162,16-Sep-2025,13-Oct-2025,General Liability,USD,11785.28,18452.6,30237.88,O
CL004254,T0300,05-Jun-2025,08-Aug-2025,Marine Hull,USD,53351.74,0.0,53351.74,S
CL004621,T0032,21-Oct-2025,11-Nov-2025,Natural Catastrophe,USD,16734.31,52273.33,69007.64,O
CL000183,T0139,10-Sep-2021,10-Sep-2021,Credit & Surety,EUR,6131.55,0.0,6131.55,S
CL001560,T0044,11-Mar-2023,21-Apr-2023,Natural Catastrophe,USD,198862.91,0.0,198862.91,S
CL004102,T0465,15-Jun-2025,23-Jun-2025,Business Interruption,INR,7184671.87,22891433.93,30076105.8,O
CL003458,T0330,18-Dec-2024,26-Dec-2024,Professional Indemnity,USD,77037.2,0.0,77037.2,S
CL003672,T0599,16-Feb-2025,23-Feb-2025,Auto Liability,USD,4233.26,1814.25,6047.51,R
CL005710,T0201,14-Jul-2026,08-Aug-2026,Fire & Explosion,USD,3186.98,6760.04,9947.02,O
CL005553,T0307,23-Jun-2026,29-Jun-2026,General Liability,USD,20891.71,53451.34,74343.05,O
CL000281,T0419,26-Oct-2021,14-Nov-2021,Fire & Explosion,USD,76235.91,0.0,76235.91,S
CL005761,T0152,13-Aug-2026,23-Aug-2026,Natural Catastrophe,GBP,99610.47,183289.71,282900.18,O
CL002234,T0430,11-Nov-2023,10-Dec-2023,Business Interruption,USD,101169.04,0.0,101169.04,S
CL002829,T0443,02-Jun-2024,20-Jun-2024,Fire & Explosion,USD,25660.35,0.0,25660.35,S
CL002552,T0386,06-Mar-2024,21-Mar-2024,Natural Catastrophe,EUR,59314.18,0.0,59314.18,S
CL002869,T0255,12-May-2024,03-Jul-2024,Energy,INR,12591007.06,0.0,12591007.06,S
CL005602,T0580,27-May-2026,10-Jul-2026,Marine Hull,EUR,17742.3,434120.01,451862.31,O
CL003475,T0627,18-Dec-2024,30-Dec-2024,Workers Compensation,USD,78861.94,0.0,78861.94,S
CL004299,T0280,12-Jul-2025,21-Aug-2025,Business Interruption,USD,73866.22,0.0,73866.22,S
CL004016,T0280,16-May-2025,29-May-2025,Fire & Explosion,USD,14412.2,0.0,14412.2,S
CL000670,T0619,22-Jun-2022,03-Jul-2022,Natural Catastrophe,USD,80255.18,0.0,80255.18,S
CL003732,T0350,07-Feb-2025,11-Mar-2025,Auto Liability,INR,200042.6,0.0,200042.6,S
CL000021,T0140,25-Mar-2021,27-Mar-2021,General Liability,EUR,34010.18,0.0,34010.18,S
CL004069,T0222,15-May-2025,14-Jun-2025,Business Interruption,EUR,150262.75,0.0,150262.75,S
CL002237,T0067,04-Nov-2023,12-Dec-2023,Natural Catastrophe,INR,17261310.67,0.0,17261310.67,S
CL000103,T0544,15-Apr-2021,24-Jun-2021,Credit & Surety,USD,1044973.68,0.0,1044973.68,S
CL000341,T0332,17-Dec-2021,24-Dec-2021,Workers Compensation,EUR,159929.25,0.0,159929.25,S
CL004702,T0298,20-Oct-2025,01-Dec-2025,Workers Compensation,EUR,2256.87,6308.46,8565.33,O
CL002213,T0086,07-Nov-2023,03-Dec-2023,Credit & Surety,USD,59342.35,0.0,59342.35,S
CL001115,T0672,07-Dec-2022,15-Dec-2022,Business Interruption,USD,88728.71,0.0,88728.71,S
CL001214,T0464,02-Dec-2022,10-Jan-2023,Directors & Officers,USD,435415.75,0.0,435415.75,S
CL002506,T0502,16-Jan-2024,06-Mar-2024,Workers Compensation,INR,2144844.18,0.0,2144844.18,S
CL005496,T0479,06-Jun-2026,13-Jun-2026,Auto Liability,GBP,10174.48,0.0,10174.48,S
CL004766,T0527,30-Nov-2025,17-Dec-2025,Directors & Officers,EUR,95636.01,0.0,95636.01,S
CL005147,T0013,09-Mar-2026,18-Mar-2026,Business Interruption,USD,7378.28,48523.7,55901.98,O
CL000226,T0458,31-Jul-2021,12-Oct-2021,Energy,USD,102954.73,0.0,102954.73,S
CL002974,T0469,29-Jul-2024,06-Aug-2024,Marine Hull,USD,68518.05,0.0,68518.05,S
CL003075,T0025,04-Sep-2024,10-Sep-2024,Cyber,USD,58593.01,0.0,58593.01,S
CL003831,T0473,04-Apr-2025,09-Apr-2025,Business Interruption,GBP,2555.02,0.0,2555.02,S
CL005448,T0007,24-May-2026,01-Jun-2026,Workers Compensation,USD,9066.32,29535.27,38601.59,O
CL005847,T0120,23-Aug-2026,18-Sep-2026,Aviation,EUR,31689.68,34878.12,66567.8,O
CL001651,T0622,14-Mar-2023,21-May-2023,Aviation,INR,214772.05,0.0,214772.05,S
CL003834,T0056,20-Mar-2025,10-Apr-2025,Auto Liability,USD,12676.75,0.0,12676.75,S
CL000049,T0380,20-Apr-2021,06-May-2021,Natural Catastrophe,EUR,20605.96,0.0,20605.96,S
CL001810,T0193,27-Jun-2023,13-Jul-2023,Natural Catastrophe,USD,101136.4,0.0,101136.4,S
CL003527,T0279,18-Dec-2024,15-Jan-2025,Aviation,EUR,447949.73,0.0,447949.73,S
CL000718,T0349,20-Apr-2022,29-Jul-2022,Credit & Surety,USD,96994.04,0.0,96994.04,S
CL004285,T0694,12-Jul-2025,16-Aug-2025,Marine Hull,USD,807357.77,0.0,807357.77,S
CL003832,T0552,07-Mar-2025,09-Apr-2025,Cyber,USD,114723.06,0.0,114723.06,S
CL004817,T0220,24-Dec-2025,29-Dec-2025,Workers Compensation,EUR,95.21,5826.29,5921.5,O
CL001418,T0036,06-Feb-2023,08-Mar-2023,Energy,USD,260734.75,0.0,260734.75,S
CL000677,T0281,03-Jun-2022,08-Jul-2022,Fire & Explosion,EUR,75781.88,0.0,75781.88,S
CL005917,T0213,23-Sep-2026,30-Sep-2026,Business Interruption,USD,18595.83,25710.48,44306.31,O
CL002880,T0331,29-Jun-2024,05-Jul-2024,Business Interruption,USD,108329.79,0.0,108329.79,S
CL002350,T0119,23-Dec-2023,18-Jan-2024,Workers Compensation,USD,18245.3,0.0,18245.3,S
CL005132,T0479,13-Mar-2026,14-Mar-2026,Auto Liability,GBP,21645.68,0.0,21645.68,S
CL000113,T0468,20-Jun-2021,04-Jul-2021,Business Interruption,USD,57759.39,0.0,57759.39,S
CL002124,T0251,04-Sep-2023,28-Oct-2023,Auto Liability,EUR,420992.94,0.0,420992.94,S
CL000153,T0545,19-Jul-2021,07-Aug-2021,Workers Compensation,EUR,63091.59,335950.56,399042.15,O
CL004857,T0080,06-Jan-2026,11-Jan-2026,Business Interruption,EUR,153136.72,0.0,153136.72,S
CL002081,T0039,11-Aug-2023,14-Oct-2023,Energy,USD,34414.84,0.0,34414.84,S
CL002605,T0386,15-Mar-2024,05-Apr-2024,Business Interruption,EUR,24004.55,0.0,24004.55,S
CL000755,T0150,17-Jul-2022,11-Aug-2022,Workers Compensation,USD,88454.11,0.0,88454.11,S
CL000651,T0354,09-Jun-2022,23-Jun-2022,General Liability,USD,42782.26,0.0,42782.26,S
CL005666,T0442,11-Jun-2026,28-Jul-2026,Business Interruption,USD,214730.72,0.0,214730.72,S
CL005148,T0090,03-Jan-2026,18-Mar-2026,Aviation,USD,1426.71,255229.11,256655.82,O
CL005324,T0005,03-Mar-2026,30-Apr-2026,Fire & Explosion,USD,1552.99,10523.26,12076.25,O
CL000017,T0140,05-Feb-2021,17-Mar-2021,Workers Compensation,EUR,40732.55,0.0,40732.55,S
CL000653,T0642,02-Jun-2022,23-Jun-2022,Marine Hull,EUR,332987.09,0.0,332987.09,S
CL005956,T0578,25-Sep-2026,30-Sep-2026,Aviation,GBP,2049.51,2283.79,4333.3,O
CL000570,T0006,18-Apr-2022,07-May-2022,Professional Indemnity,USD,1848.99,0.0,1848.99,S
CL003333,T0043,27-Oct-2024,23-Nov-2024,Cyber,EUR,81147.38,0.0,81147.38,S
CL001957,T0626,16-Aug-2023,06-Sep-2023,Aviation,EUR,20072.41,38414.49,58486.9,O
CL005002,T0379,04-Feb-2026,12-Feb-2026,Credit & Surety,USD,742.75,1391.72,2134.47,O
CL001664,T0478,23-May-2023,26-May-2023,Business Interruption,USD,157823.06,0.0,157823.06,S
CL000822,T0044,06-Sep-2022,06-Sep-2022,Business Interruption,USD,95072.11,0.0,95072.11,S
CL003289,T0072,29-Oct-2024,08-Nov-2024,Natural Catastrophe,USD,78554.73,0.0,78554.73,S
CL004778,T0079,07-Dec-2025,21-Dec-2025,Fire & Explosion,USD,6326.46,11326.03,17652.49,O
CL001710,T0477,04-Jun-2023,11-Jun-2023,Natural Catastrophe,EUR,185994.23,0.0,185994.23,S
CL003008,T0181,30-Jun-2024,20-Aug-2024,Workers Compensation,USD,125584.01,0.0,125584.01,S
CL000672,T0006,13-Jun-2022,06-Jul-2022,Medical Malpractice,USD,1954.59,0.0,1954.59,S
CL004010,T0054,16-May-2025,26-May-2025,General Liability,EUR,31105.08,0.0,31105.08,S
CL003830,T0157,02-Apr-2025,09-Apr-2025,Marine Hull,USD,24726.6,0.0,24726.6,S
CL002998,T0497,28-Jul-2024,14-Aug-2024,Auto Liability,USD,74191.53,0.0,74191.53,S
CL003708,T0033,05-Jan-2025,04-Mar-2025,Auto Liability,USD,255797.79,0.0,255797.79,S
CL004034,T0657,29-Mar-2025,04-Jun-2025,Political Risk,USD,87315.55,0.0,87315.55,S
CL000129,T0551,18-Jul-2021,18-Jul-2021,Business Interruption,EUR,83664.37,0.0,83664.37,S
CL002424,T0218,10-Feb-2024,10-Feb-2024,Business Interruption,EUR,14093.36,0.0,14093.36,S
CL000347,T0231,22-Nov-2021,29-Dec-2021,Auto Liability,USD,154204.93,0.0,154204.93,S
CL003066,T0657,12-Aug-2024,05-Sep-2024,Aviation,USD,43403.63,0.0,43403.63,S
CL005470,T0004,21-May-2026,07-Jun-2026,Natural Catastrophe,INR,1038197.62,2089105.01,3127302.63,O
CL004180,T0203,10-Jul-2025,19-Jul-2025,Aviation,INR,1976342.44,2144957.35,4121299.79,O
CL003930,T0040,19-Apr-2025,02-May-2025,Auto Liability,USD,16116.12,0.0,16116.12,S
CL002290,T0050,29-Dec-2023,30-Dec-2023,Workers Compensation,EUR,81083.14,108040.14,189123.28,O
CL004025,T0638,09-May-2025,02-Jun-2025,General Liability,USD,16861.26,0.0,16861.26,S
CL000221,T0332,29-Aug-2021,08-Oct-2021,Auto Liability,EUR,80003.76,0.0,80003.76,S
CL001790,T0130,15-Jun-2023,09-Jul-2023,General Liability,USD,194408.14,0.0,194408.14,S
CL002916,T0540,08-Apr-2024,18-Jul-2024,Energy,USD,309385.89,0.0,309385.89,S
CL001550,T0266,29-Mar-2023,17-Apr-2023,Fire & Explosion,USD,429084.78,0.0,429084.78,S
CL002157,T0478,22-Oct-2023,08-Nov-2023,Business Interruption,USD,7030.98,0.0,7030.98,S
CL004851,T0187,03-Jan-2026,09-Jan-2026,Natural Catastrophe,INR,895381.51,10077738.61,10973120.12,O
CL002761,T0236,03-May-2024,27-May-2024,Auto Liability,USD,26524.52,11367.65,37892.17,R
CL001126,T0326,15-Nov-2022,17-Dec-2022,Marine Hull,USD,588.16,3227.87,3816.03,O
CL002433,T0502,06-Feb-2024,12-Feb-2024,General Liability,INR,2030183.52,0.0,2030183.52,S
CL002633,T0343,09-Apr-2024,12-Apr-2024,Natural Catastrophe,USD,159731.66,0.0,159731.66,S
CL005383,T0646,06-May-2026,16-May-2026,Business Interruption,EUR,132087.95,164627.87,296715.82,O
CL005690,T0248,13-Jul-2026,04-Aug-2026,Political Risk,USD,3532.01,26211.42,29743.43,O
CL003436,T0370,03-Dec-2024,20-Dec-2024,Natural Catastrophe,EUR,122748.68,0.0,122748.68,S
CL001264,T0206,22-Nov-2022,24-Jan-2023,Business Interruption,INR,1784365.0,0.0,1784365.0,S
CL005664,T0344,01-Jul-2026,28-Jul-2026,Business Interruption,USD,4149.12,4404.01,8553.13,O
CL002530,T0165,17-Feb-2024,14-Mar-2024,Workers Compensation,EUR,280903.83,0.0,280903.83,S
CL004262,T0133,23-Jul-2025,11-Aug-2025,Cyber,INR,1148678.14,0.0,1148678.14,S
CL004430,T0459,25-Aug-2025,23-Sep-2025,Aviation,USD,589.03,13783.27,14372.3,O
CL003176,T0272,24-Sep-2024,08-Oct-2024,Workers Compensation,USD,2302779.03,0.0,2302779.03,S
CL000750,T0588,11-Jun-2022,09-Aug-2022,Natural Catastrophe,EUR,98839.93,0.0,98839.93,S
CL002409,T0065,28-Jan-2024,04-Feb-2024,Auto Liability,INR,5397657.45,0.0,5397657.45,S
CL003520,T0211,04-Jan-2025,13-Jan-2025,Cyber,USD,1198.28,0.0,1198.28,S
CL004597,T0303,01-Oct-2025,04-Nov-2025,Natural Catastrophe,USD,175330.91,0.0,175330.91,S
CL005352,T0488,21-Apr-2026,08-May-2026,Fire & Explosion,USD,47337.14,58549.27,105886.41,O
CL005638,T0490,28-Jun-2026,20-Jul-2026,Aviation,EUR,83894.38,157381.13,241275.51,O
CL004422,T0291,05-Sep-2025,21-Sep-2025,Business Interruption,USD,263840.49,0.0,263840.49,S
CL005165,T0459,08-Mar-2026,24-Mar-2026,Energy,USD,4551.91,18852.7,23404.61,O
CL004654,T0172,15-Nov-2025,18-Nov-2025,Aviation,EUR,20205.43,0.0,20205.43,S
CL001082,T0669,05-Nov-2022,05-Dec-2022,Business Interruption,USD,164309.09,0.0,164309.09,S
CL002843,T0255,07-Jun-2024,25-Jun-2024,Energy,INR,131982.03,0.0,131982.03,S
CL001353,T0108,17-Jan-2023,19-Feb-2023,Medical Malpractice,USD,251386.99,0.0,251386.99,S
CL004517,T0668,04-Oct-2025,18-Oct-2025,Energy,INR,13229563.2,0.0,13229563.2,S
CL002399,T0127,30-Jan-2024,01-Feb-2024,General Liability,USD,586039.36,0.0,586039.36,S
CL005154,T0447,17-Mar-2026,21-Mar-2026,Aviation,EUR,21326.04,72193.98,93520.02,O
CL000351,T0265,29-Nov-2021,01-Jan-2022,Business Interruption,USD,50899.0,0.0,50899.0,S
CL000897,T0614,06-Sep-2022,03-Oct-2022,Fire & Explosion,USD,3083.52,26582.39,29665.91,O
CL001595,T0376,27-Apr-2023,04-May-2023,Business Interruption,USD,22512.93,0.0,22512.93,S
CL003058,T0262,02-Sep-2024,04-Sep-2024,Credit & Surety,EUR,292902.49,0.0,292902.49,S
CL003604,T0448,03-Feb-2025,06-Feb-2025,Aviation,EUR,8237.1,31815.11,40052.21,O
CL002995,T0218,29-Jul-2024,14-Aug-2024,Natural Catastrophe,EUR,13549.71,0.0,13549.71,S
CL002903,T0167,04-May-2024,15-Jul-2024,Medical Malpractice,USD,17476.63,0.0,17476.63,S
CL001893,T0247,06-Aug-2023,12-Aug-2023,Workers Compensation,GBP,539408.95,0.0,539408.95,S
CL001908,T0525,16-Jul-2023,17-Aug-2023,Medical Malpractice,USD,169653.15,72708.49,242361.64,R
CL004618,T0365,30-Oct-2025,09-Nov-2025,Political Risk,EUR,2049.8,58701.68,60751.48,O
CL002557,T0540,06-Mar-2024,22-Mar-2024,Marine Hull,USD,16431.2,0.0,16431.2,S
CL005539,T0501,08-Jun-2026,26-Jun-2026,Cyber,USD,5249.37,5642.82,10892.19,O
CL002312,T0518,04-Jan-2024,07-Jan-2024,Professional Indemnity,USD,34770.58,0.0,34770.58,S
CL002753,T0420,10-May-2024,25-May-2024,Natural Catastrophe,EUR,97329.02,0.0,97329.02,S
CL002781,T0472,03-May-2024,04-Jun-2024,Fire & Explosion,USD,24007.39,0.0,24007.39,S
CL003252,T0644,27-Oct-2024,27-Oct-2024,Auto Liability,USD,17007.38,0.0,17007.38,S
CL002139,T0025,30-Oct-2023,03-Nov-2023,Credit & Surety,USD,3062.91,1312.67,4375.58,R
CL001603,T0507,05-Apr-2023,06-May-2023,Credit & Surety,USD,10525.99,0.0,10525.99,S
CL005904,T0085,22-Sep-2026,30-Sep-2026,Cyber,INR,4355971.15,0.0,4355971.15,S
CL005770,T0452,07-Aug-2026,25-Aug-2026,Professional Indemnity,USD,3064.23,6749.49,9813.72,O
CL001743,T0036,20-Jun-2023,23-Jun-2023,Aviation,USD,146869.18,0.0,146869.18,S
CL005397,T0683,08-May-2026,18-May-2026,Workers Compensation,USD,3160.15,80850.03,84010.18,O
CL004787,T0158,09-Nov-2025,23-Dec-2025,Workers Compensation,USD,3984.05,24491.39,28475.44,O
CL000568,T0265,26-Apr-2022,04-May-2022,Business Interruption,USD,32940.7,0.0,32940.7,S
CL004895,T0244,17-Jan-2026,19-Jan-2026,Auto Liability,USD,16515.65,119602.98,136118.63,O
CL004381,T0097,07-Jun-2025,13-Sep-2025,Professional Indemnity,EUR,41001.96,61203.95,102205.91,O
CL004927,T0212,25-Dec-2025,25-Jan-2026,Workers Compensation,EUR,47023.58,0.0,47023.58,S
CL005188,T0524,05-Mar-2026,30-Mar-2026,General Liability,USD,40416.06,216217.99,256634.05,O
CL001068,T0363,17-Nov-2022,01-Dec-2022,Natural Catastrophe,EUR,328514.91,0.0,328514.91,S
CL003948,T0195,16-Jan-2025,08-May-2025,Fire & Explosion,INR,26912953.73,0.0,26912953.73,S
CL001224,T0336,31-Dec-2022,12-Jan-2023,Natural Catastrophe,USD,141522.34,0.0,141522.34,S
CL002944,T0547,24-Jul-2024,26-Jul-2024,Auto Liability,EUR,12475.55,0.0,12475.55,S
CL001472,T0363,26-Feb-2023,27-Mar-2023,Business Interruption,EUR,137539.57,182439.4,319978.97,O
CL005281,T0365,06-Apr-2026,21-Apr-2026,Aviation,EUR,68870.55,82285.1,151155.65,O
CL001554,T0480,15-Mar-2023,19-Apr-2023,Auto Liability,EUR,28012.59,0.0,28012.59,S
CL004308,T0546,26-Jul-2025,23-Aug-2025,Natural Catastrophe,USD,40430.67,155364.82,195795.49,O
CL004153,T0556,16-Jun-2025,10-Jul-2025,Fire & Explosion,USD,85359.72,0.0,85359.72,S
CL000211,T0333,07-Sep-2021,30-Sep-2021,Business Interruption,USD,328829.07,0.0,328829.07,S
CL001727,T0510,06-Jun-2023,15-Jun-2023,Auto Liability,USD,23753.83,0.0,23753.83,S
CL001113,T0614,06-Dec-2022,14-Dec-2022,Fire & Explosion,USD,17446.05,0.0,17446.05,S
CL004196,T0668,14-Jul-2025,22-Jul-2025,Aviation,INR,1737199.58,22183593.9,23920793.48,O
CL001548,T0036,01-Apr-2023,17-Apr-2023,Energy,USD,101422.89,0.0,101422.89,S
CL003483,T0156,20-Dec-2024,03-Jan-2025,Fire & Explosion,USD,274139.17,0.0,274139.17,S
CL001187,T0251,30-Dec-2022,02-Jan-2023,Auto Liability,EUR,7679.74,23574.83,31254.57,O
CL001035,T0653,27-Sep-2022,20-Nov-2022,Natural Catastrophe,USD,231192.24,0.0,231192.24,S
CL004449,T0521,23-Sep-2025,29-Sep-2025,Medical Malpractice,USD,78069.05,0.0,78069.05,S
CL005107,T0391,14-Feb-2026,08-Mar-2026,Natural Catastrophe,INR,3275174.59,4219808.29,7494982.88,O
CL001242,T0457,07-Dec-2022,16-Jan-2023,Fire & Explosion,USD,12034.11,0.0,12034.11,S
CL004696,T0465,19-Nov-2025,29-Nov-2025,Fire & Explosion,INR,2974518.12,0.0,2974518.12,S
CL002679,T0678,17-Apr-2024,27-Apr-2024,Political Risk,INR,2451307.15,0.0,2451307.15,S
CL001332,T0247,01-Feb-2023,12-Feb-2023,General Liability,GBP,65077.58,0.0,65077.58,S
CL002772,T0497,28-Apr-2024,31-May-2024,Workers Compensation,USD,112210.89,0.0,112210.89,S
CL003411,T0211,12-Dec-2024,14-Dec-2024,Cyber,USD,44757.34,0.0,44757.34,S
CL001099,T0210,05-Oct-2022,11-Dec-2022,Natural Catastrophe,USD,4145.05,0.0,4145.05,S
CL001335,T0383,23-Dec-2022,12-Feb-2023,Medical Malpractice,USD,405945.64,0.0,405945.64,S
CL004507,T0233,10-Sep-2025,15-Oct-2025,Directors & Officers,USD,6491.11,231694.29,238185.4,O
CL002346,T0649,04-Jan-2024,15-Jan-2024,Natural Catastrophe,USD,81084.87,0.0,81084.87,S
CL001013,T0641,04-Nov-2022,11-Nov-2022,Directors & Officers,USD,13518.82,0.0,13518.82,S
CL000498,T0316,27-Feb-2022,30-Mar-2022,Natural Catastrophe,USD,183522.66,0.0,183522.66,S
CL000479,T0590,06-Feb-2022,22-Mar-2022,Cyber,USD,2696.21,0.0,2696.21,S
CL001775,T0274,23-Jun-2023,06-Jul-2023,Marine Hull,EUR,12037.86,0.0,12037.86,S
CL000408,T0293,28-Jan-2022,07-Feb-2022,Natural Catastrophe,EUR,18523.57,0.0,18523.57,S
CL001262,T0102,29-Oct-2022,24-Jan-2023,Medical Malpractice,USD,10578.83,0.0,10578.83,S
CL003977,T0097,06-May-2025,17-May-2025,Professional Indemnity,EUR,5032.28,0.0,5032.28,S
CL000137,T0418,24-Jul-2021,24-Jul-2021,Workers Compensation,USD,65082.46,105883.32,170965.78,O
CL004809,T0146,06-Dec-2025,28-Dec-2025,Fire & Explosion,EUR,49347.48,115494.22,164841.7,O
CL004637,T0395,01-Nov-2025,15-Nov-2025,General Liability,USD,277.91,0.0,277.91,S
CL004649,T0030,27-Sep-2025,17-Nov-2025,Fire & Explosion,USD,20829.93,0.0,20829.93,S
CL000706,T0267,18-Jul-2022,26-Jul-2022,Political Risk,USD,20212.72,32944.78,53157.5,O
CL005459,T0442,16-May-2026,02-Jun-2026,Fire & Explosion,USD,79486.93,127172.19,206659.12,O
CL000571,T0042,02-May-2022,07-May-2022,Aviation,EUR,25565.38,0.0,25565.38,S
CL004725,T0040,13-Nov-2025,07-Dec-2025,Workers Compensation,USD,30804.29,0.0,30804.29,S
CL001985,T0525,18-Aug-2023,15-Sep-2023,Professional Indemnity,USD,22517.71,0.0,22517.71,S
CL004741,T0602,25-Nov-2025,10-Dec-2025,Workers Compensation,USD,740590.23,0.0,740590.23,S
CL001384,T0421,12-Feb-2023,28-Feb-2023,Directors & Officers,USD,117244.51,0.0,117244.51,S
CL003966,T0552,10-May-2025,13-May-2025,Directors & Officers,USD,46184.57,0.0,46184.57,S
CL004827,T0543,04-Nov-2025,31-Dec-2025,Professional Indemnity,USD,975.24,0.0,975.24,S
CL004948,T0613,22-Dec-2025,28-Jan-2026,Medical Malpractice,USD,56334.22,0.0,56334.22,S
CL005128,T0356,13-Mar-2026,13-Mar-2026,General Liability,USD,20969.61,30316.83,51286.44,O
CL003619,T0329,28-Jan-2025,10-Feb-2025,Natural Catastrophe,USD,6543.09,0.0,6543.09,S
CL004110,T0056,13-Jun-2025,26-Jun-2025,General Liability,USD,13474.82,74396.55,87871.37,O
CL002697,T0574,04-Oct-2023,03-May-2024,General Liability,EUR,176342.52,0.0,176342.52,S
CL001429,T0336,07-Mar-2023,12-Mar-2023,Fire & Explosion,USD,105919.49,0.0,105919.49,S
CL004706,T0187,05-Oct-2025,03-Dec-2025,Natural Catastrophe,INR,3456517.88,4310446.15,7766964.03,O
CL004455,T0180,28-Aug-2025,01-Oct-2025,General Liability,EUR,122325.85,0.0,122325.85,S
CL004640,T0029,14-Nov-2025,16-Nov-2025,Marine Hull,USD,160874.98,0.0,160874.98,S
CL002596,T0225,22-Mar-2024,03-Apr-2024,Political Risk,EUR,51354.65,0.0,51354.65,S
CL001092,T0113,27-Oct-2022,09-Dec-2022,Professional Indemnity,INR,434763.23,0.0,434763.23,S
CL004745,T0413,10-Dec-2025,11-Dec-2025,Business Interruption,GBP,1208.02,20154.83,21362.85,O
CL000591,T0278,07-May-2022,22-May-2022,Auto Liability,USD,267051.63,0.0,267051.63,S
CL001747,T0238,14-Apr-2023,25-Jun-2023,General Liability,USD,16669.74,0.0,16669.74,S
CL000958,T0108,13-Oct-2022,25-Oct-2022,Professional Indemnity,USD,523601.7,0.0,523601.7,S
CL005209,T0035,15-Mar-2026,04-Apr-2026,Business Interruption,USD,152862.7,0.0,152862.7,S
CL003586,T0033,01-Feb-2025,03-Feb-2025,Auto Liability,USD,6157.31,0.0,6157.31,S
CL003936,T0211,19-Apr-2025,04-May-2025,Directors & Officers,USD,14453.11,0.0,14453.11,S
CL005429,T0439,18-May-2026,27-May-2026,Medical Malpractice,USD,94714.16,114180.65,208894.81,O
CL000402,T0139,29-Jan-2022,04-Feb-2022,Cyber,EUR,7488.9,0.0,7488.9,S
CL002667,T0025,14-Apr-2024,24-Apr-2024,Directors & Officers,USD,29543.75,0.0,29543.75,S
CL001534,T0672,15-Mar-2023,13-Apr-2023,Business Interruption,USD,129132.39,0.0,129132.39,S
CL001116,T0682,05-Dec-2022,15-Dec-2022,Auto Liability,USD,35532.35,0.0,35532.35,X
CL004788,T0184,06-Dec-2025,23-Dec-2025,General Liability,EUR,6103.78,9397.14,15500.92,O
CL005191,T0087,05-Mar-2026,31-Mar-2026,Natural Catastrophe,USD,2863.9,419226.36,422090.26,O
CL005832,T0427,08-Sep-2026,13-Sep-2026,Aviation,USD,41443.05,92030.04,133473.09,O
CL003532,T0584,09-Dec-2024,15-Jan-2025,General Liability,USD,4370.08,0.0,4370.08,S
CL000255,T0392,20-Oct-2021,29-Oct-2021,Political Risk,USD,45961.08,0.0,45961.08,S
CL002340,T0010,11-Nov-2023,15-Jan-2024,Business Interruption,USD,11371.81,0.0,11371.81,S
CL002190,T0186,17-Nov-2023,24-Nov-2023,Political Risk,EUR,90147.77,0.0,90147.77,S
CL002908,T0067,03-Jul-2024,16-Jul-2024,Natural Catastrophe,INR,46329773.92,0.0,46329773.92,S
CL003318,T0081,04-Nov-2024,18-Nov-2024,Professional Indemnity,EUR,5904.21,0.0,5904.21,S
CL001922,T0531,12-Jul-2023,22-Aug-2023,Medical Malpractice,EUR,7653.06,0.0,7653.06,S
CL002847,T0299,11-Jun-2024,26-Jun-2024,Energy,INR,6039423.25,0.0,6039423.25,S
CL004224,T0012,30-Jun-2025,31-Jul-2025,Workers Compensation,USD,104682.79,0.0,104682.79,S
CL003164,T0502,14-Sep-2024,04-Oct-2024,General Liability,INR,32616.24,167512.81,200129.05,O
CL002566,T0547,29-Feb-2024,25-Mar-2024,Workers Compensation,EUR,49979.81,0.0,49979.81,S
CL003118,T0692,05-Sep-2024,23-Sep-2024,Credit & Surety,EUR,112198.34,0.0,112198.34,S
CL004464,T0644,24-Aug-2025,04-Oct-2025,Auto Liability,USD,8139.03,68692.09,76831.12,O
CL000267,T0314,03-Nov-2021,03-Nov-2021,General Liability,USD,9188.73,0.0,9188.73,S
CL003895,T0556,19-Apr-2025,25-Apr-2025,Natural Catastrophe,USD,2532.03,25765.29,28297.32,O
CL005373,T0244,30-Apr-2026,14-May-2026,Workers Compensation,USD,165205.74,0.0,165205.74,S
CL004481,T0450,03-Oct-2025,11-Oct-2025,Workers Compensation,USD,2360786.33,0.0,2360786.33,S
CL002775,T0415,27-Apr-2024,03-Jun-2024,Energy,INR,3651365.38,1564870.88,5216236.26,R
CL001425,T0322,01-Mar-2023,10-Mar-2023,Professional Indemnity,USD,475.16,0.0,475.16,S
CL002498,T0569,09-Feb-2024,04-Mar-2024,General Liability,USD,83656.14,0.0,83656.14,S
CL003307,T0211,09-Nov-2024,14-Nov-2024,Credit & Surety,USD,3408.95,0.0,3408.95,S
CL005410,T0583,06-May-2026,20-May-2026,Natural Catastrophe,GBP,7641.23,116609.62,124250.85,O
CL005286,T0559,18-Apr-2026,22-Apr-2026,Business Interruption,USD,195019.19,298512.56,493531.75,O
CL003335,T0071,05-Nov-2024,23-Nov-2024,Political Risk,EUR,2799.1,0.0,2799.1,S
CL000684,T0098,25-Jun-2022,14-Jul-2022,Natural Catastrophe,EUR,37490.48,0.0,37490.48,S
CL000118,T0134,20-Apr-2021,09-Jul-2021,Natural Catastrophe,USD,46131.39,19770.6,65901.99,R
CL000319,T0014,06-Dec-2021,13-Dec-2021,Aviation,USD,1359.97,0.0,1359.97,S
CL002168,T0247,27-Oct-2023,15-Nov-2023,Auto Liability,GBP,45678.93,0.0,45678.93,S
CL000908,T0687,12-Sep-2022,05-Oct-2022,General Liability,USD,1520757.47,0.0,1520757.47,S
CL004369,T0450,09-Sep-2025,09-Sep-2025,Auto Liability,USD,894908.46,0.0,894908.46,S
CL001896,T0434,23-Jul-2023,13-Aug-2023,Natural Catastrophe,EUR,45283.11,0.0,45283.11,S
CL004293,T0589,22-Jul-2025,19-Aug-2025,Business Interruption,EUR,90355.4,0.0,90355.4,S
CL001226,T0642,19-Dec-2022,12-Jan-2023,Aviation,EUR,51705.16,0.0,51705.16,S
CL001614,T0394,20-Apr-2023,09-May-2023,Business Interruption,USD,68299.65,0.0,68299.65,S
CL005868,T0605,09-Aug-2026,24-Sep-2026,Workers Compensation,USD,47161.92,0.0,47161.92,S
CL005960,T0592,10-Aug-2026,30-Sep-2026,Directors & Officers,USD,23778.14,28041.27,51819.41,O
CL003200,T0160,24-Sep-2024,15-Oct-2024,Workers Compensation,USD,143569.89,0.0,143569.89,S
CL004854,T0301,11-Oct-2025,10-Jan-2026,Workers Compensation,USD,11672.69,15104.11,26776.8,O
CL000279,T0431,21-Sep-2021,13-Nov-2021,Professional Indemnity,USD,224893.15,0.0,224893.15,S
CL003412,T0214,14-Dec-2024,14-Dec-2024,General Liability,USD,137058.65,0.0,137058.65,S
CL005005,T0341,16-Dec-2025,13-Feb-2026,Aviation,USD,4483.14,24971.51,29454.65,O
CL001050,T0630,18-Nov-2022,25-Nov-2022,General Liability,USD,33575.96,0.0,33575.96,S
CL005877,T0201,10-Aug-2026,26-Sep-2026,Fire & Explosion,USD,4339.52,13090.17,17429.69,O
CL003798,T0275,13-Mar-2025,31-Mar-2025,Workers Compensation,USD,72384.76,0.0,72384.76,S
CL000659,T0109,01-Jun-2022,27-Jun-2022,Business Interruption,USD,53731.41,0.0,53731.41,S
CL001138,T0098,17-Apr-2023,20-Dec-2022,Fire & Explosion,EUR,56017.67,0.0,56017.67,S
CL004879,T0684,26-Dec-2025,16-Jan-2026,Auto Liability,USD,37330.05,0.0,37330.05,S
CL002591,T0086,31-Mar-2024,02-Apr-2024,Cyber,USD,35335.25,0.0,35335.25,S
CL003950,T0443,02-Apr-2025,08-May-2025,Natural Catastrophe,USD,399343.32,0.0,399343.32,S
CL000802,T0210,30-Jul-2022,29-Aug-2022,Natural Catastrophe,USD,19833.63,0.0,19833.63,S
CL003063,T0253,21-Aug-2024,05-Sep-2024,Professional Indemnity,USD,12123.47,0.0,12123.47,S
CL003277,T0091,14-Sep-2024,04-Nov-2024,Auto Liability,USD,326967.71,0.0,326967.71,S
CL002195,T0021,09-Oct-2023,26-Nov-2023,Medical Malpractice,USD,107474.84,0.0,107474.84,S
CL001864,T0148,22-Jun-2023,01-Aug-2023,Workers Compensation,INR,3338443.57,0.0,3338443.57,S
CL003622,T0221,06-Nov-2024,11-Feb-2025,Auto Liability,USD,68541.19,0.0,68541.19,S
CL003239,T0043,21-Oct-2024,26-Oct-2024,Cyber,EUR,5304.07,0.0,5304.07,S
CL003874,T0181,17-Apr-2025,21-Apr-2025,General Liability,USD,579.72,830.81,1410.53,O
CL000015,T0332,04-Mar-2021,11-Mar-2021,Workers Compensation,EUR,250590.41,0.0,250590.41,S
CL003551,T0532,12-Jan-2025,21-Jan-2025,Auto Liability,EUR,4802.75,0.0,4802.75,S
CL000322,T0265,26-Nov-2021,14-Dec-2021,Fire & Explosion,USD,92391.95,0.0,92391.95,S
CL002936,T0155,16-Jul-2024,25-Jul-2024,Natural Catastrophe,USD,11123.77,0.0,11123.77,S
CL000793,T0477,21-Aug-2022,25-Aug-2022,Fire & Explosion,EUR,2368.25,24225.18,26593.43,O
CL000403,T0332,28-Dec-2021,04-Feb-2022,Workers Compensation,EUR,31944.81,0.0,31944.81,S
CL001291,T0337,23-Jan-2023,01-Feb-2023,General Liability,USD,61620.8,0.0,61620.8,S
CL003006,T0629,01-Aug-2024,19-Aug-2024,Energy,USD,61204.84,0.0,61204.84,S
CL005966,T0613,21-Aug-2026,30-Sep-2026,Medical Malpractice,USD,6878.23,12194.79,19073.02,O
CL002133,T0351,13-Oct-2023,31-Oct-2023,Natural Catastrophe,INR,9458692.96,0.0,9458692.96,S
CL005413,T0597,21-May-2026,21-May-2026,Energy,USD,72180.8,93717.8,165898.6,O
CL005645,T0106,11-Jun-2026,23-Jul-2026,Professional Indemnity,USD,21170.88,29508.73,50679.61,O
CL004619,T0439,06-Nov-2025,09-Nov-2025,Professional Indemnity,USD,1209.38,14017.38,15226.76,O
CL001186,T0151,01-Jan-2023,01-Jan-2023,General Liability,USD,46964.12,0.0,46964.12,S
CL000289,T0476,18-Nov-2021,19-Nov-2021,Auto Liability,EUR,48180.11,0.0,48180.11,S
CL005781,T0133,25-Feb-2026,28-Aug-2026,Directors & Officers,INR,161024.35,2102433.22,2263457.57,O
CL002739,T0137,09-Feb-2024,19-May-2024,Professional Indemnity,USD,41906.3,0.0,41906.3,S
CL001475,T0507,19-Mar-2023,27-Mar-2023,Cyber,USD,15055.27,0.0,15055.27,S
CL005471,T0058,04-Jun-2026,07-Jun-2026,Aviation,USD,612738.99,2450955.96,3063694.95,O
CL000332,T0399,26-Nov-2021,20-Dec-2021,Business Interruption,USD,81763.13,0.0,81763.13,S
CL005544,T0577,24-Jun-2026,27-Jun-2026,Business Interruption,EUR,64928.6,158467.96,223396.56,O
CL000915,T0647,02-Oct-2022,09-Oct-2022,Professional Indemnity,USD,80120.53,0.0,80120.53,S
CL002810,T0302,10-Jun-2024,14-Jun-2024,Directors & Officers,EUR,78498.22,0.0,78498.22,S
CL001130,T0144,04-Dec-2022,18-Dec-2022,Auto Liability,USD,129944.89,0.0,129944.89,S
CL001230,T0636,16-Nov-2022,13-Jan-2023,Auto Liability,EUR,92333.96,0.0,92333.96,S
CL005848,T0346,15-Sep-2026,18-Sep-2026,General Liability,EUR,248361.47,0.0,248361.47,S
CL005453,T0625,27-May-2026,01-Jun-2026,Professional Indemnity,EUR,1448.4,14340.42,15788.82,O
CL004222,T0259,11-Jun-2025,30-Jul-2025,General Liability,EUR,2676615.31,0.0,2676615.31,S
CL005913,T0178,20-Sep-2026,30-Sep-2026,Credit & Surety,USD,74307.1,87024.97,161332.07,O
CL001733,T0387,17-Jun-2023,18-Jun-2023,Fire & Explosion,USD,20532.53,36244.14,56776.67,O
CL002676,T0165,24-Apr-2024,26-Apr-2024,Auto Liability,EUR,67161.98,0.0,67161.98,S
CL000905,T0481,06-Sep-2022,05-Oct-2022,Aviation,USD,31154.19,0.0,31154.19,S
CL001177,T0151,15-Dec-2022,30-Dec-2022,General Liability,USD,28123.4,0.0,28123.4,S
CL000476,T0210,03-Mar-2022,21-Mar-2022,Natural Catastrophe,USD,5419.6,0.0,5419.6,S
CL000621,T0499,13-May-2022,06-Jun-2022,Medical Malpractice,EUR,28766.26,0.0,28766.26,S
CL004951,T0298,25-Jan-2026,30-Jan-2026,Auto Liability,EUR,14136.55,0.0,14136.55,S
CL005230,T0297,12-Mar-2026,09-Apr-2026,Cyber,USD,3210.05,7927.21,11137.26,O
CL004596,T0162,16-Sep-2025,04-Nov-2025,General Liability,USD,69979.87,0.0,69979.87,S
CL004480,T0683,16-Sep-2025,10-Oct-2025,Auto Liability,USD,188261.06,0.0,188261.06,S
CL001887,T0308,23-Jun-2023,10-Aug-2023,Directors & Officers,USD,47024.21,0.0,47024.21,S
CL000983,T0354,17-Oct-2022,02-Nov-2022,Workers Compensation,USD,64034.24,0.0,64034.24,S
CL005589,T0605,29-Jun-2026,07-Jul-2026,Auto Liability,USD,21676.9,0.0,21676.9,S
CL005001,T0234,12-Feb-2026,12-Feb-2026,Fire & Explosion,USD,144.27,14131.43,14275.7,O
CL000326,T0419,27-Aug-2021,16-Dec-2021,Natural Catastrophe,USD,178190.39,0.0,178190.39,S
CL000148,T0380,24-Jul-2021,01-Aug-2021,Business Interruption,EUR,157242.85,231748.58,388991.43,O
CL000080,T0576,21-May-2021,09-Jun-2021,Political Risk,USD,35355.01,0.0,35355.01,S
CL000879,T0680,22-Aug-2022,26-Sep-2022,Fire & Explosion,USD,31913.67,0.0,31913.67,S
CL001717,T0489,22-May-2023,12-Jun-2023,Auto Liability,EUR,59617.04,0.0,59617.04,S
CL003053,T0520,13-Jul-2024,02-Sep-2024,Energy,EUR,21511.2,0.0,21511.2,S
CL003633,T0560,11-Jan-2025,12-Feb-2025,Fire & Explosion,INR,40539017.4,0.0,40539017.4,S
CL004746,T0471,22-Oct-2025,11-Dec-2025,Natural Catastrophe,EUR,31031.3,0.0,31031.3,S
CL002918,T0460,19-Jun-2024,19-Jul-2024,General Liability,EUR,161937.21,0.0,161937.21,S
CL004610,T0557,31-Oct-2025,07-Nov-2025,Political Risk,EUR,27635.35,37117.21,64752.56,O
CL000022,T0175,06-Mar-2021,27-Mar-2021,Workers Compensation,USD,44476.47,0.0,44476.47,S
CL004026,T0070,05-May-2025,03-Jun-2025,Fire & Explosion,USD,19792.25,0.0,19792.25,S
CL001940,T0659,14-Jul-2023,30-Aug-2023,Fire & Explosion,EUR,21892.44,0.0,21892.44,S
CL003222,T0618,29-Sep-2024,21-Oct-2024,Energy,EUR,24069.26,0.0,24069.26,S
CL002832,T0271,18-Jun-2024,21-Jun-2024,Marine Hull,EUR,99930.0,0.0,99930.0,S
CL005482,T0555,08-May-2026,08-Jun-2026,Medical Malpractice,USD,984.82,2143.52,3128.34,O
CL000385,T0399,01-Jan-2022,26-Jan-2022,Fire & Explosion,USD,292398.25,0.0,292398.25,S
CL002308,T0502,11-Nov-2023,06-Jan-2024,Auto Liability,INR,32817.93,33856.4,66674.33,O
CL002571,T0142,01-Mar-2024,28-Mar-2024,General Liability,EUR,23943.91,30664.08,54607.99,O
CL005372,T0110,23-Jan-2026,14-May-2026,Business Interruption,USD,111939.31,160747.95,272687.26,O
CL003877,T0189,14-Apr-2025,22-Apr-2025,Business Interruption,USD,34414.45,0.0,34414.45,S
CL001100,T0425,20-Oct-2022,11-Dec-2022,Workers Compensation,USD,44331.99,0.0,44331.99,S
CL002657,T0456,23-Feb-2024,21-Apr-2024,Fire & Explosion,USD,1177483.31,0.0,1177483.31,S
CL001477,T0059,15-Feb-2023,28-Mar-2023,Energy,USD,19536.32,0.0,19536.32,S
CL005417,T0220,28-Apr-2026,23-May-2026,Auto Liability,EUR,7962.9,0.0,7962.9,S
CL004003,T0183,26-Mar-2025,25-May-2025,Medical Malpractice,USD,6962.54,0.0,6962.54,S
CL003651,T0450,11-Feb-2025,18-Feb-2025,General Liability,USD,401573.41,0.0,401573.41,S
CL000038,T0332,12-Mar-2021,25-Apr-2021,Auto Liability,EUR,19627.38,19870.29,39497.67,O
CL000631,T0042,11-Jun-2022,13-Jun-2022,Aviation,EUR,151261.33,0.0,151261.33,S
CL003105,T0285,06-Sep-2024,19-Sep-2024,Political Risk,USD,10506.65,0.0,10506.65,S
CL003676,T0448,22-Feb-2025,24-Feb-2025,Energy,EUR,61197.21,0.0,61197.21,S
CL001256,T0477,09-Jan-2023,22-Jan-2023,Business Interruption,EUR,7250.53,0.0,7250.53,S
CL001338,T0083,05-Jan-2023,13-Feb-2023,Auto Liability,INR,4209946.08,0.0,4209946.08,S
CL004813,T0501,22-Dec-2025,28-Dec-2025,Directors & Officers,USD,3552.95,59748.35,63301.3,O
CL000679,T0014,06-Jul-2022,09-Jul-2022,Political Risk,USD,5472.11,0.0,5472.11,S
CL004834,T0495,14-Nov-2025,03-Jan-2026,Fire & Explosion,INR,35015483.91,0.0,35015483.91,S
CL002718,T0348,18-Apr-2024,12-May-2024,Natural Catastrophe,USD,55461.13,0.0,55461.13,S
CL005794,T0346,27-Aug-2026,02-Sep-2026,Auto Liability,EUR,2868.14,3582.65,6450.79,O
CL003321,T0599,06-Nov-2024,18-Nov-2024,Auto Liability,USD,2999.35,0.0,2999.35,S
CL000382,T0027,18-Jan-2022,23-Jan-2022,Business Interruption,USD,21944.51,0.0,21944.51,S
CL004630,T0192,20-Sep-2025,13-Nov-2025,Cyber,USD,30054.39,77304.13,107358.52,O
CL001248,T0394,18-Jan-2023,19-Jan-2023,Fire & Explosion,USD,19431.33,0.0,19431.33,S
CL004602,T0289,20-Sep-2025,06-Nov-2025,Political Risk,USD,5030.79,21750.22,26781.01,O
CL001098,T0507,23-Sep-2022,10-Dec-2022,Directors & Officers,USD,159895.19,0.0,159895.19,S
CL003019,T0497,09-Aug-2024,23-Aug-2024,Workers Compensation,USD,517278.34,0.0,517278.34,S
CL000433,T0177,17-Feb-2022,20-Feb-2022,Medical Malpractice,USD,4808.01,0.0,4808.01,S
CL003714,T0436,02-Mar-2025,06-Mar-2025,Medical Malpractice,USD,167413.82,0.0,167413.82,S
CL004027,T0133,26-May-2025,03-Jun-2025,Credit & Surety,INR,78501.17,111429.12,189930.29,O
CL005792,T0228,30-Aug-2026,01-Sep-2026,Fire & Explosion,USD,38918.62,84532.32,123450.94,O
CL002316,T0105,01-Jan-2024,09-Jan-2024,Workers Compensation,USD,8182.46,0.0,8182.46,S
CL005017,T0423,15-Feb-2026,16-Feb-2026,Directors & Officers,USD,45536.2,110805.26,156341.46,O
CL002335,T0608,17-Dec-2023,13-Jan-2024,Credit & Surety,USD,16489.6,0.0,16489.6,S
CL003290,T0469,28-Oct-2024,08-Nov-2024,Aviation,USD,4432.1,0.0,4432.1,S
CL005488,T0662,21-May-2026,10-Jun-2026,Fire & Explosion,USD,3307.45,17492.24,20799.69,O
CL004274,T0321,01-Aug-2025,13-Aug-2025,Auto Liability,USD,10437.7,32961.82,43399.52,O
CL003011,T0386,16-Jul-2024,21-Aug-2024,Fire & Explosion,EUR,509652.73,0.0,509652.73,S
CL000545,T0416,04-Apr-2022,22-Apr-2022,Directors & Officers,USD,1607.52,9921.51,11529.03,O
CL004353,T0183,30-Jul-2025,05-Sep-2025,Professional Indemnity,USD,189194.81,0.0,189194.81,S
CL000829,T0655,24-Aug-2022,07-Sep-2022,Political Risk,EUR,4377.13,27472.08,31849.21,O
CL002719,T0473,28-Apr-2024,12-May-2024,Fire & Explosion,GBP,70348.62,0.0,70348.62,S
CL005309,T0166,18-Apr-2026,27-Apr-2026,Energy,USD,35214.55,0.0,35214.55,S
CL003469,T0552,14-Oct-2024,28-Dec-2024,Credit & Surety,USD,22302.91,0.0,22302.91,S
CL004714,T0162,10-Nov-2025,04-Dec-2025,General Liability,USD,132593.15,0.0,132593.15,S
CL003595,T0242,13-Jan-2025,05-Feb-2025,Political Risk,USD,53356.35,0.0,53356.35,S
CL005381,T0529,16-May-2026,16-May-2026,Energy,USD,41195.78,652548.26,693744.04,O
CL003243,T0448,06-Oct-2024,26-Oct-2024,Political Risk,EUR,12564.5,5384.78,17949.28,R
CL004283,T0447,12-Aug-2025,16-Aug-2025,Energy,EUR,6685.55,23559.32,30244.87,O
CL000673,T0176,04-Jun-2022,06-Jul-2022,Medical Malpractice,USD,488891.96,0.0,488891.96,S
CL001645,T0017,07-May-2023,20-May-2023,Business Interruption,EUR,12193.56,0.0,12193.56,S
CL001462,T0102,23-Mar-2023,24-Mar-2023,Professional Indemnity,USD,72727.92,0.0,72727.92,S
CL000722,T0044,21-Jun-2022,30-Jul-2022,Fire & Explosion,USD,64978.88,0.0,64978.88,S
CL004797,T0256,06-Dec-2025,25-Dec-2025,Political Risk,USD,8688.06,0.0,8688.06,S
CL005837,T0555,03-Sep-2026,15-Sep-2026,Professional Indemnity,USD,4119.18,4717.98,8837.16,O
CL005290,T0162,03-Apr-2026,23-Apr-2026,Auto Liability,USD,47747.21,0.0,47747.21,S
CL004239,T0233,23-Jul-2025,03-Aug-2025,Directors & Officers,USD,266430.85,0.0,266430.85,S
CL004298,T0097,08-Aug-2025,21-Aug-2025,Professional Indemnity,EUR,4189.68,0.0,4189.68,S
CL001655,T0481,08-May-2023,22-May-2023,Energy,USD,107604.79,0.0,107604.79,S
CL000469,T0581,17-Mar-2022,17-Mar-2022,Fire & Explosion,USD,89655.65,0.0,89655.65,S
CL002337,T0274,05-Jan-2024,14-Jan-2024,Political Risk,EUR,48000.01,0.0,48000.01,S
CL000143,T0175,26-Jul-2021,29-Jul-2021,Auto Liability,USD,60859.61,0.0,60859.61,S
CL003733,T0370,26-Feb-2025,11-Mar-2025,Business Interruption,EUR,6508.9,0.0,6508.9,S
CL003002,T0225,10-Aug-2024,16-Aug-2024,Marine Hull,EUR,15962.4,0.0,15962.4,S
CL000134,T0542,25-May-2021,21-Jul-2021,Energy,USD,14170.21,0.0,14170.21,S
CL002707,T0165,07-May-2024,07-May-2024,General Liability,EUR,17151.36,0.0,17151.36,S
CL004582,T0543,30-Oct-2025,01-Nov-2025,Professional Indemnity,USD,15480.29,0.0,15480.29,S
CL900016,T9016,22-Nov-2024,01-Dec-2024,Auto Liability,USD,5223.56,0.0,5223.56,S
CL002317,T0126,27-Dec-2023,09-Jan-2024,Natural Catastrophe,USD,228840.86,0.0,228840.86,S
CL005845,T0679,13-Sep-2026,17-Sep-2026,Business Interruption,USD,55271.31,0.0,55271.31,S
CL000493,T0134,20-Mar-2022,29-Mar-2022,Business Interruption,USD,182347.08,0.0,182347.08,S
CL002416,T0137,02-Feb-2024,07-Feb-2024,Medical Malpractice,USD,2188.89,0.0,2188.89,S
CL005565,T0346,01-May-2026,01-Jul-2026,Workers Compensation,EUR,1356.0,18617.78,19973.78,O
CL004249,T0382,20-Jul-2025,06-Aug-2025,Workers Compensation,EUR,31942.42,0.0,31942.42,S
CL001464,T0354,27-Feb-2023,24-Mar-2023,Auto Liability,USD,57751.1,0.0,57751.1,S
CL002516,T0649,01-Feb-2024,09-Mar-2024,Fire & Explosion,USD,37929.99,42147.12,80077.11,O
CL003122,T0535,24-Sep-2024,24-Sep-2024,Aviation,USD,116539.24,0.0,116539.24,S
CL900015,T9015,03-Mar-2025,03-Mar-2025,Directors & Officers,USD,76603.92,0.0,76603.92,S
CL002484,T0050,20-Jan-2024,29-Feb-2024,Workers Compensation,EUR,227630.0,0.0,227630.0,S
CL003935,T0370,26-Apr-2025,03-May-2025,Natural Catastrophe,EUR,30109.23,129693.08,159802.31,O
CL003669,T0082,09-Feb-2025,23-Feb-2025,Natural Catastrophe,USD,465914.71,0.0,465914.71,S
CL004423,T0030,03-Aug-2025,22-Sep-2025,Natural Catastrophe,USD,115898.86,0.0,115898.86,S
CL000273,T0100,28-Oct-2021,06-Nov-2021,Medical Malpractice,USD,91250.84,0.0,91250.84,S
CL002983,T0348,24-Jul-2024,09-Aug-2024,Business Interruption,USD,32703.89,0.0,32703.89,S
CL001700,T0569,16-May-2023,08-Jun-2023,Auto Liability,USD,187460.49,0.0,187460.49,S
CL002764,T0010,18-Apr-2024,28-May-2024,Business Interruption,USD,97058.88,0.0,97058.88,S
CL005789,T0099,27-Aug-2026,31-Aug-2026,Energy,USD,4119.5,137132.22,141251.72,O
CL001866,T0631,30-Jun-2023,01-Aug-2023,Cyber,USD,3902.62,0.0,3902.62,S
CL001955,T0393,04-Sep-2023,06-Sep-2023,Fire & Explosion,USD,790.14,9420.85,10210.99,O
CL005510,T0182,15-Jun-2026,17-Jun-2026,Aviation,USD,3807.18,116170.28,119977.46,O
CL003918,T0226,26-Mar-2025,29-Apr-2025,Natural Catastrophe,USD,84093.77,0.0,84093.77,S
CL005021,T0227,12-Feb-2026,17-Feb-2026,Political Risk,USD,88099.15,0.0,88099.15,S
CL000937,T0250,30-Jul-2022,16-Oct-2022,Marine Hull,EUR,8242.96,0.0,8242.96,S
CL001823,T0435,10-Jul-2023,16-Jul-2023,Cyber,USD,79327.93,0.0,79327.93,S
CL004447,T0400,28-Sep-2025,29-Sep-2025,Business Interruption,USD,122016.65,0.0,122016.65,S
CL002747,T0502,18-May-2024,22-May-2024,General Liability,INR,1221595.55,0.0,1221595.55,S
CL002964,T0165,19-Jul-2024,01-Aug-2024,Workers Compensation,EUR,120651.58,0.0,120651.58,S
CL004708,T0209,03-Dec-2025,03-Dec-2025,Marine Hull,USD,7175.58,24472.53,31648.11,O
CL002064,T0334,26-Sep-2023,10-Oct-2023,Fire & Explosion,USD,24161.35,0.0,24161.35,S
CL005676,T0182,05-Jul-2026,31-Jul-2026,Aviation,USD,314084.22,0.0,314084.22,S
CL000580,T0068,29-Apr-2022,12-May-2022,Fire & Explosion,USD,184979.34,0.0,184979.34,S
CL001873,T0624,24-Jul-2023,03-Aug-2023,Business Interruption,USD,5154.44,0.0,5154.44,S
CL003838,T0129,06-Apr-2025,11-Apr-2025,Workers Compensation,USD,13598.63,0.0,13598.63,S
CL005495,T0490,07-Jun-2026,12-Jun-2026,Marine Hull,EUR,4871.56,8911.29,13782.85,O
CL004575,T0024,30-Oct-2025,31-Oct-2025,Aviation,USD,17924.97,27442.67,45367.64,O
CL004476,T0646,27-Aug-2025,08-Oct-2025,Natural Catastrophe,EUR,117501.03,0.0,117501.03,S
CL003848,T0291,28-Mar-2025,14-Apr-2025,Natural Catastrophe,USD,76723.86,0.0,76723.86,S
CL005171,T0344,24-Mar-2026,25-Mar-2026,Natural Catastrophe,USD,26957.81,36404.91,63362.72,O
CL000182,T0333,01-Sep-2021,09-Sep-2021,Fire & Explosion,USD,547508.02,0.0,547508.02,S
CL005876,T0174,26-Sep-2026,26-Sep-2026,Auto Liability,USD,164291.46,180687.57,344979.03,O
CL005695,T0312,01-Aug-2026,05-Aug-2026,Medical Malpractice,USD,1246.1,2086.57,3332.67,O
CL002582,T0475,08-Mar-2024,30-Mar-2024,General Liability,USD,37474.95,0.0,37474.95,S
CL000604,T0588,26-May-2022,28-May-2022,Fire & Explosion,EUR,131668.58,0.0,131668.58,S
CL002326,T0364,04-Dec-2023,11-Jan-2024,Aviation,EUR,131529.25,0.0,131529.25,S
CL004625,T0388,02-Nov-2025,11-Nov-2025,Fire & Explosion,USD,216143.72,0.0,216143.72,S
CL002955,T0242,07-Jul-2024,30-Jul-2024,Energy,USD,308880.44,0.0,308880.44,S
CL002855,T0050,22-Apr-2024,29-Jun-2024,Workers Compensation,EUR,99561.6,0.0,99561.6,S
CL005443,T0029,21-Jan-2026,31-May-2026,Marine Hull,USD,26812.28,0.0,26812.28,S
CL005855,T0046,06-Jul-2026,21-Sep-2026,Cyber,EUR,6949.01,23509.39,30458.4,O
CL003421,T0532,14-Dec-2024,16-Dec-2024,General Liability,EUR,31986.47,0.0,31986.47,S
CL004118,T0496,12-Jun-2025,29-Jun-2025,Aviation,USD,109415.55,0.0,109415.55,S
CL001508,T0466,03-Apr-2023,05-Apr-2023,Natural Catastrophe,USD,64926.43,0.0,64926.43,S
CL005563,T0307,27-Jun-2026,01-Jul-2026,General Liability,USD,205601.74,0.0,205601.74,S
CL005032,T0198,23-Jan-2026,19-Feb-2026,Business Interruption,USD,53882.91,102480.61,156363.52,O
CL002257,T0611,14-Dec-2023,20-Dec-2023,Energy,USD,592643.0,2370572.0,2963215.0,O
CL001791,T0193,25-Jun-2023,09-Jul-2023,Business Interruption,USD,24212.64,0.0,24212.64,S
CL004472,T0684,31-Aug-2025,06-Oct-2025,Workers Compensation,USD,447.73,7949.68,8397.41,O
CL002140,T0137,25-Oct-2023,03-Nov-2023,Medical Malpractice,USD,4597.07,0.0,4597.07,S
CL004922,T0651,03-Jan-2026,24-Jan-2026,Cyber,USD,11418.75,25347.94,36766.69,O
CL002073,T0323,21-Sep-2023,12-Oct-2023,Energy,USD,109854.77,0.0,109854.77,S
CL001487,T0518,26-Feb-2023,30-Mar-2023,Professional Indemnity,USD,368134.53,0.0,368134.53,S
CL001756,T0430,26-Apr-2023,28-Jun-2023,Natural Catastrophe,USD,127646.52,0.0,127646.52,S
CL003027,T0067,13-Aug-2024,27-Aug-2024,Fire & Explosion,INR,28163525.93,0.0,28163525.93,S
CL001905,T0193,04-Jul-2023,16-Aug-2023,Business Interruption,USD,491501.12,0.0,491501.12,S
CL000186,T0590,05-Sep-2021,11-Sep-2021,Directors & Officers,USD,77668.98,92585.3,170254.28,O
CL003113,T0070,19-Sep-2024,22-Sep-2024,Business Interruption,USD,4454.29,1908.98,6363.27,R
CL000093,T0558,15-May-2021,19-Jun-2021,Workers Compensation,USD,104565.08,0.0,104565.08,S
CL005364,T0162,18-Mar-2026,11-May-2026,Auto Liability,USD,6489.79,19685.39,26175.18,O
CL004093,T0276,19-Jun-2025,20-Jun-2025,Cyber,USD,72675.39,78401.73,151077.12,O
CL004156,T0600,25-Apr-2025,10-Jul-2025,Natural Catastrophe,USD,97652.87,0.0,97652.87,S
CL001915,T0677,16-Aug-2023,19-Aug-2023,Natural Catastrophe,USD,71480.02,0.0,71480.02,S
CL004149,T0079,25-Jun-2025,10-Jul-2025,Business Interruption,USD,326173.47,1304693.9,1630867.37,O
CL000238,T0140,11-Oct-2021,17-Oct-2021,Auto Liability,EUR,203.04,69881.68,70084.72,O
CL005083,T0158,01-Feb-2026,02-Mar-2026,Auto Liability,USD,17698.87,0.0,17698.87,S
CL005787,T0667,13-Aug-2026,30-Aug-2026,Political Risk,USD,9620.02,64309.17,73929.19,O
CL003449,T0302,30-Oct-2024,24-Dec-2024,Directors & Officers,EUR,34239.42,0.0,34239.42,S
CL000377,T0548,05-Jan-2022,18-Jan-2022,Business Interruption,USD,16571.22,0.0,16571.22,S
CL003166,T0262,18-Sep-2024,05-Oct-2024,Cyber,EUR,39090.96,0.0,39090.96,S
CL002021,T0480,13-Aug-2023,26-Sep-2023,Auto Liability,EUR,19726.46,0.0,19726.46,S
CL001533,T0404,05-Apr-2023,13-Apr-2023,Fire & Explosion,USD,56662.33,0.0,56662.33,S
CL003130,T0330,05-Sep-2024,26-Sep-2024,Medical Malpractice,USD,38035.22,0.0,38035.22,S
CL004710,T0613,22-Nov-2025,03-Dec-2025,Professional Indemnity,USD,16041.08,0.0,16041.08,S
CL001910,T0034,19-Jun-2023,19-Aug-2023,Fire & Explosion,USD,11451.32,0.0,11451.32,S
CL003036,T0063,09-Aug-2024,30-Aug-2024,Cyber,EUR,13554.16,0.0,13554.16,S
CL002976,T0253,03-Aug-2024,07-Aug-2024,Professional Indemnity,USD,17596.95,0.0,17596.95,S
CL002809,T0105,11-Jun-2024,14-Jun-2024,Workers Compensation,USD,9221.67,13408.41,22630.08,O
CL005614,T0200,07-Jul-2026,15-Jul-2026,Aviation,USD,56011.93,61993.22,118005.15,O
CL000490,T0349,25-Feb-2022,28-Mar-2022,Cyber,USD,18001.8,0.0,18001.8,S
CL000443,T0380,10-Feb-2022,24-Feb-2022,Natural Catastrophe,EUR,18339.19,0.0,18339.19,S
CL002672,T0167,03-Apr-2024,25-Apr-2024,Professional Indemnity,USD,59818.81,0.0,59818.81,S
CL002961,T0348,27-Jun-2024,31-Jul-2024,Business Interruption,USD,32458.36,0.0,32458.36,S
CL002186,T0339,08-Oct-2023,22-Nov-2023,Fire & Explosion,EUR,18739.15,0.0,18739.15,S
CL000307,T0230,26-Nov-2021,08-Dec-2021,Energy,USD,188107.6,0.0,188107.6,S
CL004571,T0095,30-Oct-2025,30-Oct-2025,Marine Hull,USD,130535.57,0.0,130535.57,S
CL004338,T0465,28-Aug-2025,01-Sep-2025,Natural Catastrophe,INR,1041938.37,0.0,1041938.37,S
CL004929,T0524,12-Jan-2026,25-Jan-2026,Workers Compensation,USD,53436.79,66711.05,120147.84,O
CL003232,T0348,03-Oct-2024,25-Oct-2024,Business Interruption,USD,14747.89,0.0,14747.89,S
CL005780,T0681,21-Jun-2026,27-Aug-2026,Fire & Explosion,USD,50958.27,0.0,50958.27,S
CL002625,T0432,09-Feb-2024,10-Apr-2024,Marine Hull,INR,2130102.07,10881898.82,13012000.89,O
CL003124,T0023,26-Aug-2024,25-Sep-2024,Fire & Explosion,INR,8099219.95,0.0,8099219.95,S
CL003506,T0440,20-Dec-2024,08-Jan-2025,Political Risk,USD,10718.78,0.0,10718.78,S
CL003343,T0402,15-Nov-2024,25-Nov-2024,Credit & Surety,INR,6152389.02,0.0,6152389.02,S
CL004859,T0488,30-Nov-2025,12-Jan-2026,Natural Catastrophe,USD,51838.17,759206.02,811044.19,O
CL002883,T0535,30-Jun-2024,06-Jul-2024,Political Risk,USD,249408.78,0.0,249408.78,S
CL005923,T0310,12-Sep-2026,30-Sep-2026,Business Interruption,USD,8550.15,134738.23,143288.38,O
CL003439,T0237,21-Dec-2024,22-Dec-2024,Directors & Officers,USD,648837.15,0.0,648837.15,S
CL001754,T0315,21-May-2023,27-Jun-2023,Auto Liability,USD,82269.52,0.0,82269.52,S
CL005506,T0523,21-Jan-2026,15-Jun-2026,Fire & Explosion,EUR,6036.29,7807.45,13843.74,O
CL000552,T0468,25-Apr-2022,25-Apr-2022,Natural Catastrophe,USD,96474.82,0.0,96474.82,S
CL002025,T0678,27-Sep-2023,27-Sep-2023,Marine Hull,INR,3883893.4,0.0,3883893.4,S
CL003812,T0056,18-Mar-2025,05-Apr-2025,General Liability,USD,127965.85,0.0,127965.85,S
CL002060,T0512,02-Oct-2023,09-Oct-2023,Medical Malpractice,EUR,4257.43,0.0,4257.43,S
CL004533,T0459,09-Oct-2025,22-Oct-2025,Political Risk,USD,15567.83,0.0,15567.83,S
CL004821,T0116,26-Dec-2025,30-Dec-2025,Political Risk,INR,526091.44,4324967.74,4851059.18,O
CL001494,T0610,31-Mar-2023,31-Mar-2023,Business Interruption,USD,16400.96,0.0,16400.96,S
CL002503,T0065,01-Mar-2024,06-Mar-2024,General Liability,INR,4567570.63,0.0,4567570.63,S
CL003514,T0288,09-Jan-2025,11-Jan-2025,General Liability,USD,43176.46,0.0,43176.46,S
CL005881,T0064,16-Sep-2026,28-Sep-2026,Natural Catastrophe,USD,8495.43,15722.23,24217.66,O
CL003741,T0567,09-Mar-2025,13-Mar-2025,Natural Catastrophe,INR,4142077.21,0.0,4142077.21,S
CL004307,T0388,13-Aug-2025,23-Aug-2025,Business Interruption,USD,14838.25,52165.06,67003.31,O
CL004135,T0366,25-Jun-2025,07-Jul-2025,Natural Catastrophe,USD,27764.28,68276.34,96040.62,O
CL001690,T0337,25-May-2023,06-Jun-2023,Auto Liability,USD,11350.72,0.0,11350.72,S
CL004544,T0563,25-Sep-2025,24-Oct-2025,Credit & Surety,USD,15019.03,0.0,15019.03,S
CL004801,T0479,17-Nov-2025,26-Dec-2025,Workers Compensation,GBP,7083.99,0.0,7083.99,S
CL004666,T0553,20-Sep-2025,21-Nov-2025,Cyber,USD,1893.8,9975.37,11869.17,O
CL004638,T0479,29-Oct-2025,15-Nov-2025,Auto Liability,GBP,9315.34,10584.34,19899.68,O
CL005066,T0263,02-Jan-2026,26-Feb-2026,Natural Catastrophe,EUR,13575.89,102337.89,115913.78,O
CL002440,T0531,24-Jan-2024,15-Feb-2024,Medical Malpractice,EUR,6803.17,0.0,6803.17,S
CL003351,T0091,05-Aug-2024,27-Nov-2024,Auto Liability,USD,219672.93,0.0,219672.93,S
CL001405,T0466,09-Feb-2023,04-Mar-2023,Business Interruption,USD,10044.56,0.0,10044.56,S
CL002733,T0304,18-Apr-2024,17-May-2024,Natural Catastrophe,USD,67626.84,0.0,67626.84,S
CL004286,T0114,15-Apr-2025,17-Aug-2025,Medical Malpractice,USD,11596.38,829392.67,840989.05,O
CL005008,T0180,29-Sep-2025,14-Feb-2026,Auto Liability,EUR,741.2,19966.95,20708.15,O
CL001296,T0363,27-Jan-2023,02-Feb-2023,Fire & Explosion,EUR,293340.36,0.0,293340.36,S
CL002580,T0145,05-Mar-2024,30-Mar-2024,Natural Catastrophe,USD,3495.04,0.0,3495.04,S
CL000496,T0229,22-Mar-2022,30-Mar-2022,Fire & Explosion,USD,46387.55,0.0,46387.55,S
CL000785,T0672,14-Jun-2022,23-Aug-2022,Natural Catastrophe,USD,662304.34,0.0,662304.34,S
CL001993,T0145,25-Aug-2023,21-Sep-2023,Business Interruption,USD,32139.79,0.0,32139.79,S
CL003261,T0037,14-Oct-2024,29-Oct-2024,Credit & Surety,EUR,145550.05,0.0,145550.05,S
CL000730,T0669,22-Jul-2022,01-Aug-2022,Natural Catastrophe,USD,63823.31,0.0,63823.31,S
CL000708,T0510,27-Jun-2022,26-Jul-2022,Auto Liability,USD,173293.06,0.0,173293.06,S
CL003330,T0164,10-Oct-2024,22-Nov-2024,Medical Malpractice,EUR,102391.7,0.0,102391.7,S
CL001112,T0404,30-Nov-2022,14-Dec-2022,Fire & Explosion,USD,458403.33,0.0,458403.33,S
CL000111,T0314,30-Jun-2021,03-Jul-2021,Workers Compensation,USD,80269.23,0.0,80269.23,S
CL002134,T0238,16-Oct-2023,01-Nov-2023,Auto Liability,USD,39212.25,0.0,39212.25,S
CL001663,T0466,21-May-2023,26-May-2023,Business Interruption,USD,34099.04,0.0,34099.04,S
CL003284,T0535,17-Oct-2024,05-Nov-2024,Energy,USD,20422.68,0.0,20422.68,S
CL001134,T0467,15-Nov-2022,19-Dec-2022,Business Interruption,EUR,250930.39,0.0,250930.39,S
CL005741,T0445,11-Jul-2026,17-Aug-2026,General Liability,USD,37424.55,187632.75,225057.3,O
CL000167,T0380,25-Jul-2021,26-Aug-2021,Natural Catastrophe,EUR,7204.95,3087.83,10292.78,R
CL004986,T0234,21-Jan-2026,09-Feb-2026,Business Interruption,USD,1879.67,7802.43,9682.1,O
CL001261,T0083,13-Nov-2022,24-Jan-2023,General Liability,INR,2624190.25,0.0,2624190.25,S
CL003725,T0450,10-Mar-2025,10-Mar-2025,Workers Compensation,USD,1532376.68,0.0,1532376.68,S
CL003126,T0271,25-Aug-2024,25-Sep-2024,Aviation,EUR,225999.86,0.0,225999.86,S
CL001223,T0336,01-Jan-2023,12-Jan-2023,Natural Catastrophe,USD,137487.73,0.0,137487.73,S
CL001040,T0376,15-Nov-2022,21-Nov-2022,Natural Catastrophe,USD,25837.22,0.0,25837.22,S
CL002806,T0516,07-Jun-2024,12-Jun-2024,Medical Malpractice,USD,539536.73,0.0,539536.73,S
CL000358,T0159,11-Nov-2021,07-Jan-2022,Natural Catastrophe,EUR,67255.68,0.0,67255.68,S
CL004312,T0303,26-May-2025,26-Aug-2025,Fire & Explosion,USD,23733.84,84011.62,107745.46,O
CL003620,T0521,02-Nov-2024,10-Feb-2025,Medical Malpractice,USD,229976.13,0.0,229976.13,S
CL002545,T0540,18-Mar-2024,19-Mar-2024,Energy,USD,40189.92,0.0,40189.92,S
CL003953,T0462,29-Apr-2025,09-May-2025,Natural Catastrophe,GBP,459211.53,0.0,459211.53,S
CL003057,T0015,02-Sep-2024,04-Sep-2024,Fire & Explosion,USD,33062.9,0.0,33062.9,S
CL004171,T0020,10-Jun-2025,16-Jul-2025,Medical Malpractice,USD,465131.41,1456602.98,1921734.39,O
CL001403,T0223,19-Sep-2022,04-Mar-2023,Fire & Explosion,USD,251073.49,0.0,251073.49,S
CL000803,T0210,27-Aug-2022,29-Aug-2022,Business Interruption,USD,70115.89,0.0,70115.89,S
CL005157,T0356,24-Dec-2025,22-Mar-2026,Workers Compensation,USD,2293.79,10755.88,13049.67,O
CL000527,T0068,04-Apr-2022,14-Apr-2022,Fire & Explosion,USD,328812.58,0.0,328812.58,S
CL002996,T0255,01-Jul-2024,14-Aug-2024,Aviation,INR,683268.33,0.0,683268.33,S
CL003003,T0424,14-Aug-2024,17-Aug-2024,Directors & Officers,USD,74108.84,0.0,74108.84,S
CL002194,T0025,31-Oct-2023,25-Nov-2023,Cyber,USD,348588.25,0.0,348588.25,S
CL005189,T0601,18-Jan-2026,30-Mar-2026,General Liability,EUR,143076.81,237740.8,380817.61,O
CL001574,T0036,21-Mar-2023,26-Apr-2023,Marine Hull,USD,5159.24,8941.53,14100.77,O
CL002977,T0331,19-Jun-2024,07-Aug-2024,Business Interruption,USD,76356.4,0.0,76356.4,S
CL005941,T0470,10-Sep-2026,30-Sep-2026,Directors & Officers,EUR,169263.35,0.0,169263.35,S
CL001521,T0281,27-Jan-2023,09-Apr-2023,Fire & Explosion,EUR,90197.67,0.0,90197.67,S
CL003704,T0239,27-Jan-2025,02-Mar-2025,Medical Malpractice,USD,79510.33,0.0,79510.33,S
CL003590,T0303,03-Feb-2025,04-Feb-2025,Natural Catastrophe,USD,21496.03,0.0,21496.03,S
CL005533,T0403,10-Jun-2026,25-Jun-2026,Natural Catastrophe,USD,38590.35,47713.95,86304.3,O
CL004530,T0222,20-Oct-2025,22-Oct-2025,Business Interruption,EUR,37879.79,0.0,37879.79,S
CL003170,T0169,05-Oct-2024,06-Oct-2024,Natural Catastrophe,EUR,112981.77,0.0,112981.77,S
CL004680,T0372,10-Nov-2025,24-Nov-2025,Marine Hull,EUR,88962.05,0.0,88962.05,S
CL002574,T0673,16-Feb-2024,28-Mar-2024,General Liability,EUR,149737.55,0.0,149737.55,S
CL002586,T0587,16-Mar-2024,31-Mar-2024,Directors & Officers,EUR,48469.72,0.0,48469.72,S
CL002931,T0516,25-May-2024,23-Jul-2024,Medical Malpractice,USD,317753.81,0.0,317753.81,S
CL000674,T0108,19-Jun-2022,07-Jul-2022,Medical Malpractice,USD,866245.07,0.0,866245.07,S
CL005091,T0660,30-Jan-2026,03-Mar-2026,Fire & Explosion,USD,6708.79,17756.9,24465.69,O
CL000139,T0159,23-Jul-2021,27-Jul-2021,Fire & Explosion,EUR,37896.38,0.0,37896.38,S
CL004798,T0471,25-Dec-2025,25-Dec-2025,Business Interruption,EUR,18298.06,89648.08,107946.14,O
CL003641,T0663,07-Oct-2024,15-Feb-2025,Workers Compensation,EUR,1126006.79,0.0,1126006.79,S
CL000987,T0682,03-May-2023,02-Nov-2022,Auto Liability,USD,454514.35,0.0,454514.35,S
CL000920,T0581,07-Oct-2022,10-Oct-2022,Natural Catastrophe,USD,9213.1,3948.47,13161.57,R
CL002621,T0218,19-Mar-2024,09-Apr-2024,Fire & Explosion,EUR,2960.62,0.0,2960.62,S
CL002474,T0405,20-Feb-2024,25-Feb-2024,Fire & Explosion,USD,371143.34,0.0,371143.34,S
CL003861,T0122,25-Mar-2025,18-Apr-2025,Fire & Explosion,USD,122863.31,0.0,122863.31,S
CL002875,T0540,02-Jul-2024,04-Jul-2024,Aviation,USD,64485.37,0.0,64485.37,S
CL005752,T0488,06-Aug-2026,20-Aug-2026,Business Interruption,USD,14902.71,740068.29,754971.0,O
CL005050,T0146,09-Feb-2026,23-Feb-2026,Natural Catastrophe,EUR,62065.92,0.0,62065.92,S
CL002759,T0699,20-May-2024,26-May-2024,Natural Catastrophe,USD,121788.12,52194.91,173983.03,R
CL002959,T0562,03-Jul-2024,30-Jul-2024,Business Interruption,USD,35234.88,63439.81,98674.69,O
CL005668,T0244,25-Jul-2026,29-Jul-2026,General Liability,USD,2351.18,10709.76,13060.94,O
CL000096,T0277,06-Jun-2021,21-Jun-2021,General Liability,USD,228199.03,0.0,228199.03,S
CL003299,T0189,02-Nov-2024,11-Nov-2024,Business Interruption,USD,13640.88,0.0,13640.88,S
CL001665,T0538,17-May-2023,26-May-2023,Natural Catastrophe,USD,67805.26,0.0,67805.26,S
CL001246,T0044,15-Jan-2023,19-Jan-2023,Fire & Explosion,USD,85395.47,0.0,85395.47,S
CL002992,T0236,19-May-2024,12-Aug-2024,General Liability,USD,22699.62,0.0,22699.62,S
CL003044,T0360,27-Aug-2024,01-Sep-2024,Directors & Officers,USD,267784.22,0.0,267784.22,S
CL002900,T0181,17-Jun-2024,14-Jul-2024,General Liability,USD,39806.23,0.0,39806.23,S
CL004711,T0684,01-Dec-2025,03-Dec-2025,Workers Compensation,USD,76205.81,0.0,76205.81,S
CL003700,T0262,01-Jan-2025,01-Mar-2025,Cyber,EUR,159583.75,0.0,159583.75,S
CL001466,T0434,23-Mar-2023,25-Mar-2023,Fire & Explosion,EUR,21005.87,0.0,21005.87,S
CL001094,T0610,19-Nov-2022,09-Dec-2022,Business Interruption,USD,39242.15,270406.55,309648.7,O
CL003716,T0164,12-Feb-2025,07-Mar-2025,Professional Indemnity,EUR,78716.41,0.0,78716.41,S
CL003756,T0526,02-Feb-2025,20-Mar-2025,Professional Indemnity,EUR,77641.07,0.0,77641.07,S
CL003533,T0118,25-Nov-2024,16-Jan-2025,Natural Catastrophe,USD,59722.68,600140.18,659862.86,O
CL000488,T0669,11-Mar-2022,26-Mar-2022,Business Interruption,USD,79004.83,33859.21,112864.04,R
CL003080,T0455,14-Jul-2024,11-Sep-2024,Natural Catastrophe,USD,136870.54,0.0,136870.54,S
CL002729,T0167,21-Apr-2024,16-May-2024,Medical Malpractice,USD,190796.63,0.0,190796.63,S
CL003271,T0015,04-Oct-2024,01-Nov-2024,Fire & Explosion,USD,63276.66,0.0,63276.66,S
CL004665,T0527,20-Nov-2025,21-Nov-2025,Cyber,EUR,14379.67,19400.4,33780.07,O
CL000042,T0231,23-Apr-2021,30-Apr-2021,Workers Compensation,USD,304187.93,130366.26,434554.19,R
CL001170,T0642,25-Dec-2022,28-Dec-2022,Marine Hull,EUR,298856.6,0.0,298856.6,S
CL003512,T0040,08-Mar-2026,11-Jan-2025,General Liability,USD,26578.1,0.0,26578.1,S
CL002315,T0023,05-Jan-2024,09-Jan-2024,Natural Catastrophe,INR,6168868.03,0.0,6168868.03,S
CL004980,T0436,06-Dec-2025,07-Feb-2026,Professional Indemnity,USD,9476.56,65153.03,74629.59,O
CL002299,T0420,17-Dec-2023,02-Jan-2024,Natural Catastrophe,EUR,94087.73,0.0,94087.73,S
CL003857,T0033,19-Jan-2025,17-Apr-2025,General Liability,USD,66239.18,0.0,66239.18,S
CL001931,T0142,27-Jul-2023,26-Aug-2023,Workers Compensation,EUR,13991.44,0.0,13991.44,S
CL005940,T0461,29-Sep-2026,30-Sep-2026,Directors & Officers,USD,12810.52,32587.35,45397.87,O
CL000616,T0410,01-Jun-2022,04-Jun-2022,Cyber,USD,388790.39,0.0,388790.39,S
CL003281,T0127,19-Oct-2024,05-Nov-2024,General Liability,USD,95234.68,0.0,95234.68,S
CL003017,T0532,25-Jul-2024,22-Aug-2024,General Liability,EUR,32998.14,0.0,32998.14,S
CL004228,T0030,06-Jul-2025,01-Aug-2025,Business Interruption,USD,4758.36,7264.18,12022.54,O
CL004085,T0695,16-Jun-2025,16-Jun-2025,Natural Catastrophe,EUR,38797.15,0.0,38797.15,S
CL002526,T0519,05-Mar-2024,12-Mar-2024,Natural Catastrophe,EUR,24694.64,0.0,24694.64,S
CL000119,T0615,24-Jun-2021,09-Jul-2021,Professional Indemnity,EUR,1260280.55,0.0,1260280.55,S
CL003772,T0275,14-Mar-2025,23-Mar-2025,Auto Liability,USD,217830.03,0.0,217830.03,S
CL003025,T0359,24-Aug-2024,26-Aug-2024,Auto Liability,USD,16480.37,0.0,16480.37,S
CL003047,T0141,03-Aug-2024,02-Sep-2024,Auto Liability,USD,142722.63,0.0,142722.63,S
CL000165,T0027,16-Aug-2021,21-Aug-2021,Natural Catastrophe,USD,19880.55,152363.04,172243.59,O
CL005013,T0301,07-Feb-2026,15-Feb-2026,Workers Compensation,USD,2993.7,0.0,2993.7,S
CL004512,T0289,02-Oct-2025,16-Oct-2025,Marine Hull,USD,69905.26,0.0,69905.26,S
CL000854,T0151,10-Aug-2022,15-Sep-2022,General Liability,USD,92079.85,0.0,92079.85,S
CL004838,T0220,25-Dec-2025,04-Jan-2026,Workers Compensation,EUR,21537.84,0.0,21537.84,S
CL001720,T0632,28-May-2023,13-Jun-2023,Natural Catastrophe,USD,56038.16,0.0,56038.16,S
CL005442,T0007,26-May-2026,31-May-2026,Auto Liability,USD,19649.59,22796.41,42446.0,O
CL001164,T0528,03-Oct-2022,27-Dec-2022,Energy,USD,9272.48,0.0,9272.48,S
CL002470,T0699,15-Jan-2024,24-Feb-2024,Fire & Explosion,USD,1692018.41,0.0,1692018.41,S
CL001760,T0538,31-May-2023,30-Jun-2023,Natural Catastrophe,USD,144221.88,0.0,144221.88,S
CL003503,T0054,05-Jan-2025,08-Jan-2025,Workers Compensation,EUR,204600.67,0.0,204600.67,S
CL005098,T0007,20-Feb-2026,05-Mar-2026,Auto Liability,USD,3954.01,8717.53,12671.54,O
CL003780,T0552,04-Mar-2025,25-Mar-2025,Credit & Surety,USD,17272.28,38198.8,55471.08,O
CL000057,T0230,27-Mar-2021,13-May-2021,Aviation,USD,179304.58,0.0,179304.58,S
CL003178,T0393,02-Aug-2024,08-Oct-2024,Natural Catastrophe,USD,2534.63,0.0,2534.63,S
CL004460,T0038,02-Sep-2025,03-Oct-2025,Natural Catastrophe,USD,18165.99,0.0,18165.99,S
CL003356,T0533,21-Nov-2024,28-Nov-2024,Workers Compensation,USD,94666.57,0.0,94666.57,S
CL004612,T0261,26-Oct-2025,08-Nov-2025,Auto Liability,EUR,3961.01,177903.46,181864.47,O
CL005773,T0194,19-Jul-2026,26-Aug-2026,Natural Catastrophe,EUR,76807.35,85302.46,162109.81,O
CL004643,T0233,19-Oct-2025,16-Nov-2025,Directors & Officers,USD,43345.79,85667.05,129012.84,O
CL005200,T0444,11-Mar-2026,02-Apr-2026,Business Interruption,USD,63546.57,0.0,63546.57,S
CL003382,T0070,02-Dec-2024,05-Dec-2024,Natural Catastrophe,USD,14771.56,0.0,14771.56,S
CL000219,T0545,23-Sep-2021,04-Oct-2021,General Liability,EUR,633699.58,0.0,633699.58,S
CL002347,T0031,03-Jan-2024,16-Jan-2024,Workers Compensation,INR,3410098.5,0.0,3410098.5,S
CL002218,T0430,10-Nov-2023,05-Dec-2023,Natural Catastrophe,USD,74314.5,0.0,74314.5,S
CL002370,T0415,12-Jan-2024,24-Jan-2024,Marine Hull,INR,752023.72,882325.06,1634348.78,O
CL004860,T0563,02-Jan-2026,12-Jan-2026,Cyber,USD,57624.76,82984.12,140608.88,O
CL002675,T0587,16-Apr-2024,25-Apr-2024,Directors & Officers,EUR,1359.25,11069.15,16292.38,O
CL004495,T0018,28-Sep-2025,14-Oct-2025,Auto Liability,USD,119523.38,0.0,119523.38,S
CL000174,T0558,22-Jul-2021,01-Sep-2021,General Liability,USD,7141.08,0.0,7141.08,S
CL005445,T0495,29-May-2026,31-May-2026,Fire & Explosion,INR,1810558.25,0.0,1810558.25,S
CL005765,T0389,22-Aug-2026,24-Aug-2026,Business Interruption,USD,205345.49,344512.57,549858.06,O
CL000980,T0096,30-Oct-2022,02-Nov-2022,Medical Malpractice,EUR,9169.65,46030.26,55199.91,O
CL000128,T0277,27-May-2021,18-Jul-2021,General Liability,USD,48149.59,0.0,48149.59,S
CL000938,T0250,16-Oct-2022,16-Oct-2022,Political Risk,EUR,3791.6,0.0,3791.6,S
CL000297,T0551,05-Nov-2021,26-Nov-2021,Fire & Explosion,EUR,26247.19,0.0,26247.19,S
CL002954,T0181,24-May-2024,30-Jul-2024,Workers Compensation,USD,37577.41,0.0,37577.41,S
CL004932,T0089,19-Jan-2026,26-Jan-2026,Credit & Surety,USD,21008.15,66037.08,87045.23,O
CL004288,T0483,27-Jul-2025,17-Aug-2025,Auto Liability,USD,8441.93,48620.15,57062.08,O
CL003534,T0262,20-Nov-2024,16-Jan-2025,Credit & Surety,EUR,19203.22,0.0,19203.22,S
CL000546,T0619,17-Apr-2022,23-Apr-2022,Business Interruption,USD,53385.51,0.0,53385.51,S
CL000584,T0554,04-Apr-2022,13-May-2022,Political Risk,EUR,15011.57,0.0,15011.57,S
CL005814,T0501,09-Aug-2026,10-Sep-2026,Cyber,USD,1719.3,8779.13,10498.43,O
CL001174,T0363,29-Dec-2022,29-Dec-2022,Business Interruption,EUR,17550.2,66769.23,84319.43,O
CL004581,T0244,29-Oct-2025,01-Nov-2025,General Liability,USD,3048.08,356385.55,359433.63,O
CL002217,T0455,23-Nov-2023,04-Dec-2023,Business Interruption,USD,37293.26,0.0,37293.26,S
CL003204,T0562,25-Jul-2024,16-Oct-2024,Fire & Explosion,USD,9607.8,0.0,9607.8,S
CL003001,T0678,12-Aug-2024,15-Aug-2024,Marine Hull,INR,4381322.56,0.0,4381322.56,S
CL000510,T0522,28-Mar-2022,04-Apr-2022,Business Interruption,USD,18445.25,0.0,18445.25,S
CL005163,T0378,29-Jan-2026,24-Mar-2026,Professional Indemnity,INR,46759581.65,187038326.62,233797908.27,O
CL004189,T0018,21-Jul-2025,21-Jul-2025,Workers Compensation,USD,1187528.04,0.0,1187528.04,S
CL005809,T0064,30-Aug-2026,08-Sep-2026,Natural Catastrophe,USD,22125.92,291628.26,313754.18,O
CL002448,T0031,21-Jan-2024,18-Feb-2024,General Liability,INR,1620614.93,0.0,1620614.93,S
CL001819,T0454,30-Jun-2023,15-Jul-2023,Marine Hull,USD,30409.7,42008.69,72418.39,O
CL002205,T0025,25-Nov-2023,01-Dec-2023,Directors & Officers,USD,26801.13,0.0,26801.13,S
CL004554,T0211,30-Sep-2025,27-Oct-2025,Directors & Officers,USD,7639.95,0.0,7639.95,S
CL002127,T0148,22-Sep-2023,29-Oct-2023,Workers Compensation,INR,936782.33,401478.14,1338260.47,R
CL003464,T0071,19-Dec-2024,28-Dec-2024,Energy,EUR,6448.67,0.0,6448.67,S
CL005860,T0494,21-Aug-2026,22-Sep-2026,Political Risk,GBP,2656.18,16971.93,19628.11,O
CL000877,T0286,01-Sep-2022,26-Sep-2022,Aviation,EUR,233039.22,0.0,233039.22,S
CL005767,T0046,19-Aug-2026,25-Aug-2026,Directors & Officers,EUR,16240.29,41464.73,57705.02,O
CL001972,T0394,29-Jul-2023,11-Sep-2023,Natural Catastrophe,USD,83227.93,0.0,83227.93,S
CL004811,T0220,28-Dec-2025,28-Dec-2025,Workers Compensation,EUR,32180.73,0.0,32180.73,S
CL003829,T0116,05-Mar-2025,09-Apr-2025,Political Risk,INR,6337864.36,0.0,6337864.36,S
CL004573,T0204,22-Oct-2025,30-Oct-2025,Fire & Explosion,USD,10492.5,154064.17,164556.67,O
CL001106,T0416,01-Nov-2022,12-Dec-2022,Cyber,USD,26563.0,0.0,26563.0,S
CL003778,T0350,23-Mar-2025,25-Mar-2025,Workers Compensation,INR,1241409.49,0.0,1241409.49,S
CL003213,T0424,22-Sep-2024,19-Oct-2024,Credit & Surety,USD,161622.07,0.0,161622.07,S
CL001038,T0281,21-Nov-2022,21-Nov-2022,Natural Catastrophe,EUR,3878.76,11127.87,15006.63,O
CL001676,T0296,04-Apr-2023,01-Jun-2023,Business Interruption,USD,46636.78,46869.68,93506.46,O
CL003666,T0288,15-Feb-2025,22-Feb-2025,Auto Liability,USD,27133.26,0.0,27133.26,S
CL004487,T0471,05-Sep-2025,12-Oct-2025,Fire & Explosion,EUR,116575.96,0.0,116575.96,S
CL001695,T0171,10-May-2023,07-Jun-2023,Credit & Surety,USD,13139.79,0.0,13139.79,S
CL000001,T0544,08-Jan-2021,27-Jan-2021,Cyber,USD,244041.18,359062.4,603103.58,O
CL005177,T0110,14-Mar-2026,27-Mar-2026,Fire & Explosion,USD,17518.17,75218.87,92737.04,O
CL005046,T0646,13-Feb-2026,20-Feb-2026,Business Interruption,EUR,43439.52,233258.7,276698.22,O
CL005274,T0046,19-Mar-2026,21-Apr-2026,Credit & Surety,EUR,11866.26,24365.47,36231.73,O
CL001580,T0432,20-Apr-2023,29-Apr-2023,Political Risk,INR,2483578.69,9730826.35,12214405.04,O
CL005348,T0172,27-Apr-2026,07-May-2026,Political Risk,EUR,103882.09,0.0,103882.09,S
CL000748,T0411,04-Jun-2022,08-Aug-2022,Fire & Explosion,EUR,12490.51,0.0,12490.51,S
CL004901,T0183,03-Jan-2026,20-Jan-2026,Medical Malpractice,USD,3852.26,58116.86,61969.12,O
CL002835,T0205,11-Jun-2024,22-Jun-2024,General Liability,USD,136756.65,0.0,136756.65,S
CL003811,T0019,02-Apr-2025,04-Apr-2025,Cyber,USD,32004.27,35953.31,67957.58,O
CL005183,T0046,02-Mar-2026,29-Mar-2026,Directors & Officers,EUR,3291.4,13683.23,16974.63,O
CL002473,T0335,15-Jan-2024,25-Feb-2024,Energy,USD,20652.4,0.0,20652.4,S
CL001486,T0466,18-Mar-2023,30-Mar-2023,Fire & Explosion,USD,97819.85,0.0,97819.85,S
CL004937,T0133,25-Jan-2026,27-Jan-2026,Directors & Officers,INR,152281.9,421991.31,574273.21,O
CL000682,T0196,27-May-2022,11-Jul-2022,Natural Catastrophe,EUR,17012.23,0.0,17012.23,S
CL000209,T0418,05-Aug-2021,28-Sep-2021,General Liability,USD,20930.35,0.0,20930.35,S
CL005349,T0182,06-May-2026,07-May-2026,Political Risk,USD,4487.53,8590.4,13077.93,O
CL002215,T0617,01-Dec-2023,03-Dec-2023,General Liability,INR,1375059.26,0.0,1375059.26,S
CL005744,T0579,10-Aug-2026,18-Aug-2026,Cyber,USD,9582.2,18437.38,28019.58,O
CL005452,T0423,25-May-2026,01-Jun-2026,Cyber,USD,281716.92,290931.49,572648.41,O
CL005010,T0485,12-Feb-2026,14-Feb-2026,Credit & Surety,EUR,6873.68,52142.38,59016.06,O
CL000639,T0437,24-May-2022,16-Jun-2022,Professional Indemnity,USD,6941.16,2974.78,9915.94,R
CL900017,T9017,14-Jan-2023,15-Jan-2023,General Liability,USD,7133.65,0.0,7133.65,S
CL004503,T0686,09-Oct-2025,14-Oct-2025,Marine Hull,USD,42707.83,0.0,42707.83,S
CL005928,T0344,08-Sep-2026,30-Sep-2026,Business Interruption,USD,83.85,19336.77,19420.62,O
CL003742,T0125,10-Mar-2025,14-Mar-2025,Auto Liability,USD,6476.5,18795.2,25271.7,O
CL001818,T0415,08-Jul-2023,15-Jul-2023,Aviation,INR,75161430.77,0.0,75161430.77,S
CL002725,T0455,10-May-2024,14-May-2024,Fire & Explosion,USD,7081.74,44274.24,51355.98,O
CL000414,T0332,06-Feb-2022,10-Feb-2022,Workers Compensation,EUR,40013.53,0.0,40013.53,S
CL005969,T0623,21-Sep-2026,30-Sep-2026,Credit & Surety,USD,1960.14,9786.5,11746.64,O
CL004799,T0563,17-Oct-2025,25-Dec-2025,Credit & Surety,USD,39447.97,0.0,39447.97,S
CL002178,T0105,17-Nov-2023,19-Nov-2023,Workers Compensation,USD,475461.8,0.0,475461.8,S
CL002837,T0516,18-Jun-2024,22-Jun-2024,Professional Indemnity,USD,18913.77,0.0,18913.77,S
CL000420,T0147,28-Jan-2022,14-Feb-2022,Medical Malpractice,USD,58716.3,0.0,58716.3,S
CL000747,T0680,06-Aug-2022,07-Aug-2022,Natural Catastrophe,USD,47891.62,0.0,47891.62,S
CL002461,T0216,08-Feb-2024,23-Feb-2024,Marine Hull,USD,173272.18,0.0,173272.18,S
CL001361,T0647,12-Nov-2022,20-Feb-2023,Medical Malpractice,USD,238795.4,0.0,238795.4,S
CL003169,T0663,30-Sep-2024,05-Oct-2024,Workers Compensation,EUR,81515.55,0.0,81515.55,S
CL003668,T0635,19-Jan-2025,22-Feb-2025,Political Risk,EUR,105502.88,0.0,105502.88,S
CL002094,T0421,03-Oct-2023,18-Oct-2023,Cyber,USD,12432.85,0.0,12432.85,S
CL000821,T0011,13-Aug-2022,06-Sep-2022,Auto Liability,EUR,239809.8,0.0,239809.8,S
CL001916,T0421,09-Aug-2023,20-Aug-2023,Directors & Officers,USD,93904.69,0.0,93904.69,S
CL001670,T0039,09-May-2023,29-May-2023,Marine Hull,USD,9788.99,0.0,9788.99,S
CL003561,T0179,24-Jan-2025,25-Jan-2025,Workers Compensation,USD,79335.1,0.0,79335.1,S
CL003303,T0091,06-Nov-2024,13-Nov-2024,Workers Compensation,USD,373288.45,0.0,510581.7,S
CL002752,T0078,19-May-2024,25-May-2024,Directors & Officers,INR,9285997.18,0.0,9285997.18,S
CL003846,T0483,07-Mar-2025,13-Apr-2025,Auto Liability,USD,67191.56,0.0,67191.56,S
CL001029,T0507,13-Nov-2022,18-Nov-2022,Cyber,USD,20619.31,0.0,20619.31,S
CL001630,T0617,06-May-2023,16-May-2023,Workers Compensation,INR,2524392.84,0.0,2524392.84,S
CL001147,T0342,10-Nov-2022,23-Dec-2022,Credit & Surety,EUR,172258.23,0.0,172258.23,S
CL002137,T0478,01-Nov-2023,02-Nov-2023,Natural Catastrophe,USD,23082.79,0.0,23082.79,S
CL003692,T0192,18-Feb-2025,28-Feb-2025,Credit & Surety,USD,8785.95,0.0,8785.95,S
CL005736,T0407,08-Jun-2026,15-Aug-2026,General Liability,GBP,30340.84,56195.22,86536.06,O
CL001546,T0337,14-Feb-2023,16-Apr-2023,Workers Compensation,USD,5664.82,0.0,5664.82,S
CL004528,T0116,26-Aug-2025,22-Oct-2025,Marine Hull,INR,1330365.92,1904147.61,3234513.53,O
CL005073,T0378,08-Feb-2026,27-Feb-2026,Medical Malpractice,INR,561299.72,982071.96,1543371.68,O
CL005549,T0389,22-Jun-2026,28-Jun-2026,Business Interruption,USD,64405.77,104434.93,168840.7,O
CL000596,T0554,16-May-2022,25-May-2022,Aviation,EUR,2993.43,0.0,2993.43,S
CL004231,T0012,29-Jul-2025,02-Aug-2025,General Liability,USD,30406.19,593397.94,623804.13,O
CL003438,T0169,04-Dec-2024,21-Dec-2024,Fire & Explosion,EUR,49705.63,0.0,49705.63,S
CL002864,T0255,24-Jun-2024,02-Jul-2024,Aviation,INR,323988.69,0.0,323988.69,S
CL003123,T0019,07-Sep-2024,25-Sep-2024,Cyber,USD,437.88,4398.62,4836.5,O
CL000295,T0675,31-Oct-2021,25-Nov-2021,Energy,USD,70688.16,74273.28,144961.44,O
CL003490,T0426,01-Nov-2024,04-Jan-2025,Natural Catastrophe,USD,122062.89,0.0,122062.89,S
CL001030,T0610,01-Nov-2022,18-Nov-2022,Natural Catastrophe,USD,11044.56,209879.29,220923.85,O
CL002125,T0260,15-Aug-2023,28-Oct-2023,Auto Liability,USD,284871.87,0.0,284871.87,S
CL001449,T0326,05-Feb-2023,20-Mar-2023,Marine Hull,USD,35044.46,0.0,35044.46,S
CL001142,T0622,12-Dec-2022,21-Dec-2022,Aviation,INR,3151411.72,0.0,3151411.72,S
CL002248,T0420,15-Oct-2023,17-Dec-2023,Business Interruption,EUR,32061.35,0.0,32061.35,S
CL005585,T0099,11-Jun-2026,07-Jul-2026,Political Risk,USD,22889.23,77134.76,100023.99,O
CL002522,T0472,24-Jan-2024,11-Mar-2024,Business Interruption,USD,126872.02,0.0,126872.02,S
CL002450,T0608,05-Dec-2023,18-Feb-2024,Directors & Officers,USD,6072.6,0.0,6072.6,S
CL001297,T0612,19-Jan-2023,02-Feb-2023,General Liability,USD,200614.25,0.0,200614.25,S
CL001657,T0026,14-May-2023,23-May-2023,Auto Liability,USD,88687.74,38009.03,126696.77,R
CL000244,T0674,16-Oct-2021,20-Oct-2021,Auto Liability,EUR,35111.43,0.0,35111.43,S
CL005242,T0087,04-Mar-2026,14-Apr-2026,Business Interruption,USD,3686.6,61084.27,64770.87,O
CL002873,T0369,06-May-2024,04-Jul-2024,Workers Compensation,USD,9970.83,0.0,9970.83,S
CL005051,T0178,20-Feb-2026,23-Feb-2026,Cyber,USD,16594.62,21321.19,37915.81,O
CL001027,T0317,12-Sep-2022,17-Nov-2022,Medical Malpractice,USD,54394.81,0.0,54394.81,S
CL004323,T0184,28-Aug-2025,28-Aug-2025,General Liability,EUR,93563.67,0.0,93563.67,S
CL005082,T0038,29-Dec-2025,02-Mar-2026,Business Interruption,USD,40940.82,0.0,40940.82,S
CL002048,T0096,01-Sep-2023,06-Oct-2023,Professional Indemnity,EUR,11628.67,0.0,11628.67,S
CL005682,T0501,14-Jul-2026,02-Aug-2026,Directors & Officers,USD,3650.76,3903.06,10303.8,O
CL002849,T0302,18-Jun-2024,27-Jun-2024,Directors & Officers,EUR,3679.21,0.0,3679.21,S
CL003515,T0486,31-Dec-2024,11-Jan-2025,Auto Liability,USD,195469.55,0.0,195469.55,S
CL002197,T0145,22-Nov-2023,26-Nov-2023,Natural Catastrophe,USD,9488.44,0.0,9488.44,S
CL005559,T0447,20-Jun-2026,30-Jun-2026,Marine Hull,EUR,21470.95,9201.83,30672.78,R
CL003609,T0508,01-Feb-2025,07-Feb-2025,Marine Hull,USD,156290.68,0.0,156290.68,S
CL004796,T0233,02-Oct-2025,25-Dec-2025,Cyber,USD,50979.27,0.0,50979.27,S
CL005912,T0178,28-Sep-2026,30-Sep-2026,Directors & Officers,USD,9914.84,10847.36,20762.2,O
CL004263,T0546,08-Jul-2025,11-Aug-2025,Fire & Explosion,USD,113753.1,0.0,113753.1,S
CL001898,T0626,24-Jul-2023,13-Aug-2023,Marine Hull,EUR,18040.47,0.0,18040.47,S
CL004586,T0599,04-Oct-2025,02-Nov-2025,Workers Compensation,USD,1300.42,0.0,1300.42,S
CL002979,T0157,12-Jul-2024,08-Aug-2024,Political Risk,USD,9282.62,0.0,9282.62,S
CL001526,T0489,08-Apr-2023,11-Apr-2023,Auto Liability,EUR,156515.13,0.0,156515.13,S
CL001149,T0493,17-Dec-2022,24-Dec-2022,Directors & Officers,USD,922.77,0.0,922.77,S
CL002751,T0299,16-May-2024,24-May-2024,Political Risk,INR,6803230.72,2915670.31,9718901.03,R
CL000395,T0675,22-Jan-2022,01-Feb-2022,Energy,USD,18592.12,0.0,18592.12,S
CL005069,T0168,17-Feb-2026,27-Feb-2026,Credit & Surety,USD,1511.64,3825.16,5336.8,O
CL005278,T0184,07-Apr-2026,21-Apr-2026,Workers Compensation,EUR,39372.91,0.0,39372.91,S
CL003460,T0508,08-Dec-2024,26-Dec-2024,Aviation,USD,85419.81,0.0,85419.81,S
CL003089,T0666,26-Aug-2024,15-Sep-2024,Political Risk,GBP,17902.48,0.0,17902.48,S
CL000495,T0281,25-Feb-2022,29-Mar-2022,Natural Catastrophe,EUR,8946.73,3834.32,12781.05,R
CL001701,T0041,24-May-2023,09-Jun-2023,Natural Catastrophe,USD,174072.57,0.0,174072.57,S
CL005947,T0515,27-Aug-2026,30-Sep-2026,Marine Hull,EUR,30315.66,52412.37,82728.03,O
CL004229,T0079,17-Jul-2025,01-Aug-2025,Natural Catastrophe,USD,597.34,1857.45,2454.79,O
CL000107,T0621,16-Jun-2021,30-Jun-2021,Business Interruption,EUR,42723.15,0.0,42723.15,S
CL005791,T0537,21-Aug-2026,31-Aug-2026,Fire & Explosion,USD,60592.02,70640.78,131232.8,O
CL003701,T0388,16-Feb-2025,01-Mar-2025,Business Interruption,USD,77343.68,0.0,77343.68,S
CL000432,T0399,11-Dec-2021,18-Feb-2022,Natural Catastrophe,USD,528987.69,0.0,528987.69,S
CL002528,T0205,04-Mar-2024,13-Mar-2024,Workers Compensation,USD,66614.0,0.0,66614.0,S
CL000734,T0108,21-Jun-2022,03-Aug-2022,Professional Indemnity,USD,294145.4,661495.2,955640.6,O
CL004327,T0683,10-Aug-2025,28-Aug-2025,Workers Compensation,USD,22668.09,0.0,22668.09,S
CL001591,T0457,14-Apr-2023,02-May-2023,Fire & Explosion,USD,46282.05,0.0,46282.05,S
CL003835,T0143,02-Feb-2025,10-Apr-2025,Business Interruption,USD,26684.28,0.0,26684.28,S
CL005650,T0397,23-Jul-2026,24-Jul-2026,Business Interruption,INR,108115.84,7507844.95,7615960.79,O
CL001240,T0251,12-Dec-2022,16-Jan-2023,Workers Compensation,EUR,157793.21,0.0,157793.21,S
CL001582,T0677,13-Mar-2023,29-Apr-2023,Fire & Explosion,USD,350259.15,0.0,350259.15,S
CL003454,T0262,17-Nov-2024,25-Dec-2024,Credit & Surety,EUR,64682.62,0.0,64682.62,S
CL003300,T0328,02-Sep-2024,11-Nov-2024,General Liability,USD,14567.44,0.0,14567.44,S
CL003850,T0169,09-Dec-2024,15-Apr-2025,Business Interruption,EUR,18933.81,0.0,18933.81,S
CL000453,T0229,05-Feb-2022,08-Mar-2022,Fire & Explosion,USD,9958.66,0.0,9958.66,S
CL002228,T0617,03-Dec-2023,08-Dec-2023,Auto Liability,INR,2779700.56,0.0,2779700.56,S
CL004443,T0189,15-Sep-2025,27-Sep-2025,Fire & Explosion,USD,165020.71,0.0,165020.71,S
CL002393,T0252,31-Dec-2023,30-Jan-2024,Energy,USD,9378.78,0.0,9378.78,S
CL004540,T0344,20-Oct-2025,23-Oct-2025,Business Interruption,USD,7133.03,135466.41,142599.44,O
CL003686,T0360,23-Feb-2025,26-Feb-2025,Cyber,USD,4284.69,0.0,4284.69,S
CL002546,T0137,19-Mar-2024,20-Mar-2024,Professional Indemnity,USD,40514.13,0.0,40514.13,S
CL004772,T0436,27-Oct-2025,19-Dec-2025,Professional Indemnity,USD,245449.33,0.0,245449.33,S
CL001609,T0525,01-Apr-2023,08-May-2023,Medical Malpractice,USD,322212.61,0.0,322212.61,S
CL005927,T0325,07-Aug-2026,30-Sep-2026,Business Interruption,USD,8080.51,16498.12,24578.63,O
CL003430,T0255,20-Oct-2024,18-Dec-2024,Political Risk,INR,2857585.53,0.0,2857585.53,S
CL003459,T0370,24-Dec-2024,26-Dec-2024,Business Interruption,EUR,28611.23,0.0,28611.23,S
CL000962,T0011,19-Oct-2022,27-Oct-2022,General Liability,EUR,22096.45,24230.44,46326.89,O
CL002303,T0186,28-Dec-2023,04-Jan-2024,Political Risk,EUR,95056.86,0.0,95056.86,S
CL000993,T0171,28-Sep-2022,04-Nov-2022,Cyber,USD,5339.74,0.0,5339.74,S
CL000365,T0541,12-Jan-2022,12-Jan-2022,Energy,USD,98213.74,0.0,98213.74,S
CL002686,T0440,21-Apr-2024,30-Apr-2024,Energy,USD,11268.79,0.0,11268.79,S
CL004097,T0233,15-Jun-2025,22-Jun-2025,Directors & Officers,USD,247011.74,0.0,247011.74,S
CL000835,T0047,28-Aug-2022,10-Sep-2022,Political Risk,USD,31209.82,0.0,31209.82,S
CL004829,T0079,20-Nov-2025,01-Jan-2026,Natural Catastrophe,USD,15711.87,0.0,15711.87,S
CL003390,T0321,16-Oct-2024,06-Dec-2024,Workers Compensation,USD,245002.76,0.0,245002.76,S
CL003944,T0318,30-Apr-2025,06-May-2025,Fire & Explosion,EUR,36305.31,91719.35,128024.66,O
CL005693,T0095,31-Jul-2026,05-Aug-2026,Political Risk,USD,2944.11,8449.64,11393.75,O
CL005263,T0341,22-Mar-2026,18-Apr-2026,Marine Hull,USD,237.83,931.46,1169.29,O
CL900012,T9012,23-Nov-2024,04-Jan-2025,Energy,EUR,7783.87,0.0,7783.87,S
CL003538,T0030,03-Jan-2025,18-Jan-2025,Fire & Explosion,USD,18607.91,0.0,18607.91,S
CL001426,T0591,08-Mar-2023,10-Mar-2023,Marine Hull,USD,56124.08,0.0,56124.08,S
CL002911,T0121,17-Jul-2024,17-Jul-2024,Cyber,USD,298411.58,0.0,298411.58,S
CL004627,T0079,09-Oct-2025,12-Nov-2025,Business Interruption,USD,2033.85,2361.64,4395.49,O
CL002894,T0460,20-Jun-2024,12-Jul-2024,General Liability,EUR,43717.0,0.0,43717.0,S
CL004333,T0567,28-Jul-2025,30-Aug-2025,Business Interruption,INR,857136.42,1144164.48,2001300.9,O
CL001268,T0566,09-Jan-2023,26-Jan-2023,Natural Catastrophe,EUR,53762.19,0.0,53762.19,S
CL002321,T0665,09-Jan-2024,09-Jan-2024,Credit & Surety,USD,39374.12,46228.6,85602.72,O
CL002119,T0077,23-Oct-2023,27-Oct-2023,Workers Compensation,USD,12807.51,0.0,12807.51,S
CL003991,T0496,10-May-2025,21-May-2025,Energy,USD,30643.49,41375.25,72018.74,O
CL005838,T0115,15-Aug-2026,16-Sep-2026,Cyber,USD,9325.56,11420.86,20746.42,O
CL003418,T0321,11-Dec-2024,16-Dec-2024,Workers Compensation,USD,564010.82,0.0,564010.82,S
CL001834,T0569,12-Jul-2023,20-Jul-2023,Auto Liability,USD,35222.17,0.0,35222.17,S
CL004248,T0284,23-May-2025,06-Aug-2025,Credit & Surety,EUR,281750.37,0.0,281750.37,S
CL000608,T0581,28-Apr-2022,31-May-2022,Business Interruption,USD,29639.83,33495.22,63135.05,O
CL000634,T0411,03-Jun-2022,14-Jun-2022,Business Interruption,EUR,40378.14,0.0,40378.14,S
CL004446,T0637,01-Sep-2025,28-Sep-2025,Aviation,USD,1415.85,8818.22,10234.07,O
CL002482,T0531,20-Feb-2024,27-Feb-2024,Professional Indemnity,EUR,2152.38,2600.25,4752.63,O
CL000023,T0544,21-Mar-2021,27-Mar-2021,Directors & Officers,USD,28015.11,0.0,28015.11,S
CL000404,T0316,25-Dec-2021,05-Feb-2022,Fire & Explosion,USD,112452.46,0.0,112452.46,S
CL000906,T0510,20-Aug-2022,05-Oct-2022,Workers Compensation,USD,44090.22,0.0,44090.22,S
CL003078,T0023,25-Aug-2024,11-Sep-2024,Natural Catastrophe,INR,1095681.99,469578.0,1565259.99,R
CL000436,T0522,15-Dec-2021,21-Feb-2022,Business Interruption,USD,79814.75,0.0,79814.75,S
CL000817,T0680,23-Aug-2022,04-Sep-2022,Business Interruption,USD,46885.61,0.0,46885.61,S
CL002449,T0369,12-Feb-2024,18-Feb-2024,Workers Compensation,USD,125029.64,0.0,125029.64,S
CL004440,T0684,13-Sep-2025,26-Sep-2025,General Liability,USD,29397.88,46915.84,76313.72,O
CL000500,T0615,25-Mar-2022,31-Mar-2022,Professional Indemnity,EUR,11883.73,24191.54,36075.27,O
CL005540,T0055,21-Jun-2026,27-Jun-2026,Medical Malpractice,USD,6781.61,20104.14,26885.75,O
CL000917,T0083,06-Aug-2022,10-Oct-2022,Auto Liability,INR,83150898.92,0.0,83150898.92,S
CL002181,T0084,20-Nov-2023,21-Nov-2023,Energy,USD,39240.01,136763.69,176003.7,O
CL001953,T0591,31-Aug-2023,05-Sep-2023,Marine Hull,USD,195542.39,0.0,195542.39,S
CL000759,T0581,25-Jul-2022,11-Aug-2022,Business Interruption,USD,200195.86,0.0,200195.86,S
CL004058,T0355,02-Jun-2025,11-Jun-2025,General Liability,USD,30500.72,503416.52,533917.24,O
CL004805,T0182,22-Dec-2025,27-Dec-2025,Aviation,USD,99542.41,0.0,99542.41,S
CL002379,T0236,15-Jan-2024,26-Jan-2024,General Liability,USD,15709.66,0.0,15709.66,S
CL000523,T0206,12-Apr-2022,12-Apr-2022,Business Interruption,INR,2228839.6,0.0,2228839.6,S
CL003818,T0521,04-Apr-2025,06-Apr-2025,Professional Indemnity,USD,98171.09,0.0,98171.09,S
CL000724,T0672,04-Jul-2022,30-Jul-2022,Fire & Explosion,USD,189465.63,0.0,189465.63,S
CL000994,T0232,29-Aug-2022,04-Nov-2022,Business Interruption,USD,23769.85,0.0,23769.85,S
CL001319,T0656,06-Jan-2023,09-Feb-2023,Business Interruption,USD,32873.07,0.0,32873.07,S
CL002122,T0339,12-Oct-2023,27-Oct-2023,Natural Catastrophe,EUR,4587.97,38812.86,43400.83,O
CL001822,T0345,17-May-2023,16-Jul-2023,Professional Indemnity,EUR,42806.59,0.0,42806.59,S
CL001128,T0636,14-Nov-2022,17-Dec-2022,Workers Compensation,EUR,527.0,15446.1,15973.1,O
CL000702,T0672,09-Jul-2022,25-Jul-2022,Natural Catastrophe,USD,348190.51,0.0,348190.51,S
CL001918,T0645,23-Jul-2023,20-Aug-2023,Business Interruption,EUR,20105.13,0.0,20105.13,S
CL005802,T0452,13-Aug-2026,05-Sep-2026,Medical Malpractice,USD,22158.58,98521.99,120680.57,O
CL001244,T0150,05-Jan-2023,18-Jan-2023,General Liability,USD,10224.17,0.0,10224.17,S
CL001946,T0538,13-Jul-2023,02-Sep-2023,Natural Catastrophe,USD,170701.06,0.0,170701.06,S
CL001969,T0582,13-Aug-2023,09-Sep-2023,Fire & Explosion,EUR,63815.1,0.0,63815.1,S
CL001001,T0011,16-Oct-2022,07-Nov-2022,General Liability,EUR,112443.84,0.0,112443.84,S
CL002910,T0586,22-Jun-2024,16-Jul-2024,Medical Malpractice,EUR,29044.92,0.0,29044.92,S
CL005143,T0062,14-Mar-2026,17-Mar-2026,Auto Liability,USD,19417.27,84028.0,103445.27,O
CL000236,T0474,14-Aug-2021,16-Oct-2021,Workers Compensation,USD,72807.94,0.0,72807.94,S
CL003488,T0226,03-Jan-2025,04-Jan-2025,Fire & Explosion,USD,16771.76,29027.3,45799.06,O
CL002063,T0045,22-Sep-2023,10-Oct-2023,Auto Liability,USD,4935.42,0.0,4935.42,S
CL004861,T0572,09-Jan-2026,12-Jan-2026,Workers Compensation,EUR,7954.4,31637.27,39591.67,O
CL000886,T0196,11-Sep-2022,29-Sep-2022,Fire & Explosion,EUR,6276.55,0.0,6276.55,S
CL002689,T0181,28-Apr-2024,01-May-2024,General Liability,USD,10898.38,0.0,10898.38,S
CL001772,T0315,05-Jul-2023,05-Jul-2023,General Liability,USD,5249.84,0.0,5249.84,S
CL000646,T0507,28-May-2022,21-Jun-2022,Directors & Officers,USD,52822.67,0.0,52822.67,S
CL004377,T0276,29-Aug-2025,12-Sep-2025,Directors & Officers,USD,224817.62,0.0,224817.62,S
CL002770,T0009,24-May-2024,31-May-2024,Directors & Officers,USD,553147.81,0.0,553147.81,S
CL000883,T0457,02-Sep-2022,27-Sep-2022,Business Interruption,USD,27260.48,11683.06,38943.54,R
CL001493,T0525,20-Mar-2023,31-Mar-2023,Professional Indemnity,USD,536463.72,0.0,536463.72,S
CL002180,T0031,09-Nov-2023,21-Nov-2023,General Liability,INR,5459012.72,0.0,5459012.72,S
CL001208,T0011,03-Jan-2023,10-Jan-2023,Workers Compensation,EUR,37170.18,0.0,37170.18,S
CL001260,T0512,11-Jan-2023,23-Jan-2023,Professional Indemnity,EUR,14113.98,0.0,14113.98,S
CL000073,T0541,31-May-2021,01-Jun-2021,Energy,USD,2105.2,40254.32,42359.52,O
CL002500,T0142,30-Jan-2024,05-Mar-2024,General Liability,EUR,10381.12,0.0,10381.12,S
CL002604,T0043,03-Apr-2024,05-Apr-2024,Directors & Officers,EUR,14232.03,0.0,14232.03,S
CL002260,T0518,15-Dec-2023,21-Dec-2023,Professional Indemnity,USD,423054.49,0.0,423054.49,S
CL001821,T0315,06-Jul-2023,16-Jul-2023,Workers Compensation,USD,31424.79,0.0,31424.79,S
CL001463,T0296,26-Feb-2023,24-Mar-2023,Natural Catastrophe,USD,32333.55,0.0,32333.55,S
CL005580,T0427,13-Jun-2026,05-Jul-2026,Marine Hull,USD,61261.04,131460.85,192721.89,O
CL001581,T0656,02-Mar-2023,29-Apr-2023,Natural Catastrophe,USD,80610.93,0.0,80610.93,S
CL003443,T0616,21-Dec-2024,23-Dec-2024,Aviation,EUR,2592.0,0.0,2592.0,S
CL002216,T0618,10-Nov-2023,03-Dec-2023,Aviation,EUR,10304.35,0.0,10304.35,S
CL004678,T0158,19-Nov-2025,24-Nov-2025,Workers Compensation,USD,23028.99,0.0,23028.99,S
CL001417,T0466,15-Feb-2023,07-Mar-2023,Fire & Explosion,USD,6472.66,34292.83,40765.49,O
CL001437,T0041,01-Mar-2023,15-Mar-2023,Fire & Explosion,USD,258881.16,0.0,258881.16,S
CL003976,T0063,11-May-2025,17-May-2025,Credit & Surety,EUR,32772.78,0.0,32772.78,S
CL001559,T0247,03-Mar-2023,20-Apr-2023,Workers Compensation,GBP,35490.53,0.0,35490.53,S
CL004735,T0124,12-Oct-2025,09-Dec-2025,Workers Compensation,USD,360808.28,0.0,360808.28,S
CL004655,T0222,10-Oct-2025,18-Nov-2025,Business Interruption,EUR,6846.19,24635.7,31481.89,O
CL004983,T0403,19-Jan-2026,08-Feb-2026,Natural Catastrophe,USD,11561.26,0.0,11561.26,S
CL005234,T0234,27-Mar-2026,10-Apr-2026,Natural Catastrophe,USD,12267.57,52070.4,64337.97,O
CL005068,T0018,26-Jan-2026,27-Feb-2026,General Liability,USD,43868.55,0.0,43868.55,S
CL001252,T0109,23-Dec-2022,20-Jan-2023,Natural Catastrophe,USD,45665.46,0.0,45665.46,S
CL002601,T0484,17-Feb-2024,04-Apr-2024,Business Interruption,EUR,132233.42,0.0,132233.42,S
CL002235,T0077,11-Nov-2023,11-Dec-2023,Auto Liability,USD,285583.37,0.0,285583.37,S
CL002263,T0021,16-Dec-2023,22-Dec-2023,Professional Indemnity,USD,40866.04,0.0,40866.04,S
CL002148,T0238,28-Oct-2023,04-Nov-2023,Workers Compensation,USD,2997.23,0.0,2997.23,S
CL003032,T0185,18-Aug-2024,29-Aug-2024,Fire & Explosion,EUR,541596.18,0.0,541596.18,S
CL001292,T0492,30-Dec-2022,01-Feb-2023,Medical Malpractice,USD,162683.63,0.0,162683.63,S
CL002786,T0650,18-Apr-2024,07-Jun-2024,Cyber,USD,13859.52,0.0,13859.52,S
CL002504,T0205,06-Jan-2024,06-Mar-2024,Workers Compensation,USD,74793.04,0.0,74793.04,S
CL000158,T0548,22-Jul-2021,13-Aug-2021,Fire & Explosion,USD,70895.11,0.0,70895.11,S
CL004080,T0311,10-Jun-2025,16-Jun-2025,Natural Catastrophe,INR,1873311.28,0.0,1873311.28,S
CL001290,T0337,22-Jan-2023,01-Feb-2023,Auto Liability,USD,3647.35,0.0,3647.35,S
CL001661,T0636,26-Mar-2023,25-May-2023,General Liability,EUR,17988.01,34393.81,52381.82,O
CL005823,T0138,09-Sep-2026,12-Sep-2026,Marine Hull,USD,793.16,4961.2,5754.36,O
CL003744,T0483,27-Feb-2025,14-Mar-2025,Auto Liability,USD,10490.45,0.0,10490.45,S
CL002170,T0339,16-Oct-2023,16-Nov-2023,Business Interruption,EUR,3085.67,0.0,3085.67,S
CL005341,T0400,05-May-2026,05-May-2026,Fire & Explosion,USD,42213.9,112150.18,154364.08,O
CL002169,T0121,27-Aug-2023,16-Nov-2023,Credit & Surety,USD,74985.85,0.0,74985.85,S
CL001991,T0647,20-Aug-2023,18-Sep-2023,Professional Indemnity,USD,235811.53,0.0,235811.53,S
CL004633,T0670,20-Oct-2025,14-Nov-2025,Aviation,USD,31998.99,95552.76,127551.75,O
CL003568,T0155,17-Jan-2025,28-Jan-2025,Natural Catastrophe,USD,26537.33,0.0,26537.33,S
CL005503,T0154,30-Apr-2026,15-Jun-2026,Medical Malpractice,USD,5379.66,6549.54,11929.2,O
CL003401,T0001,03-Dec-2024,12-Dec-2024,Fire & Explosion,USD,794523.91,0.0,794523.91,S
CL001451,T0492,09-Feb-2023,20-Mar-2023,Professional Indemnity,USD,14880.39,0.0,14880.39,S
CL002023,T0148,21-Sep-2023,27-Sep-2023,Auto Liability,INR,1985549.4,0.0,1985549.4,S
CL002177,T0039,07-Aug-2023,19-Nov-2023,Energy,USD,5786.14,0.0,5786.14,S
CL001457,T0464,17-Mar-2023,21-Mar-2023,Credit & Surety,USD,66760.51,0.0,66760.51,S
CL000865,T0466,18-Sep-2022,20-Sep-2022,Natural Catastrophe,USD,70613.61,0.0,70613.61,S
CL005810,T0209,20-Jul-2026,09-Sep-2026,Marine Hull,USD,4717.83,6098.25,10816.08,O
CL001797,T0569,20-Jun-2023,09-Jul-2023,Workers Compensation,USD,199119.66,0.0,199119.66,S
CL002970,T0587,22-Jun-2024,03-Aug-2024,Cyber,EUR,6889.46,0.0,6889.46,S
CL004591,T0356,07-Sep-2025,03-Nov-2025,Auto Liability,USD,1489.25,11993.67,13482.92,O
CL002466,T0692,07-Feb-2024,23-Feb-2024,Cyber,EUR,14788.72,0.0,14788.72,S
CL004700,T0200,14-Nov-2025,01-Dec-2025,Marine Hull,USD,556837.79,1415607.64,1972445.43,O
CL002211,T0412,19-Nov-2023,02-Dec-2023,General Liability,EUR,76782.71,181949.06,258731.77,O
CL001742,T0680,31-Mar-2023,22-Jun-2023,Fire & Explosion,USD,15529.4,0.0,15529.4,S
CL001635,T0593,05-May-2023,17-May-2023,Energy,USD,247940.69,0.0,247940.69,S
CL001414,T0193,28-Feb-2023,07-Mar-2023,Natural Catastrophe,USD,57491.06,0.0,57491.06,S
CL001324,T0612,22-Jan-2023,10-Feb-2023,Auto Liability,USD,33209.71,0.0,33209.71,S
CL002794,T0618,01-Jun-2024,10-Jun-2024,Aviation,EUR,11023.27,0.0,11023.27,S
CL005768,T0341,11-Aug-2026,25-Aug-2026,Political Risk,USD,17867.14,38493.07,56360.21,O
CL004325,T0318,27-Jul-2025,28-Aug-2025,Business Interruption,EUR,65660.5,0.0,65660.5,S
CL002659,T0205,07-Apr-2024,22-Apr-2024,General Liability,USD,29832.67,0.0,29832.67,S
CL003288,T0618,05-Oct-2024,06-Nov-2024,Political Risk,EUR,3778.91,7390.72,11169.63,O
CL002144,T0050,19-Oct-2023,04-Nov-2023,Workers Compensation,EUR,134503.89,0.0,134503.89,S
CL005908,T0106,25-Sep-2026,30-Sep-2026,Medical Malpractice,USD,10697.41,15726.21,26423.62,O
CL005458,T0423,23-Apr-2026,02-Jun-2026,Directors & Officers,USD,26384.83,46362.77,72747.6,O
CL004408,T0549,18-Sep-2025,18-Sep-2025,Workers Compensation,USD,1586.91,24887.64,26474.55,O
CL000830,T0232,14-Aug-2022,08-Sep-2022,Natural Catastrophe,USD,63577.38,0.0,63577.38,S
CL004650,T0097,14-Nov-2025,17-Nov-2025,Medical Malpractice,EUR,15586.51,0.0,15586.51,S
CL003026,T0386,26-Jul-2024,26-Aug-2024,Fire & Explosion,EUR,21731.65,0.0,21731.65,S
CL005678,T0537,31-Jul-2026,31-Jul-2026,Fire & Explosion,USD,28460.59,140730.94,169191.53,O
CL000303,T0664,27-Nov-2021,04-Dec-2021,Medical Malpractice,USD,73300.22,0.0,73300.22,S
CL000441,T0088,07-Feb-2022,24-Feb-2022,Fire & Explosion,USD,104233.58,0.0,104233.58,S
CL003394,T0072,29-Aug-2024,08-Dec-2024,Fire & Explosion,USD,57763.99,0.0,57763.99,S
CL005673,T0543,13-Jul-2026,30-Jul-2026,Professional Indemnity,USD,18367.3,0.0,18367.3,S
CL003844,T0054,07-Apr-2025,13-Apr-2025,Workers Compensation,EUR,78220.4,0.0,78220.4,S
CL003346,T0054,30-Oct-2024,26-Nov-2024,Auto Liability,EUR,17608.88,0.0,17608.88,S
CL000108,T0551,19-Jun-2021,01-Jul-2021,Natural Catastrophe,EUR,6349.56,35033.87,41383.43,O
CL000052,T0576,28-Apr-2021,07-May-2021,Marine Hull,USD,5152.65,0.0,5152.65,S
CL003340,T0195,14-Nov-2024,25-Nov-2024,Natural Catastrophe,INR,11079751.73,0.0,11079751.73,S
CL003858,T0155,16-Feb-2025,17-Apr-2025,Fire & Explosion,USD,684.35,83072.03,115446.29,O
CL000446,T0615,04-Feb-2022,26-Feb-2022,Professional Indemnity,EUR,60591.46,0.0,60591.46,S
CL002905,T0440,06-Jul-2024,15-Jul-2024,Energy,USD,20099.06,0.0,20099.06,S
CL004181,T0269,17-Jul-2025,19-Jul-2025,Business Interruption,USD,55399.63,0.0,55399.63,S
CL001792,T0247,07-Jul-2023,09-Jul-2023,Auto Liability,GBP,5136.05,0.0,5136.05,S
CL000827,T0235,06-Aug-2022,07-Sep-2022,Energy,USD,99872.9,0.0,99872.9,S
CL003138,T0019,08-Sep-2024,29-Sep-2024,Directors & Officers,USD,64162.05,0.0,64162.05,S
CL004595,T0058,25-Oct-2025,04-Nov-2025,Marine Hull,USD,8.76,4150.43,4159.19,O
CL003508,T0156,12-Dec-2024,09-Jan-2025,Natural Catastrophe,USD,2687.28,0.0,2687.28,S
CL001883,T0322,08-Aug-2023,09-Aug-2023,Professional Indemnity,USD,648.2,0.0,648.2,S
CL004132,T0646,01-Jul-2025,05-Jul-2025,Business Interruption,EUR,14441.0,0.0,14441.0,S
CL003891,T0030,16-Apr-2025,25-Apr-2025,Natural Catastrophe,USD,90914.81,0.0,90914.81,S
CL002451,T0021,07-Jan-2024,19-Feb-2024,Professional Indemnity,USD,56769.71,0.0,56769.71,S
CL000800,T0669,30-Jul-2022,28-Aug-2022,Natural Catastrophe,USD,41373.16,0.0,41373.16,S
CL005146,T0640,02-Mar-2026,17-Mar-2026,Energy,EUR,30776.56,44644.95,75421.51,O
CL005968,T0623,22-Sep-2026,30-Sep-2026,Cyber,USD,5176.17,17310.61,22486.78,O
CL000772,T0150,09-Aug-2022,18-Aug-2022,Auto Liability,USD,64521.5,0.0,64521.5,S
CL004784,T0651,25-Nov-2025,21-Dec-2025,Credit & Surety,USD,2036.16,4596.34,6632.5,O
CL005371,T0074,26-Apr-2026,14-May-2026,Business Interruption,USD,150610.29,641758.73,792369.02,O
CL004167,T0212,22-Jun-2025,14-Jul-2025,Workers Compensation,EUR,336399.08,0.0,336399.08,S
CL000320,T0392,05-Dec-2021,13-Dec-2021,Political Risk,USD,20258.16,100534.09,120792.25,O
CL002423,T0156,20-Jan-2024,10-Feb-2024,Natural Catastrophe,USD,58443.34,0.0,58443.34,S
CL000808,T0342,30-Jul-2022,30-Aug-2022,Directors & Officers,EUR,566408.87,0.0,566408.87,S
CL002550,T0136,12-Mar-2024,21-Mar-2024,Workers Compensation,USD,30189.86,0.0,30189.86,S
CL001294,T0689,31-Dec-2022,01-Feb-2023,Directors & Officers,GBP,806739.09,0.0,806739.09,S
CL003369,T0164,15-Oct-2024,01-Dec-2024,Professional Indemnity,EUR,49258.14,118885.16,168143.3,O
CL002715,T0009,04-May-2024,12-May-2024,Credit & Surety,USD,159441.21,0.0,159441.21,S
CL004831,T0116,08-Dec-2025,02-Jan-2026,Political Risk,INR,88543.12,1071413.68,1159956.8,O
CL003522,T0532,26-Dec-2024,13-Jan-2025,General Liability,EUR,61871.68,0.0,61871.68,S
CL005241,T0075,10-Apr-2026,14-Apr-2026,Fire & Explosion,USD,7008.19,94414.9,101423.09,O
CL001450,T0451,04-Mar-2023,20-Mar-2023,Energy,USD,26546.45,0.0,36357.4,S
CL000329,T0245,14-Nov-2021,18-Dec-2021,General Liability,EUR,36676.53,0.0,36676.53,S
CL003652,T0498,05-Feb-2025,18-Feb-2025,Auto Liability,USD,117328.01,0.0,117328.01,S
CL000662,T0653,17-Jun-2022,29-Jun-2022,Business Interruption,USD,332718.58,0.0,332718.58,S
CL003456,T0081,09-Dec-2024,26-Dec-2024,Professional Indemnity,EUR,6998.18,0.0,6998.18,S
CL003937,T0652,30-Apr-2025,04-May-2025,Political Risk,INR,1768460.24,0.0,1768460.24,S
CL000890,T0467,24-Sep-2022,30-Sep-2022,Fire & Explosion,EUR,107876.65,0.0,107876.65,S
CL002622,T0241,02-Apr-2024,09-Apr-2024,Credit & Surety,USD,22565.42,0.0,22565.42,S
CL004374,T0572,11-Jul-2025,11-Sep-2025,Workers Compensation,EUR,75419.52,0.0,75419.52,S
CL000379,T0317,27-Dec-2021,20-Jan-2022,Medical Malpractice,USD,121697.11,0.0,121697.11,S
CL004722,T0601,02-Dec-2025,05-Dec-2025,General Liability,EUR,1115310.99,0.0,1115310.99,S
CL000091,T0073,12-May-2021,18-Jun-2021,General Liability,EUR,265830.36,0.0,265830.36,S
CL002838,T0433,21-Jun-2024,23-Jun-2024,Workers Compensation,USD,201332.55,226905.12,428237.67,O
CL003597,T0328,26-Jan-2025,05-Feb-2025,Workers Compensation,USD,21952.84,0.0,21952.84,S
CL005207,T0406,17-Mar-2026,03-Apr-2026,Energy,GBP,1108.83,107425.73,108534.56,O
CL004826,T0423,17-Dec-2025,31-Dec-2025,Directors & Officers,USD,12179.02,196664.38,208843.4,O
CL005518,T0579,15-Jun-2026,19-Jun-2026,Credit & Surety,USD,446.32,0.0,446.32,S
CL001980,T0045,17-Jul-2023,15-Sep-2023,Workers Compensation,USD,22959.0,0.0,22959.0,S
CL005569,T0427,04-Jun-2026,02-Jul-2026,Aviation,USD,642216.77,0.0,642216.77,S
CL001166,T0017,28-Dec-2022,28-Dec-2022,Fire & Explosion,EUR,21762.82,0.0,21762.82,S
CL000973,T0096,17-Oct-2022,31-Oct-2022,Medical Malpractice,EUR,6700.57,0.0,6700.57,S
CL002893,T0185,11-May-2024,12-Jul-2024,Fire & Explosion,EUR,289284.32,0.0,289284.32,S
CL000364,T0392,01-Jan-2022,12-Jan-2022,Marine Hull,USD,617843.65,0.0,617843.65,S
CL004531,T0280,15-Aug-2025,22-Oct-2025,Fire & Explosion,USD,14563.32,0.0,14563.32,S
CL004037,T0685,30-May-2025,05-Jun-2025,General Liability,EUR,37223.1,69678.85,106901.95,O
CL005197,T0613,16-Feb-2026,01-Apr-2026,Professional Indemnity,USD,12333.55,39524.93,51858.48,O
CL004086,T0284,14-Apr-2025,17-Jun-2025,Credit & Surety,EUR,171539.72,0.0,171539.72,S
CL004498,T0233,01-Sep-2025,14-Oct-2025,Credit & Surety,USD,460585.33,0.0,460585.33,S
CL004270,T0634,12-Aug-2025,12-Aug-2025,Cyber,USD,14300.25,0.0,14300.25,S
CL000333,T0437,06-Dec-2021,20-Dec-2021,Professional Indemnity,USD,35284.15,0.0,35284.15,S
CL005179,T0243,15-Mar-2026,28-Mar-2026,Energy,USD,36074.68,0.0,36074.68,S
CL005131,T0188,21-Feb-2026,14-Mar-2026,General Liability,USD,67.96,1340.98,1408.94,O
CL002189,T0678,28-Sep-2023,23-Nov-2023,Aviation,INR,20221652.21,0.0,20221652.21,S
CL004237,T0465,22-May-2025,02-Aug-2025,Natural Catastrophe,INR,637489.99,6383133.25,7020623.24,O
CL002841,T0185,01-Jun-2025,25-Jun-2024,Natural Catastrophe,EUR,319585.9,0.0,319585.9,S
CL005089,T0536,10-Feb-2026,03-Mar-2026,Medical Malpractice,USD,250819.34,0.0,250819.34,S
CL001356,T0434,15-Feb-2023,19-Feb-2023,Business Interruption,EUR,18444.91,0.0,18444.91,S
CL003758,T0181,04-Mar-2025,21-Mar-2025,Workers Compensation,USD,55273.04,0.0,55273.04,S
CL001037,T0258,30-Oct-2022,21-Nov-2022,Energy,USD,188174.43,0.0,188174.43,S
CL001506,T0404,30-Mar-2023,05-Apr-2023,Business Interruption,USD,53256.81,0.0,53256.81,S
CL003788,T0071,08-Mar-2025,28-Mar-2025,Energy,EUR,9594.71,0.0,9594.71,S
CL003984,T0695,31-Mar-2025,19-May-2025,Business Interruption,EUR,303819.61,0.0,303819.61,S
CL004703,T0200,29-Nov-2025,02-Dec-2025,Aviation,USD,1609066.66,0.0,1609066.66,S
CL002043,T0145,21-Aug-2023,04-Oct-2023,Natural Catastrophe,USD,23934.71,0.0,23934.71,S
CL000068,T0231,17-May-2021,28-May-2021,Workers Compensation,USD,7023.52,0.0,7023.52,S
CL000629,T0139,12-Jun-2022,12-Jun-2022,Directors & Officers,EUR,24443.13,0.0,24443.13,S
CL005161,T0182,16-Mar-2026,23-Mar-2026,Aviation,USD,21089.68,105002.86,126092.54,O
CL001212,T0286,29-Nov-2022,10-Jan-2023,Marine Hull,EUR,90972.51,0.0,90972.51,S
CL002419,T0455,01-Dec-2023,08-Feb-2024,Fire & Explosion,USD,58420.98,106144.18,164565.16,O
CL003739,T0668,03-Mar-2025,12-Mar-2025,Aviation,INR,12637227.96,0.0,12637227.96,S
CL002878,T0119,21-May-2024,05-Jul-2024,Workers Compensation,USD,3561.77,6470.39,10032.16,O
CL002158,T0421,07-Jun-2023,09-Nov-2023,Cyber,USD,53711.97,0.0,53711.97,S
CL003024,T0205,07-Aug-2024,26-Aug-2024,Workers Compensation,USD,120927.5,0.0,120927.5,S
CL002322,T0622,31-Oct-2023,10-Jan-2024,Aviation,INR,98720.24,129030.28,227750.52,O
CL004119,T0284,20-May-2025,30-Jun-2025,Directors & Officers,EUR,505061.97,858477.04,1363539.01,O
CL004294,T0599,07-Aug-2025,19-Aug-2025,General Liability,USD,2095.17,0.0,2095.17,S
CL004045,T0355,21-May-2025,07-Jun-2025,Auto Liability,USD,191224.24,0.0,191224.24,S
CL004251,T0395,05-Aug-2025,07-Aug-2025,Workers Compensation,USD,5899.32,0.0,5899.32,S
CL005391,T0005,16-May-2026,18-May-2026,Fire & Explosion,USD,46768.14,106020.88,152789.02,O
CL003391,T0355,30-Nov-2024,06-Dec-2024,Auto Liability,USD,111426.4,0.0,111426.4,S
CL001360,T0509,04-Feb-2023,20-Feb-2023,Professional Indemnity,USD,13691.81,0.0,13691.81,S
CL001057,T0229,26-Nov-2022,27-Nov-2022,Business Interruption,USD,28202.72,0.0,28202.72,S
CL004451,T0603,27-Sep-2025,30-Sep-2025,General Liability,INR,6773480.61,8646986.14,15420466.75,O
CL005467,T0198,28-May-2026,06-Jun-2026,Natural Catastrophe,USD,3843.04,65863.62,69706.66,O
CL005738,T0248,26-Jul-2026,16-Aug-2026,Political Risk,USD,8251.93,62681.47,70933.4,O
CL001726,T0096,26-May-2023,15-Jun-2023,Medical Malpractice,EUR,22383.8,0.0,22383.8,S
CL000374,T0161,30-Aug-2021,18-Jan-2022,Directors & Officers,EUR,2304.17,0.0,2304.17,S
CL002443,T0127,07-Apr-2023,17-Feb-2024,General Liability,USD,238914.21,0.0,238914.21,S
CL004659,T0116,20-Sep-2025,20-Nov-2025,Political Risk,INR,25934011.68,0.0,25934011.68,S
CL002740,T0598,03-May-2024,19-May-2024,Workers Compensation,USD,288130.99,0.0,288130.99,S
CL005948,T0523,08-Sep-2026,30-Sep-2026,Natural Catastrophe,EUR,463.01,2129.75,2592.76,O
CL001453,T0098,07-Mar-2023,21-Mar-2023,Fire & Explosion,EUR,107940.88,0.0,107940.88,S
CL002284,T0186,12-Dec-2023,29-Dec-2023,Energy,EUR,57053.82,406467.05,463520.87,O
CL004668,T0681,20-Nov-2025,21-Nov-2025,Natural Catastrophe,USD,17127.51,40696.76,57824.27,O
CL001703,T0017,24-Apr-2023,10-Jun-2023,Natural Catastrophe,EUR,14459.58,0.0,14459.58,S
CL005127,T0256,12-Mar-2026,13-Mar-2026,Marine Hull,USD,102895.26,168306.85,271202.11,O
CL005899,T0053,17-Sep-2026,30-Sep-2026,Business Interruption,USD,41624.58,69157.94,110782.52,O
CL005226,T0200,24-Jan-2026,08-Apr-2026,Political Risk,USD,1679625.07,0.0,1679625.07,S
CL002532,T0205,03-Feb-2024,15-Mar-2024,Auto Liability,USD,72115.46,0.0,72115.46,S
CL000507,T0197,11-Feb-2022,04-Apr-2022,Cyber,USD,47395.34,185925.66,233321.0,O
CL004372,T0246,27-Aug-2025,11-Sep-2025,Auto Liability,EUR,217918.25,361453.06,579371.31,O
CL000361,T0073,05-Jan-2022,10-Jan-2022,Auto Liability,EUR,1378659.8,590854.2,1969514.0,R
CL003109,T0696,29-Jul-2024,20-Sep-2024,Auto Liability,USD,1226152.99,0.0,1226152.99,S
CL001682,T0031,18-May-2023,03-Jun-2023,General Liability,INR,169175.88,265767.25,434943.13,O
CL004569,T0651,28-Oct-2025,29-Oct-2025,Credit & Surety,USD,12268.45,0.0,12268.45,S
CL000881,T0283,21-Sep-2022,27-Sep-2022,Auto Liability,EUR,631398.82,0.0,631398.82,S
CL001934,T0489,25-Aug-2023,29-Aug-2023,Auto Liability,EUR,37188.78,0.0,37188.78,S
CL003728,T0116,14-Jan-2025,11-Mar-2025,Energy,INR,2563345.38,0.0,2563345.38,S
CL002227,T0352,12-Nov-2023,08-Dec-2023,Credit & Surety,USD,24298.61,90751.43,115050.04,O
CL005365,T0187,23-Apr-2026,11-May-2026,Natural Catastrophe,INR,3087159.3,9941581.72,13028741.02,O
CL002314,T0650,18-Dec-2023,08-Jan-2024,Credit & Surety,USD,67490.75,0.0,67490.75,S
CL000619,T0669,25-May-2022,05-Jun-2022,Natural Catastrophe,USD,161229.15,0.0,161229.15,S
CL001817,T0376,29-Jun-2023,15-Jul-2023,Business Interruption,USD,23017.64,0.0,23017.64,S
CL000582,T0392,02-May-2022,12-May-2022,Marine Hull,USD,357589.86,0.0,357589.86,S
CL003070,T0023,06-Jul-2024,07-Sep-2024,Natural Catastrophe,INR,1686163.17,0.0,1686163.17,S
CL002406,T0649,21-Dec-2023,03-Feb-2024,Fire & Explosion,USD,146376.42,0.0,146376.42,S
CL001600,T0126,25-Apr-2023,06-May-2023,Natural Catastrophe,USD,27133.94,0.0,27133.94,S
CL004936,T0029,18-Jan-2026,27-Jan-2026,Marine Hull,USD,9395.92,19404.37,28800.29,O
CL004658,T0311,11-Nov-2025,19-Nov-2025,Fire & Explosion,INR,969278.83,2815219.75,3784498.58,O
CL000855,T0416,04-Aug-2022,15-Sep-2022,Credit & Surety,USD,23341.89,0.0,23341.89,S
CL000210,T0458,23-Sep-2021,29-Sep-2021,Aviation,USD,108868.59,0.0,108868.59,S
CL003086,T0127,15-Sep-2024,15-Sep-2024,Workers Compensation,USD,70941.46,0.0,70941.46,S
CL002296,T0130,31-Oct-2023,02-Jan-2024,General Liability,USD,35229.22,0.0,35229.22,S
CL000907,T0619,21-Aug-2022,05-Oct-2022,Natural Catastrophe,USD,48954.55,0.0,48954.55,S
CL004468,T0276,01-Sep-2025,06-Oct-2025,Cyber,USD,89077.12,203912.13,292989.25,O
CL000795,T0422,15-Jul-2022,26-Aug-2022,Business Interruption,USD,204232.44,407026.04,611258.48,O
CL003969,T0032,28-Apr-2025,15-May-2025,Fire & Explosion,USD,104643.74,0.0,104643.74,S
CL003680,T0321,17-Feb-2025,25-Feb-2025,Workers Compensation,USD,238131.48,0.0,238131.48,S
CL003336,T0129,17-Nov-2024,23-Nov-2024,General Liability,USD,42083.73,0.0,42083.73,S
CL001688,T0238,05-May-2023,06-Jun-2023,General Liability,USD,27248.4,0.0,27248.4,S
CL002508,T0086,23-Jan-2024,07-Mar-2024,Credit & Surety,USD,19674.71,0.0,19674.71,S
CL000181,T0514,04-Aug-2021,07-Sep-2021,Aviation,USD,44015.12,0.0,44015.12,S
CL003887,T0001,12-Apr-2025,24-Apr-2025,Natural Catastrophe,USD,138151.16,569987.61,708138.77,O
CL000852,T0698,23-Aug-2022,14-Sep-2022,Medical Malpractice,USD,1667.5,0.0,1667.5,S
CL004709,T0257,06-Oct-2025,03-Dec-2025,Professional Indemnity,USD,61573.23,0.0,61573.23,S
CL004905,T0633,27-Dec-2025,20-Jan-2026,Professional Indemnity,USD,55048.98,0.0,55048.98,S
CL004345,T0663,05-Aug-2025,02-Sep-2025,Workers Compensation,EUR,69061.61,108457.81,177519.42,O
CL005223,T0403,30-Mar-2026,06-Apr-2026,Business Interruption,USD,151709.05,0.0,151709.05,S
CL004810,T0188,27-Dec-2025,28-Dec-2025,Workers Compensation,USD,15643.16,0.0,15643.16,S
CL004786,T0572,15-Dec-2025,22-Dec-2025,Auto Liability,EUR,25644.47,0.0,25644.47,S
CL004161,T0249,05-Jul-2025,12-Jul-2025,Political Risk,USD,58955.17,25266.5,84221.67,R
CL004782,T0356,30-Nov-2025,21-Dec-2025,Auto Liability,USD,3913.51,0.0,3913.51,S
CL003447,T0284,24-Oct-2024,24-Dec-2024,Credit & Surety,EUR,87963.77,0.0,87963.77,S
CL000900,T0229,21-Sep-2022,04-Oct-2022,Business Interruption,USD,22650.17,0.0,22650.17,S
CL004765,T0099,03-Dec-2025,17-Dec-2025,Aviation,USD,14113.48,94929.33,109042.81,O
CL005734,T0028,29-Jul-2026,15-Aug-2026,Auto Liability,USD,2117.6,9456.24,11573.84,O
CL002489,T0119,04-Feb-2024,01-Mar-2024,Workers Compensation,USD,5008.68,0.0,5008.68,S
CL001857,T0631,16-Jun-2023,27-Jul-2023,Credit & Surety,USD,1993.57,0.0,1993.57,S
CL000606,T0411,21-May-2022,29-May-2022,Business Interruption,EUR,12843.01,0.0,12843.01,S
CL001348,T0039,18-Dec-2022,17-Feb-2023,Aviation,USD,20775.96,0.0,20775.96,S
CL002403,T0618,06-Jan-2024,02-Feb-2024,Aviation,EUR,104045.64,0.0,104045.64,S
CL002716,T0010,24-Apr-2024,12-May-2024,Business Interruption,USD,21196.15,0.0,21196.15,S
CL005025,T0485,10-Feb-2026,17-Feb-2026,Cyber,EUR,41616.46,47494.89,89111.35,O
CL005228,T0064,19-Mar-2026,09-Apr-2026,Business Interruption,USD,3794.21,21401.37,25195.58,O
CL001610,T0113,12-Apr-2023,09-May-2023,Medical Malpractice,INR,571910.44,0.0,571910.44,S
CL003015,T0517,17-Aug-2024,22-Aug-2024,Directors & Officers,EUR,23872.91,41885.98,65758.89,O
CL003207,T0216,05-Aug-2024,18-Oct-2024,Energy,USD,33676.05,57902.24,91578.29,O
CL000838,T0177,29-Aug-2022,11-Sep-2022,Medical Malpractice,USD,8438.75,0.0,8438.75,S
CL004332,T0651,12-Jun-2026,29-Aug-2025,Directors & Officers,USD,24038.94,0.0,24038.94,S
CL000163,T0674,17-Aug-2021,18-Aug-2021,Auto Liability,EUR,13435.88,23336.01,36771.89,O
CL004230,T0226,31-Jul-2025,01-Aug-2025,Natural Catastrophe,USD,30313.6,63968.81,94282.41,O
CL002084,T0251,10-Oct-2023,15-Oct-2023,Workers Compensation,EUR,22993.05,0.0,22993.05,S
CL003125,T0141,11-Sep-2024,25-Sep-2024,Workers Compensation,USD,355437.75,0.0,355437.75,S
CL000753,T0281,08-Aug-2022,10-Aug-2022,Natural Catastrophe,EUR,64112.07,0.0,64112.07,S
CL002833,T0025,02-Apr-2024,22-Jun-2024,Credit & Surety,USD,105318.37,0.0,105318.37,S
CL001622,T0510,11-May-2023,13-May-2023,Auto Liability,USD,112927.47,317125.49,430052.96,O
CL004182,T0285,22-May-2025,19-Jul-2025,Energy,USD,87869.77,0.0,87869.77,S
CL000857,T0109,06-Sep-2022,16-Sep-2022,Business Interruption,USD,91337.14,0.0,91337.14,S
CL005795,T0439,29-May-2026,02-Sep-2026,Professional Indemnity,USD,67508.45,450554.8,518063.25,O
CL002593,T0218,23-Mar-2024,02-Apr-2024,Fire & Explosion,EUR,9206.64,0.0,9206.64,S
CL001961,T0384,20-Jul-2023,07-Sep-2023,Political Risk,EUR,21379.06,0.0,24793.03,S
CL004955,T0503,24-Jan-2026,31-Jan-2026,Aviation,USD,15459.17,50745.49,66204.66,O
CL004993,T0298,31-Jan-2026,11-Feb-2026,Auto Liability,EUR,2056.53,0.0,2056.53,S
CL000004,T0231,20-Jan-2021,01-Feb-2021,Auto Liability,USD,396720.85,0.0,396720.85,S
CL004362,T0270,28-Aug-2025,06-Sep-2025,General Liability,GBP,24753.31,10608.56,35361.87,R
CL005078,T0575,26-Feb-2026,28-Feb-2026,Fire & Explosion,USD,155.85,1448.8,1604.65,O
CL001376,T0421,15-Feb-2023,25-Feb-2023,Directors & Officers,USD,67327.08,0.0,67327.08,S
CL003231,T0473,23-Aug-2024,24-Oct-2024,Business Interruption,GBP,16257.27,0.0,16257.27,S
CL002405,T0608,13-Jan-2024,03-Feb-2024,Credit & Surety,USD,14858.57,0.0,14858.57,S
CL001285,T0286,22-Nov-2022,31-Jan-2023,Energy,EUR,56158.39,0.0,56158.39,S
CL005975,T0679,13-Sep-2026,30-Sep-2026,Natural Catastrophe,USD,810.24,10215.77,11026.01,O
CL005511,T0307,10-Jun-2026,17-Jun-2026,General Liability,USD,75682.72,80829.72,156512.44,O
CL004989,T0379,09-Feb-2026,10-Feb-2026,Credit & Surety,USD,412.93,5176.12,5589.05,O
CL001325,T0647,11-Dec-2022,10-Feb-2023,Professional Indemnity,USD,49802.17,0.0,49802.17,S
CL004032,T0534,27-May-2025,04-Jun-2025,Marine Hull,USD,92196.87,0.0,92196.87,S
CL002797,T0393,12-Apr-2024,11-Jun-2024,Fire & Explosion,USD,21935.96,0.0,21935.96,S
CL003306,T0456,12-Sep-2024,13-Nov-2024,Fire & Explosion,USD,62888.71,0.0,62888.71,S
CL002361,T0472,17-Jan-2024,22-Jan-2024,Natural Catastrophe,USD,13861.3,0.0,13861.3,S
CL003521,T0360,14-Dec-2024,13-Jan-2025,Cyber,USD,74091.38,0.0,74091.38,S
CL005640,T0062,12-Jul-2026,21-Jul-2026,Workers Compensation,USD,125.38,21985.74,22111.12,O
CL004190,T0054,18-Jul-2025,21-Jul-2025,General Liability,EUR,29390.41,0.0,29390.41,S
CL005382,T0543,11-May-2026,16-May-2026,Medical Malpractice,USD,151.27,206.83,358.1,O
CL001454,T0219,16-Mar-2023,21-Mar-2023,Business Interruption,USD,11466.84,0.0,11466.84,S
CL004728,T0564,22-Nov-2025,07-Dec-2025,Credit & Surety,INR,18868228.64,21774698.17,40642926.81,O
CL002570,T0665,13-Mar-2024,27-Mar-2024,Directors & Officers,USD,166058.82,0.0,166058.82,S
CL000124,T0419,14-Jun-2021,14-Jul-2021,Natural Catastrophe,USD,292.77,1014.9,1307.67,O
CL002357,T0574,20-Jan-2024,20-Jan-2024,Auto Liability,EUR,3181.58,33517.59,36699.17,O
CL005339,T0596,25-Apr-2026,03-May-2026,Medical Malpractice,EUR,12449.53,67226.98,79676.51,O
CL004496,T0168,22-Aug-2025,14-Oct-2025,Cyber,USD,24549.22,0.0,24549.22,S
CL004497,T0215,09-Oct-2025,14-Oct-2025,Business Interruption,USD,708605.45,0.0,708605.45,S
CL005698,T0403,29-Jul-2026,05-Aug-2026,Business Interruption,USD,39150.94,0.0,39150.94,S
CL002298,T0295,22-Dec-2023,02-Jan-2024,Natural Catastrophe,USD,73934.97,0.0,73934.97,S
CL001516,T0467,31-Mar-2023,07-Apr-2023,Fire & Explosion,EUR,349225.92,0.0,349225.92,S
CL001433,T0698,04-Mar-2023,12-Mar-2023,Professional Indemnity,USD,4252.06,0.0,4252.06,S
CL002819,T0043,28-May-2024,17-Jun-2024,Directors & Officers,EUR,15588.26,0.0,15588.26,S
CL005353,T0543,09-Apr-2026,08-May-2026,Professional Indemnity,USD,1159.64,0.0,1159.64,S
CL002266,T0677,14-Dec-2023,22-Dec-2023,Natural Catastrophe,USD,83961.44,0.0,83961.44,S
CL000649,T0235,20-May-2022,23-Jun-2022,Energy,USD,27670.17,0.0,27670.17,S
CL000293,T0380,22-Nov-2021,24-Nov-2021,Business Interruption,EUR,27127.14,0.0,27127.14,S
CL003004,T0063,10-Aug-2024,18-Aug-2024,Credit & Surety,EUR,8357.0,0.0,8357.0,S
CL000050,T0361,04-May-2021,07-May-2021,Workers Compensation,USD,2609.33,0.0,2609.33,S
CL005843,T0555,14-May-2026,17-Sep-2026,Professional Indemnity,USD,12766.44,19000.68,31767.12,O
CL004356,T0400,01-Sep-2025,05-Sep-2025,Business Interruption,USD,357923.68,0.0,357923.68,S
CL003323,T0382,15-Nov-2024,19-Nov-2024,General Liability,EUR,9864.35,0.0,9864.35,S
CL003974,T0553,04-May-2025,16-May-2025,Cyber,USD,202923.97,0.0,202923.97,S
CL005168,T0684,19-Mar-2026,24-Mar-2026,Auto Liability,USD,2334.23,8885.76,11219.99,O
CL000034,T0361,12-Apr-2021,17-Apr-2021,General Liability,USD,7113.64,0.0,7113.64,S
CL003051,T0473,30-Aug-2024,02-Sep-2024,Business Interruption,GBP,189951.8,0.0,189951.8,S
CL000884,T0223,14-Sep-2022,28-Sep-2022,Natural Catastrophe,USD,47528.12,0.0,47528.12,S
CL003550,T0353,13-Dec-2024,21-Jan-2025,Business Interruption,USD,39340.78,0.0,39340.78,S
CL004943,T0495,20-Jan-2026,27-Jan-2026,Natural Catastrophe,INR,16052190.52,0.0,16052190.52,S
CL002821,T0086,20-May-2024,17-Jun-2024,Credit & Surety,USD,507640.97,0.0,507640.97,S
CL004115,T0556,19-Jun-2025,28-Jun-2025,Business Interruption,USD,2473.22,2774.1,5247.32,O
CL004639,T0661,07-Nov-2025,15-Nov-2025,Workers Compensation,EUR,25287.69,28997.44,54285.13,O
CL001452,T0647,14-Feb-2023,20-Mar-2023,Medical Malpractice,USD,38246.52,0.0,38246.52,S
CL004350,T0683,06-Aug-2025,04-Sep-2025,General Liability,USD,4890.79,18901.87,23792.66,O
CL005634,T0095,08-Jul-2026,19-Jul-2026,Aviation,USD,21985.43,44979.83,66965.26,O
CL000866,T0619,16-Sep-2022,20-Sep-2022,Fire & Explosion,USD,11476.55,0.0,11476.55,S
CL003041,T0195,16-Aug-2024,01-Sep-2024,Business Interruption,INR,4019844.24,6275586.75,10295430.99,O
CL003225,T0533,14-Oct-2024,22-Oct-2024,Workers Compensation,USD,1832545.81,0.0,1832545.81,S
CL004660,T0233,19-Nov-2025,20-Nov-2025,Directors & Officers,USD,39469.52,0.0,39469.52,S
CL000868,T0229,15-Sep-2022,21-Sep-2022,Business Interruption,USD,95288.08,0.0,95288.08,S
CL004697,T0651,22-Nov-2025,29-Nov-2025,Credit & Surety,USD,4930.32,0.0,4930.32,S
CL004822,T0261,25-Sep-2025,30-Dec-2025,General Liability,EUR,305137.11,0.0,305137.11,S
CL005196,T0564,31-Jan-2026,01-Apr-2026,Cyber,INR,51768804.44,0.0,51768804.44,S
CL004511,T0633,12-Oct-2025,15-Oct-2025,Professional Indemnity,USD,170263.26,0.0,170263.26,S
CL004160,T0199,20-Jun-2025,12-Jul-2025,Aviation,INR,7470825.98,0.0,7470825.98,S
CL005247,T0413,31-Mar-2026,15-Apr-2026,Natural Catastrophe,GBP,3359.88,30832.08,34191.96,O
CL003907,T0114,12-Apr-2025,28-Apr-2025,Medical Malpractice,USD,145967.61,0.0,145967.61,S
CL001340,T0538,02-Feb-2023,13-Feb-2023,Fire & Explosion,USD,672128.73,0.0,672128.73,S
CL003766,T0498,06-Mar-2025,22-Mar-2025,Auto Liability,USD,7308.72,0.0,7308.72,S
CL005732,T0605,10-Aug-2026,14-Aug-2026,General Liability,USD,8178.8,35703.81,43882.61,O
CL003214,T0533,03-Oct-2024,19-Oct-2024,Auto Liability,USD,545997.68,0.0,545997.68,S
CL003746,T0603,21-Jan-2025,15-Mar-2025,Workers Compensation,INR,2179126.06,0.0,2179126.06,S
CL000380,T0437,30-Dec-2021,20-Jan-2022,Medical Malpractice,USD,39013.02,0.0,39013.02,S
CL000889,T0610,15-Sep-2022,29-Sep-2022,Natural Catastrophe,USD,311768.5,0.0,311768.5,S
CL002383,T0271,21-Dec-2023,27-Jan-2024,Marine Hull,EUR,207634.09,0.0,207634.09,S
CL005028,T0378,16-Feb-2026,18-Feb-2026,Medical Malpractice,INR,4359717.34,0.0,4359717.34,S
CL001110,T0292,11-Dec-2022,13-Dec-2022,Medical Malpractice,EUR,18380.5,0.0,18380.5,S
CL000367,T0558,05-Jan-2022,13-Jan-2022,Auto Liability,USD,147436.76,0.0,147436.76,S
CL004001,T0438,21-Apr-2025,24-May-2025,Credit & Surety,USD,229432.37,0.0,229432.37,S
CL001473,T0371,28-Feb-2023,27-Mar-2023,Auto Liability,USD,56452.93,0.0,56452.93,S
CL004467,T0097,28-Sep-2025,05-Oct-2025,Medical Malpractice,EUR,8317.78,24624.42,32942.2,O
CL001826,T0039,08-Jul-2023,17-Jul-2023,Political Risk,USD,84389.09,0.0,84389.09,S
CL003467,T0233,20-Dec-2024,28-Dec-2024,Credit & Surety,USD,155590.95,0.0,155590.95,S
CL003649,T0195,15-Jan-2025,18-Feb-2025,Business Interruption,INR,15577079.25,0.0,15577079.25,S
CL003322,T0189,17-Nov-2024,19-Nov-2024,Natural Catastrophe,USD,60615.76,0.0,60615.76,S
CL000691,T0437,19-Jul-2022,20-Jul-2022,Medical Malpractice,USD,58682.15,0.0,58682.15,S
CL001499,T0435,29-Mar-2023,04-Apr-2023,Cyber,USD,15491.32,0.0,15491.32,S
CL001881,T0421,19-Jul-2023,07-Aug-2023,Cyber,USD,31140.36,13345.87,44486.23,R
CL004301,T0644,12-Aug-2025,21-Aug-2025,General Liability,USD,92069.77,0.0,92069.77,S
CL004923,T0008,08-Nov-2025,25-Jan-2026,Natural Catastrophe,USD,130095.95,0.0,130095.95,S
CL005472,T0099,22-May-2026,07-Jun-2026,Aviation,USD,27905.31,0.0,27905.31,S
CL005914,T0188,16-Aug-2026,30-Sep-2026,Auto Liability,USD,244.45,2776.54,3020.99,O
CL000444,T0453,18-Nov-2021,25-Feb-2022,Medical Malpractice,USD,1817642.4,0.0,1817642.4,S
CL000989,T0281,07-Oct-2022,03-Nov-2022,Fire & Explosion,EUR,114696.85,0.0,114696.85,S
CL000008,T0140,26-Jan-2021,24-Feb-2021,Workers Compensation,EUR,27086.09,0.0,27086.09,S
CL001422,T0467,28-Feb-2023,09-Mar-2023,Business Interruption,EUR,25818.0,11064.86,36882.86,R
CL001007,T0588,07-Nov-2022,09-Nov-2022,Fire & Explosion,EUR,310288.07,0.0,310288.07,S
CL000130,T0159,28-Jun-2021,19-Jul-2021,Fire & Explosion,EUR,23327.49,0.0,23327.49,S
CL003496,T0629,18-Dec-2024,05-Jan-2025,Aviation,USD,45164.43,96831.88,141996.31,O
CL005949,T0523,15-Aug-2026,30-Sep-2026,Natural Catastrophe,EUR,372.43,5411.06,5783.49,O
CL000201,T0140,15-Sep-2021,25-Sep-2021,General Liability,EUR,207949.33,0.0,207949.33,S
CL005201,T0613,20-Mar-2026,02-Apr-2026,Professional Indemnity,USD,16537.33,34548.57,51085.9,O
CL005683,T0549,17-Jul-2026,02-Aug-2026,Workers Compensation,USD,8804.6,16089.19,24893.79,O
CL004004,T0237,04-Mar-2025,25-May-2025,Directors & Officers,USD,444659.71,0.0,444659.71,S
CL000742,T0042,24-Jul-2022,05-Aug-2022,Aviation,EUR,18619.3,0.0,18619.3,S
CL003909,T0125,20-Apr-2025,28-Apr-2025,Auto Liability,USD,412363.4,0.0,412363.4,S
CL002639,T0009,25-Mar-2024,14-Apr-2024,Credit & Surety,USD,126858.97,0.0,126858.97,S
CL001888,T0671,10-Aug-2023,10-Aug-2023,Workers Compensation,USD,10251.42,0.0,10251.42,S
CL000992,T0108,03-Nov-2022,04-Nov-2022,Medical Malpractice,USD,49951.77,0.0,49951.77,S
CL002036,T0010,10-Sep-2023,02-Oct-2023,Business Interruption,USD,15428.11,40956.33,56384.44,O
CL003688,T0533,15-Jan-2025,26-Feb-2025,General Liability,USD,228304.55,0.0,228304.55,S
CL005483,T0194,30-Mar-2026,09-Jun-2026,Business Interruption,EUR,89506.49,0.0,89506.49,S
CL000123,T0332,18-Jun-2021,14-Jul-2021,Workers Compensation,EUR,2857.5,9674.52,12532.02,O
CL004594,T0007,03-Nov-2025,04-Nov-2025,Workers Compensation,USD,11943.15,0.0,11943.15,S
CL003715,T0033,15-Feb-2025,07-Mar-2025,General Liability,USD,22104.76,0.0,22104.76,S
CL001374,T0287,16-Jan-2023,25-Feb-2023,Energy,EUR,257940.95,0.0,257940.95,S
CL004424,T0220,09-Sep-2025,22-Sep-2025,General Liability,EUR,13282.11,54199.6,67481.71,O
CL000828,T0354,18-Jun-2022,07-Sep-2022,General Liability,USD,12613.84,0.0,12613.84,S
CL003398,T0262,26-Nov-2024,10-Dec-2024,Directors & Officers,EUR,167454.82,0.0,167454.82,S
CL001796,T0371,11-Jun-2023,09-Jul-2023,Workers Compensation,USD,52936.81,0.0,52936.81,S
CL001175,T0061,09-Dec-2022,30-Dec-2022,Workers Compensation,USD,9980.16,32242.61,42222.77,O
CL003272,T0331,16-Oct-2024,01-Nov-2024,Fire & Explosion,USD,263971.93,0.0,263971.93,S
CL002907,T0486,14-Jun-2024,15-Jul-2024,General Liability,USD,73616.42,0.0,73616.42,S
CL001977,T0574,05-Sep-2023,13-Sep-2023,General Liability,EUR,28506.64,0.0,28506.64,S
CL004756,T0564,17-Nov-2025,13-Dec-2025,Cyber,INR,36286779.98,0.0,36286779.98,S
CL002499,T0127,19-Feb-2024,05-Mar-2024,Auto Liability,USD,277018.11,0.0,277018.11,S
CL001874,T0295,13-Jul-2023,04-Aug-2023,Natural Catastrophe,USD,78755.19,0.0,78755.19,S
CL005217,T0297,25-Mar-2026,05-Apr-2026,Credit & Surety,USD,419048.92,0.0,419048.92,S
CL005836,T0549,12-Aug-2026,15-Sep-2026,General Liability,USD,944562.62,3778250.49,4722813.11,O
CL001265,T0292,23-Dec-2022,24-Jan-2023,Professional Indemnity,EUR,34258.6,0.0,34258.6,S
CL000127,T0576,30-May-2021,16-Jul-2021,Political Risk,USD,4052.51,0.0,4052.51,S
CL001484,T0698,02-Mar-2023,29-Mar-2023,Professional Indemnity,USD,25688.7,0.0,25688.7,S
CL003957,T0684,08-May-2025,10-May-2025,Auto Liability,USD,6158.03,40902.43,47060.46,O
CL005946,T0503,25-Aug-2026,30-Sep-2026,Marine Hull,USD,43768.67,0.0,43768.67,S
CL002162,T0648,19-Sep-2023,10-Nov-2023,Fire & Explosion,EUR,64440.97,0.0,64440.97,S
CL003248,T0242,24-Oct-2024,27-Oct-2024,Aviation,USD,291837.51,0.0,291837.51,S
CL003559,T0381,31-Dec-2024,24-Jan-2025,Fire & Explosion,USD,194684.92,0.0,194684.92,S
CL004007,T0388,16-Feb-2025,25-May-2025,Fire & Explosion,USD,277413.55,0.0,277413.55,S
CL003385,T0353,26-Nov-2024,05-Dec-2024,Business Interruption,USD,60815.75,0.0,60815.75,S
CL002909,T0262,17-Jun-2024,16-Jul-2024,Cyber,EUR,145597.2,62398.8,207996.0,R
CL003852,T0212,31-Mar-2025,15-Apr-2025,General Liability,EUR,242445.48,0.0,242445.48,S
CL002116,T0505,04-Sep-2023,25-Oct-2023,Natural Catastrophe,USD,558291.66,0.0,558291.66,S
CL003082,T0284,14-Aug-2024,13-Sep-2024,Cyber,EUR,21664.76,0.0,21664.76,S
CL001543,T0610,22-Mar-2023,15-Apr-2023,Natural Catastrophe,USD,77088.15,33037.78,110125.93,R
CL004969,T0079,02-Feb-2026,04-Feb-2026,Business Interruption,USD,313323.87,1253295.47,1566619.34,O
CL005414,T0007,15-May-2026,22-May-2026,Workers Compensation,USD,13142.94,16063.24,29206.18,O
CL001860,T0566,29-Jul-2023,30-Jul-2023,Business Interruption,EUR,34839.51,0.0,34839.51,S
CL001048,T0108,13-Nov-2022,24-Nov-2022,Medical Malpractice,USD,261326.51,0.0,261326.51,S
CL001379,T0384,28-Dec-2022,26-Feb-2023,Energy,EUR,44475.51,0.0,44475.51,S
CL001769,T0357,29-Jun-2023,04-Jul-2023,Marine Hull,INR,26063280.04,0.0,32980835.19,S
CL000885,T0177,29-Sep-2022,29-Sep-2022,Professional Indemnity,USD,21359.04,0.0,21359.04,S
CL003612,T0382,17-Nov-2024,08-Feb-2025,General Liability,EUR,2336.79,19885.33,22222.12,O
CL003736,T0338,23-Feb-2025,12-Mar-2025,Natural Catastrophe,USD,2747.14,66188.38,68935.52,O
CL001766,T0026,13-Jun-2023,04-Jul-2023,Auto Liability,USD,16849.34,0.0,16849.34,S
CL900007,T9007,03-Jun-2025,10-Aug-2025,Cyber,USD,10980.08,0.0,10980.08,S
CL003629,T0072,24-Jan-2025,12-Feb-2025,Natural Catastrophe,USD,14232.54,0.0,14232.54,S
CL000575,T0139,23-Feb-2022,09-May-2022,Credit & Surety,EUR,1793.21,0.0,1793.21,S
CL003378,T0598,18-Oct-2024,03-Dec-2024,Auto Liability,USD,66983.92,0.0,66983.92,S
CL900009,T9009,03-Sep-2026,30-Sep-2026,Business Interruption,USD,4981.4,5325.14,10306.54,O
CL004830,T0173,08-Dec-2025,01-Jan-2026,Medical Malpractice,USD,3385.17,8001.26,11386.43,O
CL005273,T0005,26-Mar-2026,21-Apr-2026,Business Interruption,USD,120571.96,0.0,120571.96,S
CL002942,T0254,16-Jun-2024,26-Jul-2024,Medical Malpractice,USD,76953.95,0.0,76953.95,S
CL003554,T0141,18-Jan-2025,23-Jan-2025,General Liability,USD,141261.01,0.0,141261.01,S
CL001368,T0654,06-Jan-2023,22-Feb-2023,Natural Catastrophe,USD,56149.56,69976.0,126125.56,O
CL001349,T0528,26-Jan-2023,17-Feb-2023,Aviation,USD,35171.1,0.0,35171.1,S
CL005156,T0564,17-Jan-2026,21-Mar-2026,Directors & Officers,INR,841049.75,6160409.1,7001458.85,O
CL002437,T0255,13-Feb-2024,14-Feb-2024,Energy,INR,2969368.95,0.0,2969368.95,S
CL005542,T0559,17-May-2026,27-Jun-2026,Natural Catastrophe,USD,349239.38,1016832.1,1366071.48,O
CL002430,T0043,09-Feb-2024,12-Feb-2024,Directors & Officers,EUR,14947.89,0.0,14947.89,S
CL000392,T0474,12-Jan-2022,31-Jan-2022,Auto Liability,USD,206068.86,0.0,206068.86,S
CL900008,T9008,22-Oct-2025,11-Dec-2025,Natural Catastrophe,EUR,31031.3,0.0,31031.3,S
CL004679,T0288,17-Nov-2025,24-Nov-2025,General Liability,USD,468550.8,0.0,468550.8,S
CL005556,T0306,23-Jun-2026,30-Jun-2026,Political Risk,USD,12272.74,22887.54,35160.28,O
CL004525,T0192,20-Oct-2025,21-Oct-2025,Credit & Surety,USD,826186.95,0.0,826186.95,S
CL000990,T0376,30-Oct-2022,03-Nov-2022,Natural Catastrophe,USD,17671.0,0.0,17671.0,S
CL005779,T0407,09-Aug-2026,27-Aug-2026,Auto Liability,GBP,3648.9,19963.17,23612.07,O
CL004704,T0685,20-Nov-2025,02-Dec-2025,Auto Liability,EUR,1106.5,22177.33,23283.83,O
CL002755,T0164,20-Apr-2024,26-May-2024,Professional Indemnity,EUR,39060.06,0.0,39060.06,S
CL002171,T0454,29-Oct-2023,16-Nov-2023,Political Risk,USD,29132.62,0.0,29132.62,S
CL005340,T0373,22-Apr-2026,04-May-2026,Aviation,USD,442667.15,0.0,442667.15,S
CL003513,T0284,22-Dec-2024,11-Jan-2025,Directors & Officers,EUR,93328.56,0.0,93328.56,S
CL004192,T0222,18-Jul-2025,21-Jul-2025,Fire & Explosion,EUR,26843.32,0.0,26843.32,S
CL001203,T0345,03-Jan-2023,07-Jan-2023,Medical Malpractice,EUR,64552.68,0.0,64552.68,S
CL003920,T0360,05-Mar-2025,29-Apr-2025,Cyber,USD,19872.33,0.0,19872.33,S
CL001023,T0229,29-Sep-2022,16-Nov-2022,Natural Catastrophe,USD,5789.73,0.0,5789.73,S
CL002863,T0205,28-Jun-2024,02-Jul-2024,Auto Liability,USD,245345.98,0.0,245345.98,S
CL000880,T0698,25-Sep-2022,26-Sep-2022,Medical Malpractice,USD,129159.2,0.0,129159.2,S
CL003922,T0550,30-Mar-2025,29-Apr-2025,Medical Malpractice,USD,70268.74,0.0,70268.74,S
CL000283,T0590,09-Nov-2021,15-Nov-2021,Directors & Officers,USD,6352.46,0.0,6352.46,S
CL005746,T0209,27-Jul-2026,19-Aug-2026,Marine Hull,USD,90.39,5427.24,5517.63,O
CL000423,T0139,27-Jan-2022,15-Feb-2022,Credit & Surety,EUR,20481.06,0.0,20481.06,S
CL001951,T0351,30-Aug-2023,05-Sep-2023,Natural Catastrophe,INR,9794313.48,0.0,9794313.48,S
CL002488,T0692,30-Jan-2024,29-Feb-2024,Credit & Surety,EUR,71094.76,0.0,71094.76,S
CL001549,T0113,20-Mar-2023,17-Apr-2023,Medical Malpractice,INR,319258.35,0.0,319258.35,S
CL004081,T0552,26-May-2025,16-Jun-2025,Directors & Officers,USD,31826.45,109008.8,140835.25,O
CL004953,T0694,26-Jan-2026,30-Jan-2026,Political Risk,USD,103268.22,162016.77,265284.99,O
CL001680,T0422,21-Apr-2023,02-Jun-2023,Natural Catastrophe,USD,626007.11,0.0,626007.11,S
CL003607,T0690,09-Jan-2025,06-Feb-2025,Aviation,USD,108686.34,0.0,108686.34,X
CL004842,T0269,07-Jan-2026,07-Jan-2026,Fire & Explosion,USD,71005.09,180434.66,251439.75,O
CL003774,T0663,17-Feb-2025,23-Mar-2025,Workers Compensation,EUR,244573.04,0.0,244573.04,S
CL005267,T0596,16-Apr-2026,19-Apr-2026,Medical Malpractice,EUR,8698.0,92344.52,101042.52,O
CL000002,T0544,17-Jan-2021,31-Jan-2021,Cyber,USD,63669.86,0.0,63669.86,S
CL004577,T0344,19-Sep-2025,31-Oct-2025,Fire & Explosion,USD,96216.84,107984.22,204201.06,O
CL004538,T0204,14-Aug-2025,23-Oct-2025,Natural Catastrophe,USD,168230.61,742204.3,910434.91,O
CL001692,T0394,20-May-2023,06-Jun-2023,Business Interruption,USD,10102.09,0.0,10102.09,S
CL005513,T0485,09-Jun-2026,17-Jun-2026,Directors & Officers,EUR,204153.31,0.0,204153.31,S
CL000612,T0419,23-Feb-2022,03-Jun-2022,Business Interruption,USD,29040.92,0.0,29040.92,S
CL000013,T0159,10-Feb-2021,03-Mar-2021,Fire & Explosion,EUR,60715.34,0.0,60715.34,S
CL002783,T0587,29-May-2024,04-Jun-2024,Credit & Surety,EUR,32426.94,0.0,32426.94,S
CL005455,T0095,29-May-2026,02-Jun-2026,Marine Hull,USD,17647.68,0.0,17647.68,S
CL005246,T0407,15-Apr-2026,15-Apr-2026,General Liability,GBP,308925.53,0.0,308925.53,S
CL000184,T0418,09-Sep-2021,10-Sep-2021,General Liability,USD,94318.94,0.0,94318.94,S
CL002769,T0369,21-May-2024,30-May-2024,Workers Compensation,USD,25522.99,0.0,25522.99,S
CL003042,T0305,03-Aug-2024,01-Sep-2024,Auto Liability,USD,1356356.64,0.0,1356356.64,S
CL001219,T0342,11-Jan-2023,11-Jan-2023,Cyber,EUR,56313.25,0.0,56313.25,S
CL000425,T0139,16-Feb-2022,16-Feb-2022,Credit & Surety,EUR,1509.97,0.0,1509.97,S
CL005368,T0320,11-May-2026,12-May-2026,Medical Malpractice,USD,23709.87,0.0,23709.87,S
CL001527,T0422,12-Mar-2023,12-Apr-2023,Natural Catastrophe,USD,2479969.82,0.0,2479969.82,S
CL001752,T0238,31-Mar-2023,27-Jun-2023,Workers Compensation,USD,3861.81,0.0,3861.81,S
CL002988,T0369,18-Jul-2024,10-Aug-2024,Auto Liability,USD,127877.97,0.0,127877.97,S
CL000199,T0468,13-Aug-2021,23-Sep-2021,Business Interruption,USD,277970.35,0.0,277970.35,S
CL000465,T0541,23-Feb-2022,13-Mar-2022,Energy,USD,306539.98,0.0,306539.98,S
CL004752,T0183,03-Dec-2025,12-Dec-2025,Professional Indemnity,USD,3305.0,14548.67,17853.67,O
CL005243,T0442,14-Apr-2026,14-Apr-2026,Natural Catastrophe,USD,41773.35,344034.4,385807.75,O
CL001371,T0219,12-Feb-2023,24-Feb-2023,Fire & Explosion,USD,124850.2,0.0,124850.2,S
CL005628,T0580,02-Jul-2026,17-Jul-2026,Energy,EUR,29328.87,67788.87,97117.74,O
CL003097,T0225,17-Jul-2024,17-Sep-2024,Political Risk,EUR,4528.5,0.0,4528.5,S
CL005721,T0132,25-Jul-2026,10-Aug-2026,Business Interruption,USD,590213.65,2360854.59,2951068.24,O
CL000813,T0011,31-Aug-2022,02-Sep-2022,General Liability,EUR,187202.61,0.0,187202.61,S
CL000562,T0210,10-Apr-2022,29-Apr-2022,Fire & Explosion,USD,52457.95,22481.98,74939.93,R
CL004739,T0114,22-Nov-2025,10-Dec-2025,Medical Malpractice,USD,50838.67,0.0,50838.67,S
CL004203,T0184,07-Jul-2025,24-Jul-2025,Workers Compensation,EUR,3552.39,14128.63,17681.02,O
CL000362,T0217,04-Jan-2022,11-Jan-2022,Aviation,EUR,47521.61,0.0,47521.61,S
CL000521,T0504,04-Jan-2022,10-Apr-2022,General Liability,USD,221640.55,0.0,221640.55,S
CL004894,T0124,31-Dec-2025,19-Jan-2026,General Liability,USD,3076.48,0.0,3076.48,S
CL001589,T0041,01-May-2023,02-May-2023,Fire & Explosion,USD,86791.44,0.0,86791.44,S
CL004148,T0012,29-Jun-2025,10-Jul-2025,General Liability,USD,4140.89,0.0,4140.89,S
CL004919,T0483,24-Dec-2025,24-Jan-2026,Auto Liability,USD,12907.51,0.0,12907.51,S
CL000911,T0689,20-Sep-2022,07-Oct-2022,Directors & Officers,GBP,46339.34,0.0,46339.34,S
CL004560,T0508,27-Sep-2025,27-Oct-2025,Aviation,USD,2564.97,34858.19,37423.16,O
CL001868,T0432,29-Jul-2023,02-Aug-2023,Political Risk,INR,8541785.93,0.0,8541785.93,S
CL000697,T0144,12-May-2022,24-Jul-2022,General Liability,USD,27015.22,0.0,27015.22,S
CL001558,T0144,04-Apr-2023,20-Apr-2023,Auto Liability,USD,88892.88,0.0,88892.88,S
CL004504,T0022,15-Oct-2025,15-Oct-2025,Professional Indemnity,INR,85271660.78,0.0,85271660.78,S
CL001681,T0614,06-May-2023,02-Jun-2023,Natural Catastrophe,USD,27366.11,0.0,27366.11,S
CL002225,T0093,25-Nov-2023,08-Dec-2023,Cyber,USD,29432.27,0.0,29432.27,S
CL000703,T0098,19-Jul-2022,26-Jul-2022,Fire & Explosion,EUR,15882.8,0.0,15882.8,S
CL003440,T0246,30-Nov-2024,22-Dec-2024,Auto Liability,EUR,827543.97,0.0,827543.97,S
CL003093,T0497,20-Jul-2024,16-Sep-2024,General Liability,USD,317739.74,0.0,317739.74,S
CL003417,T0513,03-Dec-2024,15-Dec-2024,Cyber,USD,304780.63,0.0,304780.63,S
CL003255,T0226,24-Oct-2024,28-Oct-2024,Natural Catastrophe,USD,65975.34,0.0,65975.34,S
CL002016,T0145,12-May-2023,25-Sep-2023,Fire & Explosion,USD,27770.49,0.0,27770.49,S
CL005321,T0407,05-Apr-2026,29-Apr-2026,Workers Compensation,GBP,111516.87,0.0,111516.87,S
CL003805,T0388,04-Mar-2025,02-Apr-2025,Natural Catastrophe,USD,654932.41,0.0,654932.41,S
CL001812,T0258,15-Jun-2023,14-Jul-2023,Political Risk,USD,45436.9,19472.96,64909.86,R
CL001579,T0345,23-Apr-2023,29-Apr-2023,Medical Malpractice,EUR,18615.58,0.0,18615.58,S
CL001746,T0538,19-Jun-2023,24-Jun-2023,Business Interruption,USD,77450.26,0.0,77450.26,S
CL004388,T0521,23-May-2025,13-Sep-2025,Medical Malpractice,USD,2060.02,71901.82,73961.84,O
CL004819,T0318,13-Dec-2025,29-Dec-2025,Natural Catastrophe,EUR,591960.67,0.0,591960.67,S
CL000934,T0196,11-Oct-2022,15-Oct-2022,Natural Catastrophe,EUR,911.0,3079.04,3990.04,O
CL003634,T0438,02-Sep-2024,13-Feb-2025,Directors & Officers,USD,241258.72,0.0,241258.72,S
CL001986,T0632,11-Sep-2023,15-Sep-2023,Business Interruption,USD,22152.18,0.0,22152.18,S
CL001999,T0142,01-Sep-2023,22-Sep-2023,Auto Liability,EUR,77539.57,0.0,77539.57,S
CL003028,T0502,19-Aug-2024,27-Aug-2024,Auto Liability,INR,96588.58,0.0,96588.58,S
CL005461,T0103,11-May-2026,03-Jun-2026,Natural Catastrophe,EUR,172960.9,193144.82,366105.72,O
CL001117,T0102,24-Nov-2022,16-Dec-2022,Medical Malpractice,USD,21638.88,0.0,21638.88,S
CL003942,T0168,04-May-2025,06-May-2025,Directors & Officers,USD,3372.06,7993.42,11365.48,O
CL000654,T0682,13-May-2022,23-Jun-2022,Workers Compensation,USD,107349.76,0.0,107349.76,S
CL003038,T0405,24-Aug-2024,30-Aug-2024,Fire & Explosion,USD,1281096.27,0.0,1281096.27,S
CL005102,T0523,13-Feb-2026,05-Mar-2026,Business Interruption,EUR,12104.3,26792.25,38896.55,O
CL001326,T0672,29-Dec-2022,10-Feb-2023,Fire & Explosion,USD,73914.3,0.0,73914.3,S
CL002932,T0520,28-Jun-2024,23-Jul-2024,Energy,EUR,31027.89,0.0,31027.89,S
CL003241,T0242,25-Oct-2024,26-Oct-2024,Marine Hull,USD,484935.57,0.0,484935.57,S
CL000056,T0576,09-Apr-2021,09-May-2021,Energy,USD,51847.92,0.0,51847.92,S
CL005268,T0004,08-Apr-2026,20-Apr-2026,Fire & Explosion,INR,3468538.72,0.0,3468538.72,S
CL005859,T0358,08-Sep-2026,21-Sep-2026,Cyber,USD,318374.7,592383.69,910758.39,O
CL005438,T0661,15-Mar-2026,29-May-2026,Auto Liability,EUR,133062.53,177660.77,310723.3,O
CL005428,T0379,18-May-2026,27-May-2026,Directors & Officers,USD,25009.58,10718.39,35727.97,R
CL005815,T0681,10-Aug-2026,10-Sep-2026,Natural Catastrophe,USD,1549.99,37817.25,39367.24,O
CL001036,T0206,06-Nov-2022,21-Nov-2022,Business Interruption,INR,4989502.54,0.0,4989502.54,S
CL001920,T0480,07-Jun-2023,21-Aug-2023,Auto Liability,EUR,13396.91,0.0,13396.91,S
CL000528,T0619,08-Apr-2022,14-Apr-2022,Business Interruption,USD,27345.8,0.0,27345.8,S
CL000752,T0642,05-Jun-2022,09-Aug-2022,Energy,EUR,206131.82,0.0,206131.82,S
CL002256,T0518,16-Dec-2023,20-Dec-2023,Medical Malpractice,USD,159804.93,0.0,159804.93,S
CL004957,T0318,13-Dec-2025,01-Feb-2026,Fire & Explosion,EUR,29943.9,44760.35,74704.25,O
CL000287,T0545,29-Oct-2021,17-Nov-2021,Auto Liability,EUR,765654.1,0.0,765654.1,S
CL001312,T0283,17-Jan-2023,07-Feb-2023,General Liability,EUR,2301472.56,0.0,2301472.56,S
CL003480,T0381,16-Dec-2024,02-Jan-2025,Business Interruption,USD,321289.37,0.0,321289.37,S
CL005187,T0004,19-Mar-2026,30-Mar-2026,Business Interruption,INR,211510.94,961537.74,1173048.68,O
CL000368,T0197,27-Oct-2021,14-Jan-2022,Credit & Surety,USD,29139.56,0.0,29139.56,S
CL005193,T0391,25-Feb-2026,31-Mar-2026,Natural Catastrophe,INR,355589.88,2022052.2,2377642.08,O
CL000478,T0383,21-Mar-2022,22-Mar-2022,Medical Malpractice,USD,104121.84,0.0,104121.84,S
CL005929,T0346,10-Sep-2026,30-Sep-2026,Workers Compensation,EUR,14479.98,41957.97,56437.95,O
CL005543,T0563,19-Jun-2026,27-Jun-2026,Cyber,USD,2578.12,5108.43,7686.55,O
CL001287,T0357,29-Jan-2023,31-Jan-2023,Aviation,INR,123387839.66,0.0,123387839.66,S
CL005475,T0407,03-May-2026,07-Jun-2026,Auto Liability,GBP,4113.34,16512.51,20625.85,O
CL005954,T0555,27-Sep-2026,30-Sep-2026,Medical Malpractice,USD,1267.0,13143.73,14410.73,O
CL000930,T0151,04-Oct-2022,14-Oct-2022,Workers Compensation,USD,100172.29,0.0,100172.29,S
CL000617,T0232,26-Mar-2022,05-Jun-2022,Business Interruption,USD,32144.61,0.0,32144.61,S
CL004276,T0382,10-Jul-2025,13-Aug-2025,Workers Compensation,EUR,68818.63,71196.32,140014.95,O
CL005626,T0162,12-Jul-2026,17-Jul-2026,Auto Liability,USD,24735.4,44763.82,69499.22,O
CL003425,T0586,21-Nov-2024,17-Dec-2024,Medical Malpractice,EUR,1351.02,2350.58,3701.6,O
CL002904,T0205,11-Jul-2024,15-Jul-2024,Auto Liability,USD,86322.97,0.0,86322.97,S
CL001858,T0561,20-Jul-2023,28-Jul-2023,Natural Catastrophe,USD,152139.38,391707.98,543847.36,O
CL004892,T0124,17-Jan-2026,18-Jan-2026,Auto Liability,USD,2397.42,14957.88,17355.3,O
CL004997,T0146,28-Dec-2025,12-Feb-2026,Fire & Explosion,EUR,43735.51,63374.54,107110.05,O
CL003610,T0285,31-Jan-2025,08-Feb-2025,Energy,USD,22842.31,0.0,22842.31,S
CL002703,T0547,28-Apr-2024,04-May-2024,Workers Compensation,EUR,20074.6,0.0,20074.6,S
CL004421,T0198,13-Sep-2025,21-Sep-2025,Fire & Explosion,USD,178490.22,0.0,178490.22,S
CL005888,T0501,15-Sep-2026,29-Sep-2026,Credit & Surety,USD,187.02,7706.83,7893.85,O
CL000072,T0309,30-Apr-2021,01-Jun-2021,Auto Liability,EUR,72767.79,0.0,72767.79,S
CL000771,T0522,26-Jul-2022,17-Aug-2022,Fire & Explosion,USD,15914.23,0.0,15914.23,S
CL005301,T0307,16-Apr-2026,25-Apr-2026,Auto Liability,USD,12292.98,49434.49,61727.47,O
CL001654,T0404,14-May-2023,22-May-2023,Business Interruption,USD,54556.11,0.0,54556.11,S
CL002958,T0519,03-Jun-2024,30-Jul-2024,Fire & Explosion,EUR,996.54,1921.96,2918.5,O
CL002202,T0624,19-Nov-2023,27-Nov-2023,Business Interruption,USD,6410.58,0.0,6410.58,S
CL004108,T0398,16-Jun-2025,25-Jun-2025,Fire & Explosion,EUR,94916.96,0.0,94916.96,S
CL001937,T0387,11-Jul-2023,30-Aug-2023,Fire & Explosion,USD,86815.39,0.0,86815.39,S
CL004974,T0224,22-Jan-2026,05-Feb-2026,Cyber,USD,133436.02,156333.27,289769.29,O
CL002584,T0624,30-Mar-2024,30-Mar-2024,Business Interruption,USD,8413.3,0.0,8413.3,S
CL005962,T0605,11-Aug-2026,30-Sep-2026,General Liability,USD,38641.21,52889.43,91530.64,O
CL004764,T0446,28-Nov-2025,16-Dec-2025,Business Interruption,USD,8039.55,0.0,8039.55,S
CL001222,T0267,29-Dec-2022,12-Jan-2023,Energy,USD,13866.55,0.0,13866.55,X
CL001749,T0026,25-Jun-2023,26-Jun-2023,Auto Liability,USD,23085.14,0.0,23085.14,S
CL000595,T0108,08-Apr-2022,25-May-2022,Professional Indemnity,USD,242555.01,0.0,242555.01,S
CL004555,T0220,24-Sep-2025,27-Oct-2025,Auto Liability,EUR,1415.09,5055.16,6470.25,O
CL000290,T0621,28-Sep-2021,19-Nov-2021,Natural Catastrophe,EUR,22749.3,0.0,22749.3,S
CL005777,T0243,25-Aug-2026,27-Aug-2026,Political Risk,USD,169309.11,223403.36,392712.47,O
CL003931,T0070,22-Feb-2025,02-May-2025,Business Interruption,USD,320538.63,0.0,320538.63,S
CL000172,T0003,23-Jul-2021,31-Aug-2021,Credit & Surety,EUR,49082.21,0.0,49082.21,S
CL002774,T0218,11-May-2024,03-Jun-2024,Fire & Explosion,EUR,1492.37,0.0,1492.37,S
CL000903,T0206,23-Sep-2022,05-Oct-2022,Business Interruption,INR,3378572.84,0.0,3378572.84,S
CL002429,T0010,24-Jan-2024,12-Feb-2024,Fire & Explosion,USD,172956.78,0.0,172956.78,S
CL003081,T0255,06-Sep-2024,13-Sep-2024,Political Risk,INR,2674095.24,0.0,2674095.24,S
CL004448,T0428,05-Aug-2025,29-Sep-2025,General Liability,USD,433066.17,0.0,433066.17,S
CL005385,T0089,13-May-2026,17-May-2026,Cyber,USD,4967.21,18511.53,23478.74,O
CL001445,T0672,15-Mar-2023,17-Mar-2023,Fire & Explosion,USD,16801.14,50034.26,66835.4,O
CL000633,T0235,14-Jun-2022,14-Jun-2022,Political Risk,USD,24990.04,0.0,24990.04,S
CL000142,T0545,22-Jun-2021,28-Jul-2021,General Liability,EUR,1167741.4,0.0,1167741.4,S
CL003693,T0203,15-Jan-2025,28-Feb-2025,Political Risk,INR,7538556.81,0.0,7538556.81,S
CL001236,T0144,14-Jan-2023,15-Jan-2023,General Liability,USD,7133.65,0.0,7133.65,S
CL000239,T0217,16-Oct-2021,17-Oct-2021,Energy,EUR,150037.91,0.0,150037.91,S
CL002966,T0535,18-Jul-2024,01-Aug-2024,Aviation,USD,56803.29,0.0,56803.29,S
CL000666,T0590,15-Apr-2022,01-Jul-2022,Credit & Surety,USD,2691.08,0.0,2691.08,S
CL001800,T0260,16-Jun-2023,10-Jul-2023,Workers Compensation,USD,169438.38,0.0,169438.38,S
CL002651,T0415,13-Apr-2024,17-Apr-2024,Political Risk,INR,5622681.81,0.0,5622681.81,S
CL000931,T0286,25-Sep-2022,14-Oct-2022,Energy,EUR,11401.68,38187.12,49588.8,O
CL002372,T0618,23-Dec-2023,24-Jan-2024,Political Risk,EUR,26884.45,0.0,26884.45,S
CL001644,T0337,25-Apr-2023,19-May-2023,Auto Liability,USD,9297.92,0.0,9297.92,S
CL001902,T0059,01-Aug-2023,15-Aug-2023,Marine Hull,USD,40062.93,0.0,40062.93,S
CL001803,T0512,23-Jun-2023,11-Jul-2023,Medical Malpractice,EUR,44093.73,0.0,44093.73,S
CL002567,T0569,11-Mar-2024,25-Mar-2024,Auto Liability,USD,131408.56,0.0,131408.56,S
CL001925,T0593,26-Jun-2023,23-Aug-2023,Energy,USD,68173.94,0.0,68173.94,S
CL004881,T0057,18-Dec-2025,17-Jan-2026,Fire & Explosion,EUR,2709.75,5877.65,8587.4,O
CL000036,T0506,19-Apr-2021,23-Apr-2021,Medical Malpractice,EUR,10872.6,0.0,10872.6,S
CL004607,T0269,07-Nov-2025,07-Nov-2025,Business Interruption,USD,28013.72,0.0,28013.72,S
CL000768,T0464,11-Aug-2022,16-Aug-2022,Directors & Officers,USD,129258.96,0.0,129258.96,S
CL003422,T0595,22-Nov-2024,16-Dec-2024,Credit & Surety,EUR,29455.01,0.0,29455.01,S
CL002390,T0067,24-Dec-2023,29-Jan-2024,Natural Catastrophe,INR,21829082.36,0.0,21829082.36,S
CL002333,T0093,25-Oct-2023,13-Jan-2024,Directors & Officers,USD,90602.93,0.0,90602.93,S
CL000850,T0232,13-Sep-2022,14-Sep-2022,Business Interruption,USD,795.89,65674.62,66470.51,O
CL002377,T0065,12-Dec-2023,26-Jan-2024,Auto Liability,INR,1168229.36,0.0,1168229.36,S
CL004109,T0575,20-Jun-2025,25-Jun-2025,Natural Catastrophe,USD,13968.85,0.0,13968.85,S
CL003637,T0595,07-Feb-2025,14-Feb-2025,Credit & Surety,EUR,119667.48,0.0,119667.48,S
CL003643,T0616,12-Jan-2025,16-Feb-2025,Political Risk,EUR,2842.02,0.0,2842.02,S
CL004088,T0180,10-Jun-2025,18-Jun-2025,General Liability,EUR,26445.47,36632.04,63077.51,O
CL001185,T0659,22-Dec-2022,31-Dec-2022,Natural Catastrophe,EUR,15189.46,22623.95,37813.41,O
CL000601,T0383,18-May-2022,27-May-2022,Medical Malpractice,USD,263318.77,0.0,263318.77,S
CL000044,T0073,30-Apr-2021,01-May-2021,Auto Liability,EUR,1393047.56,0.0,1393047.56,S
CL001816,T0357,15-Jul-2023,15-Jul-2023,Marine Hull,INR,8242339.66,0.0,8242339.66,S
CL005658,T0188,22-Jul-2026,27-Jul-2026,Auto Liability,USD,2725.91,18212.92,20938.83,O
CL003145,T0567,17-Sep-2024,29-Sep-2024,Business Interruption,INR,9628445.06,4126476.45,13754921.51,R
CL003326,T0237,17-Nov-2024,20-Nov-2024,Directors & Officers,USD,84654.85,0.0,84654.85,S
CL000247,T0314,10-Sep-2021,23-Oct-2021,General Liability,USD,38944.61,0.0,38944.61,S
CL005649,T0691,23-Jul-2026,23-Jul-2026,Medical Malpractice,USD,33389.3,113066.1,146455.4,O
CL004635,T0224,09-Nov-2025,15-Nov-2025,Directors & Officers,USD,336329.86,0.0,336329.86,S
CL003069,T0696,05-Sep-2024,06-Sep-2024,Workers Compensation,USD,23592.27,59826.96,83419.23,O
CL001281,T0282,29-Nov-2022,30-Jan-2023,Natural Catastrophe,USD,9604.29,0.0,9604.29,S
CL004039,T0284,01-Jun-2025,06-Jun-2025,Credit & Surety,EUR,53283.93,0.0,53283.93,S
CL000461,T0073,08-Feb-2022,11-Mar-2022,Workers Compensation,EUR,482925.84,515677.27,998603.11,O
CL002609,T0308,30-Mar-2024,06-Apr-2024,Cyber,USD,57719.31,0.0,57719.31,S
CL002183,T0112,21-Nov-2023,21-Nov-2023,Natural Catastrophe,USD,46578.0,0.0,46578.0,S
CL001293,T0512,28-Jan-2023,01-Feb-2023,Medical Malpractice,EUR,295950.88,0.0,295950.88,S
CL003599,T0091,03-Feb-2025,06-Feb-2025,Workers Compensation,USD,194430.09,0.0,194430.09,S
CL000743,T0278,11-Jul-2022,05-Aug-2022,Workers Compensation,USD,376597.59,0.0,376597.59,S
CL005468,T0596,20-May-2026,06-Jun-2026,Professional Indemnity,EUR,38315.96,78424.24,116740.2,O
CL005853,T0606,19-Sep-2026,19-Sep-2026,Business Interruption,GBP,1153.02,11727.66,12880.68,O
CL005705,T0479,12-Jul-2026,06-Aug-2026,Auto Liability,GBP,1276.76,10605.19,11881.95,O
CL003747,T0015,13-Mar-2025,16-Mar-2025,Business Interruption,USD,67448.27,0.0,67448.27,S
CL002425,T0253,29-Jan-2024,10-Feb-2024,Medical Malpractice,USD,1732.91,0.0,1732.91,S
CL005176,T0408,17-Mar-2026,26-Mar-2026,Professional Indemnity,USD,172181.0,0.0,172181.0,S
CL003626,T0448,25-Dec-2024,11-Feb-2025,Political Risk,EUR,4347.3,16528.64,20875.94,O
CL005617,T0479,01-Jul-2026,15-Jul-2026,Workers Compensation,GBP,332.38,68799.48,69131.86,O
CL003535,T0335,18-Nov-2024,16-Jan-2025,Marine Hull,USD,76173.18,0.0,76173.18,S
CL002259,T0505,30-Oct-2023,21-Dec-2023,Natural Catastrophe,USD,388805.2,0.0,388805.2,S
CL005939,T0449,22-Sep-2026,30-Sep-2026,Directors & Officers,INR,1413558.45,1900799.53,3314357.98,O
CL003228,T0638,09-Oct-2024,23-Oct-2024,Auto Liability,USD,5934.33,23818.77,29753.1,O
CL000895,T0151,26-Sep-2022,03-Oct-2022,Workers Compensation,USD,127059.99,0.0,127059.99,S
CL002914,T0078,24-Jun-2024,18-Jul-2024,Cyber,INR,44154339.68,0.0,44154339.68,S
CL005277,T0178,17-Mar-2026,21-Apr-2026,Credit & Surety,USD,3983.89,7127.75,11111.64,O
CL001132,T0561,03-Dec-2022,18-Dec-2022,Fire & Explosion,USD,72890.27,0.0,72890.27,S
CL004303,T0685,13-Aug-2025,21-Aug-2025,Workers Compensation,EUR,48081.33,0.0,48081.33,S
CL002717,T0241,16-Mar-2024,12-May-2024,Directors & Officers,USD,120425.26,0.0,120425.26,S
CL003254,T0122,20-Oct-2024,28-Oct-2024,Fire & Explosion,USD,276087.75,0.0,276087.75,S
CL002431,T0274,21-Dec-2023,12-Feb-2024,Political Risk,EUR,23428.64,0.0,23428.64,S
CL000400,T0506,10-Jan-2022,03-Feb-2022,Professional Indemnity,EUR,28690.82,0.0,28690.82,S
CL005827,T0090,04-Jul-2026,13-Sep-2026,Marine Hull,USD,2439.57,847246.86,849686.43,O
CL003773,T0385,11-Mar-2025,23-Mar-2025,Cyber,USD,88907.06,0.0,88907.06,S
CL005480,T0447,31-May-2026,08-Jun-2026,Political Risk,EUR,10505.09,0.0,10505.09,S
CL001576,T0478,20-Mar-2023,26-Apr-2023,Natural Catastrophe,USD,7605.74,0.0,7605.74,S
CL000778,T0144,08-Aug-2022,20-Aug-2022,General Liability,USD,28493.4,0.0,28493.4,S
CL001903,T0367,08-Aug-2023,15-Aug-2023,Auto Liability,USD,66936.19,194464.34,261400.53,O
CL004873,T0536,20-Dec-2025,15-Jan-2026,Professional Indemnity,USD,24867.85,0.0,24867.85,S
CL000671,T0108,07-Jun-2022,05-Jul-2022,Professional Indemnity,USD,14252.31,0.0,14252.31,S
CL001779,T0376,19-Apr-2023,07-Jul-2023,Fire & Explosion,USD,4413.19,0.0,4413.19,S
CL000628,T0006,02-Jun-2022,11-Jun-2022,Medical Malpractice,USD,40868.74,0.0,40868.74,S
CL001165,T0619,17-Dec-2022,27-Dec-2022,Fire & Explosion,USD,40743.71,0.0,40743.71,S
CL000823,T0390,24-Aug-2022,06-Sep-2022,Auto Liability,INR,1624341.71,3183005.42,4807347.13,O
CL000304,T0314,09-Oct-2021,06-Dec-2021,Auto Liability,USD,70273.82,0.0,70273.82,S
CL003867,T0289,02-Apr-2025,19-Apr-2025,Marine Hull,USD,67536.64,0.0,67536.64,S
CL000978,T0451,29-Sep-2022,01-Nov-2022,Marine Hull,USD,473.12,3550.36,4023.48,O
CL000818,T0390,01-Aug-2022,05-Sep-2022,Workers Compensation,INR,16860661.35,0.0,16860661.35,S
CL004824,T0585,28-Dec-2025,30-Dec-2025,Workers Compensation,EUR,116778.86,0.0,116778.86,S
CL005457,T0407,25-May-2026,02-Jun-2026,Workers Compensation,GBP,66122.02,0.0,66122.02,S
CL005918,T0213,14-Sep-2026,30-Sep-2026,Natural Catastrophe,USD,895.81,1296.4,2192.21,O
CL004848,T0559,02-Jan-2026,08-Jan-2026,Fire & Explosion,USD,496812.91,0.0,496812.91,S
CL002881,T0472,04-Jun-2024,05-Jul-2024,Natural Catastrophe,USD,45192.98,0.0,45192.98,S
CL001300,T0466,13-Jan-2023,03-Feb-2023,Natural Catastrophe,USD,48504.99,0.0,48504.99,S
CL005846,T0092,20-Aug-2026,18-Sep-2026,Auto Liability,EUR,39562.02,46205.82,85767.84,O
CL005607,T0257,11-Jun-2026,13-Jul-2026,Professional Indemnity,USD,11516.27,0.0,11516.27,S
CL000754,T0411,03-Aug-2022,10-Aug-2022,Fire & Explosion,EUR,36572.82,0.0,36572.82,S
CL002478,T0268,23-Feb-2024,26-Feb-2024,Aviation,USD,111984.07,0.0,111984.07,S
CL001892,T0193,11-Aug-2023,12-Aug-2023,Business Interruption,USD,116107.39,0.0,116107.39,S
CL003770,T0063,20-Mar-2025,23-Mar-2025,Cyber,EUR,1425.21,0.0,1425.21,S
CL000680,T0100,14-Jun-2022,09-Jul-2022,Medical Malpractice,USD,286545.42,0.0,286545.42,S
CL003898,T0347,08-Mar-2025,26-Apr-2025,General Liability,EUR,12116.54,108052.92,120169.46,O
CL005670,T0375,21-Jul-2026,29-Jul-2026,Marine Hull,USD,726.89,42864.63,43591.52,O
CL001066,T0036,09-Nov-2022,01-Dec-2022,Marine Hull,USD,67512.99,0.0,67512.99,S
CL000929,T0150,14-Oct-2022,14-Oct-2022,Workers Compensation,USD,201299.6,0.0,201299.6,S
CL004141,T0643,13-Jun-2025,08-Jul-2025,Natural Catastrophe,EUR,5689.45,0.0,5689.45,S
CL002365,T0273,22-Jan-2024,23-Jan-2024,Medical Malpractice,EUR,43765.66,0.0,43765.66,S
CL002811,T0456,30-May-2024,14-Jun-2024,Business Interruption,USD,170768.06,0.0,170768.06,S
CL000863,T0653,13-Sep-2022,19-Sep-2022,Business Interruption,USD,10059.61,4311.26,14370.87,R
CL005841,T0103,02-Aug-2026,17-Sep-2026,Business Interruption,EUR,66493.59,155319.11,221812.7,O
CL000369,T0333,12-Jan-2022,14-Jan-2022,Natural Catastrophe,USD,208791.35,0.0,208791.35,S
CL004611,T0220,28-Sep-2025,08-Nov-2025,Workers Compensation,EUR,25489.65,0.0,25489.65,S
CL002698,T0586,28-Apr-2024,03-May-2024,Professional Indemnity,EUR,16023.52,0.0,16023.52,S
CL003954,T0585,07-Apr-2025,09-May-2025,Workers Compensation,EUR,834.27,1945.77,2780.04,O
CL000445,T0506,05-Dec-2021,25-Feb-2022,Professional Indemnity,EUR,3367.91,0.0,3367.91,S
CL003675,T0347,19-Oct-2024,24-Feb-2025,Workers Compensation,EUR,15192.88,0.0,15192.88,S
CL002334,T0322,13-Jan-2024,13-Jan-2024,Professional Indemnity,USD,10439.78,0.0,10439.78,S
CL003478,T0015,25-Nov-2024,02-Jan-2025,Natural Catastrophe,USD,155724.61,0.0,155724.61,S
CL002933,T0119,15-May-2024,24-Jul-2024,Workers Compensation,USD,15204.89,0.0,15204.89,S
CL005151,T0439,20-Mar-2026,20-Mar-2026,Professional Indemnity,USD,12153.77,0.0,12153.77,S
CL000438,T0147,21-Feb-2022,23-Feb-2022,Medical Malpractice,USD,12985.38,14354.48,27339.86,O
CL001653,T0096,28-Apr-2023,22-May-2023,Medical Malpractice,EUR,25449.42,0.0,25449.42,S
CL004890,T0559,30-Dec-2025,17-Jan-2026,Natural Catastrophe,USD,84169.68,106941.22,191110.9,O
CL003803,T0226,02-Mar-2025,01-Apr-2025,Fire & Explosion,USD,164542.28,0.0,164542.28,S
CL000037,T0332,24-Apr-2021,24-Apr-2021,Auto Liability,EUR,342696.13,0.0,342696.13,S
CL001811,T0096,26-Jun-2023,14-Jul-2023,Medical Malpractice,EUR,14667.21,0.0,14667.21,S
CL001342,T0102,08-Feb-2023,15-Feb-2023,Professional Indemnity,USD,4845.74,0.0,4845.74,S
CL003463,T0639,11-Dec-2024,27-Dec-2024,Aviation,USD,95590.44,0.0,95590.44,S
CL005440,T0201,04-May-2026,30-May-2026,Fire & Explosion,USD,20630.72,8841.74,29472.46,R
CL004144,T0212,29-Jun-2025,09-Jul-2025,Auto Liability,EUR,55189.9,0.0,55189.9,S
CL005785,T0494,27-Aug-2026,29-Aug-2026,Marine Hull,GBP,35386.4,0.0,35386.4,S
CL000598,T0210,13-May-2022,26-May-2022,Business Interruption,USD,4469.67,0.0,4469.67,S
CL003764,T0460,27-Jan-2025,22-Mar-2025,General Liability,EUR,1926.47,206640.3,208566.77,O
CL002229,T0364,29-Sep-2023,09-Dec-2023,Aviation,EUR,18819.01,37161.24,55980.25,O
CL000032,T0277,31-Mar-2021,16-Apr-2021,Auto Liability,USD,182016.76,0.0,182016.76,S
CL005740,T0182,08-Aug-2026,17-Aug-2026,Marine Hull,USD,10680.22,49630.63,60310.85,O
CL005271,T0403,31-Mar-2026,20-Apr-2026,Business Interruption,USD,60834.51,71090.12,131924.63,O
CL000760,T0210,10-Aug-2022,12-Aug-2022,Natural Catastrophe,USD,19004.7,29846.38,48851.08,O
CL000422,T0399,14-Feb-2022,14-Feb-2022,Business Interruption,USD,292211.58,0.0,292211.58,S
CL004300,T0436,13-Aug-2025,21-Aug-2025,Medical Malpractice,USD,21932.68,29445.04,51377.72,O
CL004018,T0276,25-May-2025,30-May-2025,Directors & Officers,USD,29295.52,0.0,29295.52,S
CL000114,T0621,03-Jul-2021,04-Jul-2021,Natural Catastrophe,EUR,85375.36,0.0,85375.36,S
CL004868,T0557,03-Dec-2025,13-Jan-2026,Marine Hull,EUR,14090.2,14111.96,28202.16,O
CL000323,T0293,26-Nov-2021,15-Dec-2021,Business Interruption,EUR,236558.13,0.0,236558.13,S
CL005622,T0449,04-Jul-2026,16-Jul-2026,Directors & Officers,INR,15288914.02,0.0,15288914.02,S
CL004477,T0575,13-Sep-2025,09-Oct-2025,Business Interruption,USD,35231.76,0.0,35231.76,S
CL003943,T0262,06-May-2025,06-May-2025,Credit & Surety,EUR,172994.36,74140.44,247134.8,R
CL000561,T0044,20-Apr-2022,29-Apr-2022,Fire & Explosion,USD,85411.68,0.0,85411.68,S
CL002617,T0415,27-Mar-2024,08-Apr-2024,Political Risk,INR,1476354.44,0.0,1476354.44,S
CL003197,T0584,28-Aug-2024,12-Oct-2024,General Liability,USD,5000.74,0.0,5000.74,S
CL003759,T0311,28-Jan-2025,21-Mar-2025,Natural Catastrophe,INR,14259766.15,0.0,14259766.15,S
CL004771,T0471,04-Dec-2025,18-Dec-2025,Fire & Explosion,EUR,4138.38,6141.16,10279.54,O
CL001131,T0149,13-Dec-2022,18-Dec-2022,General Liability,USD,27077.69,0.0,27077.69,S
CL004628,T0341,28-Oct-2025,12-Nov-2025,Political Risk,USD,1026.64,21693.43,22720.07,O
CL003505,T0128,24-Dec-2024,08-Jan-2025,Professional Indemnity,EUR,149799.82,0.0,149799.82,S
CL002535,T0608,02-Mar-2024,16-Mar-2024,Credit & Surety,USD,4030.87,0.0,4030.87,S
CL001850,T0126,19-May-2023,26-Jul-2023,Natural Catastrophe,USD,42734.64,0.0,42734.64,S
CL000567,T0278,24-Apr-2022,03-May-2022,Auto Liability,USD,116346.02,0.0,116346.02,S
CL000230,T0309,13-Oct-2021,14-Oct-2021,Workers Compensation,EUR,2615.81,0.0,2615.81,X
CL005932,T0375,21-Aug-2026,30-Sep-2026,Aviation,USD,1253.95,3863.11,5117.06,O
CL900002,T9002,23-Oct-2023,15-Mar-2024,Fire & Explosion,EUR,32399.01,0.0,32399.01,S
CL004195,T0275,19-Jun-2025,22-Jul-2025,Auto Liability,USD,12882.24,0.0,12882.24,S
CL002305,T0021,06-Dec-2023,05-Jan-2024,Professional Indemnity,USD,8072.69,10687.35,18760.04,O
CL002086,T0205,17-Sep-2023,16-Oct-2023,Auto Liability,USD,9506.75,0.0,9506.75,S
CL005067,T0280,10-Jan-2026,26-Feb-2026,Fire & Explosion,USD,1052.86,8437.86,9490.72,O
CL005644,T0605,17-Jul-2026,22-Jul-2026,Workers Compensation,USD,799.64,4884.52,5684.16,O
CL001947,T0045,07-Aug-2023,03-Sep-2023,Auto Liability,USD,26821.44,0.0,26821.44,S
CL005426,T0184,17-Mar-2026,27-May-2026,Workers Compensation,EUR,3565.63,176614.85,180180.48,O
CL000196,T0693,01-Sep-2021,19-Sep-2021,Political Risk,USD,13262.93,0.0,13262.93,S
CL005570,T0200,15-Jun-2026,03-Jul-2026,Aviation,USD,30879.44,0.0,30879.44,S
CL005416,T0557,18-Apr-2026,22-May-2026,Marine Hull,EUR,21968.11,63268.54,85236.65,O
CL003615,T0129,08-Jan-2025,09-Feb-2025,General Liability,USD,4485.15,0.0,4485.15,S
CL002820,T0081,07-Jun-2024,17-Jun-2024,Medical Malpractice,EUR,7358.18,0.0,7358.18,S
CL001431,T0480,08-Mar-2023,12-Mar-2023,General Liability,EUR,39813.9,0.0,39813.9,S
CL002941,T0105,11-Jul-2024,26-Jul-2024,Auto Liability,USD,155001.47,0.0,155001.47,S
CL003541,T0560,12-Jan-2025,18-Jan-2025,Natural Catastrophe,INR,17567632.87,0.0,17567632.87,S
CL002694,T0264,16-Apr-2024,02-May-2024,Medical Malpractice,EUR,295813.0,0.0,295813.0,S
CL004341,T0172,24-Aug-2025,02-Sep-2025,Political Risk,EUR,100953.67,0.0,100953.67,S
CL001051,T0680,11-Oct-2022,25-Nov-2022,Business Interruption,USD,50632.93,0.0,50632.93,S
CL003264,T0520,20-Sep-2024,29-Oct-2024,Energy,EUR,60737.32,0.0,60737.32,S
CL000650,T0266,16-Jun-2022,23-Jun-2022,Fire & Explosion,USD,136461.24,0.0,136461.24,S
CL004154,T0556,22-Feb-2025,10-Jul-2025,Fire & Explosion,USD,25893.78,0.0,25893.78,S
CL001998,T0112,18-Sep-2023,22-Sep-2023,Natural Catastrophe,USD,31891.88,0.0,31891.88,S
CL003132,T0155,16-Sep-2024,27-Sep-2024,Fire & Explosion,USD,5268.61,0.0,5268.61,S
CL004726,T0224,27-Nov-2025,07-Dec-2025,Directors & Officers,USD,67343.0,0.0,67343.0,S
CL000076,T0230,26-May-2021,08-Jun-2021,Marine Hull,USD,1226723.88,0.0,1226723.88,S
CL001813,T0322,25-Jun-2023,14-Jul-2023,Medical Malpractice,USD,4241.45,0.0,4241.45,S
CL001033,T0196,10-Nov-2022,19-Nov-2022,Business Interruption,EUR,1547.85,0.0,1547.85,S
CL002789,T0624,14-Apr-2024,08-Jun-2024,Natural Catastrophe,USD,2189.13,0.0,2189.13,S
CL002070,T0478,07-Sep-2023,11-Oct-2023,Business Interruption,USD,27754.36,0.0,27754.36,S
CL002674,T0498,24-Mar-2024,25-Apr-2024,Auto Liability,USD,459834.7,0.0,459834.7,S
CL001270,T0390,24-Jan-2023,27-Jan-2023,General Liability,INR,2781359.55,0.0,2781359.55,S
CL003085,T0015,20-Aug-2024,15-Sep-2024,Fire & Explosion,USD,60223.25,0.0,60223.25,S
CL002748,T0253,18-May-2024,23-May-2024,Medical Malpractice,USD,6209.03,0.0,6209.03,S
CL005900,T0062,26-Aug-2026,30-Sep-2026,Auto Liability,USD,3455.05,9053.36,12508.41,O
CL002496,T0241,10-Feb-2024,04-Mar-2024,Cyber,USD,20138.41,0.0,20138.41,S
CL003670,T0305,29-Dec-2024,23-Feb-2025,Auto Liability,USD,9172.43,106769.23,115941.66,O
CL005842,T0375,15-Aug-2026,17-Sep-2026,Aviation,USD,1024.24,2379.97,3404.21,O
CL003703,T0651,25-Feb-2025,01-Mar-2025,Cyber,USD,4762.63,0.0,4762.63,S
CL005122,T0124,10-Feb-2026,11-Mar-2026,General Liability,USD,25811.4,41932.56,67743.96,O
CL000563,T0581,14-Apr-2022,29-Apr-2022,Fire & Explosion,USD,129721.89,0.0,129721.89,S
CL005026,T0684,20-Jan-2026,17-Feb-2026,General Liability,USD,816.32,1330.37,2146.69,O
CL002067,T0241,11-Oct-2023,11-Oct-2023,Credit & Surety,USD,361556.93,0.0,361556.93,S
CL000458,T0506,07-Nov-2021,10-Mar-2022,Medical Malpractice,EUR,1443.05,0.0,1443.05,S
CL003986,T0328,14-May-2025,20-May-2025,Workers Compensation,USD,2828.89,6219.09,9047.98,O
CL000705,T0150,11-Jul-2022,26-Jul-2022,Auto Liability,USD,9796.25,26680.48,36476.73,O
CL002813,T0236,04-May-2024,15-Jun-2024,Auto Liability,USD,31572.15,0.0,31572.15,S
CL003528,T0284,02-Jan-2025,15-Jan-2025,Credit & Surety,EUR,148495.22,0.0,148495.22,S
CL001153,T0499,07-Dec-2022,25-Dec-2022,Medical Malpractice,EUR,73340.12,0.0,73340.12,S
CL003684,T0081,10-Feb-2025,26-Feb-2025,Medical Malpractice,EUR,1832.38,0.0,1832.38,S
CL900006,T9006,03-Apr-2025,26-Apr-2025,Directors & Officers,USD,32192.57,0.0,32192.57,S
CL002221,T0274,22-Sep-2023,06-Dec-2023,Marine Hull,EUR,50957.48,0.0,50957.48,S
CL000115,T0293,08-Jul-2021,08-Jul-2021,Natural Catastrophe,EUR,171173.77,0.0,171173.77,S
CL001439,T0387,17-Feb-2023,15-Mar-2023,Natural Catastrophe,USD,79768.02,0.0,79768.02,S
CL001704,T0434,09-Jun-2023,10-Jun-2023,Fire & Explosion,EUR,76683.01,0.0,76683.01,S
CL005776,T0162,20-Jun-2026,27-Aug-2026,Workers Compensation,USD,84224.62,154956.81,239181.43,O
CL001511,T0609,20-Feb-2023,06-Apr-2023,Business Interruption,USD,28275.8,0.0,28275.8,S
CL003013,T0128,20-Aug-2024,22-Aug-2024,Medical Malpractice,EUR,4534.83,0.0,4534.83,S
CL005875,T0089,18-Sep-2026,26-Sep-2026,Cyber,USD,24459.43,43484.94,67944.37,O
CL004413,T0646,14-Aug-2025,19-Sep-2025,Business Interruption,EUR,31441.04,114160.14,145601.18,O
CL004159,T0644,09-Jun-2025,11-Jul-2025,Workers Compensation,USD,26300.22,0.0,26300.22,S
CL001596,T0489,16-Feb-2023,04-May-2023,Workers Compensation,EUR,57110.74,0.0,57110.74,S
CL004216,T0284,06-Jul-2025,29-Jul-2025,Directors & Officers,EUR,503488.32,0.0,503488.32,S
CL005464,T0379,22-May-2026,04-Jun-2026,Credit & Surety,USD,3603.62,5005.28,8608.9,O
CL001026,T0669,09-Oct-2022,16-Nov-2022,Natural Catastrophe,USD,156797.9,0.0,156797.9,S
CL001471,T0219,22-Mar-2023,27-Mar-2023,Fire & Explosion,USD,14108.43,0.0,14108.43,S
CL002615,T0255,02-Apr-2024,08-Apr-2024,Marine Hull,INR,3521337.98,0.0,3521337.98,S
CL005266,T0184,05-Apr-2026,19-Apr-2026,Workers Compensation,EUR,2814.54,3590.18,6404.72,O
CL002960,T0666,01-Jul-2024,30-Jul-2024,Political Risk,GBP,72485.75,0.0,72485.75,S
CL000343,T0675,08-Dec-2021,27-Dec-2021,Energy,USD,40912.94,0.0,40912.94,S
CL002986,T0195,20-Jun-2024,10-Aug-2024,Natural Catastrophe,INR,7243278.91,0.0,7243278.91,S
CL004985,T0565,08-Feb-2026,08-Feb-2026,Auto Liability,USD,21854.03,23344.29,45198.32,O
CL002008,T0518,20-Sep-2023,23-Sep-2023,Medical Malpractice,USD,344788.88,0.0,344788.88,S
CL002160,T0142,06-Oct-2023,10-Nov-2023,Workers Compensation,EUR,4202.59,0.0,4202.59,S
CL004600,T0646,04-Aug-2025,05-Nov-2025,Business Interruption,EUR,66049.69,0.0,66049.69,S
CL001215,T0581,31-Dec-2022,10-Jan-2023,Natural Catastrophe,USD,282.27,2966.61,3248.88,O
CL000887,T0258,17-Aug-2022,29-Sep-2022,Marine Hull,USD,47736.91,0.0,47736.91,S
CL000656,T0108,18-May-2022,25-Jun-2022,Medical Malpractice,USD,353462.0,0.0,353462.0,S
CL001618,T0647,28-Feb-2023,10-May-2023,Professional Indemnity,USD,178361.17,0.0,178361.17,S
CL002656,T0236,21-Feb-2024,20-Apr-2024,General Liability,USD,3660.75,0.0,3660.75,S
CL002850,T0475,13-May-2024,27-Jun-2024,Workers Compensation,USD,38800.85,0.0,38800.85,S
CL000161,T0474,11-Aug-2021,15-Aug-2021,General Liability,USD,40846.19,0.0,40846.19,S
CL002854,T0454,26-May-2024,28-Jun-2024,Marine Hull,USD,73546.37,0.0,73546.37,S
CL000516,T0410,21-Mar-2022,08-Apr-2022,Cyber,USD,300350.75,0.0,300350.75,S
CL003216,T0128,14-Oct-2024,20-Oct-2024,Medical Malpractice,EUR,3416.93,0.0,3416.93,S
CL002663,T0078,17-Mar-2024,23-Apr-2024,Credit & Surety,INR,6127396.22,0.0,6127396.22,S
CL000205,T0314,24-Aug-2021,27-Sep-2021,General Liability,USD,81172.3,0.0,81172.3,S
CL000898,T0017,26-Sep-2022,04-Oct-2022,Fire & Explosion,EUR,9089.13,0.0,9089.13,S
CL002427,T0587,21-Jan-2024,10-Feb-2024,Directors & Officers,EUR,71553.8,0.0,71553.8,S
CL001761,T0609,22-Apr-2023,30-Jun-2023,Fire & Explosion,USD,43983.07,0.0,43983.07,S
CL002684,T0218,21-Mar-2024,30-Apr-2024,Business Interruption,EUR,2228.87,0.0,2228.87,S
CL001435,T0296,08-Feb-2023,14-Mar-2023,Fire & Explosion,USD,54938.64,0.0,54938.64,S
CL002493,T0216,30-Jan-2024,03-Mar-2024,Aviation,USD,122114.43,0.0,122114.43,S
CL004242,T0448,03-Jun-2025,05-Aug-2025,Political Risk,EUR,81991.77,0.0,81991.77,S
CL002455,T0611,31-Dec-2023,19-Feb-2024,Energy,USD,144030.12,0.0,144030.12,S
CL001059,T0654,20-Nov-2022,27-Nov-2022,Fire & Explosion,USD,132172.59,0.0,132172.59,S
CL003648,T0192,27-Jan-2025,18-Feb-2025,Credit & Surety,USD,32713.1,134143.46,166856.56,O
CL000825,T0151,24-Aug-2022,07-Sep-2022,Workers Compensation,USD,186113.47,0.0,186113.47,S
CL004475,T0637,23-Sep-2025,08-Oct-2025,Aviation,USD,12328.06,0.0,12328.06,S
CL005931,T0374,11-Sep-2026,30-Sep-2026,Business Interruption,EUR,128.8,4142.45,4271.25,O
CL002176,T0650,04-Nov-2023,18-Nov-2023,Directors & Officers,USD,3626.48,0.0,3626.48,S
CL003992,T0552,20-May-2025,21-May-2025,Credit & Surety,USD,45135.88,0.0,45135.88,S
CL002984,T0386,06-Aug-2024,09-Aug-2024,Business Interruption,EUR,139115.03,0.0,139115.03,S
CL004583,T0032,13-Oct-2025,02-Nov-2025,Fire & Explosion,USD,54271.64,0.0,54271.64,S
CL002220,T0130,06-Dec-2023,06-Dec-2023,Auto Liability,USD,131295.23,0.0,131295.23,S
CL001313,T0345,22-Jan-2023,07-Feb-2023,Medical Malpractice,EUR,1984.75,0.0,1984.75,S
CL003681,T0414,25-Feb-2025,25-Feb-2025,Auto Liability,USD,5690.45,0.0,5690.45,S
CL003304,T0101,13-Nov-2024,13-Nov-2024,Cyber,USD,92205.68,0.0,92205.68,S
CL000131,T0217,27-May-2021,21-Jul-2021,Marine Hull,EUR,21247.81,27802.12,49049.93,O
CL004063,T0546,24-Apr-2025,13-Jun-2025,Fire & Explosion,USD,148911.55,0.0,148911.55,S
CL003474,T0599,28-Nov-2024,29-Dec-2024,Workers Compensation,USD,195.18,525.6,720.78,O
CL001420,T0286,04-Feb-2023,08-Mar-2023,Energy,EUR,265628.2,0.0,265628.2,S
CL001102,T0034,01-Dec-2022,12-Dec-2022,Fire & Explosion,USD,140381.01,0.0,140381.01,S
CL005406,T0200,02-Apr-2026,20-May-2026,Political Risk,USD,202198.12,0.0,202198.12,S
CL004975,T0087,07-Nov-2025,06-Feb-2026,Natural Catastrophe,USD,441367.24,0.0,441367.24,S
CL003945,T0534,06-May-2025,06-May-2025,Marine Hull,USD,17423.07,24983.86,42406.93,O
CL004006,T0360,10-May-2025,25-May-2025,Credit & Surety,USD,134970.63,0.0,134970.63,S
CL003309,T0519,08-Nov-2024,14-Nov-2024,Business Interruption,EUR,7344.1,0.0,7344.1,S
CL002702,T0475,19-Apr-2024,04-May-2024,Workers Compensation,USD,60150.11,0.0,60150.11,S
CL000767,T0250,19-Jul-2022,16-Aug-2022,Energy,EUR,17776.1,0.0,17776.1,S
CL004188,T0627,05-Jul-2025,20-Jul-2025,General Liability,USD,55054.25,0.0,55054.25,S
CL002155,T0591,21-Sep-2023,07-Nov-2023,Energy,USD,3210.0,0.0,3210.0,S
CL004543,T0557,27-Sep-2025,24-Oct-2025,Aviation,EUR,21207.4,37553.34,58760.74,O
CL001519,T0376,04-Apr-2023,08-Apr-2023,Natural Catastrophe,USD,8083.22,0.0,8083.22,S
CL004247,T0204,18-Jul-2025,06-Aug-2025,Fire & Explosion,USD,38046.78,0.0,38046.78,S
CL000918,T0457,14-Sep-2022,10-Oct-2022,Fire & Explosion,USD,9873.16,0.0,9873.16,S
CL002816,T0129,04-Jun-2024,16-Jun-2024,Workers Compensation,USD,1678.79,0.0,1678.79,S
CL005504,T0257,10-Jun-2026,15-Jun-2026,Professional Indemnity,USD,64339.12,0.0,64339.12,S
CL003705,T0143,27-Jan-2025,03-Mar-2025,Fire & Explosion,USD,115834.07,0.0,115834.07,S
CL005796,T0543,31-Aug-2026,02-Sep-2026,Professional Indemnity,USD,4475.67,25877.74,30353.41,O
CL002825,T0025,11-Apr-2024,19-Jun-2024,Credit & Surety,USD,14410.95,0.0,14410.95,S
CL005310,T0200,22-Apr-2026,27-Apr-2026,Marine Hull,USD,893503.77,0.0,893503.77,S
CL001773,T0477,29-Jun-2023,05-Jul-2023,Fire & Explosion,EUR,14101.72,0.0,14101.72,S
CL004316,T0483,18-Aug-2025,26-Aug-2025,General Liability,USD,30443.63,0.0,30443.63,S
CL003993,T0599,05-Apr-2025,21-May-2025,Workers Compensation,USD,14944.92,0.0,14944.92,S
CL000257,T0674,19-Aug-2021,29-Oct-2021,Auto Liability,EUR,87211.24,0.0,87211.24,S
CL000804,T0354,11-Aug-2022,29-Aug-2022,Workers Compensation,USD,117449.05,0.0,117449.05,S
CL002386,T0435,09-Sep-2023,27-Jan-2024,Cyber,USD,13064.41,0.0,13064.41,S
CL000027,T0558,02-Feb-2021,02-Apr-2021,General Liability,USD,30193.31,0.0,30193.31,S
CL000984,T0467,31-Oct-2022,02-Nov-2022,Business Interruption,EUR,26020.57,0.0,26020.57,S
CL005551,T0700,28-May-2026,28-Jun-2026,Natural Catastrophe,EUR,9869.72,128045.12,137914.84,O
CL001585,T0371,28-Apr-2023,30-Apr-2023,General Liability,USD,92949.26,152740.75,245690.01,O
CL003077,T0239,10-Sep-2024,10-Sep-2024,Professional Indemnity,USD,56328.38,0.0,56328.38,S
CL003822,T0169,27-Feb-2025,07-Apr-2025,Natural Catastrophe,EUR,1736.58,2857.45,4594.03,O
CL002792,T0236,10-Jun-2024,10-Jun-2024,Workers Compensation,USD,23724.77,0.0,23724.77,S
CL000246,T0042,19-Oct-2021,22-Oct-2021,Energy,EUR,25766.68,0.0,25766.68,S
CL000551,T0410,24-Apr-2022,25-Apr-2022,Credit & Surety,USD,13591.53,0.0,13591.53,S
CL005042,T0446,19-Feb-2026,20-Feb-2026,Natural Catastrophe,USD,18218.55,21586.51,39805.06,O
CL004385,T0215,28-Aug-2025,13-Sep-2025,Natural Catastrophe,USD,329287.08,515841.94,845129.02,O
CL003720,T0261,22-Feb-2025,09-Mar-2025,General Liability,EUR,41484.01,0.0,41484.01,S
CL004865,T0269,14-Dec-2025,13-Jan-2026,Business Interruption,USD,44022.8,18866.92,62889.72,R
CL005522,T0523,20-Jun-2026,21-Jun-2026,Fire & Explosion,EUR,216.89,1370.39,1587.28,O
CL003961,T0695,06-May-2025,12-May-2025,Fire & Explosion,EUR,5243.92,425335.05,430578.97,O
CL000964,T0610,21-Sep-2022,27-Oct-2022,Business Interruption,USD,94296.49,0.0,94296.49,S
CL000607,T0150,12-May-2022,30-May-2022,General Liability,USD,24579.36,0.0,24579.36,S
CL002642,T0475,05-Apr-2024,14-Apr-2024,Workers Compensation,USD,22583.27,0.0,22583.27,S
CL002039,T0659,24-Sep-2023,02-Oct-2023,Natural Catastrophe,EUR,150638.52,0.0,150638.52,S
CL003762,T0157,18-Mar-2025,22-Mar-2025,Aviation,USD,960424.37,3841697.49,4802121.86,O
CL004267,T0355,04-Aug-2025,12-Aug-2025,Auto Liability,USD,106966.57,0.0,106966.57,S
CL005206,T0307,29-Jan-2026,03-Apr-2026,General Liability,USD,34534.02,179641.64,214175.66,O
CL001611,T0113,23-Apr-2023,09-May-2023,Professional Indemnity,INR,577129.84,0.0,577129.84,S
CL005239,T0643,23-Feb-2026,12-Apr-2026,Business Interruption,EUR,58254.04,0.0,58254.04,S
CL004439,T0572,02-Sep-2025,26-Sep-2025,General Liability,EUR,188888.64,0.0,188888.64,S
CL000505,T0098,02-Apr-2022,03-Apr-2022,Business Interruption,EUR,12014.8,0.0,12014.8,S
CL005208,T0409,29-Mar-2026,03-Apr-2026,Auto Liability,EUR,8605.55,44165.63,52771.18,O
CL003084,T0534,10-Sep-2024,14-Sep-2024,Political Risk,USD,255829.48,0.0,255829.48,S
CL002385,T0393,09-Jan-2024,27-Jan-2024,Natural Catastrophe,USD,3434.88,0.0,3434.88,S
CL005287,T0606,14-Apr-2026,22-Apr-2026,Natural Catastrophe,GBP,923.94,35209.26,36133.2,O
CL004020,T0462,08-May-2025,31-May-2025,Natural Catastrophe,GBP,2752.95,134203.44,136956.39,O
CL003502,T0388,01-Dec-2024,07-Jan-2025,Fire & Explosion,USD,292525.93,0.0,292525.93,S
CL002709,T0009,08-Mar-2024,09-May-2024,Directors & Officers,USD,117179.36,0.0,117179.36,S
CL005742,T0563,17-Aug-2026,17-Aug-2026,Cyber,USD,12975.34,84348.62,97323.96,O
CL005870,T0248,27-Jul-2026,25-Sep-2026,Aviation,USD,25288.25,89146.09,114434.34,O
CL000664,T0422,24-Jun-2022,30-Jun-2022,Fire & Explosion,USD,31082.2,1334272.97,1365355.17,O
CL000936,T0207,06-Oct-2022,16-Oct-2022,Aviation,EUR,135855.31,339431.92,475287.23,O
CL003183,T0226,04-Oct-2024,09-Oct-2024,Fire & Explosion,USD,349182.69,0.0,349182.69,S
CL003295,T0070,03-Nov-2024,10-Nov-2024,Business Interruption,USD,8346.6,3577.11,11923.71,R
CL001189,T0292,26-Nov-2022,03-Jan-2023,Medical Malpractice,EUR,2140.72,16566.32,18707.04,O
CL003964,T0496,01-May-2025,13-May-2025,Aviation,USD,882.14,14968.71,15850.85,O
CL001073,T0466,27-Oct-2022,02-Dec-2022,Natural Catastrophe,USD,40246.49,0.0,40246.49,S
CL005370,T0471,21-Apr-2026,13-May-2026,Business Interruption,EUR,3349.87,9394.76,12744.63,O
CL003472,T0239,26-Oct-2024,29-Dec-2024,Professional Indemnity,USD,30673.38,0.0,30673.38,S
CL003517,T0311,07-Dec-2024,12-Jan-2025,Natural Catastrophe,INR,7653631.11,0.0,7653631.11,S
CL000537,T0630,12-Apr-2022,17-Apr-2022,Auto Liability,USD,6387.23,28036.69,34423.92,O
CL004672,T0016,01-Oct-2025,23-Nov-2025,Natural Catastrophe,USD,1315.42,301650.81,302966.23,O
CL000066,T0175,17-May-2021,26-May-2021,Auto Liability,USD,23075.22,0.0,23075.22,S
CL000475,T0675,14-Mar-2022,20-Mar-2022,Political Risk,USD,19417.16,29635.32,49052.48,O
CL003753,T0567,09-Mar-2025,17-Mar-2025,Fire & Explosion,INR,24855137.7,0.0,24855137.7,S
CL004587,T0133,14-Oct-2025,03-Nov-2025,Cyber,INR,44844.47,112038.52,156882.99,O
CL004719,T0087,15-Oct-2025,05-Dec-2025,Fire & Explosion,USD,8533.23,28488.15,37021.38,O
CL003806,T0436,29-Mar-2025,02-Apr-2025,Medical Malpractice,USD,5903.56,19420.32,25323.88,O
CL001757,T0039,17-Jun-2023,30-Jun-2023,Aviation,USD,53905.04,0.0,53905.04,S
CL005747,T0536,31-Jul-2026,19-Aug-2026,Medical Malpractice,USD,119988.91,508223.73,628212.64,O
CL002631,T0586,01-Apr-2024,11-Apr-2024,Professional Indemnity,EUR,24403.49,0.0,24403.49,S
CL001830,T0512,09-Jun-2023,18-Jul-2023,Medical Malpractice,EUR,13140.9,0.0,13140.9,S
CL004177,T0428,29-Apr-2025,18-Jul-2025,Auto Liability,USD,170461.97,0.0,170461.97,S
CL004847,T0463,26-Dec-2025,08-Jan-2026,Natural Catastrophe,USD,626212.92,0.0,626212.92,S
CL005691,T0379,04-Aug-2026,04-Aug-2026,Directors & Officers,USD,940.9,13677.0,14617.9,O
CL001104,T0223,20-Nov-2022,12-Dec-2022,Business Interruption,USD,34458.47,0.0,34458.47,S
CL002793,T0271,04-Jun-2024,10-Jun-2024,Aviation,EUR,38611.05,0.0,38611.05,S
CL002784,T0240,06-Jun-2024,07-Jun-2024,Natural Catastrophe,EUR,86172.11,0.0,86172.11,S
CL001469,T0641,16-Mar-2023,26-Mar-2023,Cyber,USD,5780.69,0.0,5780.69,S
CL003377,T0192,26-Nov-2024,03-Dec-2024,Cyber,USD,21370.69,0.0,21370.69,S
CL002402,T0475,09-Jan-2024,02-Feb-2024,General Liability,USD,236753.66,0.0,236753.66,S
CL003054,T0033,28-Aug-2024,03-Sep-2024,Workers Compensation,USD,43225.54,0.0,43225.54,S
CL000798,T0642,04-Jul-2022,26-Aug-2022,Energy,EUR,60192.06,0.0,60192.06,S
CL005526,T0201,21-Jun-2026,23-Jun-2026,Natural Catastrophe,USD,1420.37,1575.02,2995.39,O
CL001712,T0034,16-May-2023,12-Jun-2023,Natural Catastrophe,USD,21194.74,0.0,21194.74,S
CL003416,T0299,27-Nov-2024,15-Dec-2024,Marine Hull,INR,14985171.27,6422216.26,21407387.53,R
CL002027,T0323,10-Sep-2023,28-Sep-2023,Energy,USD,38569.81,0.0,38569.81,S
CL002885,T0021,21-Jun-2024,07-Jul-2024,Medical Malpractice,USD,26893.47,0.0,26893.47,S
CL005564,T0344,01-Jun-2026,01-Jul-2026,Natural Catastrophe,USD,74421.81,0.0,74421.81,S
CL001334,T0296,29-Jan-2023,12-Feb-2023,Business Interruption,USD,36259.03,0.0,36259.03,S
CL001906,T0315,07-Aug-2023,16-Aug-2023,Workers Compensation,USD,3292.83,0.0,3292.83,S
CL000060,T0458,14-Mar-2021,19-May-2021,Aviation,USD,357846.37,0.0,357846.37,S
CL002666,T0498,03-Apr-2024,23-Apr-2024,Workers Compensation,USD,41874.01,0.0,41874.01,S
CL900003,T9003,26-Mar-2021,23-May-2021,Natural Catastrophe,USD,28496.6,0.0,28496.6,S
CL005486,T0596,17-May-2026,09-Jun-2026,Professional Indemnity,EUR,5391.26,40817.88,46209.14,O
CL005006,T0543,06-Feb-2026,13-Feb-2026,Professional Indemnity,USD,14519.49,21248.47,35767.96,O
CL002276,T0254,21-Dec-2023,26-Dec-2023,Professional Indemnity,USD,24740.85,0.0,24740.85,S
CL004454,T0124,21-Sep-2025,01-Oct-2025,Auto Liability,USD,770362.5,0.0,770362.5,S
CL003012,T0472,11-Aug-2024,21-Aug-2024,Natural Catastrophe,USD,33881.17,0.0,33881.17,S
CL001247,T0176,29-Dec-2022,19-Jan-2023,Medical Malpractice,USD,103599.19,0.0,103599.19,S
CL002862,T0205,02-Jun-2024,01-Jul-2024,Auto Liability,USD,54482.29,0.0,54482.29,S
CL002207,T0608,27-Nov-2023,01-Dec-2023,Cyber,USD,6542.2,0.0,6542.2,S
CL000971,T0266,16-Sep-2022,30-Oct-2022,Fire & Explosion,USD,222821.54,359668.5,582490.04,O
CL003660,T0556,07-Feb-2025,20-Feb-2025,Natural Catastrophe,USD,15623.9,0.0,15623.9,S
CL001781,T0631,24-May-2023,07-Jul-2023,Credit & Surety,USD,234.18,1353.59,1587.77,O
CL002057,T0009,02-Oct-2023,09-Oct-2023,Cyber,USD,63065.23,0.0,63065.23,S
CL000483,T0317,19-Mar-2022,24-Mar-2022,Professional Indemnity,USD,28733.17,0.0,28733.17,S
CL004652,T0391,02-Jul-2025,17-Nov-2025,Fire & Explosion,INR,6152447.45,0.0,6152447.45,S
CL004412,T0215,07-Sep-2025,19-Sep-2025,Fire & Explosion,USD,4674.85,54027.3,58702.15,O
CL001824,T0617,28-Jun-2023,16-Jul-2023,General Liability,INR,8656734.93,0.0,8656734.93,S
CL003484,T0156,12-Dec-2024,03-Jan-2025,Business Interruption,USD,91464.05,0.0,91464.05,S
CL003979,T0329,13-May-2025,18-May-2025,Business Interruption,USD,19436.64,110266.62,129703.26,O
CL000511,T0399,29-Mar-2022,06-Apr-2022,Business Interruption,USD,39335.04,16857.88,56192.92,R
CL003655,T0033,18-Feb-2025,20-Feb-2025,Auto Liability,USD,192132.18,351654.28,543786.46,O
CL002233,T0357,10-Dec-2023,10-Dec-2023,Aviation,INR,22830861.43,0.0,22830861.43,S
CL001917,T0609,01-Aug-2023,20-Aug-2023,Business Interruption,USD,4566.95,0.0,4566.95,S
CL000251,T0314,20-Sep-2021,27-Oct-2021,Auto Liability,USD,13883.47,0.0,13883.47,S
CL003539,T0398,07-Jan-2025,18-Jan-2025,Natural Catastrophe,EUR,129709.91,0.0,129709.91,S
CL000197,T0340,16-Sep-2021,20-Sep-2021,Natural Catastrophe,USD,13420.74,0.0,13420.74,S
CL005577,T0058,17-Jun-2026,05-Jul-2026,Aviation,USD,9039.48,0.0,9039.48,S
CL003339,T0443,22-Oct-2024,24-Nov-2024,Fire & Explosion,USD,16916.02,0.0,16916.02,S
CL005520,T0224,27-Apr-2026,21-Jun-2026,Directors & Officers,USD,176487.14,0.0,176487.14,S
CL000216,T0104,23-Sep-2021,03-Oct-2021,Professional Indemnity,USD,49036.94,0.0,49036.94,S
CL003366,T0359,22-Nov-2024,30-Nov-2024,Workers Compensation,USD,52894.78,0.0,52894.78,S
CL004973,T0601,31-Jan-2026,04-Feb-2026,General Liability,EUR,40339.81,224429.58,264769.39,O
CL001271,T0512,06-Dec-2022,27-Jan-2023,Professional Indemnity,EUR,54153.18,0.0,54153.18,S
CL003269,T0472,15-Oct-2024,30-Oct-2024,Business Interruption,USD,204298.26,0.0,204298.26,S
CL003893,T0233,24-Mar-2025,25-Apr-2025,Cyber,USD,51754.04,0.0,51754.04,S
CL003565,T0078,26-Nov-2024,27-Jan-2025,Directors & Officers,INR,5216634.14,0.0,5216634.14,S
CL001535,T0682,30-Jan-2023,13-Apr-2023,Auto Liability,USD,5269.38,0.0,5269.38,S
CL004318,T0635,24-Aug-2025,26-Aug-2025,Aviation,EUR,85205.14,0.0,85205.14,S
CL005874,T0060,06-Sep-2026,26-Sep-2026,Medical Malpractice,USD,572.99,1540.1,2113.09,O
CL002380,T0334,16-Jan-2024,26-Jan-2024,Business Interruption,USD,51432.05,0.0,51432.05,S
CL005973,T0660,25-Sep-2026,30-Sep-2026,Fire & Explosion,USD,2239.34,58266.71,60506.05,O
CL004233,T0249,16-Jul-2025,02-Aug-2025,Energy,USD,1439559.54,0.0,1439559.54,S
CL001024,T0336,09-Nov-2022,16-Nov-2022,Fire & Explosion,USD,675.25,53219.26,53894.51,O
CL004366,T0192,23-Aug-2025,08-Sep-2025,Directors & Officers,USD,17943.53,0.0,17943.53,S
CL002273,T0119,25-Dec-2023,25-Dec-2023,Auto Liability,USD,9487.84,0.0,9487.84,S
CL005935,T0439,20-Aug-2026,30-Sep-2026,Professional Indemnity,USD,11588.45,71946.11,83534.56,O
CL004941,T0256,01-Jan-2026,27-Jan-2026,Marine Hull,USD,10033.51,45235.86,55269.37,O
CL005269,T0032,02-Feb-2026,20-Apr-2026,Fire & Explosion,USD,18389.32,0.0,18389.32,S
CL002017,T0251,31-Aug-2023,25-Sep-2023,Auto Liability,EUR,7618.3,30954.28,38572.58,O
CL001120,T0614,01-Dec-2022,16-Dec-2022,Natural Catastrophe,USD,2082.89,0.0,2082.89,S
CL004011,T0584,24-May-2025,26-May-2025,General Liability,USD,3214.84,7701.13,10915.97,O
CL002128,T0193,11-Oct-2023,29-Oct-2023,Fire & Explosion,USD,53241.38,0.0,53241.38,S
CL005679,T0557,30-Jun-2026,31-Jul-2026,Energy,EUR,1954.3,33011.19,34965.49,O
CL004450,T0224,14-Sep-2025,30-Sep-2025,Credit & Surety,USD,465954.84,0.0,465954.84,S
CL002418,T0156,28-Jan-2024,08-Feb-2024,Natural Catastrophe,USD,156634.65,0.0,156634.65,S
CL003617,T0343,07-Dec-2024,09-Feb-2025,Fire & Explosion,USD,759544.74,0.0,759544.74,S
CL004592,T0428,23-Oct-2025,03-Nov-2025,General Liability,USD,388106.16,0.0,388106.16,S
CL001152,T0223,21-Dec-2022,25-Dec-2022,Natural Catastrophe,USD,62118.31,0.0,62118.31,S
CL000406,T0392,12-Jan-2022,06-Feb-2022,Marine Hull,USD,1289168.69,0.0,1289168.69,S
CL003358,T0535,19-Nov-2024,29-Nov-2024,Political Risk,USD,31551.51,0.0,31551.51,S
CL004347,T0280,25-Jul-2025,03-Sep-2025,Fire & Explosion,USD,23347.33,26285.54,49632.87,O
CL000719,T0354,25-Jun-2022,29-Jul-2022,Auto Liability,USD,30143.63,0.0,30143.63,S
CL003987,T0599,22-Apr-2025,20-May-2025,Auto Liability,USD,9768.62,0.0,9768.62,S
CL002799,T0608,31-Mar-2024,11-Jun-2024,Credit & Surety,USD,30483.33,0.0,30483.33,S
CL004748,T0564,05-Dec-2025,11-Dec-2025,Cyber,INR,11994200.85,5140371.79,17134572.64,R
CL000592,T0196,15-May-2022,23-May-2022,Fire & Explosion,EUR,2034.72,0.0,2034.72,S
CL000067,T0314,05-May-2021,27-May-2021,Workers Compensation,USD,59250.94,25393.26,84644.2,R
CL003055,T0339,09-Jun-2024,03-Sep-2024,Fire & Explosion,EUR,12739.59,5459.82,18199.41,R
CL004566,T0529,03-Oct-2025,28-Oct-2025,Political Risk,USD,1868.59,285781.23,287649.82,O
CL002339,T0650,05-Jan-2024,14-Jan-2024,Cyber,USD,8498.75,0.0,8498.75,S
CL005546,T0089,29-May-2026,28-Jun-2026,Credit & Surety,USD,8722.6,11485.84,20208.44,O
CL001587,T0656,11-Apr-2023,30-Apr-2023,Business Interruption,USD,29406.72,0.0,29406.72,S
CL002035,T0566,30-Sep-2023,01-Oct-2023,Natural Catastrophe,EUR,55928.84,0.0,55928.84,S
CL002950,T0368,24-Jul-2024,28-Jul-2024,Cyber,GBP,121034.7,0.0,121034.7,S
CL000410,T0576,13-Jan-2022,07-Feb-2022,Aviation,USD,39877.53,0.0,39877.53,S
CL001643,T0031,07-May-2023,19-May-2023,General Liability,INR,1818175.17,0.0,1818175.17,S
CL004147,T0644,01-May-2025,09-Jul-2025,Auto Liability,USD,2445.88,3586.17,6032.05,O
CL002268,T0322,25-Nov-2023,23-Dec-2023,Professional Indemnity,USD,3885.08,0.0,3885.08,S
CL004420,T0180,15-Sep-2025,21-Sep-2025,Auto Liability,EUR,6662.92,13282.88,19945.8,O
CL005840,T0444,17-Aug-2026,16-Sep-2026,Natural Catastrophe,USD,102244.57,277213.05,379457.62,O
CL003674,T0195,13-Feb-2025,24-Feb-2025,Natural Catastrophe,INR,56353387.37,0.0,56353387.37,S
CL005229,T0204,15-Feb-2026,09-Apr-2026,Fire & Explosion,USD,12047.43,0.0,12047.43,S
CL004730,T0132,09-Nov-2025,08-Dec-2025,Natural Catastrophe,USD,22931.35,0.0,22931.35,S
CL005579,T0373,25-Jun-2026,05-Jul-2026,Energy,USD,12859.74,14090.12,26949.86,O
CL002650,T0121,07-Apr-2024,17-Apr-2024,Directors & Officers,USD,400737.1,467809.14,868546.24,O
CL001343,T0186,14-Feb-2023,15-Feb-2023,Marine Hull,EUR,28739.92,0.0,28739.92,S
CL003592,T0395,03-Feb-2025,04-Feb-2025,Auto Liability,USD,14128.49,0.0,14128.49,S
CL005548,T0306,13-Jun-2026,28-Jun-2026,Marine Hull,USD,6466.89,15723.6,22190.49,O
CL005882,T0391,21-Jun-2026,28-Sep-2026,Fire & Explosion,INR,1477361.83,2671789.17,4149151.0,O
CL000180,T0468,02-Sep-2021,06-Sep-2021,Business Interruption,USD,38613.06,0.0,38613.06,S
CL003371,T0532,26-Oct-2024,01-Dec-2024,Workers Compensation,EUR,55213.19,0.0,55213.19,S
CL002648,T0165,26-Mar-2024,16-Apr-2024,General Liability,EUR,170004.13,0.0,170004.13,S
CL005711,T0515,18-Jul-2026,08-Aug-2026,Political Risk,EUR,11295.52,17279.42,28574.94,O
CL001434,T0061,04-Mar-2023,14-Mar-2023,General Liability,USD,11447.81,0.0,11447.81,S
CL003452,T0155,13-Nov-2024,25-Dec-2024,Natural Catastrophe,USD,6504.75,0.0,6504.75,S
CL003262,T0081,24-Oct-2024,29-Oct-2024,Medical Malpractice,EUR,3787.38,0.0,3787.38,S
CL001424,T0480,20-Feb-2023,09-Mar-2023,General Liability,EUR,14165.24,0.0,14165.24,S
CL004924,T0082,08-Nov-2025,25-Jan-2026,Natural Catastrophe,USD,347941.41,0.0,347941.41,S
CL003435,T0033,07-Dec-2024,20-Dec-2024,General Liability,USD,167311.1,0.0,167311.1,S
CL001634,T0421,25-Apr-2023,17-May-2023,Directors & Officers,USD,24806.09,0.0,24806.09,S
CL004340,T0054,23-Jul-2025,02-Sep-2025,General Liability,EUR,26438.25,0.0,26438.25,S
CL005862,T0310,18-Sep-2026,23-Sep-2026,Natural Catastrophe,USD,1326.9,50693.17,52020.07,O
CL001352,T0017,18-Feb-2023,19-Feb-2023,Natural Catastrophe,EUR,6323.7,0.0,6323.7,S
CL002509,T0145,25-Feb-2024,07-Mar-2024,Business Interruption,USD,693.89,7298.06,7991.95,O
CL001840,T0034,06-Jun-2023,22-Jul-2023,Fire & Explosion,USD,31654.45,0.0,31654.45,S
CL001331,T0144,08-Jan-2023,12-Feb-2023,General Liability,USD,78251.14,0.0,78251.14,S
CL001959,T0295,31-Aug-2023,07-Sep-2023,Business Interruption,USD,550540.76,0.0,550540.76,S
CL005343,T0423,04-Mar-2026,06-May-2026,Directors & Officers,USD,12045.34,141819.22,153864.56,O
CL000315,T0066,11-Nov-2021,12-Dec-2021,Business Interruption,USD,125837.21,0.0,125837.21,S
CL003020,T0598,22-Aug-2024,23-Aug-2024,General Liability,USD,52770.13,0.0,52770.13,S
CL003450,T0329,13-Dec-2024,24-Dec-2024,Fire & Explosion,USD,32652.83,0.0,32652.83,S
CL004121,T0487,27-Jun-2025,30-Jun-2025,Natural Catastrophe,USD,283348.1,0.0,283348.1,S
CL003579,T0192,22-Dec-2024,01-Feb-2025,Cyber,USD,41975.69,0.0,41975.69,S
CL003722,T0491,08-Mar-2025,09-Mar-2025,Energy,USD,392686.1,0.0,392686.1,S
CL002022,T0123,22-Aug-2023,27-Sep-2023,Business Interruption,USD,137048.54,0.0,137048.54,S
CL004379,T0646,30-Aug-2025,12-Sep-2025,Business Interruption,EUR,89468.3,0.0,89468.3,S
CL001597,T0186,12-Apr-2023,05-May-2023,Marine Hull,EUR,189181.3,0.0,189181.3,S
CL002906,T0460,06-Jun-2024,15-Jul-2024,Workers Compensation,EUR,50191.61,0.0,50191.61,S
CL002238,T0421,03-Oct-2023,12-Dec-2023,Directors & Officers,USD,42824.42,0.0,42824.42,S
CL003237,T0534,12-Oct-2024,25-Oct-2024,Political Risk,USD,49445.69,0.0,49445.69,S
CL001588,T0384,29-Apr-2023,01-May-2023,Political Risk,EUR,198618.47,0.0,198618.47,S
CL005530,T0375,17-Jun-2026,24-Jun-2026,Marine Hull,USD,36694.09,0.0,36694.09,S
CL000970,T0061,17-Oct-2022,30-Oct-2022,Workers Compensation,USD,117841.37,50503.44,168344.81,R
CL004090,T0414,27-May-2025,19-Jun-2025,Workers Compensation,USD,1468.39,7533.82,9002.21,O
CL002807,T0533,20-Apr-2024,12-Jun-2024,Workers Compensation,USD,189881.32,0.0,189881.32,S
CL004763,T0406,18-Nov-2025,16-Dec-2025,Energy,GBP,86711.29,0.0,86711.29,S
CL001178,T0287,16-Nov-2022,30-Dec-2022,Energy,EUR,233307.99,0.0,233307.99,S
CL001254,T0630,06-Nov-2022,20-Jan-2023,Auto Liability,USD,22281.56,0.0,22281.56,S
CL005337,T0297,30-Apr-2026,03-May-2026,Cyber,USD,399.93,2235.24,2635.17,O
CL001709,T0357,23-May-2023,11-Jun-2023,Energy,INR,21660085.95,0.0,21660085.95,S
CL005313,T0406,17-Apr-2026,27-Apr-2026,Energy,GBP,14934.22,0.0,14934.22,S
CL002436,T0241,03-Feb-2024,14-Feb-2024,Directors & Officers,USD,70664.43,0.0,70664.43,S
CL004214,T0646,14-Jul-2025,28-Jul-2025,Business Interruption,EUR,15449.13,0.0,15449.13,S
CL001250,T0554,01-Dec-2022,19-Jan-2023,Marine Hull,EUR,3933.46,0.0,3933.46,S
CL000434,T0431,29-Dec-2021,20-Feb-2022,Professional Indemnity,USD,10054.96,16704.18,26759.14,O
CL005215,T0085,18-Mar-2026,05-Apr-2026,Credit & Surety,INR,7611879.39,0.0,7611879.39,S
CL003201,T0185,11-Sep-2024,16-Oct-2024,Fire & Explosion,EUR,870905.18,0.0,870905.18,S
CL001386,T0177,08-Jan-2023,01-Mar-2023,Professional Indemnity,USD,11072.96,0.0,11072.96,S
CL001042,T0630,07-Oct-2022,21-Nov-2022,Workers Compensation,USD,16980.75,0.0,16980.75,S
CL000689,T0522,07-Jul-2022,18-Jul-2022,Business Interruption,USD,20735.09,0.0,20735.09,S
CL001780,T0604,26-May-2023,07-Jul-2023,Political Risk,EUR,105870.48,0.0,105870.48,S
CL001047,T0504,20-Nov-2022,23-Nov-2022,Workers Compensation,USD,120170.98,0.0,120170.98,S
CL005584,T0549,05-Jul-2026,06-Jul-2026,Auto Liability,USD,1042044.26,4168177.05,5210221.31,O
CL002972,T0608,09-Jul-2024,04-Aug-2024,Credit & Surety,USD,4832.78,0.0,4832.78,S
CL004019,T0169,25-May-2025,31-May-2025,Natural Catastrophe,EUR,3083.93,3938.67,7022.6,O
CL000262,T0027,30-Sep-2021,01-Nov-2021,Fire & Explosion,USD,86656.53,0.0,86656.53,S
CL000350,T0674,08-Dec-2021,31-Dec-2021,Workers Compensation,EUR,38315.75,0.0,38315.75,S
CL002765,T0426,06-May-2024,28-May-2024,Business Interruption,USD,5065.11,0.0,5065.11,S
CL005772,T0154,13-Aug-2026,26-Aug-2026,Professional Indemnity,USD,79686.32,0.0,79686.32,S
CL000168,T0506,01-Jul-2021,26-Aug-2021,Medical Malpractice,EUR,6378.94,10788.45,17167.39,O
CL001151,T0655,24-Dec-2022,24-Dec-2022,Aviation,EUR,65308.29,0.0,65308.29,S
CL003157,T0540,05-Sep-2024,02-Oct-2024,Marine Hull,USD,23103.13,9901.34,33004.47,R
CL004677,T0661,23-Nov-2025,23-Nov-2025,Auto Liability,EUR,83930.1,0.0,83930.1,S
CL003139,T0076,10-Sep-2024,29-Sep-2024,Workers Compensation,EUR,81281.75,0.0,81281.75,S
CL002387,T0127,08-Jan-2024,28-Jan-2024,General Liability,USD,329109.84,0.0,329109.84,S
CL004510,T0563,02-Oct-2025,15-Oct-2025,Cyber,USD,175721.84,0.0,175721.84,S
CL002588,T0153,28-Mar-2024,01-Apr-2024,General Liability,USD,236913.02,0.0,236913.02,S
CL004812,T0459,27-Dec-2025,28-Dec-2025,Political Risk,USD,42693.28,0.0,42693.28,S
CL003814,T0465,27-Mar-2025,05-Apr-2025,Business Interruption,INR,2380353.39,0.0,2380353.39,S
CL004908,T0428,22-Jan-2026,22-Jan-2026,Workers Compensation,USD,513998.37,0.0,513998.37,S
CL002294,T0031,21-Oct-2023,31-Dec-2023,General Liability,INR,1357527.44,0.0,1357527.44,S
CL002800,T0649,10-Feb-2024,11-Jun-2024,Business Interruption,USD,76673.03,0.0,76673.03,S
CL003492,T0616,23-Nov-2024,04-Jan-2025,Energy,EUR,7783.87,0.0,7783.87,S
CL000284,T0332,10-Oct-2021,16-Nov-2021,General Liability,EUR,22777.52,0.0,22777.52,S
CL002037,T0084,29-Aug-2023,02-Oct-2023,Aviation,USD,71746.31,0.0,71746.31,S
CL001404,T0394,28-Feb-2023,04-Mar-2023,Natural Catastrophe,USD,171915.14,0.0,171915.14,S
CL000517,T0588,19-Mar-2022,08-Apr-2022,Business Interruption,EUR,75771.49,0.0,75771.49,S
CL002065,T0126,16-Sep-2023,11-Oct-2023,Fire & Explosion,USD,68500.83,0.0,68500.83,S
CL005262,T0201,13-Apr-2026,18-Apr-2026,Business Interruption,USD,4045.93,41397.49,45443.42,O
CL004142,T0133,04-Apr-2025,09-Jul-2025,Cyber,INR,751795.09,0.0,751795.09,S
CL000657,T0292,10-Jun-2022,26-Jun-2022,Medical Malpractice,EUR,87625.78,0.0,87625.78,S
CL002477,T0167,02-Feb-2024,26-Feb-2024,Professional Indemnity,USD,91855.73,0.0,91855.73,S
CL003807,T0157,02-Apr-2025,03-Apr-2025,Political Risk,USD,20557.4,8810.31,29367.71,R
CL002537,T0119,04-Feb-2024,17-Mar-2024,Auto Liability,USD,3943.14,0.0,3943.14,S
CL004260,T0019,09-Jul-2025,10-Aug-2025,Directors & Officers,USD,2330.83,0.0,2330.83,S
CL001798,T0144,20-Apr-2023,10-Jul-2023,General Liability,USD,277127.83,0.0,277127.83,S
CL002902,T0105,08-Jul-2024,15-Jul-2024,Auto Liability,USD,13461.1,0.0,13461.1,S
CL001065,T0510,10-Nov-2022,29-Nov-2022,General Liability,USD,122812.57,0.0,122812.57,S
CL000963,T0232,12-Oct-2022,27-Oct-2022,Natural Catastrophe,USD,33974.92,0.0,33974.92,S
CL003913,T0684,17-Apr-2025,28-Apr-2025,Workers Compensation,USD,533027.91,0.0,533027.91,S
CL001571,T0123,03-Apr-2023,25-Apr-2023,Business Interruption,USD,273967.13,0.0,273967.13,S
CL001192,T0061,06-Dec-2022,04-Jan-2023,Workers Compensation,USD,17876.93,0.0,17876.93,S
CL003061,T0540,21-Aug-2024,04-Sep-2024,Aviation,USD,46025.77,0.0,46025.77,S
CL005437,T0407,16-May-2026,29-May-2026,General Liability,GBP,36.87,10587.78,10624.65,O
CL004492,T0448,02-Jul-2025,13-Oct-2025,Political Risk,EUR,1444.64,18147.08,19591.72,O
CL005825,T0344,22-Aug-2026,12-Sep-2026,Natural Catastrophe,USD,79629.17,0.0,79629.17,S
CL001541,T0083,09-Apr-2023,15-Apr-2023,Auto Liability,INR,1495077.61,6836835.2,8331912.81,O
CL003575,T0584,10-Jan-2025,29-Jan-2025,Auto Liability,USD,15480.01,0.0,15480.01,S
CL003823,T0417,20-Mar-2025,07-Apr-2025,Business Interruption,EUR,775239.65,0.0,775239.65,S
CL004912,T0154,22-Dec-2025,23-Jan-2026,Medical Malpractice,USD,1221.86,3084.23,4306.09,O
CL003902,T0269,25-Apr-2025,27-Apr-2025,Fire & Explosion,USD,2229.51,5592.66,7822.17,O
CL004754,T0444,28-Nov-2025,13-Dec-2025,Fire & Explosion,USD,85095.04,0.0,85095.04,S
CL003510,T0107,09-Dec-2024,10-Jan-2025,Business Interruption,USD,163904.87,0.0,163904.87,S
CL002515,T0304,29-Feb-2024,09-Mar-2024,Fire & Explosion,USD,193814.1,0.0,193814.1,S
CL004416,T0300,19-Sep-2025,20-Sep-2025,Marine Hull,USD,27861.56,67043.35,94904.91,O
CL005020,T0575,13-Jan-2026,16-Feb-2026,Business Interruption,USD,4798.61,13615.48,18414.09,O
CL002681,T0264,08-Mar-2024,28-Apr-2024,Medical Malpractice,EUR,110472.11,0.0,110472.11,S
CL003413,T0370,11-Dec-2024,14-Dec-2024,Business Interruption,EUR,58121.71,0.0,58121.71,S
CL001983,T0432,10-Sep-2023,15-Sep-2023,Political Risk,INR,1160193.12,0.0,1160193.12,S
CL000807,T0151,28-Aug-2022,30-Aug-2022,Auto Liability,USD,268914.81,0.0,268914.81,S
CL001269,T0698,04-Jan-2023,26-Jan-2023,Medical Malpractice,USD,3349.23,9556.55,12905.78,O
CL005396,T0601,24-Apr-2026,18-May-2026,General Liability,EUR,27476.0,79081.14,106557.14,O
CL000756,T0206,26-Jul-2022,11-Aug-2022,Business Interruption,INR,4128762.53,0.0,4128762.53,S
CL003043,T0305,29-Aug-2024,01-Sep-2024,Workers Compensation,USD,555569.31,0.0,555569.31,S
CL001171,T0653,02-Oct-2022,28-Dec-2022,Business Interruption,USD,240935.33,0.0,240935.33,S
CL003361,T0101,05-Nov-2024,30-Nov-2024,Credit & Surety,USD,734246.8,0.0,734246.8,S
CL001889,T0026,26-Jun-2023,11-Aug-2023,General Liability,USD,80874.67,0.0,80874.67,S
CL005921,T0297,21-Sep-2026,30-Sep-2026,Directors & Officers,USD,1790.63,17359.71,19150.34,O
CL000566,T0425,28-Apr-2022,02-May-2022,Workers Compensation,USD,195361.97,0.0,195361.97,S
CL003647,T0122,24-Jan-2025,18-Feb-2025,Business Interruption,USD,60772.6,0.0,60772.6,S
CL004907,T0391,10-Jan-2026,22-Jan-2026,Fire & Explosion,INR,98335.4,1290652.89,1724432.64,O
CL001441,T0250,13-Mar-2023,16-Mar-2023,Political Risk,EUR,16412.86,0.0,16412.86,S
CL001849,T0480,13-May-2023,25-Jul-2023,Workers Compensation,EUR,42647.52,0.0,42647.52,S
CL001504,T0376,03-Apr-2023,05-Apr-2023,Fire & Explosion,USD,16933.15,0.0,16933.15,S
CL004484,T0124,28-Sep-2025,12-Oct-2025,Auto Liability,USD,29357.85,0.0,29357.85,S
CL001777,T0430,22-Jun-2023,06-Jul-2023,Business Interruption,USD,147702.28,0.0,147702.28,S
CL005961,T0594,10-Sep-2026,30-Sep-2026,Natural Catastrophe,EUR,10990.61,17640.95,28631.56,O
CL004173,T0640,08-Jul-2025,16-Jul-2025,Aviation,EUR,350042.03,0.0,350042.03,S
CL004389,T0557,08-Aug-2025,13-Sep-2025,Political Risk,EUR,18482.2,7920.94,26403.14,R
CL002513,T0415,11-Jan-2024,08-Mar-2024,Marine Hull,INR,3886437.35,0.0,3886437.35,S
CL003497,T0639,04-Jan-2025,05-Jan-2025,Aviation,USD,116407.85,0.0,116407.85,S
CL003631,T0141,08-Jan-2025,12-Feb-2025,Auto Liability,USD,626139.05,0.0,626139.05,S
CL005937,T0442,17-Jun-2026,30-Sep-2026,Business Interruption,USD,20481.42,91048.73,111530.15,O
CL005389,T0683,11-Mar-2026,17-May-2026,Workers Compensation,USD,1223.16,3076.12,4299.28,O
CL005680,T0095,21-Jul-2026,02-Aug-2026,Aviation,USD,874.01,54607.13,55481.14,O
CL005735,T0400,01-Jun-2026,15-Aug-2026,Business Interruption,USD,68237.05,407662.18,475899.23,O
CL002956,T0417,23-Jul-2024,30-Jul-2024,Business Interruption,EUR,620793.99,0.0,620793.99,S
CL001958,T0254,31-Aug-2023,07-Sep-2023,Professional Indemnity,USD,43135.15,0.0,43135.15,S
CL001604,T0525,08-Apr-2023,06-May-2023,Medical Malpractice,USD,10759.13,0.0,10759.13,S
CL005162,T0400,05-Mar-2026,23-Mar-2026,Business Interruption,USD,387641.22,439659.44,827300.66,O
CL001637,T0432,18-May-2023,18-May-2023,Energy,INR,4994232.63,0.0,4994232.63,S
CL004605,T0163,08-Oct-2025,07-Nov-2025,Natural Catastrophe,USD,165686.37,0.0,165686.37,S
CL004875,T0058,14-Jan-2026,16-Jan-2026,Marine Hull,USD,3399.46,11863.62,15263.08,O
CL002292,T0367,23-Dec-2023,30-Dec-2023,Workers Compensation,USD,61142.64,0.0,61142.64,S
CL004889,T0553,13-Jan-2026,17-Jan-2026,Directors & Officers,USD,3519.28,105863.56,109382.84,O
CL004393,T0259,11-Sep-2025,14-Sep-2025,Workers Compensation,EUR,1942655.09,0.0,1942655.09,S
CL004502,T0599,13-Oct-2025,14-Oct-2025,Auto Liability,USD,4630.1,0.0,4630.1,S
CL002310,T0240,07-Jan-2024,07-Jan-2024,Business Interruption,EUR,33277.03,477227.22,510504.25,O
CL005799,T0320,03-Sep-2026,04-Sep-2026,Professional Indemnity,USD,16657.31,38755.83,55413.14,O
CL002742,T0497,15-Apr-2024,20-May-2024,Workers Compensation,USD,181611.5,0.0,181611.5,S
CL000678,T0437,06-Jul-2022,08-Jul-2022,Professional Indemnity,USD,13316.01,33721.18,47037.19,O
CL003056,T0491,07-Aug-2024,03-Sep-2024,Energy,USD,47375.57,0.0,47375.57,S
CL001161,T0698,19-Dec-2022,26-Dec-2022,Professional Indemnity,USD,728.14,0.0,728.14,S
CL005588,T0407,24-Jun-2026,07-Jul-2026,General Liability,GBP,5315.77,13245.02,18560.79,O
CL002713,T0535,06-May-2024,10-May-2024,Energy,USD,7730.2,23476.12,31206.32,O
CL000401,T0073,30-Jan-2022,04-Feb-2022,Auto Liability,EUR,9095.21,49574.86,58670.07,O
CL000540,T0176,10-Apr-2022,19-Apr-2022,Professional Indemnity,USD,18205.43,0.0,18205.43,S
CL004013,T0124,22-May-2025,29-May-2025,Workers Compensation,USD,14241.19,0.0,14241.19,S
CL005236,T0523,31-Mar-2026,12-Apr-2026,Business Interruption,EUR,12158.67,391775.56,403934.23,O
CL002990,T0236,19-Jul-2024,11-Aug-2024,General Liability,USD,58800.85,0.0,58800.85,S
CL004324,T0270,12-Aug-2025,28-Aug-2025,General Liability,GBP,30626.91,0.0,30626.91,S
CL005064,T0138,19-Feb-2026,26-Feb-2026,Energy,USD,155447.54,0.0,155447.54,S
CL002404,T0137,31-Jan-2024,03-Feb-2024,Medical Malpractice,USD,245884.71,0.0,245884.71,S
CL004465,T0670,18-Sep-2025,04-Oct-2025,Aviation,USD,18593.85,32291.99,50885.84,O
CL005608,T0577,26-Feb-2025,13-Jul-2026,Business Interruption,EUR,3228059.3,0.0,3228059.3,S
CL005221,T0087,06-Apr-2026,06-Apr-2026,Business Interruption,USD,663498.38,0.0,663498.38,S
CL004417,T0327,25-Jul-2025,20-Sep-2025,Credit & Surety,INR,1109278.56,11519643.18,12628921.74,O
CL002001,T0324,21-Sep-2023,22-Sep-2023,Cyber,USD,310117.5,0.0,310117.5,S
CL004150,T0107,10-Jul-2025,10-Jul-2025,Business Interruption,USD,71195.03,0.0,71195.03,S
CL005327,T0613,06-Apr-2026,30-Apr-2026,Professional Indemnity,USD,8106.01,38034.84,46140.85,O
CL005582,T0005,30-Jun-2026,06-Jul-2026,Natural Catastrophe,USD,35742.82,158642.04,194384.86,O
CL001982,T0149,09-Sep-2023,15-Sep-2023,Auto Liability,USD,138367.75,0.0,138367.75,S
CL004021,T0262,14-Apr-2025,01-Jun-2025,Credit & Surety,EUR,11227.85,18752.02,29979.87,O
CL005251,T0058,26-Jan-2026,16-Apr-2026,Political Risk,USD,419.72,1370.91,1790.63,O
CL005347,T0085,13-Apr-2026,07-May-2026,Cyber,INR,3011190.5,4551968.07,7563158.57,O
CL002834,T0156,02-May-2024,22-Jun-2024,Natural Catastrophe,USD,46757.71,0.0,46757.71,S
CL002696,T0364,04-Apr-2024,03-May-2024,Energy,EUR,111735.64,0.0,111735.64,S
CL002607,T0440,23-Mar-2024,05-Apr-2024,Political Risk,USD,78006.53,0.0,78006.53,S
CL000952,T0229,22-Oct-2022,22-Oct-2022,Natural Catastrophe,USD,229517.98,0.0,229517.98,S
CL001305,T0636,30-Jan-2023,05-Feb-2023,General Liability,EUR,70873.72,0.0,70873.72,S
CL003696,T0508,04-Jan-2025,28-Feb-2025,Energy,USD,23931.05,0.0,23931.05,S
CL003864,T0195,28-Mar-2025,19-Apr-2025,Fire & Explosion,INR,5538441.81,0.0,5538441.81,S
CL003100,T0119,21-Aug-2024,18-Sep-2024,General Liability,USD,10294.55,0.0,10294.55,S
CL005175,T0172,06-Mar-2026,26-Mar-2026,Energy,EUR,2734.8,63253.7,65988.5,O
CL004022,T0203,03-May-2025,02-Jun-2025,Marine Hull,INR,3610438.99,0.0,3610438.99,S
CL002153,T0105,28-Oct-2023,07-Nov-2023,General Liability,USD,34399.82,0.0,34399.82,S
CL002330,T0271,17-Nov-2023,12-Jan-2024,Aviation,EUR,84142.93,0.0,84142.93,S
CL002239,T0456,01-Dec-2023,12-Dec-2023,Business Interruption,USD,60962.41,0.0,60962.41,S
CL001524,T0098,04-Mar-2023,11-Apr-2023,Natural Catastrophe,EUR,15405.77,0.0,15405.77,S
CL000413,T0545,31-Jan-2022,09-Feb-2022,Workers Compensation,EUR,293795.61,797283.03,1091078.64,O
CL003083,T0081,20-Jul-2024,14-Sep-2024,Professional Indemnity,EUR,19260.37,0.0,19260.37,S
CL004519,T0448,04-Jul-2025,19-Oct-2025,Energy,EUR,29111.02,0.0,29111.02,S
CL002897,T0498,30-Jun-2024,13-Jul-2024,Workers Compensation,USD,17851.56,0.0,17851.56,S
CL005160,T0087,21-Mar-2026,23-Mar-2026,Business Interruption,USD,44059.98,157525.39,201585.37,O
CL000312,T0675,10-Dec-2021,10-Dec-2021,Marine Hull,USD,9874.98,0.0,9874.98,S
CL000638,T0108,14-Jun-2022,16-Jun-2022,Medical Malpractice,USD,33049.53,0.0,33049.53,S
CL003630,T0072,11-Nov-2024,12-Feb-2025,Natural Catastrophe,USD,4940.73,0.0,4940.73,S
CL000005,T0548,02-Feb-2021,11-Feb-2021,Natural Catastrophe,USD,6601.7,34046.07,40647.77,O
CL003635,T0054,06-Feb-2025,14-Feb-2025,General Liability,EUR,10992.29,0.0,10992.29,S
CL002093,T0478,05-Aug-2023,17-Oct-2023,Fire & Explosion,USD,19648.22,0.0,19648.22,S
CL003624,T0284,04-Feb-2025,11-Feb-2025,Directors & Officers,EUR,138461.36,0.0,138461.36,S
CL001782,T0031,20-Jun-2023,08-Jul-2023,General Liability,INR,758426.9,0.0,758426.9,S
CL001391,T0404,05-Feb-2023,01-Mar-2023,Natural Catastrophe,USD,315964.34,0.0,315964.34,S
CL002879,T0271,24-Mar-2024,05-Jul-2024,Aviation,EUR,31788.7,0.0,31788.7,S
CL004815,T0007,08-Dec-2025,29-Dec-2025,Workers Compensation,USD,14045.14,234425.72,248470.86,O
CL005934,T0429,25-Sep-2026,30-Sep-2026,Cyber,USD,25659.72,99959.39,125619.11,O
CL003150,T0540,07-Aug-2024,30-Sep-2024,Marine Hull,USD,441828.93,0.0,441828.93,S
CL005031,T0018,05-Jan-2026,19-Feb-2026,General Liability,USD,263710.76,0.0,263710.76,S
CL005871,T0660,23-Sep-2026,25-Sep-2026,Natural Catastrophe,USD,6095.65,599647.33,605742.98,O
CL003683,T0532,23-Dec-2024,25-Feb-2025,Auto Liability,EUR,19106.84,0.0,19106.84,S
CL001193,T0354,24-Dec-2022,04-Jan-2023,General Liability,USD,142383.78,0.0,142383.78,S
CL001184,T0390,31-Dec-2022,31-Dec-2022,Auto Liability,INR,1260348.06,0.0,1260348.06,S
CL000986,T0614,02-Sep-2022,02-Nov-2022,Natural Catastrophe,USD,52018.4,0.0,52018.4,S
CL005885,T0138,04-Sep-2026,29-Sep-2026,Political Risk,USD,204703.27,0.0,204703.27,S
CL005955,T0555,25-Sep-2026,30-Sep-2026,Professional Indemnity,USD,8250.08,0.0,8250.08,S
CL001891,T0096,14-Jul-2023,12-Aug-2023,Medical Malpractice,EUR,53349.59,0.0,53349.59,S
CL003338,T0125,19-Nov-2024,24-Nov-2024,General Liability,USD,57457.96,0.0,57457.96,S
CL005714,T0004,26-Aug-2025,09-Aug-2026,Business Interruption,INR,16091731.65,30676510.92,46768242.57,O
CL001032,T0151,29-Oct-2022,19-Nov-2022,General Liability,USD,155636.32,0.0,155636.32,S
CL000727,T0196,22-Jul-2022,01-Aug-2022,Business Interruption,EUR,9393.87,0.0,9393.87,S
CL005507,T0075,06-Jun-2026,16-Jun-2026,Fire & Explosion,USD,12826.37,27605.6,40431.97,O
CL004988,T0338,01-Oct-2025,10-Feb-2026,Fire & Explosion,USD,20335.14,21800.99,42136.13,O
CL001375,T0315,15-Dec-2022,25-Feb-2023,Auto Liability,USD,2189.11,0.0,2189.11,S
CL004551,T0338,16-Aug-2025,26-Oct-2025,Business Interruption,USD,73217.12,0.0,73217.12,S
CL000007,T0542,07-Feb-2021,14-Feb-2021,Aviation,USD,71391.95,0.0,71391.95,S
CL001525,T0477,31-Mar-2023,11-Apr-2023,Fire & Explosion,EUR,3958.14,0.0,3958.14,S
CL002049,T0252,18-Sep-2023,06-Oct-2023,Political Risk,USD,21616.19,0.0,21616.19,S
CL005316,T0069,03-Apr-2026,28-Apr-2026,Directors & Officers,USD,6527.62,30282.11,36809.73,O
CL001745,T0113,24-Jun-2023,24-Jun-2023,Medical Malpractice,INR,2671920.08,0.0,2671920.08,S
CL003998,T0360,30-Apr-2025,23-May-2025,Cyber,USD,19129.48,80994.86,100124.34,O
CL000535,T0139,10-Apr-2022,17-Apr-2022,Credit & Surety,EUR,9811.1,0.0,9811.1,S
CL004040,T0524,04-Jun-2025,06-Jun-2025,Workers Compensation,USD,9695.57,0.0,9695.57,S
CL002957,T0443,22-May-2024,30-Jul-2024,Fire & Explosion,USD,208479.43,0.0,208479.43,S
CL005022,T0243,26-Jan-2026,17-Feb-2026,Aviation,USD,1004.24,13691.06,14695.3,O
CL002771,T0205,13-Apr-2024,31-May-2024,Workers Compensation,USD,93219.55,0.0,93219.55,S
CL000658,T0316,03-Jun-2022,26-Jun-2022,Fire & Explosion,USD,54071.67,0.0,54071.67,S
CL002398,T0043,11-Jan-2024,01-Feb-2024,Cyber,EUR,28771.6,0.0,28771.6,S
CL001668,T0059,05-May-2023,28-May-2023,Aviation,USD,495570.43,0.0,495570.43,S
CL001919,T0394,10-Jul-2023,21-Aug-2023,Natural Catastrophe,USD,18931.16,0.0,18931.16,S
CL001649,T0432,02-May-2023,21-May-2023,Marine Hull,INR,1552030.5,4059453.73,5611484.23,O
CL000620,T0108,31-May-2022,06-Jun-2022,Professional Indemnity,USD,243954.25,0.0,243954.25,S
CL001537,T0148,30-Mar-2023,14-Apr-2023,Workers Compensation,INR,871780.08,373620.03,1245400.11,R
CL001976,T0149,10-Sep-2023,13-Sep-2023,Auto Liability,USD,217.25,22238.06,22455.31,O
CL002817,T0136,16-Feb-2024,16-Jun-2024,General Liability,USD,585.87,2960.67,3546.54,O
CL001496,T0612,13-Mar-2023,02-Apr-2023,Workers Compensation,USD,91283.33,0.0,91283.33,S
CL002901,T0264,09-Jul-2024,14-Jul-2024,Medical Malpractice,EUR,464958.46,0.0,464958.46,S
CL003627,T0644,01-Feb-2025,11-Feb-2025,Workers Compensation,USD,176686.2,0.0,176686.2,S
CL005436,T0243,16-Apr-2026,29-May-2026,Aviation,USD,4587.26,44312.82,48900.08,O
CL003860,T0644,16-Apr-2025,17-Apr-2025,Workers Compensation,USD,10151.86,0.0,10151.86,S
CL002511,T0440,10-Feb-2024,07-Mar-2024,Marine Hull,USD,1682.1,0.0,1682.1,S
CL003195,T0456,24-Jul-2024,11-Oct-2024,Natural Catastrophe,USD,3442803.59,0.0,3442803.59,S
CL003808,T0221,30-Mar-2025,03-Apr-2025,Workers Compensation,USD,216429.79,0.0,216429.79,S
CL005675,T0055,17-Jun-2026,31-Jul-2026,Medical Malpractice,USD,24210.48,70891.72,95102.2,O
CL003079,T0440,06-Sep-2024,11-Sep-2024,Energy,USD,4472.08,0.0,4472.08,S
CL003128,T0305,15-Sep-2024,25-Sep-2024,General Liability,USD,29823.19,0.0,29823.19,S
CL000185,T0511,18-Jul-2021,11-Sep-2021,Business Interruption,USD,25856.99,0.0,25856.99,S
CL003190,T0076,25-Aug-2024,11-Oct-2024,Auto Liability,EUR,29381.68,0.0,29381.68,S
CL004499,T0257,27-Sep-2025,14-Oct-2025,Professional Indemnity,USD,85447.05,0.0,85447.05,S
CL005612,T0095,13-Jul-2026,15-Jul-2026,Aviation,USD,3370.63,20194.67,23565.3,O
CL000977,T0396,14-Aug-2022,01-Nov-2022,Energy,USD,167824.42,0.0,167824.42,S
CL003870,T0192,04-Apr-2025,20-Apr-2025,Cyber,USD,68871.12,0.0,68871.12,S
CL002705,T0205,19-Apr-2024,05-May-2024,Workers Compensation,USD,6950.38,0.0,6950.38,S
CL003797,T0595,30-Mar-2025,30-Mar-2025,Cyber,EUR,30397.91,100957.94,131355.85,O
CL005788,T0007,15-Jul-2026,31-Aug-2026,Workers Compensation,USD,2623.68,8130.35,10754.03,O
CL000744,T0581,19-Jul-2022,05-Aug-2022,Natural Catastrophe,USD,15722.44,0.0,15722.44,S
CL004691,T0599,06-Oct-2025,27-Nov-2025,Auto Liability,USD,10.3,66.03,76.33,O
CL001718,T0677,03-Dec-2022,12-Jun-2023,Business Interruption,USD,157417.67,0.0,157417.67,S
CL004727,T0485,28-Sep-2025,07-Dec-2025,Directors & Officers,EUR,455464.41,967884.81,1423349.22,O
CL005019,T0503,03-Feb-2026,16-Feb-2026,Energy,USD,695.99,13949.62,14645.61,O
CL005535,T0135,25-Jun-2026,26-Jun-2026,Auto Liability,EUR,3460.45,4923.43,8383.88,O
CL004866,T0298,08-Jan-2026,13-Jan-2026,General Liability,EUR,198165.6,0.0,198165.6,S
CL005224,T0132,04-Apr-2026,07-Apr-2026,Business Interruption,USD,4595.41,149365.33,153960.74,O
CL004642,T0079,04-Nov-2025,16-Nov-2025,Fire & Explosion,USD,5937.24,0.0,5937.24,S
CL001491,T0250,30-Mar-2023,31-Mar-2023,Political Risk,EUR,15908.31,0.0,15908.31,S
CL001118,T0196,05-Dec-2022,16-Dec-2022,Fire & Explosion,EUR,5692.67,0.0,5692.67,S
CL005469,T0658,21-Apr-2026,06-Jun-2026,Professional Indemnity,USD,14104.34,68278.0,82382.34,O
CL001419,T0238,06-Feb-2023,08-Mar-2023,Workers Compensation,USD,11098.84,0.0,11098.84,S
CL000833,T0680,04-Aug-2022,08-Sep-2022,Natural Catastrophe,USD,93801.34,0.0,93801.34,S
CL003434,T0532,28-Nov-2024,19-Dec-2024,Workers Compensation,EUR,9301.97,0.0,9301.97,S
CL005258,T0133,13-Feb-2026,17-Apr-2026,Credit & Surety,INR,877778.75,0.0,877778.75,S
CL002068,T0351,12-Aug-2023,11-Oct-2023,Business Interruption,INR,59893060.37,0.0,59893060.37,S
CL002510,T0271,04-Feb-2024,07-Mar-2024,Energy,EUR,3598.98,7038.5,10637.48,O
CL005086,T0446,30-Dec-2025,03-Mar-2026,Natural Catastrophe,USD,22197.09,0.0,22197.09,S
CL002512,T0086,29-Feb-2024,08-Mar-2024,Directors & Officers,USD,84167.12,36071.62,120238.74,R
CL000265,T0340,31-Oct-2021,02-Nov-2021,Business Interruption,USD,77184.41,0.0,77184.41,S
CL005829,T0170,18-Aug-2026,13-Sep-2026,Aviation,USD,111486.63,0.0,111486.63,S
CL002572,T0547,24-Jan-2024,28-Mar-2024,General Liability,EUR,54910.94,0.0,54910.94,S
CL002224,T0649,01-Dec-2023,06-Dec-2023,Business Interruption,USD,409081.24,0.0,409081.24,S
CL004084,T0651,09-Jun-2025,16-Jun-2025,Credit & Surety,USD,2463.72,0.0,2463.72,S
CL001570,T0034,16-Apr-2023,25-Apr-2023,Fire & Explosion,USD,4589.27,0.0,4589.27,S
CL002101,T0611,10-Oct-2023,20-Oct-2023,Aviation,USD,14577.12,0.0,14577.12,S
CL003433,T0484,18-Nov-2024,19-Dec-2024,Fire & Explosion,EUR,241415.96,0.0,241415.96,S
CL004130,T0414,28-Jun-2025,05-Jul-2025,General Liability,USD,56433.19,0.0,56433.19,S
CL001258,T0148,07-Jan-2023,23-Jan-2023,Auto Liability,INR,1128106.92,0.0,1128106.92,S
CL900024,T9024,06-Oct-2024,26-Oct-2024,Political Risk,EUR,12564.5,5384.78,17949.28,R
CL002210,T0142,02-Nov-2023,02-Dec-2023,General Liability,EUR,811.39,8278.66,9090.05,O
CL001067,T0113,01-Dec-2022,01-Dec-2022,Medical Malpractice,INR,1112441.53,0.0,1112441.53,S
CL000278,T0161,13-Nov-2021,13-Nov-2021,Cyber,EUR,19943.05,26671.01,46614.06,O
CL003372,T0215,25-Nov-2024,02-Dec-2024,Natural Catastrophe,USD,247259.5,0.0,247259.5,S
CL002779,T0156,09-May-2024,04-Jun-2024,Natural Catastrophe,USD,13658.01,0.0,13658.01,S
CL000215,T0231,11-Aug-2021,02-Oct-2021,Workers Compensation,USD,68497.66,0.0,68497.66,S
CL003985,T0180,09-Apr-2025,20-May-2025,Workers Compensation,EUR,141254.91,0.0,141254.91,S
CL005967,T0623,05-Aug-2026,30-Sep-2026,Credit & Surety,USD,3956.13,22097.35,26053.48,O
CL004840,T0640,30-Nov-2025,04-Jan-2026,Energy,EUR,5564037.8,0.0,5564037.8,S
CL000357,T0551,20-Dec-2021,05-Jan-2022,Fire & Explosion,EUR,18001.43,0.0,18001.43,S
CL004335,T0640,13-Aug-2025,30-Aug-2025,Political Risk,EUR,732176.05,0.0,732176.05,S
CL004814,T0577,09-Dec-2025,28-Dec-2025,Fire & Explosion,EUR,1543236.65,0.0,1543236.65,S
CL000661,T0675,28-Jun-2022,28-Jun-2022,Energy,USD,196840.87,0.0,196840.87,S
CL001283,T0632,19-Dec-2022,30-Jan-2023,Fire & Explosion,USD,82539.0,0.0,82539.0,S
CL001481,T0569,24-Mar-2023,29-Mar-2023,Workers Compensation,USD,510847.16,0.0,510847.16,S
CL005045,T0605,02-Feb-2026,20-Feb-2026,Workers Compensation,USD,50011.79,59649.17,109660.96,O
CL002611,T0078,31-Mar-2024,07-Apr-2024,Directors & Officers,INR,56036547.82,0.0,56036547.82,S
CL005903,T0075,27-Sep-2026,30-Sep-2026,Fire & Explosion,USD,5937.66,9418.39,15356.05,O
CL000667,T0232,26-May-2022,02-Jul-2022,Business Interruption,USD,469.3,68090.96,68560.26,O
CL003230,T0348,17-Oct-2024,24-Oct-2024,Fire & Explosion,USD,8742.55,0.0,9738.94,S
CL005060,T0407,02-Feb-2026,25-Feb-2026,Auto Liability,GBP,6498.14,65616.09,72114.23,O
CL001735,T0142,08-Jun-2023,19-Jun-2023,Workers Compensation,EUR,148859.95,0.0,148859.95,S
CL005185,T0444,13-Feb-2026,29-Mar-2026,Natural Catastrophe,USD,87956.96,0.0,87956.96,S
CL002636,T0505,07-Apr-2024,12-Apr-2024,Fire & Explosion,USD,1127817.59,0.0,1127817.59,S
CL000770,T0278,14-Aug-2022,17-Aug-2022,General Liability,USD,142136.93,0.0,142136.93,S
CL005254,T0447,20-Feb-2026,16-Apr-2026,Aviation,EUR,209671.86,0.0,209671.86,S
CL000816,T0410,06-Jun-2022,04-Sep-2022,Credit & Surety,USD,97661.39,0.0,97661.39,S
CL001966,T0352,04-Sep-2023,09-Sep-2023,Cyber,USD,8355.73,0.0,8355.73,S
CL005058,T0220,17-Feb-2026,25-Feb-2026,Workers Compensation,EUR,165.34,2389.25,2554.59,O
CL001304,T0554,17-Jan-2023,05-Feb-2023,Energy,EUR,573.44,0.0,573.44,S
CL004479,T0414,05-Oct-2025,10-Oct-2025,Workers Compensation,USD,45685.26,70046.58,115731.84,O
CL000769,T0636,11-Aug-2022,16-Aug-2022,General Liability,EUR,30927.0,0.0,30927.0,S
CL005498,T0170,13-May-2026,14-Jun-2026,Energy,USD,28085.72,0.0,28085.72,S
CL001765,T0273,09-May-2023,03-Jul-2023,Professional Indemnity,EUR,19459.97,0.0,19459.97,S
CL000862,T0612,04-Sep-2022,19-Sep-2022,Workers Compensation,USD,101019.95,0.0,101019.95,S
CL004513,T0495,18-Sep-2025,16-Oct-2025,Natural Catastrophe,INR,6210058.82,0.0,6210058.82,S
CL000328,T0066,16-Dec-2021,18-Dec-2021,Fire & Explosion,USD,80838.14,0.0,80838.14,S
CL004442,T0132,28-Aug-2025,27-Sep-2025,Business Interruption,USD,7776.18,0.0,7776.18,S
CL002166,T0455,23-Oct-2023,12-Nov-2023,Fire & Explosion,USD,63887.93,0.0,63887.93,S
CL002272,T0582,21-Nov-2023,24-Dec-2023,Fire & Explosion,EUR,4678.4,224292.09,228970.49,O
CL001235,T0655,05-Jan-2023,14-Jan-2023,Energy,EUR,50268.64,0.0,50268.64,S
CL004712,T0087,14-Oct-2025,04-Dec-2025,Natural Catastrophe,USD,180654.72,0.0,180654.72,S
CL000117,T0551,16-Apr-2021,08-Jul-2021,Natural Catastrophe,EUR,113104.78,0.0,113104.78,S
CL001217,T0117,23-Dec-2022,11-Jan-2023,Natural Catastrophe,USD,454466.79,0.0,454466.79,S
CL002056,T0609,20-Sep-2023,08-Oct-2023,Business Interruption,USD,92164.73,0.0,92164.73,S
CL001968,T0482,17-Aug-2023,09-Sep-2023,General Liability,USD,180145.57,0.0,180145.57,S
CL004328,T0018,23-Aug-2025,29-Aug-2025,Workers Compensation,USD,36221.53,15523.52,51745.05,R
CL000796,T0588,12-Aug-2022,26-Aug-2022,Natural Catastrophe,EUR,90768.83,0.0,90768.83,S
CL003718,T0122,31-Dec-2024,09-Mar-2025,Fire & Explosion,USD,1330178.14,0.0,1330178.14,S
CL003205,T0180,14-Oct-2024,17-Oct-2024,General Liability,EUR,147133.34,0.0,147133.34,S
CL000896,T0171,25-Sep-2022,03-Oct-2022,Directors & Officers,USD,766131.2,3064524.79,3830655.99,O
CL005492,T0312,31-May-2026,11-Jun-2026,Professional Indemnity,USD,3069.53,5639.91,8709.44,O
CL001182,T0177,20-Nov-2022,31-Dec-2022,Medical Malpractice,USD,1167.73,0.0,1167.73,S
CL002010,T0466,26-Jul-2023,24-Sep-2023,Business Interruption,USD,6631.6,0.0,6631.6,S
CL002937,T0160,12-Jul-2024,25-Jul-2024,General Liability,USD,782601.24,0.0,782601.24,S
CL005500,T0447,01-Jun-2026,14-Jun-2026,Political Risk,EUR,529716.47,787281.12,1316997.59,O
CL002968,T0486,03-Jun-2024,02-Aug-2024,Workers Compensation,USD,316030.17,0.0,316030.17,S
CL005384,T0681,27-Apr-2026,16-May-2026,Fire & Explosion,USD,21119.22,24045.71,45164.93,O
CL000366,T0541,25-Dec-2021,13-Jan-2022,Energy,USD,329271.92,0.0,329271.92,S
CL000243,T0548,05-Oct-2021,20-Oct-2021,Fire & Explosion,USD,105693.36,0.0,105693.36,S
CL004176,T0652,03-Jul-2025,17-Jul-2025,Aviation,INR,7373181.92,0.0,7373181.92,S
CL000359,T0175,04-Jan-2022,07-Jan-2022,General Liability,USD,67692.59,0.0,67692.59,S
CL005894,T0013,11-Aug-2026,30-Sep-2026,Natural Catastrophe,USD,7078.81,0.0,7078.81,S
CL004791,T0212,09-Dec-2025,24-Dec-2025,Workers Compensation,EUR,55131.41,0.0,55131.41,S
CL004427,T0124,21-Sep-2025,23-Sep-2025,Workers Compensation,USD,40440.58,0.0,40440.58,S
CL000723,T0258,28-Jul-2022,30-Jul-2022,Marine Hull,USD,257605.99,0.0,257605.99,S
CL004548,T0291,11-Oct-2025,25-Oct-2025,Natural Catastrophe,USD,924272.93,0.0,924272.93,S
CL000955,T0232,19-Oct-2022,23-Oct-2022,Natural Catastrophe,USD,27722.2,0.0,27722.2,S
CL003410,T0690,09-Dec-2024,13-Dec-2024,Political Risk,USD,4000.53,0.0,4000.53,S
CL004155,T0556,23-May-2025,10-Jul-2025,Natural Catastrophe,USD,11875.77,0.0,11875.77,S
CL005080,T0168,30-Nov-2025,01-Mar-2026,Credit & Surety,USD,4789.82,7532.86,12322.68,O
CL003606,T0657,09-Nov-2024,06-Feb-2025,Energy,USD,21278.68,66896.98,88175.66,O
CL005040,T0201,05-Jan-2026,20-Feb-2026,Business Interruption,USD,10126.13,0.0,10126.13,S
CL003869,T0022,21-Mar-2025,20-Apr-2025,Professional Indemnity,INR,16779365.02,0.0,16779365.02,S
CL000991,T0509,28-Oct-2022,03-Nov-2022,Professional Indemnity,USD,216522.62,0.0,216522.62,S
CL005124,T0064,02-Mar-2026,12-Mar-2026,Business Interruption,USD,30698.87,163621.26,194320.13,O
CL004662,T0018,15-Nov-2025,21-Nov-2025,Auto Liability,USD,129827.42,0.0,129827.42,S
CL005454,T0028,30-May-2026,02-Jun-2026,Workers Compensation,USD,2457.22,8872.09,11329.31,O
CL001963,T0421,01-Sep-2023,08-Sep-2023,Credit & Surety,USD,84312.65,0.0,84312.65,S
CL001867,T0153,21-Jul-2023,02-Aug-2023,Auto Liability,USD,8731.89,0.0,8731.89,S
CL005704,T0325,28-Jul-2026,06-Aug-2026,Business Interruption,USD,8862.72,18320.65,27183.37,O
CL002527,T0076,24-Dec-2023,13-Mar-2024,General Liability,EUR,9882.08,0.0,9882.08,S
CL005184,T0138,14-Mar-2026,29-Mar-2026,Political Risk,USD,337951.84,0.0,337951.84,S
CL005942,T0470,28-Sep-2026,30-Sep-2026,Credit & Surety,EUR,15304.54,106637.81,121942.35,O
CL005537,T0178,09-Jun-2026,26-Jun-2026,Credit & Surety,USD,23789.61,38875.33,62664.94,O
CL000241,T0332,30-Sep-2021,18-Oct-2021,Auto Liability,EUR,10899.27,0.0,10899.27,S
CL002141,T0137,16-Oct-2023,03-Nov-2023,Professional Indemnity,USD,27483.24,0.0,27483.24,S
CL001764,T0481,09-Jun-2023,02-Jul-2023,Political Risk,USD,73909.19,0.0,73909.19,S
CL005922,T0306,23-Sep-2026,30-Sep-2026,Energy,USD,2804.37,11306.87,14111.24,O
CL004514,T0553,10-Oct-2025,16-Oct-2025,Directors & Officers,USD,10616.34,4549.86,15166.2,R
CL004219,T0448,07-Jun-2025,29-Jul-2025,Energy,EUR,28155.21,0.0,28155.21,S
CL000491,T0545,18-Feb-2022,28-Mar-2022,Auto Liability,EUR,357893.21,0.0,357893.21,S
CL004562,T0087,26-Oct-2025,28-Oct-2025,Natural Catastrophe,USD,9404.14,0.0,9404.14,S
CL002435,T0186,10-Dec-2023,14-Feb-2024,Political Risk,EUR,174353.68,0.0,174353.68,S
CL005552,T0213,28-Jun-2026,29-Jun-2026,Fire & Explosion,USD,2071.07,3183.19,5254.26,O
CL002523,T0480,24-Jan-2024,11-Mar-2024,General Liability,EUR,23517.52,0.0,23517.52,S
CL000430,T0576,15-Feb-2022,17-Feb-2022,Energy,USD,4269.95,0.0,4269.95,S
CL004438,T0485,13-Sep-2025,26-Sep-2025,Cyber,EUR,91001.55,0.0,91001.55,S
CL004656,T0596,18-Nov-2025,18-Nov-2025,Professional Indemnity,EUR,5980.8,51598.12,57578.92,O
CL000506,T0349,31-Mar-2022,03-Apr-2022,Directors & Officers,USD,47176.61,0.0,47176.61,S
CL000331,T0088,19-Oct-2021,20-Dec-2021,Business Interruption,USD,36902.95,0.0,36902.95,S
CL003316,T0262,04-Nov-2024,16-Nov-2024,Directors & Officers,EUR,155413.07,0.0,155413.07,S
CL005126,T0110,04-Mar-2026,13-Mar-2026,Business Interruption,USD,93.1,65033.02,65126.12,O
CL003801,T0091,05-Feb-2025,01-Apr-2025,Workers Compensation,USD,656367.18,0.0,656367.18,S
CL005061,T0553,22-Feb-2026,25-Feb-2026,Credit & Surety,USD,29844.35,0.0,29844.35,S
CL000668,T0011,16-Jun-2022,03-Jul-2022,Auto Liability,EUR,194717.53,0.0,194717.53,S
CL001711,T0489,03-Jun-2023,11-Jun-2023,Workers Compensation,EUR,13675.25,65840.68,79515.93,O
CL001204,T0588,05-Dec-2022,07-Jan-2023,Natural Catastrophe,EUR,14334.17,0.0,14334.17,S
CL005304,T0209,19-Apr-2026,26-Apr-2026,Aviation,USD,27481.64,65692.21,93173.85,O
CL002887,T0454,27-May-2024,07-Jul-2024,Political Risk,USD,16592.75,205241.19,221833.94,O
CL004689,T0408,18-Nov-2025,27-Nov-2025,Professional Indemnity,USD,14959.17,214799.85,229759.02,O
CL000882,T0336,17-Sep-2022,27-Sep-2022,Business Interruption,USD,86037.52,0.0,86037.52,S
CL001284,T0247,17-Jan-2023,31-Jan-2023,Workers Compensation,GBP,22870.64,58459.37,81330.01,O
CL005516,T0607,16-May-2026,18-Jun-2026,Credit & Surety,EUR,75581.77,0.0,75581.77,S
CL003841,T0169,03-Mar-2025,12-Apr-2025,Natural Catastrophe,EUR,77997.61,0.0,95107.4,S
CL005012,T0013,07-Feb-2026,15-Feb-2026,Natural Catastrophe,USD,3301.03,3842.96,7143.99,O
CL005865,T0146,01-Sep-2026,24-Sep-2026,Fire & Explosion,EUR,991.18,18535.8,19526.98,O
CL004282,T0289,11-Aug-2025,16-Aug-2025,Marine Hull,USD,209532.78,0.0,209532.78,S
CL001846,T0274,24-Jul-2023,25-Jul-2023,Aviation,EUR,61704.49,0.0,61704.49,S
CL001608,T0609,01-May-2023,07-May-2023,Natural Catastrophe,USD,13185.72,0.0,13185.72,S
CL005392,T0007,16-May-2026,18-May-2026,Workers Compensation,USD,13207.9,24265.37,37473.27,O
CL003365,T0350,02-Nov-2024,30-Nov-2024,Workers Compensation,INR,8126938.86,0.0,8126938.86,S
CL004882,T0158,04-Jan-2026,17-Jan-2026,General Liability,USD,5418.64,22248.55,27667.19,O
CL003825,T0487,06-Mar-2025,07-Apr-2025,Natural Catastrophe,USD,162636.73,0.0,162636.73,S
CL002045,T0252,05-Sep-2023,04-Oct-2023,Political Risk,USD,151285.77,0.0,151285.77,S
CL004768,T0700,21-Oct-2025,17-Dec-2025,Natural Catastrophe,EUR,512.99,7459.55,7972.54,O
CL001323,T0566,24-Dec-2022,10-Feb-2023,Natural Catastrophe,EUR,385835.7,0.0,385835.7,S
CL002732,T0253,14-Mar-2024,17-May-2024,Professional Indemnity,USD,28107.07,0.0,28107.07,S
CL005248,T0549,03-Apr-2026,15-Apr-2026,Workers Compensation,USD,8723.78,140209.14,148932.92,O
CL000923,T0698,26-Sep-2022,11-Oct-2022,Medical Malpractice,USD,7419.03,17239.58,24658.61,O
CL001003,T0177,26-Oct-2022,08-Nov-2022,Professional Indemnity,USD,64589.17,0.0,64589.17,S
CL002487,T0587,15-Feb-2024,29-Feb-2024,Credit & Surety,EUR,164290.43,0.0,164290.43,S
CL002182,T0093,20-Nov-2023,21-Nov-2023,Cyber,USD,229199.21,0.0,229199.21,S
CL002002,T0404,15-Sep-2023,22-Sep-2023,Natural Catastrophe,USD,58685.29,0.0,58685.29,S
CL004539,T0270,10-Sep-2025,23-Oct-2025,General Liability,GBP,6159.34,11297.71,17457.05,O
CL000951,T0260,14-Oct-2022,21-Oct-2022,Auto Liability,USD,73208.33,74620.03,147828.36,O
CL000225,T0073,07-Oct-2021,11-Oct-2021,Workers Compensation,EUR,515119.24,0.0,515119.24,S
CL000790,T0411,08-Aug-2022,24-Aug-2022,Natural Catastrophe,EUR,150118.57,0.0,150118.57,S
CL005105,T0684,04-Jan-2026,06-Mar-2026,Auto Liability,USD,40354.28,77447.15,117801.43,O
CL004494,T0549,08-Sep-2025,13-Oct-2025,Auto Liability,USD,26132.36,0.0,26132.36,S
CL005568,T0341,14-May-2026,02-Jul-2026,Political Risk,USD,5792.31,0.0,5792.31,S
CL004474,T0338,13-Sep-2025,08-Oct-2025,Natural Catastrophe,USD,111738.44,0.0,111738.44,S
CL005393,T0008,07-May-2026,18-May-2026,Natural Catastrophe,USD,8655.3,0.0,8655.3,S
CL005925,T0313,14-Sep-2026,30-Sep-2026,Auto Liability,USD,33467.28,195245.8,228713.08,O
CL004392,T0180,27-Aug-2025,14-Sep-2025,Auto Liability,EUR,227905.91,0.0,227905.91,S
CL005723,T0449,03-Jun-2026,10-Aug-2026,Credit & Surety,INR,1644073.15,24690231.77,26334304.92,O
CL002896,T0335,26-May-2024,13-Jul-2024,Aviation,USD,26604.85,0.0,26604.85,S
CL001699,T0412,05-Jun-2023,08-Jun-2023,General Liability,EUR,81313.73,0.0,81313.73,S
CL003654,T0644,14-Feb-2025,19-Feb-2025,Auto Liability,USD,59796.75,0.0,59796.75,S
CL000529,T0047,12-Mar-2022,15-Apr-2022,Energy,USD,11598.23,0.0,11598.23,S
CL001411,T0223,21-Feb-2023,06-Mar-2023,Fire & Explosion,USD,159464.98,0.0,159464.98,S
CL000120,T0104,15-Jun-2021,10-Jul-2021,Medical Malpractice,USD,9493.71,0.0,9493.71,S
CL005314,T0409,27-Apr-2026,27-Apr-2026,General Liability,EUR,5865.38,122363.75,128229.13,O
CL003448,T0302,27-Nov-2024,24-Dec-2024,Directors & Officers,EUR,9877.85,0.0,9877.85,S
CL000701,T0390,21-Jul-2022,25-Jul-2022,General Liability,INR,25093144.12,0.0,25093144.12,S
CL004246,T0179,05-Aug-2025,06-Aug-2025,Workers Compensation,USD,3973.81,184387.23,188361.04,O
CL000851,T0363,28-Aug-2022,14-Sep-2022,Business Interruption,EUR,49473.57,0.0,49473.57,S
CL000622,T0621,21-Mar-2022,06-Jun-2022,Fire & Explosion,EUR,36818.76,543556.66,580375.42,O
CL000045,T0314,24-Mar-2021,01-May-2021,Auto Liability,USD,69500.66,0.0,69500.66,S
CL002091,T0167,06-Oct-2023,17-Oct-2023,Professional Indemnity,USD,128610.99,0.0,128610.99,S
CL001309,T0604,03-Jan-2023,06-Feb-2023,Marine Hull,EUR,28401.45,0.0,28401.45,S
CL001370,T0619,18-Jan-2023,23-Feb-2023,Business Interruption,USD,86108.33,0.0,86108.33,S
CL004414,T0012,11-Aug-2025,20-Sep-2025,Auto Liability,USD,12874.45,0.0,12874.45,S
CL004893,T0374,21-Dec-2025,18-Jan-2026,Natural Catastrophe,EUR,706.77,4762.92,5469.69,O
CL000636,T0061,28-May-2022,15-Jun-2022,General Liability,USD,60032.07,0.0,60032.07,S
CL001162,T0039,10-Dec-2022,27-Dec-2022,Aviation,USD,28061.72,0.0,28061.72,S
CL004078,T0143,22-May-2025,16-Jun-2025,Business Interruption,USD,4286.19,30768.31,35054.5,O
CL003400,T0440,01-Dec-2024,11-Dec-2024,Aviation,USD,123552.25,0.0,123552.25,S
CL002777,T0010,12-May-2024,04-Jun-2024,Natural Catastrophe,USD,4989.66,0.0,4989.66,S
CL005456,T0310,25-May-2026,02-Jun-2026,Business Interruption,USD,78621.85,0.0,78621.85,S
CL004174,T0124,17-Jul-2025,17-Jul-2025,General Liability,USD,401.8,19640.39,20042.19,O
CL002540,T0010,14-Feb-2024,18-Mar-2024,Fire & Explosion,USD,3013.55,12180.6,15194.15,O
CL005446,T0529,15-May-2026,31-May-2026,Marine Hull,USD,91095.09,239730.78,330825.87,O
CL000630,T0590,05-May-2022,12-Jun-2022,Directors & Officers,USD,2879.06,0.0,2879.06,S
CL001640,T0561,16-May-2023,18-May-2023,Natural Catastrophe,USD,48034.24,0.0,48034.24,S
CL003350,T0638,23-Nov-2024,26-Nov-2024,Auto Liability,USD,17100.19,0.0,17100.19,S
CL002727,T0516,09-May-2024,15-May-2024,Medical Malpractice,USD,65788.45,0.0,65788.45,S
CL005620,T0346,13-Jul-2026,16-Jul-2026,General Liability,EUR,21945.69,27428.23,49373.92,O
CL003199,T0666,03-Aug-2024,14-Oct-2024,Political Risk,GBP,15200.16,0.0,15200.16,S
CL004049,T0179,24-May-2025,09-Jun-2025,General Liability,USD,4911.03,24295.87,29206.9,O
CL002553,T0570,04-Feb-2024,21-Mar-2024,Cyber,INR,2141104.36,0.0,2141104.36,S
CL003545,T0141,02-Jan-2025,20-Jan-2025,General Liability,USD,1166690.16,0.0,1166690.16,S
CL002115,T0351,22-Oct-2023,25-Oct-2023,Natural Catastrophe,INR,2522102.6,0.0,2522102.6,S
CL005971,T0628,24-Sep-2026,30-Sep-2026,General Liability,EUR,717268.3,0.0,717268.3,S
CL005590,T0660,18-Jun-2026,07-Jul-2026,Fire & Explosion,USD,1801.03,140204.48,142005.51,O
CL002479,T0432,16-Feb-2024,26-Feb-2024,Aviation,INR,2487432.62,0.0,2487432.62,S
CL001021,T0396,13-Oct-2022,15-Nov-2022,Aviation,USD,119390.65,0.0,119390.65,S
CL001218,T0193,10-Jan-2023,11-Jan-2023,Natural Catastrophe,USD,108712.38,0.0,108712.38,S
CL004258,T0565,19-Jun-2025,08-Aug-2025,Workers Compensation,USD,54660.87,0.0,54660.87,S
CL001942,T0077,22-Jul-2023,01-Sep-2023,Auto Liability,USD,35130.06,0.0,35130.06,S
CL005643,T0494,12-Jun-2026,22-Jul-2026,Energy,GBP,17813.14,28066.09,45879.23,O
CL002872,T0190,02-May-2024,04-Jul-2024,Auto Liability,USD,26875.79,0.0,26875.79,S
CL001652,T0647,14-May-2023,21-May-2023,Medical Malpractice,USD,114511.41,0.0,114511.41,S
CL000711,T0416,19-Jul-2022,27-Jul-2022,Credit & Surety,USD,14368.89,14920.81,29289.7,O
CL005272,T0700,30-Mar-2026,20-Apr-2026,Fire & Explosion,EUR,15839.23,19467.23,35306.46,O
CL004426,T0589,31-Aug-2025,22-Sep-2025,Business Interruption,EUR,68669.59,0.0,68669.59,S
CL004221,T0180,13-Jul-2025,30-Jul-2025,Auto Liability,EUR,34091.77,0.0,34091.77,X
CL003302,T0639,28-Sep-2024,12-Nov-2024,Marine Hull,USD,41027.54,41732.85,82760.39,O
CL000725,T0061,09-Jul-2022,31-Jul-2022,General Liability,USD,124793.85,0.0,124793.85,S
CL001159,T0357,24-Dec-2022,26-Dec-2022,Marine Hull,INR,13477459.77,0.0,13477459.77,S
CL001744,T0123,06-Jun-2023,23-Jun-2023,Business Interruption,USD,48641.91,0.0,48641.91,S
CL001273,T0619,28-Oct-2022,27-Jan-2023,Natural Catastrophe,USD,401263.69,0.0,401263.69,S
CL004151,T0291,22-Jun-2025,10-Jul-2025,Fire & Explosion,USD,463454.18,0.0,463454.18,S
CL005926,T0325,01-Sep-2026,30-Sep-2026,Natural Catastrophe,USD,1233.77,7126.44,8360.21,O
CL003275,T0513,31-Oct-2024,03-Nov-2024,Credit & Surety,USD,216784.31,0.0,216784.31,S
CL003455,T0329,06-Nov-2024,25-Dec-2024,Natural Catastrophe,USD,15420.61,0.0,15420.61,S
CL002823,T0025,15-Apr-2024,18-Jun-2024,Credit & Surety,USD,5488.86,0.0,5488.86,S
CL000627,T0340,06-Jun-2022,10-Jun-2022,Fire & Explosion,USD,27180.91,0.0,27180.91,S
CL005730,T0555,11-Aug-2026,13-Aug-2026,Professional Indemnity,USD,2910.05,5859.27,8769.32,O
CL003473,T0261,27-Dec-2024,29-Dec-2024,Workers Compensation,EUR,210934.54,0.0,210934.54,S
CL005753,T0606,10-Aug-2026,20-Aug-2026,Business Interruption,GBP,41553.35,80957.42,122510.77,O
CL002870,T0299,19-Jun-2024,03-Jul-2024,Aviation,INR,4481035.69,0.0,4481035.69,S
CL000306,T0674,28-Nov-2021,07-Dec-2021,Auto Liability,EUR,12563.38,0.0,12563.38,S
CL004482,T0459,25-Sep-2025,11-Oct-2025,Aviation,USD,53118.56,0.0,53118.56,S
CL004856,T0470,09-Jan-2026,10-Jan-2026,Directors & Officers,EUR,1002863.43,0.0,1002863.43,S
CL005153,T0684,19-Mar-2026,20-Mar-2026,General Liability,USD,23267.69,0.0,23267.69,S
CL001388,T0219,18-Feb-2023,01-Mar-2023,Fire & Explosion,USD,21029.43,0.0,21029.43,S
CL002501,T0324,13-Feb-2024,05-Mar-2024,Cyber,USD,314646.06,0.0,314646.06,S
CL001485,T0112,20-Mar-2023,30-Mar-2023,Business Interruption,USD,1456.97,32452.87,33909.84,O
CL004614,T0414,02-Sep-2025,08-Nov-2025,Auto Liability,USD,25559.9,10954.24,36514.14,R
CL003210,T0657,02-Oct-2024,18-Oct-2024,Energy,USD,84007.49,0.0,84007.49,S
CL004255,T0329,25-Jul-2025,08-Aug-2025,Business Interruption,USD,2777.59,3177.24,5954.83,O
CL003570,T0381,12-Sep-2023,28-Jan-2025,Fire & Explosion,USD,1058456.98,0.0,1058456.98,S
CL004559,T0428,25-Oct-2025,27-Oct-2025,Auto Liability,USD,77970.32,33415.85,111386.17,R
CL005377,T0358,26-Apr-2026,15-May-2026,Credit & Surety,USD,91381.92,141599.43,232981.35,O
CL001853,T0367,18-Jul-2023,27-Jul-2023,General Liability,USD,580828.84,0.0,580828.84,S
CL003348,T0348,23-Nov-2024,26-Nov-2024,Fire & Explosion,USD,19188.48,0.0,19188.48,S
CL001768,T0096,22-May-2023,04-Jul-2023,Professional Indemnity,EUR,66884.72,0.0,66884.72,S
CL005524,T0429,21-Jun-2026,22-Jun-2026,Credit & Surety,USD,3060.64,15662.4,18723.04,O
CL002597,T0253,28-Mar-2024,03-Apr-2024,Medical Malpractice,USD,58922.78,0.0,58922.78,S
CL002564,T0608,24-Mar-2024,24-Mar-2024,Directors & Officers,USD,6422.95,0.0,6422.95,S
CL000099,T0693,06-Jun-2021,22-Jun-2021,Marine Hull,USD,7253.22,0.0,7253.22,S
CL003141,T0253,10-Sep-2024,29-Sep-2024,Professional Indemnity,USD,49729.72,0.0,49729.72,S
CL000922,T0371,29-Sep-2022,11-Oct-2022,Auto Liability,USD,6481.25,0.0,6481.25,S
CL004461,T0695,06-Sep-2025,03-Oct-2025,Fire & Explosion,EUR,42629.21,129692.26,172321.47,O
CL003154,T0663,28-Aug-2024,01-Oct-2024,Auto Liability,EUR,110598.03,0.0,110598.03,S
CL001794,T0322,09-Jul-2023,09-Jul-2023,Professional Indemnity,USD,1587.93,0.0,1587.93,S
CL001890,T0648,28-Jul-2023,11-Aug-2023,Fire & Explosion,EUR,40895.66,60671.75,101567.41,O
CL004205,T0496,03-Jul-2025,24-Jul-2025,Aviation,USD,12330.68,21758.52,34089.2,O
CL003071,T0081,13-Aug-2024,08-Sep-2024,Medical Malpractice,EUR,22526.88,0.0,22526.88,S
CL001243,T0047,16-Jan-2023,18-Jan-2023,Marine Hull,USD,10369.73,0.0,10369.73,S
CL000538,T0504,28-Feb-2022,18-Apr-2022,General Liability,USD,100097.87,0.0,100097.87,S
CL003360,T0673,27-Nov-2024,29-Nov-2024,Auto Liability,EUR,195898.39,0.0,195898.39,S
CL004663,T0224,05-Oct-2025,21-Nov-2025,Credit & Surety,USD,21359.41,233121.56,254480.97,O
CL002069,T0364,15-Aug-2023,11-Oct-2023,Political Risk,EUR,332077.16,0.0,332077.16,S
CL000144,T0431,16-Jul-2021,29-Jul-2021,Professional Indemnity,USD,464478.44,0.0,464478.44,S
CL000372,T0511,10-Dec-2021,16-Jan-2022,Natural Catastrophe,USD,853691.1,0.0,853691.1,S
CL003709,T0054,21-Jan-2025,04-Mar-2025,Auto Liability,EUR,131305.35,0.0,131305.35,S
CL001385,T0034,09-Dec-2022,01-Mar-2023,Fire & Explosion,USD,17903.41,0.0,17903.41,S
CL002351,T0412,15-Jan-2024,18-Jan-2024,Workers Compensation,EUR,152655.41,0.0,152655.41,S
CL000819,T0653,05-Sep-2022,05-Sep-2022,Natural Catastrophe,USD,125954.91,0.0,125954.91,S
CL005484,T0201,15-May-2026,09-Jun-2026,Fire & Explosion,USD,24033.17,0.0,24033.17,S
CL005432,T0110,27-May-2026,28-May-2026,Natural Catastrophe,USD,9250.08,27131.92,36382.0,O
CL002041,T0624,20-Sep-2023,03-Oct-2023,Fire & Explosion,USD,6795.09,0.0,6795.09,S
CL005320,T0064,29-Apr-2026,29-Apr-2026,Natural Catastrophe,USD,2886.49,10970.34,13856.83,O
CL900013,T9013,15-Mar-2021,20-Mar-2021,Medical Malpractice,USD,47336.62,0.0,47336.62,S
CL005505,T0301,03-Feb-2026,15-Jun-2026,Workers Compensation,USD,501.06,32878.46,33379.52,O
CL004716,T0298,01-Dec-2025,04-Dec-2025,Workers Compensation,EUR,4461.11,0.0,4461.11,S
CL003726,T0560,19-Feb-2025,10-Mar-2025,Fire & Explosion,INR,23755902.03,0.0,23755902.03,S
CL005044,T0575,06-Feb-2026,20-Feb-2026,Fire & Explosion,USD,46350.14,0.0,46350.14,S
CL005751,T0444,04-Aug-2026,20-Aug-2026,Natural Catastrophe,USD,38479.8,76462.4,114942.2,O
CL000371,T0419,05-Jan-2021,16-Jan-2022,Natural Catastrophe,USD,19725.04,0.0,19725.04,S
CL004359,T0069,01-Sep-2025,06-Sep-2025,Cyber,USD,2762.33,6322.41,9084.74,O
CL000943,T0342,01-Aug-2022,18-Oct-2022,Cyber,EUR,153652.37,0.0,153652.37,S
CL005830,T0379,25-Jul-2026,13-Sep-2026,Credit & Surety,USD,25070.29,61705.28,86775.57,O
CL003223,T0164,22-Oct-2024,22-Oct-2024,Medical Malpractice,EUR,77215.03,0.0,77215.03,S
CL005688,T0628,30-Jul-2026,03-Aug-2026,Workers Compensation,EUR,2208.41,5601.18,7809.59,O
CL005121,T0103,08-Feb-2026,11-Mar-2026,Business Interruption,EUR,3943.42,136473.13,140416.55,O
CL005671,T0579,29-Jul-2026,29-Jul-2026,Directors & Officers,USD,3784.0,25207.73,28991.73,O
CL004965,T0212,13-Jan-2026,03-Feb-2026,Auto Liability,EUR,25588.45,79046.74,104635.19,O
CL002840,T0136,24-Jun-2024,25-Jun-2024,General Liability,USD,7822.6,0.0,7822.6,S
CL001346,T0034,26-Jan-2023,16-Feb-2023,Business Interruption,USD,5921.41,0.0,5921.41,S
CL005972,T0660,26-Jul-2026,30-Sep-2026,Business Interruption,USD,24402.98,276300.74,300703.72,O
CL002360,T0086,11-Jan-2024,22-Jan-2024,Directors & Officers,USD,33262.72,43822.11,77084.83,O
CL001755,T0113,26-Jun-2023,28-Jun-2023,Medical Malpractice,INR,1578758.73,0.0,1578758.73,S
CL002394,T0252,03-Dec-2023,30-Jan-2024,Marine Hull,USD,240157.53,0.0,240157.53,S
CL003552,T0603,13-Jan-2025,22-Jan-2025,Workers Compensation,INR,8199594.79,0.0,8199594.79,S
CL001707,T0149,23-May-2023,11-Jun-2023,Auto Liability,USD,19195.14,0.0,19195.14,S
CL002652,T0086,13-Apr-2024,18-Apr-2024,Directors & Officers,USD,128526.44,0.0,128526.44,S
CL005465,T0062,26-May-2026,05-Jun-2026,General Liability,USD,16774.22,98648.94,115423.16,O
CL003023,T0010,21-Jul-2024,25-Aug-2024,Natural Catastrophe,USD,7722.98,0.0,7722.98,S
CL004903,T0406,20-Jan-2026,20-Jan-2026,Political Risk,GBP,412.18,9085.88,9498.06,O
CL004170,T0189,13-Jul-2025,15-Jul-2025,Natural Catastrophe,USD,84237.89,0.0,84237.89,S
CL000541,T0265,07-Mar-2022,19-Apr-2022,Natural Catastrophe,USD,86934.02,0.0,86934.02,S
CL003958,T0500,07-Apr-2025,11-May-2025,Cyber,USD,47247.42,0.0,47247.42,S
CL004295,T0163,15-Apr-2025,20-Aug-2025,Business Interruption,USD,25888.63,0.0,25888.63,S
CL004166,T0690,02-Jun-2025,13-Jul-2025,Marine Hull,USD,78.72,39554.28,39633.0,O
CL005282,T0428,15-Apr-2026,21-Apr-2026,Workers Compensation,USD,41458.17,71865.89,113324.06,O
CL004038,T0261,22-May-2025,06-Jun-2025,Workers Compensation,EUR,919111.5,0.0,919111.5,S
CL005158,T0374,24-Dec-2025,22-Mar-2026,Business Interruption,EUR,8061.19,0.0,8061.19,S
CL005312,T0344,10-Mar-2026,27-Apr-2026,Natural Catastrophe,USD,7621.66,20609.02,28230.68,O
CL000497,T0316,28-Feb-2022,30-Mar-2022,Natural Catastrophe,USD,51941.23,0.0,51941.23,S
CL000145,T0230,24-Jul-2021,31-Jul-2021,Energy,USD,187204.27,0.0,187204.27,S
CL001355,T0144,12-Feb-2023,19-Feb-2023,General Liability,USD,24989.74,25464.37,50454.11,O
CL001201,T0292,03-Jan-2023,06-Jan-2023,Medical Malpractice,EUR,7449.0,0.0,7449.0,S
CL005632,T0579,14-Jul-2026,18-Jul-2026,Credit & Surety,USD,9557.49,23898.73,33456.22,O
CL004365,T0029,19-Jul-2025,08-Sep-2025,Political Risk,USD,329767.88,0.0,329767.88,S
CL004823,T0495,29-Dec-2025,30-Dec-2025,Fire & Explosion,INR,5373495.13,0.0,5373495.13,S
CL004891,T0057,18-Jan-2026,18-Jan-2026,Fire & Explosion,EUR,9420.57,0.0,9420.57,S
CL001327,T0315,08-Feb-2023,11-Feb-2023,Workers Compensation,USD,2787.77,0.0,2787.77,S
CL000116,T0506,01-Jul-2021,08-Jul-2021,Professional Indemnity,EUR,20230.03,0.0,20230.03,S
CL004099,T0311,07-May-2025,22-Jun-2025,Natural Catastrophe,INR,16551702.05,0.0,16551702.05,S
CL001456,T0416,15-Feb-2023,21-Mar-2023,Directors & Officers,USD,29834.11,0.0,29834.11,S
CL002683,T0571,18-Apr-2024,29-Apr-2024,Natural Catastrophe,USD,2532.82,0.0,2532.82,S
CL001912,T0489,11-Jul-2023,19-Aug-2023,Auto Liability,EUR,342233.27,0.0,342233.27,S
CL002922,T0426,09-Jul-2024,20-Jul-2024,Business Interruption,USD,175134.05,0.0,175134.05,S
CL005797,T0131,24-Aug-2026,03-Sep-2026,Directors & Officers,EUR,13125.15,20707.95,33833.1,O
CL002095,T0678,20-Sep-2023,18-Oct-2023,Marine Hull,INR,8065861.92,0.0,8065861.92,S
CL002107,T0240,17-Oct-2023,24-Oct-2023,Fire & Explosion,EUR,19479.89,8348.52,27828.41,R
CL002486,T0520,23-Feb-2024,29-Feb-2024,Energy,EUR,65287.36,0.0,65287.36,S
CL002606,T0393,14-Mar-2024,05-Apr-2024,Natural Catastrophe,USD,46827.45,0.0,46827.45,S
CL001357,T0672,20-Jan-2023,19-Feb-2023,Natural Catastrophe,USD,66884.74,0.0,66884.74,S
CL001039,T0326,31-Oct-2022,21-Nov-2022,Marine Hull,USD,249874.48,0.0,249874.48,S
CL000975,T0390,27-Sep-2022,31-Oct-2022,Auto Liability,INR,3468024.23,0.0,3468024.23,S
CL003106,T0350,12-Aug-2024,19-Sep-2024,Workers Compensation,INR,1126132.43,0.0,1126132.43,S
CL002743,T0105,21-May-2024,21-May-2024,General Liability,USD,166332.93,0.0,166332.93,S
CL003501,T0321,06-Dec-2024,07-Jan-2025,Workers Compensation,USD,172373.49,0.0,172373.49,S
CL004348,T0553,24-Aug-2025,03-Sep-2025,Directors & Officers,USD,838.77,12955.3,13794.07,O
CL004647,T0529,13-Nov-2025,16-Nov-2025,Energy,USD,846820.11,922033.13,1768853.24,O
CL002731,T0167,15-May-2024,17-May-2024,Medical Malpractice,USD,23068.4,0.0,23068.4,S
CL000428,T0418,30-Jan-2022,16-Feb-2022,Workers Compensation,USD,32965.2,0.0,32965.2,S
CL000524,T0232,11-Apr-2022,12-Apr-2022,Fire & Explosion,USD,15332.84,0.0,15332.84,S
CL001459,T0591,03-Mar-2023,21-Mar-2023,Energy,USD,39393.53,0.0,39393.53,S
CL005764,T0344,16-Aug-2026,24-Aug-2026,Business Interruption,USD,19398.99,38904.43,58303.42,O
CL000509,T0287,26-Mar-2022,04-Apr-2022,Political Risk,EUR,213413.44,0.0,213413.44,S
CL001784,T0093,08-May-2023,08-Jul-2023,Credit & Surety,USD,5699.63,2442.7,8142.33,R
CL002507,T0050,21-Feb-2024,07-Mar-2024,Auto Liability,EUR,19597.49,0.0,19597.49,S
CL005038,T0079,20-Feb-2026,20-Feb-2026,Fire & Explosion,USD,24179.63,54959.62,79139.25,O
CL001573,T0672,12-Apr-2023,25-Apr-2023,Natural Catastrophe,USD,79233.78,0.0,79233.78,S
CL005295,T0495,09-Apr-2026,24-Apr-2026,Natural Catastrophe,INR,1637617.36,2314538.05,3952155.41,O
CL003035,T0673,15-Jul-2024,29-Aug-2024,Auto Liability,EUR,84590.24,0.0,84590.24,S
CL001221,T0655,13-Dec-2022,11-Jan-2023,Political Risk,EUR,25951.26,0.0,25951.26,S
CL003486,T0475,08-Nov-2024,03-Jan-2025,General Liability,USD,8760.16,160260.82,169020.98,O
CL003399,T0359,07-Nov-2024,11-Dec-2024,Auto Liability,USD,5970.85,0.0,5970.85,S
CL002313,T0525,16-Dec-2023,07-Jan-2024,Medical Malpractice,USD,5777.55,6608.52,12386.07,O
CL005048,T0479,06-Feb-2026,21-Feb-2026,Auto Liability,GBP,18759.83,47904.98,66664.81,O
CL003663,T0215,28-Dec-2024,21-Feb-2025,Fire & Explosion,USD,169335.5,0.0,169335.5,S
CL003427,T0071,12-Nov-2024,18-Dec-2024,Aviation,EUR,427945.46,0.0,427945.46,S
CL003111,T0271,07-Sep-2024,21-Sep-2024,Political Risk,EUR,2569.11,8549.74,11118.85,O
CL001542,T0093,07-Apr-2023,15-Apr-2023,Cyber,USD,33662.8,0.0,33662.8,S
CL000875,T0654,19-Sep-2022,24-Sep-2022,Business Interruption,USD,54796.82,0.0,54796.82,S
CL003947,T0204,20-Apr-2025,07-May-2025,Business Interruption,USD,41340.79,279143.13,320483.92,O
CL004436,T0032,04-Aug-2025,26-Sep-2025,Fire & Explosion,USD,2091.55,123239.99,125331.54,O
CL001155,T0566,06-Dec-2022,25-Dec-2022,Natural Catastrophe,EUR,108664.7,0.0,108664.7,S
CL000590,T0210,21-Apr-2022,22-May-2022,Fire & Explosion,USD,8745.07,72597.57,81342.64,O
CL002154,T0384,31-Oct-2023,07-Nov-2023,Marine Hull,EUR,45087.68,0.0,45087.68,S
CL001877,T0659,30-Jul-2023,05-Aug-2023,Natural Catastrophe,EUR,69801.62,0.0,69801.62,S
CL004186,T0298,10-Jul-2025,20-Jul-2025,Workers Compensation,EUR,9239.79,17693.15,26932.94,O
CL000354,T0541,31-Dec-2021,04-Jan-2022,Marine Hull,USD,84668.4,0.0,84668.4,S
CL004358,T0529,29-Jul-2025,05-Sep-2025,Political Risk,USD,101381.18,125733.41,227114.59,O
CL005532,T0301,20-May-2026,25-Jun-2026,General Liability,USD,178.76,1820.44,1999.2,O
CL001367,T0434,11-Feb-2023,22-Feb-2023,Natural Catastrophe,EUR,76509.93,0.0,76509.93,S
CL002826,T0516,09-Jun-2024,19-Jun-2024,Medical Malpractice,USD,405316.44,0.0,405316.44,S
CL000292,T0418,10-Nov-2021,22-Nov-2021,Auto Liability,USD,24422.82,0.0,24422.82,S
CL004636,T0280,01-Nov-2025,15-Nov-2025,Fire & Explosion,USD,560.18,3713.86,4274.04,O
CL001299,T0363,21-Dec-2022,03-Feb-2023,Natural Catastrophe,EUR,543092.37,0.0,543092.37,S
CL001783,T0034,21-Jun-2023,08-Jul-2023,Business Interruption,USD,716.58,769.62,1486.2,O
CL000393,T0551,23-Jan-2022,31-Jan-2022,Natural Catastrophe,EUR,71238.02,0.0,71238.02,S
CL003059,T0353,25-Jul-2024,04-Sep-2024,Fire & Explosion,USD,606869.7,0.0,606869.7,S
CL001979,T0308,01-Sep-2023,14-Sep-2023,Directors & Officers,USD,199398.24,0.0,199398.24,S
CL000253,T0230,15-Oct-2021,28-Oct-2021,Political Risk,USD,210805.74,0.0,210805.74,S
CL003445,T0657,21-Dec-2024,23-Dec-2024,Political Risk,USD,220259.69,0.0,220259.69,S
CL004375,T0056,04-Aug-2025,12-Sep-2025,General Liability,USD,17082.14,21471.02,38553.16,O
CL004218,T0385,09-May-2025,29-Jul-2025,Directors & Officers,USD,237453.76,0.0,237453.76,S
CL003694,T0359,30-Jan-2025,28-Feb-2025,General Liability,USD,84401.99,295745.84,380147.83,O
CL002274,T0304,14-Dec-2023,25-Dec-2023,Business Interruption,USD,146346.54,0.0,146346.54,S
CL002641,T0065,22-Mar-2024,14-Apr-2024,Workers Compensation,INR,776385.55,3741570.69,4517956.24,O
CL003270,T0644,25-Oct-2024,31-Oct-2024,Auto Liability,USD,22189.65,9509.85,31699.5,R
CL003257,T0402,23-Oct-2024,28-Oct-2024,Cyber,INR,1079548.11,0.0,1079548.11,S
CL002562,T0105,20-Mar-2024,24-Mar-2024,Workers Compensation,USD,166156.08,0.0,166156.08,S
CL001436,T0687,05-Mar-2023,14-Mar-2023,Auto Liability,USD,49368.88,0.0,49368.88,S
CL002997,T0402,28-Jul-2024,14-Aug-2024,Credit & Surety,INR,2070286.83,0.0,2070286.83,S
CL003749,T0508,25-Feb-2025,16-Mar-2025,Political Risk,USD,48532.64,0.0,48532.64,S
CL001211,T0193,10-Jan-2023,10-Jan-2023,Natural Catastrophe,USD,332235.53,0.0,332235.53,S
CL000870,T0612,10-Sep-2022,22-Sep-2022,Auto Liability,USD,103557.29,0.0,103557.29,S
CL004428,T0249,10-Sep-2025,23-Sep-2025,Marine Hull,USD,46223.96,0.0,46223.96,S
CL005817,T0320,26-Jul-2026,11-Sep-2026,Medical Malpractice,USD,7018.38,54117.87,61136.25,O
CL003775,T0037,14-Mar-2025,25-Mar-2025,Credit & Surety,EUR,6953.45,0.0,6953.45,S
CL004400,T0288,10-Sep-2025,15-Sep-2025,Auto Liability,USD,38406.63,0.0,38406.63,S
CL005374,T0344,20-Apr-2026,14-May-2026,Fire & Explosion,USD,3905.68,14248.55,18154.23,O
CL004521,T0670,09-Sep-2025,19-Oct-2025,Energy,USD,55104.21,0.0,55104.21,S
CL002594,T0236,28-Jan-2024,02-Apr-2024,General Liability,USD,779.07,1543.13,2322.2,O
CL001279,T0507,10-Nov-2022,28-Jan-2023,Directors & Officers,USD,87679.51,0.0,87679.51,S
CL002458,T0273,08-Feb-2024,22-Feb-2024,Medical Malpractice,EUR,1049.49,6712.74,7762.23,O
CL000709,T0687,23-Jun-2022,26-Jul-2022,Auto Liability,USD,106843.7,0.0,106843.7,S
CL005362,T0213,05-May-2026,10-May-2026,Fire & Explosion,USD,8111.67,11511.31,19622.98,O
CL004326,T0355,18-Aug-2025,28-Aug-2025,Auto Liability,USD,528331.44,0.0,528331.44,S
CL004354,T0188,31-Aug-2025,05-Sep-2025,General Liability,USD,1052.94,2520.5,3573.44,O
CL003530,T0321,09-Jan-2025,15-Jan-2025,General Liability,USD,96561.49,0.0,96561.49,S
CL000745,T0047,06-Jun-2022,06-Aug-2022,Aviation,USD,24435.56,0.0,24435.56,S
CL000455,T0161,02-Mar-2022,09-Mar-2022,Directors & Officers,EUR,6352.4,0.0,6352.4,S
CL003888,T0080,22-Apr-2025,24-Apr-2025,Fire & Explosion,EUR,75128.15,78217.43,153345.58,O
CL001602,T0425,14-Jan-2023,06-May-2023,General Liability,USD,98489.94,695887.36,794377.3,O
CL005555,T0138,03-May-2026,30-Jun-2026,Marine Hull,USD,193.23,105666.56,105859.79,O
CL002397,T0119,03-Dec-2023,31-Jan-2024,Auto Liability,USD,3616.65,0.0,3616.65,S
CL000035,T0161,07-Apr-2021,20-Apr-2021,Cyber,EUR,12342.31,21979.71,34322.02,O
CL004051,T0221,07-May-2025,09-Jun-2025,Workers Compensation,USD,87665.43,37570.9,125236.33,R
CL005943,T0490,01-Sep-2026,30-Sep-2026,Marine Hull,EUR,1215.41,22347.95,23563.36,O
CL003632,T0462,16-Jan-2025,12-Feb-2025,Fire & Explosion,GBP,46413.79,0.0,46413.79,S
CL000518,T0177,20-Mar-2022,09-Apr-2022,Professional Indemnity,USD,12998.87,0.0,12998.87,S
CL001802,T0219,14-May-2023,11-Jul-2023,Business Interruption,USD,1582.86,0.0,1582.86,S
CL002364,T0119,07-Jan-2024,23-Jan-2024,General Liability,USD,37332.41,0.0,47764.21,S
CL000028,T0159,25-Mar-2021,08-Apr-2021,Fire & Explosion,EUR,28172.69,0.0,28172.69,S
CL001862,T0096,09-Apr-2023,01-Aug-2023,Medical Malpractice,EUR,923.56,8988.36,9911.92,O
CL003940,T0657,20-Apr-2025,05-May-2025,Political Risk,USD,110818.92,0.0,110818.92,S
CL000316,T0104,02-Dec-2021,12-Dec-2021,Professional Indemnity,USD,36492.76,0.0,36492.76,S
CL004701,T0208,03-Oct-2025,01-Dec-2025,Fire & Explosion,USD,23566.69,198310.65,221877.34,O
CL004852,T0013,09-Jan-2026,10-Jan-2026,Natural Catastrophe,USD,25346.37,0.0,25346.37,S
CL002457,T0290,30-Jan-2024,21-Feb-2024,General Liability,USD,119651.6,0.0,119651.6,S
CL003903,T0513,12-Mar-2025,27-Apr-2025,Cyber,USD,174630.16,74841.49,249471.65,R
CL002206,T0324,30-Nov-2023,01-Dec-2023,Credit & Surety,USD,526147.7,0.0,526147.7,S
CL004995,T0563,26-Oct-2025,11-Feb-2026,Credit & Surety,USD,54481.19,946698.7,1001179.89,O
CL001345,T0477,13-Feb-2023,15-Feb-2023,Fire & Explosion,EUR,3042.02,0.0,3042.02,S
CL002543,T0236,17-Mar-2024,19-Mar-2024,Auto Liability,USD,3474.43,0.0,3474.43,S
CL000431,T0245,08-Feb-2022,18-Feb-2022,General Liability,EUR,20792.14,0.0,20792.14,S
CL003691,T0369,08-Feb-2025,27-Feb-2025,General Liability,USD,17882.53,0.0,17882.53,S
CL003116,T0343,25-Aug-2024,23-Sep-2024,Fire & Explosion,USD,5678.02,37677.45,43355.47,O
CL002245,T0455,13-Dec-2023,16-Dec-2023,Natural Catastrophe,USD,76388.75,0.0,76388.75,S
CL003095,T0160,09-Sep-2024,17-Sep-2024,Auto Liability,USD,74287.31,31837.42,106124.73,R
CL001975,T0148,21-Aug-2023,13-Sep-2023,General Liability,INR,2861635.76,0.0,2861635.76,S
CL000242,T0542,22-Sep-2021,18-Oct-2021,Aviation,USD,38322.55,0.0,38322.55,S
CL002236,T0699,28-Nov-2023,11-Dec-2023,Fire & Explosion,USD,194125.47,0.0,194125.47,S
CL002791,T0608,29-May-2024,09-Jun-2024,Directors & Officers,USD,131354.68,0.0,131354.68,S
CL004949,T0224,23-Jan-2026,29-Jan-2026,Credit & Surety,USD,124044.11,0.0,124044.11,S
CL004391,T0627,08-Sep-2025,13-Sep-2025,Workers Compensation,USD,27416.01,0.0,27416.01,S
CL003355,T0381,28-Nov-2024,28-Nov-2024,Business Interruption,USD,475839.18,0.0,475839.18,S
CL004125,T0356,27-Jun-2025,02-Jul-2025,Workers Compensation,USD,10435.14,0.0,10435.14,S
CL003843,T0012,23-Feb-2025,13-Apr-2025,Workers Compensation,USD,2472.65,0.0,2472.65,S
CL000761,T0342,08-Jul-2022,12-Aug-2022,Credit & Surety,EUR,624526.46,0.0,624526.46,S
CL005033,T0224,14-Feb-2026,19-Feb-2026,Cyber,USD,8048.64,63170.65,71219.29,O
CL005249,T0563,06-Apr-2026,15-Apr-2026,Cyber,USD,50020.96,0.0,50020.96,S
CL005596,T0537,28-Jun-2026,08-Jul-2026,Business Interruption,USD,102365.91,0.0,102365.91,S
CL001109,T0282,11-Dec-2022,13-Dec-2022,Natural Catastrophe,USD,185730.98,0.0,185730.98,S
CL003970,T0079,10-May-2025,15-May-2025,Business Interruption,USD,10377.13,0.0,10377.13,S
CL003236,T0533,08-Oct-2024,25-Oct-2024,Workers Compensation,USD,182340.46,0.0,182340.46,S
CL001725,T0656,16-May-2023,14-Jun-2023,Business Interruption,USD,90684.94,0.0,90684.94,S
CL000300,T0476,25-Nov-2021,29-Nov-2021,Auto Liability,EUR,69883.68,0.0,69883.68,S
CL004613,T0301,12-Sep-2025,08-Nov-2025,General Liability,USD,532.77,1249.21,1781.98,O
CL004743,T0192,21-Oct-2025,11-Dec-2025,Credit & Surety,USD,3266.73,9546.33,12813.06,O
CL002270,T0420,13-Dec-2023,24-Dec-2023,Business Interruption,EUR,163074.53,0.0,163074.53,S
CL005360,T0018,28-Apr-2026,10-May-2026,General Liability,USD,1066.5,59095.88,60162.38,O
CL003934,T0214,08-Apr-2025,03-May-2025,Workers Compensation,USD,7138.19,16176.98,23315.17,O
CL000159,T0674,03-Aug-2021,13-Aug-2021,General Liability,EUR,45248.01,0.0,45248.01,S
CL000054,T0693,30-Apr-2021,08-May-2021,Energy,USD,142550.5,0.0,142550.5,S
CL002581,T0205,18-Mar-2024,30-Mar-2024,Auto Liability,USD,37882.61,0.0,37882.61,S
CL001408,T0451,27-Jan-2023,05-Mar-2023,Political Risk,USD,12350.36,0.0,12350.36,S
CL002890,T0157,06-Jul-2024,10-Jul-2024,Marine Hull,USD,154731.77,0.0,154731.77,S
CL002812,T0574,29-May-2024,14-Jun-2024,Workers Compensation,EUR,126762.65,0.0,126762.65,S
CL900018,T9018,18-Oct-2025,26-Nov-2025,Aviation,USD,185216.96,0.0,185216.96,S
CL000463,T0551,19-Feb-2022,12-Mar-2022,Business Interruption,EUR,7439.99,0.0,7439.99,S
CL003862,T0221,13-Apr-2025,18-Apr-2025,General Liability,USD,71309.03,0.0,71309.03,S
CL005692,T0495,22-Jun-2026,04-Aug-2026,Business Interruption,INR,7194883.31,0.0,7194883.31,S
CL001490,T0186,16-Feb-2023,31-Mar-2023,Energy,EUR,135581.92,0.0,135581.92,S
CL003172,T0448,11-Sep-2024,06-Oct-2024,Marine Hull,EUR,13192.99,0.0,13192.99,S
CL003933,T0276,22-Feb-2025,02-May-2025,Credit & Surety,USD,26039.76,11159.9,37199.66,R
CL000779,T0340,12-Jul-2022,21-Aug-2022,Fire & Explosion,USD,53133.13,0.0,53133.13,S
CL004485,T0301,06-Sep-2025,12-Oct-2025,Auto Liability,USD,1727.68,7813.31,9540.99,O
CL003153,T0339,29-Jul-2024,01-Oct-2024,Natural Catastrophe,EUR,23232.64,0.0,23232.64,S
CL003529,T0299,23-Dec-2024,15-Jan-2025,Political Risk,INR,1388892.23,0.0,1388892.23,S
CL000985,T0489,30-Sep-2022,02-Nov-2022,Auto Liability,EUR,55430.25,0.0,55430.25,S
CL002548,T0386,15-Mar-2024,20-Mar-2024,Fire & Explosion,EUR,5514.54,0.0,5514.54,S
CL004067,T0082,29-May-2025,14-Jun-2025,Business Interruption,USD,137933.75,59114.47,197048.22,R
CL001306,T0098,31-Jan-2023,06-Feb-2023,Business Interruption,EUR,141645.59,0.0,141645.59,S
CL001675,T0626,19-May-2023,31-May-2023,Energy,EUR,116285.24,0.0,116285.24,S
CL004422,T0291,05-Sep-2025,21-Sep-2025,Business Interruption,USD,263840.49,0.0,263840.49,S
CL002411,T0145,25-Jan-2024,05-Feb-2024,Business Interruption,USD,8149.96,0.0,8149.96,S
CL000090,T0066,18-May-2021,18-Jun-2021,Business Interruption,USD,70313.85,0.0,70313.85,S
CL005601,T0174,23-Jun-2026,10-Jul-2026,Workers Compensation,USD,513047.63,1611625.93,2124673.56,O
CL001447,T0404,09-Mar-2023,18-Mar-2023,Business Interruption,USD,428193.2,0.0,428193.2,S
CL000166,T0511,11-Aug-2021,24-Aug-2021,Business Interruption,USD,247650.72,0.0,247650.72,S
CL001739,T0112,09-May-2023,21-Jun-2023,Natural Catastrophe,USD,45241.22,0.0,45241.22,S
CL002301,T0482,03-Jan-2024,03-Jan-2024,Auto Liability,USD,518715.09,0.0,518715.09,S
CL001607,T0477,29-Mar-2023,07-May-2023,Business Interruption,EUR,3816.41,6032.93,9849.34,O
CL003751,T0652,16-Mar-2025,16-Mar-2025,Political Risk,INR,304882.58,0.0,304882.58,S
CL003956,T0552,20-Mar-2025,10-May-2025,Directors & Officers,USD,19798.78,0.0,19798.78,S
CL003978,T0635,07-May-2025,17-May-2025,Energy,EUR,12313.93,0.0,12313.93,S
CL002538,T0540,13-Mar-2024,17-Mar-2024,Political Risk,USD,26988.56,0.0,26988.56,S
CL003076,T0218,06-Sep-2024,10-Sep-2024,Natural Catastrophe,EUR,6220.14,0.0,6220.14,S
CL004075,T0318,09-Jun-2025,15-Jun-2025,Natural Catastrophe,EUR,27894.62,108544.16,136438.78,O
CL001829,T0045,18-Jul-2023,18-Jul-2023,General Liability,USD,60103.16,0.0,60103.16,S
CL002052,T0611,15-Aug-2023,07-Oct-2023,Political Risk,USD,771.6,0.0,771.6,S
CL001231,T0689,10-Nov-2022,13-Jan-2023,Credit & Surety,GBP,3391.5,221999.57,225391.07,O
CL003685,T0143,09-Feb-2025,26-Feb-2025,Natural Catastrophe,USD,9934.58,0.0,9934.58,S
CL001879,T0478,30-Jul-2023,06-Aug-2023,Business Interruption,USD,4792.05,5117.55,9909.6,O
CL003039,T0460,28-Aug-2024,31-Aug-2024,Workers Compensation,EUR,986439.58,422759.82,1409199.4,R
CL002327,T0009,27-Dec-2023,12-Jan-2024,Cyber,USD,34132.06,356669.31,390801.37,O
CL005014,T0018,30-Dec-2025,16-Feb-2026,Auto Liability,USD,165777.7,0.0,165777.7,S
CL003312,T0275,08-Nov-2024,15-Nov-2024,Auto Liability,USD,376493.51,0.0,376493.51,S
CL000398,T0380,21-Dec-2021,02-Feb-2022,Natural Catastrophe,EUR,4321.89,11157.51,15479.4,O
CL005872,T0667,24-Sep-2026,25-Sep-2026,Energy,USD,870.67,28192.71,29063.38,O
CL001272,T0528,14-Jan-2023,27-Jan-2023,Aviation,USD,37646.28,0.0,37646.28,S
CL005317,T0201,08-Apr-2026,28-Apr-2026,Fire & Explosion,USD,11388.39,26046.82,37435.21,O
CL001627,T0612,12-May-2023,15-May-2023,Workers Compensation,USD,16527.45,0.0,16527.45,S
CL003229,T0125,14-Oct-2024,24-Oct-2024,Auto Liability,USD,162055.86,1270929.87,1432985.73,O
CL004380,T0082,03-Sep-2025,13-Sep-2025,Business Interruption,USD,168903.87,0.0,168903.87,S
CL004807,T0079,11-Dec-2025,28-Dec-2025,Fire & Explosion,USD,2666.17,0.0,2666.17,S
CL003754,T0600,04-Mar-2025,17-Mar-2025,Natural Catastrophe,USD,242425.52,0.0,242425.52,S
CL004523,T0222,21-Aug-2025,20-Oct-2025,Fire & Explosion,EUR,27916.46,103864.14,131780.6,O
CL001409,T0636,07-Feb-2023,05-Mar-2023,General Liability,EUR,5278.14,8873.84,14151.98,O
CL003905,T0638,29-Mar-2025,27-Apr-2025,General Liability,USD,19999.85,8571.37,28571.22,R
CL001468,T0149,29-Dec-2022,26-Mar-2023,General Liability,USD,16760.23,7182.95,23943.18,R
CL001245,T0604,17-Jan-2023,18-Jan-2023,Marine Hull,EUR,73174.75,0.0,73174.75,S
CL002519,T0078,06-Mar-2024,11-Mar-2024,Directors & Officers,INR,7743976.09,19321657.19,27065633.28,O
CL002919,T0533,20-Jun-2024,19-Jul-2024,Workers Compensation,USD,65773.46,0.0,65773.46,S
CL003646,T0114,30-Jan-2025,18-Feb-2025,Medical Malpractice,USD,11191.47,21002.35,32193.82,O
CL001684,T0622,01-Jun-2023,04-Jun-2023,Energy,INR,136252.92,0.0,136252.92,S
CL000531,T0615,04-Apr-2022,15-Apr-2022,Medical Malpractice,EUR,42542.24,0.0,42542.24,S
CL002555,T0482,17-Mar-2024,22-Mar-2024,Auto Liability,USD,50522.14,0.0,50522.14,S
CL004568,T0355,01-Oct-2025,29-Oct-2025,Auto Liability,USD,41859.17,0.0,41859.17,S
CL005749,T0099,14-Jul-2026,20-Aug-2026,Aviation,USD,2447.68,44160.36,46608.04,O
CL004529,T0188,15-Sep-2025,22-Oct-2025,General Liability,USD,1353.24,6837.67,8190.91,O
CL002788,T0205,29-Apr-2024,08-Jun-2024,Workers Compensation,USD,27433.95,0.0,27433.95,S
CL003915,T0070,18-Apr-2025,29-Apr-2025,Business Interruption,USD,11543.74,0.0,11543.74,S
CL000874,T0410,17-Sep-2022,24-Sep-2022,Cyber,USD,247950.6,0.0,247950.6,S
CL001070,T0656,15-Oct-2022,01-Dec-2022,Natural Catastrophe,USD,117847.37,0.0,117847.37,S
CL001696,T0457,07-Jun-2023,07-Jun-2023,Business Interruption,USD,5947.59,0.0,5947.59,S
CL001713,T0059,02-Jun-2023,12-Jun-2023,Political Risk,USD,7540.12,0.0,7540.12,S
CL004657,T0600,02-Nov-2025,18-Nov-2025,Natural Catastrophe,USD,684425.52,0.0,684425.52,S
CL000675,T0317,30-Jun-2022,07-Jul-2022,Medical Malpractice,USD,78321.27,0.0,78321.27,S
CL002472,T0130,12-Feb-2024,25-Feb-2024,Auto Liability,USD,42883.54,86754.14,129637.68,O
CL000313,T0676,09-Dec-2021,10-Dec-2021,General Liability,USD,303675.59,0.0,303675.59,S
CL005898,T0053,19-Sep-2026,30-Sep-2026,Business Interruption,USD,1470.0,5188.16,6658.16,O
CL004751,T0683,04-Dec-2025,11-Dec-2025,Workers Compensation,USD,11186.14,0.0,11186.14,S
CL005259,T0403,16-Apr-2026,17-Apr-2026,Natural Catastrophe,USD,3365.3,16247.87,19613.17,O
CL005586,T0227,18-Jun-2026,07-Jul-2026,Aviation,USD,26520.07,103277.08,129797.15,O
CL002558,T0569,11-Mar-2024,22-Mar-2024,Workers Compensation,USD,621607.97,0.0,621607.97,S
CL000471,T0100,08-Mar-2022,19-Mar-2022,Medical Malpractice,USD,13122.39,165606.18,178728.57,O
CL000871,T0422,09-Sep-2022,23-Sep-2022,Fire & Explosion,USD,4351650.38,0.0,4351650.38,S
CL002344,T0475,18-Dec-2023,15-Jan-2024,General Liability,USD,129506.22,0.0,129506.22,S
CL003431,T0328,03-Nov-2024,18-Dec-2024,General Liability,USD,16259.62,0.0,16259.62,S
CL004641,T0057,11-Oct-2025,16-Nov-2025,Business Interruption,EUR,1167.45,0.0,1167.45,S
CL005637,T0188,10-Jul-2026,20-Jul-2026,General Liability,USD,1864.8,2018.38,3883.18,O
CL001845,T0130,27-Jun-2023,25-Jul-2023,General Liability,USD,128765.39,0.0,128765.39,S
CL005296,T0565,23-Apr-2026,24-Apr-2026,General Liability,USD,2028.66,40959.54,42988.2,O
CL005063,T0700,23-Feb-2026,25-Feb-2026,Business Interruption,EUR,12206.67,15255.01,27461.68,O
CL000824,T0612,07-Aug-2022,06-Sep-2022,General Liability,USD,68065.14,0.0,68065.14,S
CL002375,T0351,03-Jan-2024,25-Jan-2024,Business Interruption,INR,3250399.85,0.0,3250399.85,S
CL003173,T0692,01-Sep-2024,06-Oct-2024,Credit & Surety,EUR,2006.36,0.0,2006.36,S
CL003653,T0595,02-Feb-2025,19-Feb-2025,Credit & Surety,EUR,40663.45,0.0,40663.45,S
CL005297,T0633,04-Apr-2026,24-Apr-2026,Professional Indemnity,USD,13811.27,66287.73,80099.0,O
CL005276,T0133,23-Feb-2026,21-Apr-2026,Directors & Officers,INR,143031.39,170772.9,313804.29,O
CL003142,T0328,17-Sep-2024,29-Sep-2024,Workers Compensation,USD,2321.68,0.0,2321.68,S
CL001799,T0153,07-Jul-2023,10-Jul-2023,General Liability,USD,13934.68,5972.01,19906.69,R
CL004648,T0546,16-Nov-2025,16-Nov-2025,Business Interruption,USD,36803.25,93987.75,130791.0,O
CL002226,T0121,05-Nov-2023,08-Dec-2023,Credit & Surety,USD,293016.77,0.0,293016.77,S
CL001495,T0336,30-Mar-2023,02-Apr-2023,Fire & Explosion,USD,82324.47,0.0,82324.47,S
CL000071,T0066,20-Apr-2021,31-May-2021,Fire & Explosion,USD,55753.56,61788.66,117542.22,O
CL002066,T0190,21-Sep-2023,11-Oct-2023,General Liability,USD,17910.14,0.0,17910.14,S
CL005250,T0607,01-Apr-2026,15-Apr-2026,Credit & Surety,EUR,240684.02,0.0,240684.02,S
CL005916,T0209,07-Jul-2026,30-Sep-2026,Political Risk,USD,3885.72,0.0,3885.72,S
CL002928,T0225,12-Jul-2024,22-Jul-2024,Energy,EUR,2945.09,3930.18,6875.27,O
CL004699,T0495,23-Nov-2025,30-Nov-2025,Natural Catastrophe,INR,8646082.51,0.0,8646082.51,S
CL003787,T0663,08-Mar-2025,27-Mar-2025,Workers Compensation,EUR,855745.49,0.0,855745.49,S
CL005873,T0028,18-Sep-2026,26-Sep-2026,General Liability,USD,7874.0,10251.95,18125.95,O
CL000285,T0175,25-Oct-2021,17-Nov-2021,Workers Compensation,USD,27237.88,0.0,27237.88,S
CL002613,T0304,31-Mar-2024,07-Apr-2024,Natural Catastrophe,USD,169832.58,0.0,169832.58,S
CL000956,T0113,24-Oct-2022,24-Oct-2022,Professional Indemnity,INR,26782326.51,0.0,26782326.51,S
CL002560,T0454,19-Mar-2024,23-Mar-2024,Political Risk,USD,14099.32,0.0,14099.32,S
CL005270,T0172,16-Mar-2026,20-Apr-2026,Marine Hull,EUR,32151.85,0.0,32151.85,S
CL004833,T0187,21-Dec-2025,03-Jan-2026,Business Interruption,INR,32561269.15,0.0,32561269.15,S
CL001301,T0672,30-Dec-2022,03-Feb-2023,Fire & Explosion,USD,10612.28,55015.49,65627.77,O
CL000901,T0588,22-Sep-2022,04-Oct-2022,Natural Catastrophe,EUR,82559.43,0.0,82559.43,S
CL002492,T0050,22-Feb-2024,03-Mar-2024,General Liability,EUR,17776.55,0.0,17776.55,S
CL000334,T0551,21-Nov-2021,22-Dec-2021,Fire & Explosion,EUR,124846.12,0.0,124846.12,S
CL002963,T0517,14-Jul-2024,31-Jul-2024,Credit & Surety,EUR,13373.6,0.0,13373.6,S
CL000442,T0309,27-Sep-2021,24-Feb-2022,Auto Liability,EUR,3823.7,0.0,3823.7,S
CL004644,T0289,12-Oct-2025,16-Nov-2025,Energy,USD,430944.0,0.0,430944.0,S
CL004617,T0189,29-Oct-2025,09-Nov-2025,Fire & Explosion,USD,28081.82,0.0,28081.82,S
CL001105,T0286,22-Oct-2022,12-Dec-2022,Aviation,EUR,43983.61,249197.74,293181.35,O
CL005603,T0667,27-May-2026,10-Jul-2026,Political Risk,USD,9999.9,27951.28,37951.18,O
CL001825,T0632,13-Jun-2023,16-Jul-2023,Fire & Explosion,USD,3480.74,0.0,3480.74,S
CL004162,T0284,25-Jun-2025,12-Jul-2025,Credit & Surety,EUR,17074.6,7317.68,24392.28,R
CL000652,T0509,28-May-2022,23-Jun-2022,Medical Malpractice,USD,66938.0,0.0,66938.0,S
CL005205,T0259,12-Dec-2025,03-Apr-2026,Workers Compensation,EUR,2737241.48,0.0,2737241.48,S
CL005808,T0035,31-Aug-2026,08-Sep-2026,Natural Catastrophe,USD,51282.14,131568.31,182850.45,O
CL001878,T0130,19-Jul-2023,06-Aug-2023,Auto Liability,USD,179600.19,0.0,179600.19,S
CL005096,T0483,15-Feb-2026,04-Mar-2026,Auto Liability,USD,14099.12,0.0,14099.12,S
CL004841,T0074,05-Jan-2026,07-Jan-2026,Natural Catastrophe,USD,686462.87,0.0,686462.87,S
CL005760,T0188,18-Aug-2026,22-Aug-2026,Auto Liability,USD,23201.13,24217.32,47418.45,O
CL002973,T0532,07-Jul-2024,05-Aug-2024,Workers Compensation,EUR,9423.0,0.0,9423.0,S
CL000047,T0506,26-Apr-2021,04-May-2021,Professional Indemnity,EUR,14357.58,0.0,14357.58,S
CL005306,T0490,26-Apr-2026,26-Apr-2026,Energy,EUR,7573.09,10971.09,18544.18,O
CL000062,T0576,28-Apr-2021,20-May-2021,Political Risk,USD,1509.45,0.0,1509.45,S
CL001034,T0235,26-Jul-2022,19-Nov-2022,Aviation,USD,6679.23,0.0,6679.23,S
CL003719,T0215,17-Jan-2025,09-Mar-2025,Business Interruption,USD,119520.02,0.0,119520.02,S
CL002989,T0638,26-Jul-2024,10-Aug-2024,Workers Compensation,USD,295982.62,0.0,295982.62,S
CL001497,T0641,06-Mar-2023,02-Apr-2023,Credit & Surety,USD,50071.81,21459.35,71531.16,R
CL005889,T0539,21-Sep-2026,29-Sep-2026,Aviation,USD,29797.78,64426.66,94224.44,O
CL002442,T0105,15-Feb-2024,17-Feb-2024,Workers Compensation,USD,97363.52,41727.23,139090.75,R
CL005113,T0490,01-Feb-2026,09-Mar-2026,Aviation,EUR,9893.55,34266.09,44159.64,O
CL000121,T0506,27-Jun-2021,10-Jul-2021,Professional Indemnity,EUR,14694.28,0.0,14694.28,S
CL003752,T0491,26-Dec-2024,17-Mar-2025,Energy,USD,21354.66,0.0,21354.66,S
CL000203,T0340,02-Sep-2021,26-Sep-2021,Business Interruption,USD,9385.84,0.0,9385.84,S
CL005180,T0244,20-Feb-2026,28-Mar-2026,Workers Compensation,USD,844081.31,0.0,844081.31,S
CL000809,T0680,27-Aug-2022,30-Aug-2022,Natural Catastrophe,USD,47834.38,0.0,47834.38,S
CL002174,T0415,02-Oct-2023,18-Nov-2023,Marine Hull,INR,1145158.49,0.0,1145158.49,S
CL003711,T0214,12-Feb-2025,05-Mar-2025,Workers Compensation,USD,83220.53,0.0,83220.53,S
CL005115,T0032,05-Feb-2026,10-Mar-2026,Natural Catastrophe,USD,4230.78,4503.46,8734.24,O
CL001776,T0412,28-May-2023,06-Jul-2023,Workers Compensation,EUR,2705.79,0.0,2705.79,S
CL000773,T0680,14-Aug-2022,18-Aug-2022,Natural Catastrophe,USD,129802.29,0.0,129802.29,S
CL001970,T0065,19-May-2023,10-Sep-2023,Auto Liability,INR,2915934.44,0.0,2915934.44,S
CL000876,T0144,09-Aug-2022,25-Sep-2022,Auto Liability,USD,50958.09,0.0,50958.09,S
CL000029,T0230,17-Mar-2021,09-Apr-2021,Marine Hull,USD,20372.83,0.0,20372.83,S
CL003099,T0533,12-Aug-2024,17-Sep-2024,Auto Liability,USD,285452.28,0.0,285452.28,S
CL002329,T0253,05-Jan-2024,12-Jan-2024,Medical Malpractice,USD,23843.82,36000.41,59844.23,O
CL004869,T0577,23-Nov-2025,13-Jan-2026,Fire & Explosion,EUR,473079.1,0.0,473079.1,S
CL003379,T0426,29-Nov-2024,04-Dec-2024,Fire & Explosion,USD,89120.67,0.0,89120.67,S
CL004223,T0365,25-Jul-2025,30-Jul-2025,Political Risk,EUR,23115.55,55879.57,78995.12,O
CL001885,T0467,06-Jul-2023,09-Aug-2023,Natural Catastrophe,EUR,303011.8,0.0,303011.8,S
CL005257,T0110,06-Feb-2026,17-Apr-2026,Fire & Explosion,USD,90442.66,118237.93,208680.59,O
CL000417,T0476,03-Feb-2022,10-Feb-2022,Workers Compensation,EUR,112445.03,0.0,112445.03,S
CL004296,T0300,14-Aug-2025,20-Aug-2025,Marine Hull,USD,299509.62,0.0,299509.62,S
CL005363,T0536,20-Mar-2026,10-May-2026,Medical Malpractice,USD,67625.26,0.0,67625.26,S
CL003881,T0534,25-Mar-2025,22-Apr-2025,Energy,USD,205902.99,0.0,205902.99,S
CL003854,T0141,05-Feb-2025,16-Apr-2025,Auto Liability,USD,68202.1,0.0,68202.1,S
CL005541,T0346,12-Jun-2026,27-Jun-2026,Auto Liability,EUR,4685.51,9959.02,14644.53,O
CL001078,T0489,29-Oct-2022,03-Dec-2022,General Liability,EUR,403863.69,0.0,403863.69,S
CL003886,T0584,25-Nov-2024,23-Apr-2025,General Liability,USD,3346.04,1434.01,4780.05,R
CL002889,T0440,03-May-2024,09-Jul-2024,Political Risk,USD,12427.48,0.0,12427.48,S
CL003817,T0486,04-Apr-2025,06-Apr-2025,General Liability,USD,19602.29,0.0,19602.29,S
CL004336,T0276,11-Aug-2025,31-Aug-2025,Credit & Surety,USD,114631.42,0.0,114631.42,S
CL002624,T0426,05-Mar-2024,10-Apr-2024,Fire & Explosion,USD,232674.45,0.0,232674.45,S
CL004954,T0182,22-Nov-2025,31-Jan-2026,Aviation,USD,36565.44,0.0,36565.44,S
CL001465,T0622,24-Feb-2023,24-Mar-2023,Political Risk,INR,5443256.63,0.0,5443256.63,S
CL000260,T0551,16-Oct-2021,30-Oct-2021,Natural Catastrophe,EUR,42820.65,0.0,42820.65,S
CL001948,T0569,19-Jul-2023,03-Sep-2023,Auto Liability,USD,455183.44,0.0,455183.44,S
CL005298,T0661,10-Apr-2026,24-Apr-2026,General Liability,EUR,108282.58,0.0,108282.58,S
CL000999,T0171,25-Sep-2022,06-Nov-2022,Cyber,USD,1395.11,1602.17,2997.28,O
CL001844,T0093,01-Jun-2023,24-Jul-2023,Credit & Surety,USD,54690.93,0.0,54690.93,S
CL002055,T0236,04-Oct-2023,08-Oct-2023,General Liability,USD,37255.58,0.0,37255.58,S
CL002261,T0574,10-Dec-2023,21-Dec-2023,Workers Compensation,EUR,3861.73,0.0,3861.73,S
CL001987,T0351,08-Aug-2023,16-Sep-2023,Business Interruption,INR,1126797.13,6156080.74,7282877.87,O
CL003451,T0359,13-Dec-2024,24-Dec-2024,Auto Liability,USD,38017.35,0.0,38017.35,S
CL001107,T0499,26-Oct-2022,12-Dec-2022,Medical Malpractice,EUR,16921.99,17002.64,33924.63,O
CL003531,T0388,01-Jan-2025,15-Jan-2025,Fire & Explosion,USD,130119.75,0.0,130119.75,S
CL003324,T0101,17-Nov-2024,20-Nov-2024,Credit & Surety,USD,53842.08,0.0,53842.08,S
CL000391,T0217,18-Jan-2022,31-Jan-2022,Energy,EUR,124661.8,0.0,124661.8,S
CL000548,T0511,04-Feb-2022,24-Apr-2022,Fire & Explosion,USD,106529.84,0.0,106529.84,S
CL000508,T0232,15-Mar-2022,04-Apr-2022,Fire & Explosion,USD,82697.49,0.0,82697.49,S
CL004334,T0603,02-Aug-2025,30-Aug-2025,General Liability,INR,37245060.2,0.0,37245060.2,S
CL004622,T0054,25-Aug-2025,11-Nov-2025,Workers Compensation,EUR,32817.98,0.0,32817.98,S
CL004041,T0595,27-May-2025,06-Jun-2025,Cyber,EUR,11404.81,0.0,11404.81,S
CL004563,T0095,22-Oct-2025,28-Oct-2025,Political Risk,USD,10797.44,0.0,10797.44,S
CL002209,T0665,17-Nov-2023,01-Dec-2023,Directors & Officers,USD,8044.34,0.0,8044.34,S
CL002682,T0330,10-Apr-2024,29-Apr-2024,Professional Indemnity,USD,45461.4,0.0,45461.4,S
CL005857,T0201,19-Aug-2026,21-Sep-2026,Business Interruption,USD,3051.86,20688.05,23739.91,O
CL003308,T0426,09-Nov-2024,14-Nov-2024,Business Interruption,USD,94026.41,0.0,94026.41,S
CL002277,T0505,24-Nov-2023,26-Dec-2023,Natural Catastrophe,USD,164149.94,0.0,164149.94,S
CL002647,T0650,14-Nov-2022,15-Apr-2024,Credit & Surety,USD,8960.19,0.0,8960.19,S
CL005591,T0002,08-Jun-2026,08-Jul-2026,Business Interruption,GBP,28450.43,0.0,28450.43,S
CL002533,T0339,23-Oct-2023,15-Mar-2024,Fire & Explosion,EUR,32399.01,0.0,32399.01,S
CL003999,T0652,22-Mar-2025,23-May-2025,Marine Hull,INR,16559355.3,0.0,16559355.3,S
CL000095,T0514,10-Jun-2021,20-Jun-2021,Aviation,USD,29371.13,0.0,29371.13,S
CL000648,T0100,16-Jun-2022,22-Jun-2022,Professional Indemnity,USD,59850.02,0.0,59850.02,S
CL005401,T0444,27-Apr-2026,19-May-2026,Fire & Explosion,USD,3968.83,23878.66,27847.49,O
CL000925,T0177,04-Oct-2022,12-Oct-2022,Professional Indemnity,USD,1524.8,0.0,1524.8,S
CL000202,T0522,18-Sep-2021,25-Sep-2021,Business Interruption,USD,1009.45,67581.79,68591.24,O
CL005567,T0633,25-Jun-2026,01-Jul-2026,Medical Malpractice,USD,7063.18,52095.99,59159.17,O
CL000079,T0073,20-May-2021,09-Jun-2021,Auto Liability,EUR,1048914.9,0.0,1048914.9,S
CL001606,T0351,01-May-2023,07-May-2023,Business Interruption,INR,11670783.34,0.0,11670783.34,S
CL004378,T0284,28-Jul-2025,12-Sep-2025,Directors & Officers,EUR,543560.41,0.0,543560.41,S
CL005915,T0209,22-Sep-2026,30-Sep-2026,Aviation,USD,2872.43,7558.55,10430.98,O
CL001387,T0210,04-Nov-2021,01-Mar-2023,Natural Catastrophe,USD,17143.79,0.0,17143.79,S
CL002352,T0126,14-Jan-2024,19-Jan-2024,Business Interruption,USD,46998.51,0.0,46998.51,S
CL002264,T0238,08-Dec-2023,22-Dec-2023,Auto Liability,USD,35081.69,0.0,35081.69,S
CL003219,T0484,18-Sep-2024,20-Oct-2024,Business Interruption,EUR,176177.89,0.0,176177.89,S
CL002796,T0254,01-Jun-2024,11-Jun-2024,Professional Indemnity,USD,19643.43,0.0,19643.43,S
CL001004,T0411,07-Jul-2022,08-Nov-2022,Fire & Explosion,EUR,13695.06,0.0,13695.06,S
CL000231,T0104,05-Oct-2021,15-Oct-2021,Medical Malpractice,USD,26830.65,0.0,26830.65,S
CL002097,T0420,13-Oct-2023,19-Oct-2023,Business Interruption,EUR,8863.15,3798.49,12661.64,R
CL004590,T0200,09-Oct-2025,03-Nov-2025,Political Risk,USD,351465.25,0.0,351465.25,S
CL002032,T0367,25-Sep-2023,30-Sep-2023,General Liability,USD,100214.89,0.0,100214.89,S
CL003387,T0443,06-Nov-2024,05-Dec-2024,Business Interruption,USD,31361.13,0.0,31361.13,S
CL003389,T0598,02-Dec-2024,05-Dec-2024,Workers Compensation,USD,36171.85,0.0,36171.85,S
CL003246,T0629,18-Oct-2024,26-Oct-2024,Aviation,USD,21528.41,0.0,21528.41,S
CL002252,T0699,19-Nov-2023,19-Dec-2023,Business Interruption,USD,570889.8,0.0,570889.8,S
CL001863,T0096,28-Jul-2023,01-Aug-2023,Medical Malpractice,EUR,3334.94,0.0,3334.94,S
CL005141,T0579,25-Feb-2026,16-Mar-2026,Directors & Officers,USD,311.54,990.08,1301.62,O
CL001467,T0659,24-Mar-2023,25-Mar-2023,Natural Catastrophe,EUR,2867.79,0.0,2867.79,S
CL005441,T0662,22-May-2026,30-May-2026,Fire & Explosion,USD,5917.8,11124.68,17042.48,O
CL002126,T0268,25-Sep-2023,28-Oct-2023,Aviation,USD,16821.56,0.0,16821.56,S
CL004981,T0564,04-Jan-2026,07-Feb-2026,Cyber,INR,10896424.42,0.0,10896424.42,S
CL003973,T0575,05-May-2025,15-May-2025,Business Interruption,USD,1900.5,3791.85,5692.35,O
CL000459,T0551,20-Jan-2022,10-Mar-2022,Business Interruption,EUR,6979.57,2991.25,9970.82,R
CL005238,T0583,25-Mar-2026,12-Apr-2026,Fire & Explosion,GBP,1501.29,13112.05,14613.34,O
CL002161,T0434,16-Sep-2023,10-Nov-2023,Business Interruption,EUR,7339.84,0.0,7339.84,S
CL004031,T0406,15-May-2025,04-Jun-2025,Political Risk,GBP,9295.34,10792.74,20088.08,O
CL003392,T0211,01-Dec-2024,07-Dec-2024,Directors & Officers,USD,7351.21,0.0,7351.21,S
CL001413,T0026,10-Feb-2023,07-Mar-2023,Workers Compensation,USD,607630.78,0.0,607630.78,S
CL000018,T0431,15-Mar-2021,20-Mar-2021,Medical Malpractice,USD,47336.62,0.0,47336.62,S
CL005743,T0046,10-Jul-2026,18-Aug-2026,Credit & Surety,EUR,5341.95,17158.83,27438.77,O
CL002156,T0254,05-Nov-2023,08-Nov-2023,Medical Malpractice,USD,588496.92,0.0,588496.92,S
CL004098,T0270,18-Jun-2025,22-Jun-2025,Auto Liability,GBP,21250.83,0.0,21250.83,S
CL002318,T0190,06-Dec-2023,09-Jan-2024,Auto Liability,USD,124809.06,0.0,124809.06,S
CL002078,T0421,02-Oct-2023,13-Oct-2023,Directors & Officers,USD,6783.51,0.0,6783.51,S
CL001895,T0566,11-Jul-2023,12-Aug-2023,Business Interruption,EUR,179020.73,0.0,179020.73,S
CL001995,T0190,07-Sep-2023,21-Sep-2023,General Liability,USD,6991.69,0.0,6991.69,S
CL005578,T0085,22-Jun-2026,05-Jul-2026,Cyber,INR,6175782.33,0.0,6175782.33,S
CL002062,T0659,05-Aug-2023,09-Oct-2023,Fire & Explosion,EUR,12166.02,0.0,12166.02,S
CL004880,T0005,02-Jan-2026,17-Jan-2026,Natural Catastrophe,USD,11806.51,0.0,11806.51,S
CL004688,T0133,08-Nov-2025,27-Nov-2025,Directors & Officers,INR,1424898.82,3335630.88,4760529.7,O
CL001730,T0282,14-May-2023,16-Jun-2023,Business Interruption,USD,183475.75,0.0,183475.75,S
CL003217,T0299,19-Oct-2024,20-Oct-2024,Aviation,INR,14791966.47,0.0,14791966.47,S
CL001259,T0466,25-Dec-2022,23-Jan-2023,Business Interruption,USD,359889.0,0.0,359889.0,S
CL005901,T0064,06-Jul-2026,30-Sep-2026,Natural Catastrophe,USD,23118.16,62517.99,85636.15,O
CL001624,T0137,01-May-2023,14-May-2023,Professional Indemnity,USD,6686.28,0.0,6686.28,S
CL001341,T0337,18-Jan-2023,14-Feb-2023,General Liability,USD,6111.98,0.0,6111.98,S
CL004900,T0154,07-Jan-2026,20-Jan-2026,Professional Indemnity,USD,23524.34,0.0,23524.34,S
CL003525,T0239,06-Dec-2024,15-Jan-2025,Professional Indemnity,USD,29148.62,0.0,29148.62,S
CL001981,T0130,03-Sep-2023,15-Sep-2023,Auto Liability,USD,381600.02,0.0,381600.02,S
CL005326,T0446,30-Apr-2026,30-Apr-2026,Fire & Explosion,USD,2823.86,41884.9,44708.76,O
CL005733,T0688,24-Jul-2026,14-Aug-2026,Fire & Explosion,GBP,4591.87,5805.9,10397.77,O
CL004403,T0269,16-Sep-2025,17-Sep-2025,Fire & Explosion,USD,120073.66,0.0,120073.66,S
CL002720,T0519,08-May-2024,12-May-2024,Business Interruption,EUR,1662.27,0.0,1662.27,S
CL005375,T0055,13-May-2026,15-May-2026,Medical Malpractice,USD,50470.17,58904.64,109374.81,O
CL005378,T0374,03-May-2026,15-May-2026,Business Interruption,EUR,814.73,4253.68,5068.41,O
CL005336,T0234,25-Apr-2026,03-May-2026,Business Interruption,USD,5219.53,15036.07,20255.6,O
CL002915,T0473,16-Jul-2024,18-Jul-2024,Fire & Explosion,GBP,2812.44,0.0,2812.44,S
CL004008,T0627,12-May-2025,25-May-2025,Workers Compensation,USD,76320.04,400635.33,476955.37,O
CL002699,T0598,09-Apr-2024,03-May-2024,General Liability,USD,9328.21,114638.72,123966.93,O
CL002692,T0582,28-Apr-2024,01-May-2024,Natural Catastrophe,EUR,26100.63,0.0,26100.63,S
CL001669,T0357,15-Mar-2023,28-May-2023,Aviation,INR,5832515.16,0.0,5832515.16,S
CL003263,T0347,28-Aug-2024,29-Oct-2024,General Liability,EUR,23822.93,0.0,23822.93,S
CL002289,T0574,09-Oct-2023,29-Dec-2023,General Liability,EUR,37071.75,0.0,37071.75,S
CL002949,T0072,19-Jul-2024,28-Jul-2024,Business Interruption,USD,113499.37,0.0,113499.37,S
CL003872,T0143,11-Apr-2025,21-Apr-2025,Fire & Explosion,USD,530041.32,0.0,530041.32,X
CL000576,T0333,10-Jan-2022,09-May-2022,Business Interruption,USD,313252.91,0.0,313252.91,S
CL001086,T0292,02-Dec-2022,07-Dec-2022,Professional Indemnity,EUR,10910.45,0.0,10910.45,S
CL001737,T0193,11-Jun-2023,20-Jun-2023,Fire & Explosion,USD,49990.57,0.0,49990.57,S
CL002618,T0547,28-Mar-2024,08-Apr-2024,General Liability,EUR,45933.96,0.0,45933.96,S
CL004567,T0549,05-Oct-2025,28-Oct-2025,Auto Liability,USD,154951.96,0.0,154951.96,S
CL002011,T0466,24-Aug-2023,24-Sep-2023,Business Interruption,USD,312567.62,0.0,312567.62,S
CL004036,T0643,09-May-2025,05-Jun-2025,Natural Catastrophe,EUR,128208.05,159227.66,287435.71,O
CL001731,T0671,24-May-2023,16-Jun-2023,General Liability,USD,90663.24,0.0,90663.24,S
CL002735,T0067,26-Apr-2024,18-May-2024,Fire & Explosion,INR,13104317.83,104688491.42,117792809.25,O
CL002349,T0456,31-Dec-2023,17-Jan-2024,Business Interruption,USD,137633.2,0.0,137633.2,S
CL005027,T0341,08-Nov-2025,18-Feb-2026,Marine Hull,USD,245.34,2659.93,2905.27,O
CL002389,T0430,05-Jan-2024,28-Jan-2024,Business Interruption,USD,226196.39,0.0,226196.39,S
CL005790,T0248,29-Jul-2026,31-Aug-2026,Political Risk,USD,5066.17,43721.38,48787.55,O
CL001671,T0149,28-Apr-2023,29-May-2023,General Liability,USD,98767.69,0.0,98767.69,S
CL003226,T0255,15-Oct-2024,23-Oct-2024,Aviation,INR,427274.72,0.0,427274.72,S
CL005920,T0294,16-Aug-2026,30-Sep-2026,Credit & Surety,EUR,21048.46,68622.41,89670.87,O
CL003885,T0572,09-Apr-2025,23-Apr-2025,General Liability,EUR,258294.02,0.0,258294.02,S
CL004918,T0459,25-Dec-2025,24-Jan-2026,Political Risk,USD,23619.93,0.0,23619.93,S
CL005748,T0579,14-Aug-2026,19-Aug-2026,Directors & Officers,USD,2107.46,15626.77,17734.23,O
CL003544,T0070,09-Nov-2024,20-Jan-2025,Business Interruption,USD,3200.69,0.0,3200.69,S
CL000227,T0576,06-Sep-2021,12-Oct-2021,Energy,USD,35727.68,0.0,35727.68,S
CL001532,T0186,30-Mar-2023,13-Apr-2023,Energy,EUR,181461.3,0.0,181461.3,S
CL005288,T0633,16-Mar-2026,22-Apr-2026,Professional Indemnity,USD,19.08,102270.34,102289.42,O
CL002230,T0587,02-Dec-2023,09-Dec-2023,Credit & Surety,EUR,19542.96,0.0,19542.96,S
CL001539,T0636,12-Apr-2023,14-Apr-2023,General Liability,EUR,9779.11,0.0,9779.11,S
CL003553,T0114,23-Dec-2024,23-Jan-2025,Professional Indemnity,USD,29539.02,0.0,29539.02,S
CL001144,T0061,09-Dec-2022,22-Dec-2022,Auto Liability,USD,102051.2,0.0,102051.2,S
CL002524,T0077,09-Mar-2024,12-Mar-2024,Auto Liability,USD,15378.64,0.0,15378.64,S
CL005646,T0138,12-Jul-2026,23-Jul-2026,Aviation,USD,14506.77,0.0,14506.77,S
CL002590,T0252,30-Mar-2024,01-Apr-2024,Political Risk,USD,15941.62,74150.31,90091.93,O
CL003457,T0291,11-Nov-2024,26-Dec-2024,Natural Catastrophe,USD,56860.81,0.0,56860.81,S
CL004244,T0124,28-Jul-2025,06-Aug-2025,Auto Liability,USD,38751.15,0.0,38751.15,S
CL003353,T0532,15-Nov-2024,27-Nov-2024,Workers Compensation,EUR,9454.08,0.0,9454.08,S
CL003498,T0366,24-Nov-2024,06-Jan-2025,Fire & Explosion,USD,244344.84,0.0,244344.84,S
CL001191,T0036,16-Nov-2022,04-Jan-2023,Energy,USD,49378.73,0.0,49378.73,S
CL005094,T0694,03-Jan-2026,03-Mar-2026,Aviation,USD,49455.79,0.0,49455.79,S
CL002874,T0424,29-Jun-2024,04-Jul-2024,Cyber,USD,1036897.98,0.0,1036897.98,S
CL003279,T0402,01-Nov-2024,04-Nov-2024,Directors & Officers,INR,115268.53,3379339.76,3494608.29,O
CL002795,T0121,30-May-2024,11-Jun-2024,Cyber,USD,256868.19,0.0,256868.19,S
CL004277,T0204,18-Jun-2025,14-Aug-2025,Natural Catastrophe,USD,242989.2,431488.07,674477.27,O
CL005388,T0488,20-Apr-2026,17-May-2026,Natural Catastrophe,USD,197822.47,1277724.67,1475547.14,O
CL004014,T0239,10-May-2025,29-May-2025,Medical Malpractice,USD,12373.15,0.0,12373.15,S
CL003065,T0331,14-Apr-2024,05-Sep-2024,Business Interruption,USD,78865.78,0.0,78865.78,S
CL002112,T0025,08-Oct-2023,25-Oct-2023,Credit & Surety,USD,22342.3,0.0,22342.3,S
CL004816,T0124,11-Nov-2025,29-Dec-2025,General Liability,USD,14542.2,30468.76,45010.96,O
CL004429,T0311,29-Aug-2025,23-Sep-2025,Natural Catastrophe,INR,2473864.33,0.0,2473864.33,S
CL003119,T0023,18-Sep-2024,24-Sep-2024,Fire & Explosion,INR,246233.71,0.0,246233.71,S
CL001365,T0096,05-Feb-2023,22-Feb-2023,Medical Malpractice,EUR,9001.44,0.0,9001.44,S
CL003740,T0070,12-Mar-2025,13-Mar-2025,Business Interruption,USD,75471.99,0.0,75471.99,S
CL002454,T0252,12-Feb-2024,19-Feb-2024,Aviation,USD,68965.47,0.0,68965.47,S
CL004732,T0395,07-Dec-2025,08-Dec-2025,Workers Compensation,USD,498.41,0.0,498.41,S
CL001907,T0671,09-Aug-2023,16-Aug-2023,Auto Liability,USD,39739.09,0.0,39739.09,S
CL003328,T0067,30-Sep-2024,22-Nov-2024,Natural Catastrophe,INR,28659277.26,0.0,28659277.26,S
CL004012,T0032,23-Apr-2025,28-May-2025,Natural Catastrophe,USD,114035.86,0.0,114035.86,S
CL000346,T0068,19-Nov-2021,29-Dec-2021,Fire & Explosion,USD,166135.23,0.0,166135.23,S
CL005699,T0452,25-Jul-2026,05-Aug-2026,Medical Malpractice,USD,12715.82,141315.8,154031.62,O
CL002953,T0136,21-Jun-2024,30-Jul-2024,Workers Compensation,USD,194285.47,0.0,194285.47,S
CL004773,T0103,04-Dec-2025,20-Dec-2025,Business Interruption,EUR,10885.24,137118.53,148003.77,O
CL005477,T0135,01-Apr-2026,08-Jun-2026,Auto Liability,EUR,33126.22,42097.86,75224.08,O
CL000449,T0003,10-Jan-2022,03-Mar-2022,Credit & Surety,EUR,409009.6,0.0,409009.6,S
CL002661,T0350,18-Apr-2024,22-Apr-2024,Auto Liability,INR,910696.01,1051980.18,1962676.19,O
CL003899,T0462,17-Mar-2025,26-Apr-2025,Natural Catastrophe,GBP,51520.7,0.0,51520.7,S
CL000480,T0333,22-Feb-2022,23-Mar-2022,Fire & Explosion,USD,125946.38,0.0,125946.38,S
CL001904,T0649,03-Jul-2023,15-Aug-2023,Natural Catastrophe,USD,781168.23,0.0,781168.23,S
CL003468,T0275,26-Dec-2024,28-Dec-2024,Auto Liability,USD,304357.65,0.0,304357.65,S
CL003982,T0168,12-Apr-2025,19-May-2025,Credit & Surety,USD,257572.56,0.0,257572.56,S
CL005101,T0344,06-Feb-2026,05-Mar-2026,Fire & Explosion,USD,3013.34,7674.91,10688.25,O
CL002985,T0473,03-Aug-2024,09-Aug-2024,Business Interruption,GBP,19393.61,0.0,19393.61,S
CL000969,T0653,18-Oct-2022,29-Oct-2022,Fire & Explosion,USD,46049.67,0.0,46049.67,S
CL001666,T0467,31-Mar-2023,27-May-2023,Business Interruption,EUR,496581.84,0.0,496581.84,S
CL005120,T0008,02-Mar-2026,11-Mar-2026,Natural Catastrophe,USD,2075.64,22098.72,24174.36,O
CL002145,T0126,20-Sep-2023,04-Nov-2023,Business Interruption,USD,29551.62,0.0,29551.62,S
CL004552,T0661,23-Oct-2025,26-Oct-2025,General Liability,EUR,60274.79,156279.8,216554.59,O
CL002304,T0247,07-Dec-2023,04-Jan-2024,General Liability,GBP,32623.85,0.0,32623.85,S
CL001884,T0454,18-Jul-2023,09-Aug-2023,Marine Hull,USD,234162.71,0.0,234162.71,S
CL005515,T0018,01-May-2026,18-Jun-2026,Auto Liability,USD,12814.72,0.0,12814.72,S
CL002886,T0156,21-May-2024,07-Jul-2024,Natural Catastrophe,USD,55924.69,0.0,55924.69,S
CL001146,T0286,28-Nov-2022,23-Dec-2022,Energy,EUR,949200.11,0.0,949200.11,S
CL004302,T0683,02-Jul-2025,21-Aug-2025,Auto Liability,USD,135953.47,0.0,135953.47,S
CL003851,T0192,03-Mar-2025,15-Apr-2025,Directors & Officers,USD,23544.29,0.0,23544.29,S
CL003240,T0070,08-Oct-2024,26-Oct-2024,Natural Catastrophe,USD,9378.55,0.0,9378.55,S
CL005355,T0170,06-Apr-2026,09-May-2026,Energy,USD,5485.12,7834.23,13319.35,O
CL001238,T0619,14-Dec-2022,15-Jan-2023,Business Interruption,USD,8679.92,0.0,8679.92,S
CL003278,T0285,26-Sep-2024,04-Nov-2024,Aviation,USD,1523.32,12213.85,13737.17,O
CL004105,T0395,30-May-2025,24-Jun-2025,Workers Compensation,USD,26625.82,0.0,26625.82,S
CL000338,T0134,16-Nov-2021,24-Dec-2021,Business Interruption,USD,7543.78,0.0,7543.78,S
CL002741,T0673,03-May-2024,19-May-2024,Workers Compensation,EUR,2787.44,18070.74,20858.18,O
CL004775,T0162,20-Dec-2025,20-Dec-2025,General Liability,USD,47023.39,127070.59,174093.98,O
CL001512,T0612,09-Feb-2023,06-Apr-2023,Workers Compensation,USD,22831.82,0.0,22831.82,S
CL000766,T0476,26-Jul-2022,15-Aug-2022,Workers Compensation,EUR,10404.9,0.0,10404.9,S
CL001740,T0525,18-Jun-2023,22-Jun-2023,Medical Malpractice,USD,222426.61,0.0,222426.61,S
CL002801,T0070,10-Jun-2024,12-Jun-2024,Natural Catastrophe,USD,18494.15,0.0,18494.15,S
CL003667,T0519,13-Jan-2025,22-Feb-2025,Fire & Explosion,EUR,144745.58,0.0,144745.58,S
CL001990,T0611,11-Sep-2023,17-Sep-2023,Energy,USD,2987.18,0.0,2987.18,S
CL000481,T0100,21-Jan-2022,24-Mar-2022,Professional Indemnity,USD,69288.63,0.0,69288.63,S
CL005502,T0106,06-Jun-2026,15-Jun-2026,Professional Indemnity,USD,222302.42,0.0,222302.42,S
CL005430,T0470,30-Apr-2026,27-May-2026,Directors & Officers,EUR,419668.06,0.0,419668.06,S
CL005613,T0162,10-Jul-2026,15-Jul-2026,General Liability,USD,3853.19,12794.4,16647.59,O
CL003407,T0071,12-Dec-2024,13-Dec-2024,Aviation,EUR,3080.45,0.0,3080.45,S
CL004390,T0559,06-Aug-2025,13-Sep-2025,Natural Catastrophe,USD,11788.93,57071.89,68860.82,O
CL000737,T0612,31-Jul-2022,04-Aug-2022,General Liability,USD,23836.33,0.0,23836.33,S
CL003397,T0211,09-Dec-2024,10-Dec-2024,Directors & Officers,USD,10334.9,0.0,10334.9,S
CL003695,T0436,18-Jan-2025,28-Feb-2025,Medical Malpractice,USD,1814.57,2790.06,4604.63,O
CL000921,T0232,21-Sep-2022,11-Oct-2022,Natural Catastrophe,USD,136779.16,0.0,136779.16,S
CL002358,T0586,18-Jan-2024,20-Jan-2024,Medical Malpractice,EUR,1711.66,0.0,1711.66,S
CL003564,T0552,25-Dec-2024,26-Jan-2025,Directors & Officers,USD,9553.7,0.0,9553.7,S
CL002756,T0205,09-Apr-2024,26-May-2024,Workers Compensation,USD,7506.84,0.0,7506.84,S
CL004046,T0249,14-May-2025,08-Jun-2025,Political Risk,USD,19089.96,28813.59,47903.55,O
CL000154,T0104,08-Aug-2021,08-Aug-2021,Medical Malpractice,USD,29713.55,0.0,29713.55,S
CL005134,T0184,06-Feb-2026,15-Mar-2026,General Liability,EUR,1364.48,1797.45,3161.93,O
CL001770,T0610,02-Mar-2023,04-Jul-2023,Business Interruption,USD,183619.47,0.0,183619.47,S
CL002446,T0472,12-Feb-2024,17-Feb-2024,Natural Catastrophe,USD,22032.01,0.0,22032.01,S
CL003614,T0598,02-Feb-2025,08-Feb-2025,Auto Liability,USD,25134.74,0.0,25134.74,S
CL005342,T0400,21-Apr-2026,06-May-2026,Business Interruption,USD,734980.8,0.0,734980.8,S
CL001402,T0219,04-Feb-2023,04-Mar-2023,Fire & Explosion,USD,33388.27,0.0,33388.27,S
CL001647,T0591,08-Apr-2023,20-May-2023,Energy,USD,69697.52,0.0,69697.52,S
CL003103,T0129,16-Aug-2024,19-Sep-2024,General Liability,USD,8993.5,0.0,8993.5,S
CL001514,T0345,11-Mar-2023,07-Apr-2023,Professional Indemnity,EUR,21120.93,0.0,21120.93,S
CL001567,T0632,12-Apr-2023,23-Apr-2023,Business Interruption,USD,68384.86,0.0,68384.86,S
CL004661,T0465,16-Nov-2025,20-Nov-2025,Natural Catastrophe,INR,638931.39,4112763.48,4751694.87,O
CL003098,T0239,05-Sep-2024,17-Sep-2024,Medical Malpractice,USD,15084.09,0.0,15084.09,S
CL003504,T0056,07-Jan-2025,08-Jan-2025,General Liability,USD,38907.2,0.0,38907.2,S
CL000484,T0361,09-Dec-2021,24-Mar-2022,General Liability,USD,2243.65,0.0,2243.65,S
CL002861,T0330,04-Jun-2024,30-Jun-2024,Professional Indemnity,USD,70971.77,0.0,70971.77,S
CL003258,T0484,11-Oct-2024,28-Oct-2024,Business Interruption,EUR,601535.99,0.0,601535.99,S
CL002004,T0136,11-Aug-2023,23-Sep-2023,General Liability,USD,814.09,348.89,1162.98,R
CL005775,T0379,21-Aug-2026,26-Aug-2026,Cyber,USD,2970.6,9316.44,12287.04,O
CL002614,T0153,30-Mar-2024,08-Apr-2024,Workers Compensation,USD,257886.0,0.0,257886.0,S
CL003760,T0657,19-Jan-2025,21-Mar-2025,Marine Hull,USD,18624.24,0.0,18624.24,S
CL005476,T0444,16-Apr-2026,07-Jun-2026,Business Interruption,USD,26583.84,185090.2,211674.04,O
CL000340,T0231,14-Nov-2021,24-Dec-2021,Workers Compensation,USD,160473.28,0.0,160473.28,S
CL000014,T0544,28-Feb-2021,09-Mar-2021,Directors & Officers,USD,220532.9,0.0,220532.9,S
CL002059,T0352,31-Aug-2023,09-Oct-2023,Cyber,USD,453593.82,0.0,453593.82,S
CL001565,T0509,22-Apr-2023,23-Apr-2023,Medical Malpractice,USD,34447.72,0.0,34447.72,S
CL003021,T0205,17-Jul-2024,24-Aug-2024,General Liability,USD,34615.98,0.0,34615.98,S
CL001897,T0435,01-Aug-2023,13-Aug-2023,Credit & Surety,USD,28617.3,0.0,28617.3,S
CL004445,T0577,08-Sep-2025,28-Sep-2025,Business Interruption,EUR,36575.21,0.0,36575.21,S
CL003253,T0076,26-Oct-2024,28-Oct-2024,Workers Compensation,EUR,99023.44,0.0,99023.44,S
CL004781,T0341,19-Dec-2025,21-Dec-2025,Aviation,USD,10789.24,0.0,10789.24,S
CL002808,T0611,10-Dec-2023,13-Jun-2024,Aviation,USD,12602.49,0.0,12602.49,S
CL002975,T0167,13-Jun-2024,07-Aug-2024,Professional Indemnity,USD,23621.5,0.0,23621.5,S
CL004129,T0684,28-Jun-2025,04-Jul-2025,Auto Liability,USD,108083.48,0.0,108083.48,S
CL005573,T0075,09-May-2026,04-Jul-2026,Business Interruption,USD,59267.88,25400.52,84668.4,R
CL000024,T0104,18-Mar-2021,29-Mar-2021,Professional Indemnity,USD,8439.03,0.0,8439.03,S
CL004463,T0427,22-Sep-2025,04-Oct-2025,Aviation,USD,1642957.89,0.0,1642957.89,S
CL001721,T0149,22-Apr-2023,14-Jun-2023,Auto Liability,USD,47178.84,0.0,47178.84,S
CL003594,T0500,11-Jan-2025,04-Feb-2025,Credit & Surety,USD,262179.55,112362.67,374542.22,R
CL005150,T0391,24-Jan-2026,18-Mar-2026,Natural Catastrophe,INR,2540322.63,0.0,2540322.63,S
CL005198,T0683,19-Mar-2026,01-Apr-2026,Workers Compensation,USD,28754.12,0.0,28754.12,S
CL001838,T0260,24-Jun-2023,21-Jul-2023,General Liability,USD,276427.15,0.0,276427.15,S
CL000560,T0309,02-Feb-2022,28-Apr-2022,Workers Compensation,EUR,1327.1,0.0,1327.1,S
CL001139,T0258,06-Dec-2022,20-Dec-2022,Political Risk,USD,908984.65,0.0,908984.65,S
CL004169,T0187,27-Jun-2025,15-Jul-2025,Fire & Explosion,INR,2366242.52,8170039.17,10536281.69,O
CL900010,T9010,19-Sep-2025,22-Oct-2025,Fire & Explosion,USD,257707.78,0.0,257707.78,S
CL005727,T0408,24-Jun-2026,11-Aug-2026,Professional Indemnity,USD,27043.29,48471.96,75515.25,O
CL002090,T0059,30-Sep-2023,17-Oct-2023,Political Risk,USD,208954.97,0.0,208954.97,S
CL000363,T0159,17-Dec-2021,12-Jan-2022,Natural Catastrophe,EUR,38899.87,0.0,38899.87,S
CL001960,T0296,06-Aug-2023,07-Sep-2023,Business Interruption,USD,86237.85,0.0,86237.85,S
CL005423,T0138,20-May-2026,26-May-2026,Political Risk,USD,1320.66,11634.46,12955.12,O
CL000136,T0134,21-Jul-2021,24-Jul-2021,Fire & Explosion,USD,25734.53,0.0,25734.53,S
CL000660,T0655,12-Jun-2022,28-Jun-2022,Political Risk,EUR,12203.44,0.0,12203.44,S
CL002967,T0460,05-Jul-2024,02-Aug-2024,General Liability,EUR,776021.32,0.0,776021.32,X
CL005897,T0035,26-Aug-2026,30-Sep-2026,Fire & Explosion,USD,13380.94,209795.49,223176.43,O
CL000189,T0506,13-Sep-2021,16-Sep-2021,Medical Malpractice,EUR,92730.88,0.0,92730.88,S
CL003658,T0291,06-Dec-2024,20-Feb-2025,Natural Catastrophe,USD,199746.45,0.0,199746.45,S
CL005275,T0089,08-Apr-2026,21-Apr-2026,Directors & Officers,USD,18152.53,97389.24,115541.77,O
CL005227,T0035,16-Feb-2026,09-Apr-2026,Natural Catastrophe,USD,41779.22,197173.92,238953.14,O
CL004546,T0651,29-Sep-2025,24-Oct-2025,Credit & Surety,USD,6645.63,0.0,6645.63,S
CL002728,T0067,08-May-2024,16-May-2024,Natural Catastrophe,INR,19809376.01,0.0,19809376.01,S
CL000806,T0108,30-Aug-2022,30-Aug-2022,Professional Indemnity,USD,64948.84,0.0,64948.84,S
CL003194,T0402,23-Aug-2024,11-Oct-2024,Directors & Officers,INR,12785733.37,0.0,12785733.37,S
CL001076,T0036,27-Sep-2022,03-Dec-2022,Political Risk,USD,408786.26,0.0,408786.26,S
CL003785,T0627,17-Mar-2025,26-Mar-2025,Auto Liability,USD,88427.61,0.0,88427.61,S
CL005220,T0087,11-Mar-2026,06-Apr-2026,Natural Catastrophe,USD,53873.48,512611.53,566485.01,O
CL004048,T0359,05-Apr-2025,08-Jun-2025,Workers Compensation,USD,12303.13,36998.88,49302.01,O
CL900005,T9005,02-Oct-2024,09-Oct-2024,Directors & Officers,USD,46783.13,0.0,46783.13,S
CL002152,T0671,28-Sep-2023,06-Nov-2023,Workers Compensation,USD,326721.99,0.0,326721.99,S
CL002015,T0126,14-Sep-2023,25-Sep-2023,Fire & Explosion,USD,16035.78,0.0,16035.78,S
CL001398,T0061,23-Feb-2023,03-Mar-2023,Workers Compensation,USD,5852.39,0.0,5852.39,S
CL000474,T0014,24-Feb-2022,20-Mar-2022,Energy,USD,344.51,3565.4,3909.91,O
CL005604,T0670,21-May-2026,10-Jul-2026,Marine Hull,USD,167999.28,172322.12,340321.4,O
CL000419,T0314,31-Dec-2021,12-Feb-2022,General Liability,USD,6170.77,0.0,6170.77,S
CL000840,T0337,26-Aug-2022,11-Sep-2022,Workers Compensation,USD,4439.16,0.0,4439.16,S
CL003315,T0071,15-Nov-2024,16-Nov-2024,Energy,EUR,7298.08,0.0,7298.08,S
CL003603,T0388,13-Jan-2025,06-Feb-2025,Business Interruption,USD,176949.04,0.0,176949.04,S
CL002348,T0323,05-Jan-2024,17-Jan-2024,Political Risk,USD,47692.28,0.0,47692.28,S
CL001227,T0677,05-Jan-2023,12-Jan-2023,Business Interruption,USD,16735.68,34251.5,50987.18,O
CL003878,T0221,09-Apr-2025,22-Apr-2025,Workers Compensation,USD,23510.61,162699.83,186210.44,O
CL000968,T0260,01-Sep-2022,29-Oct-2022,General Liability,USD,29798.21,0.0,29798.21,S
CL001321,T0292,08-Feb-2023,10-Feb-2023,Medical Malpractice,EUR,9572.2,0.0,9572.2,S
CL004280,T0032,01-Aug-2025,15-Aug-2025,Natural Catastrophe,USD,37931.17,0.0,37931.17,S
CL000386,T0468,04-Jan-2022,26-Jan-2022,Fire & Explosion,USD,26800.02,145571.79,172371.81,O
CL000916,T0044,09-Oct-2022,10-Oct-2022,Fire & Explosion,USD,9798.92,0.0,9798.92,S
CL000533,T0522,17-Feb-2022,16-Apr-2022,Fire & Explosion,USD,14168.26,0.0,14168.26,S
CL003352,T0160,15-Oct-2024,27-Nov-2024,General Liability,USD,300173.65,0.0,300173.65,S
CL003198,T0063,10-Oct-2024,13-Oct-2024,Credit & Surety,EUR,46902.46,0.0,46902.46,S
CL000676,T0061,03-Jul-2022,08-Jul-2022,Auto Liability,USD,101360.19,0.0,101360.19,S
CL004444,T0370,13-Sep-2025,28-Sep-2025,Business Interruption,EUR,46909.35,55577.84,102487.19,O
CL002222,T0323,03-Nov-2023,06-Dec-2023,Aviation,USD,78821.63,0.0,78821.63,S
CL005252,T0209,30-Mar-2026,16-Apr-2026,Marine Hull,USD,5159.13,6083.3,11242.43,O
CL003429,T0122,20-Nov-2024,18-Dec-2024,Fire & Explosion,USD,65043.32,0.0,65043.32,S
CL003939,T0327,08-Mar-2025,05-May-2025,Cyber,INR,4958590.37,0.0,4958590.37,S
CL004580,T0685,21-Oct-2025,31-Oct-2025,Workers Compensation,EUR,264040.62,0.0,264040.62,S
CL004074,T0160,04-May-2025,15-Jun-2025,Workers Compensation,USD,276829.28,0.0,276829.28,S
CL002579,T0086,18-Jan-2024,30-Mar-2024,Cyber,USD,33872.46,0.0,33872.46,S
CL002407,T0649,30-Jan-2024,03-Feb-2024,Business Interruption,USD,12186.07,5222.6,17408.67,R
CL005345,T0572,20-Mar-2026,06-May-2026,Workers Compensation,EUR,4087.13,24408.98,28496.11,O
CL002704,T0665,03-Apr-2024,04-May-2024,Credit & Surety,USD,206008.01,0.0,206008.01,S
CL002414,T0273,08-Dec-2023,05-Feb-2024,Medical Malpractice,EUR,12000.27,0.0,12000.27,S
CL002951,T0598,14-Jul-2024,29-Jul-2024,General Liability,USD,18982.4,0.0,18982.4,S
CL000721,T0687,01-Jul-2022,29-Jul-2022,General Liability,USD,47765.27,0.0,47765.27,S
CL004506,T0179,22-Sep-2025,15-Oct-2025,Auto Liability,USD,316574.29,0.0,316574.29,S
CL003052,T0516,05-Aug-2024,02-Sep-2024,Medical Malpractice,USD,47120.97,0.0,47120.97,S
CL001517,T0478,22-Dec-2023,07-Apr-2023,Natural Catastrophe,USD,146652.82,0.0,146652.82,S
CL004355,T0395,03-Sep-2025,05-Sep-2025,General Liability,USD,7549.85,7741.74,15291.59,O
CL000534,T0682,12-Apr-2022,16-Apr-2022,Workers Compensation,USD,5900.43,0.0,5900.43,S
CL005858,T0244,19-Sep-2026,21-Sep-2026,General Liability,USD,10926.36,76242.78,87169.14,O
CL005963,T0606,13-Sep-2026,30-Sep-2026,Natural Catastrophe,GBP,1691.32,3329.08,5020.4,O
CL003621,T0037,01-Feb-2025,11-Feb-2025,Directors & Officers,EUR,10257.81,0.0,10257.81,S
CL003921,T0370,15-Apr-2025,29-Apr-2025,Fire & Explosion,EUR,5528.71,0.0,5528.71,S
CL002494,T0531,22-Feb-2024,03-Mar-2024,Medical Malpractice,EUR,99773.11,0.0,99773.11,S
CL004349,T0483,18-Aug-2025,04-Sep-2025,Workers Compensation,USD,2269.92,4498.87,6768.79,O
CL003143,T0353,07-Sep-2024,29-Sep-2024,Business Interruption,USD,29162.33,0.0,29162.33,S
CL005508,T0051,11-Jun-2026,17-Jun-2026,Fire & Explosion,USD,90280.86,94404.02,184684.88,O
CL005745,T0002,15-Jun-2026,19-Aug-2026,Fire & Explosion,GBP,1591.29,5266.38,6857.67,O
CL004984,T0553,07-Feb-2026,08-Feb-2026,Directors & Officers,USD,30164.49,0.0,30164.49,S
CL000839,T0196,21-Jul-2022,11-Sep-2022,Business Interruption,EUR,11804.34,0.0,11804.34,S
CL004669,T0681,09-Nov-2025,21-Nov-2025,Natural Catastrophe,USD,24105.21,0.0,24105.21,S
CL000861,T0676,16-Jul-2022,17-Sep-2022,Auto Liability,USD,189446.56,81191.39,270637.95,R
CL004072,T0012,09-Jun-2025,15-Jun-2025,Workers Compensation,USD,11611.08,0.0,11611.08,S
CL001545,T0655,10-Apr-2023,15-Apr-2023,Aviation,EUR,33821.48,0.0,33821.48,S
CL000418,T0197,06-Feb-2022,11-Feb-2022,Cyber,USD,33510.97,0.0,33510.97,S
CL005801,T0092,25-Jul-2026,05-Sep-2026,Workers Compensation,EUR,4957.28,41153.11,46110.39,O
CL002708,T0324,24-Apr-2024,07-May-2024,Credit & Surety,USD,26651.41,0.0,26651.41,S
CL004670,T0356,08-Nov-2025,22-Nov-2025,Workers Compensation,USD,2747.45,7115.45,9862.9,O
CL003578,T0233,23-Jan-2025,31-Jan-2025,Credit & Surety,USD,207643.25,0.0,207643.25,S
CL005139,T0064,21-Feb-2026,16-Mar-2026,Fire & Explosion,USD,30735.86,246481.86,277217.72,O
CL000276,T0664,01-Nov-2021,07-Nov-2021,Medical Malpractice,USD,16300.22,0.0,16300.22,S
CL000626,T0281,17-Apr-2022,09-Jun-2022,Business Interruption,EUR,47515.48,0.0,47515.48,S
CL003415,T0128,19-Nov-2024,15-Dec-2024,Professional Indemnity,EUR,5386.23,0.0,5386.23,S
CL002773,T0369,23-May-2024,02-Jun-2024,General Liability,USD,37068.46,0.0,37068.46,S
CL002282,T0274,09-Oct-2023,28-Dec-2023,Marine Hull,EUR,195559.11,0.0,195559.11,S
CL000715,T0282,22-Jul-2022,28-Jul-2022,Fire & Explosion,USD,15537.71,84030.2,99567.91,O
CL002042,T0136,01-Aug-2023,04-Oct-2023,Auto Liability,USD,21309.02,0.0,21309.02,S
CL002857,T0304,17-May-2024,29-Jun-2024,Fire & Explosion,USD,317003.36,0.0,317003.36,S
CL005095,T0413,21-Feb-2026,04-Mar-2026,Fire & Explosion,GBP,69727.58,343238.1,412965.68,O
CL002726,T0033,13-May-2024,15-May-2024,General Liability,USD,53031.49,0.0,53031.49,S
CL000602,T0176,08-May-2022,28-May-2022,Medical Malpractice,USD,327762.01,0.0,327762.01,S
CL001322,T0292,19-Jan-2023,10-Feb-2023,Professional Indemnity,EUR,122698.16,0.0,122698.16,S
CL000583,T0340,09-May-2022,13-May-2022,Business Interruption,USD,8694.86,29529.99,38224.85,O
CL003297,T0348,26-Oct-2024,10-Nov-2024,Business Interruption,USD,5729.66,0.0,5729.66,S
CL003064,T0271,19-Aug-2024,05-Sep-2024,Aviation,EUR,4587.0,0.0,4587.0,S
CL004792,T0280,27-Nov-2025,24-Dec-2025,Natural Catastrophe,USD,47701.41,93067.37,140768.78,O
CL004235,T0279,21-Feb-2025,02-Aug-2025,Energy,EUR,61383.41,0.0,61383.41,S
CL005216,T0154,31-Mar-2026,05-Apr-2026,Professional Indemnity,USD,70528.41,71998.74,142527.15,O
CL002058,T0031,02-Oct-2023,09-Oct-2023,Auto Liability,INR,2862473.35,0.0,2862473.35,S
CL000212,T0361,04-Sep-2021,01-Oct-2021,Workers Compensation,USD,12652.17,0.0,12652.17,S
CL003968,T0382,12-May-2025,14-May-2025,Auto Liability,EUR,179121.11,0.0,179121.11,S
CL004458,T0500,21-Sep-2025,02-Oct-2025,Credit & Surety,USD,42684.28,18293.27,60977.55,R
CL000302,T0175,12-Oct-2021,03-Dec-2021,General Liability,USD,5509.96,0.0,5509.96,S
CL000355,T0544,16-Dec-2021,04-Jan-2022,Directors & Officers,USD,149479.5,0.0,149479.5,S
CL004793,T0471,10-Dec-2025,24-Dec-2025,Business Interruption,EUR,7574.63,0.0,7574.63,S
CL004942,T0487,23-Jan-2026,27-Jan-2026,Natural Catastrophe,USD,72723.32,0.0,72723.32,S
CL001833,T0059,22-May-2023,20-Jul-2023,Political Risk,USD,193475.61,0.0,193475.61,S
CL001837,T0137,05-Jul-2023,21-Jul-2023,Professional Indemnity,USD,37293.25,0.0,37293.25,S
CL004466,T0079,24-Jul-2025,05-Oct-2025,Fire & Explosion,USD,7906.54,0.0,7906.54,S
CL001921,T0466,23-Jul-2023,22-Aug-2023,Business Interruption,USD,78365.25,0.0,78365.25,S
CL005686,T0523,19-Jul-2026,03-Aug-2026,Natural Catastrophe,EUR,4131.19,9565.26,13696.45,O
CL002267,T0137,15-Dec-2023,23-Dec-2023,Professional Indemnity,USD,26142.41,11203.89,37346.3,R
CL005174,T0099,26-Mar-2026,26-Mar-2026,Marine Hull,USD,28349.27,41434.86,69784.13,O
CL000867,T0653,05-Sep-2022,20-Sep-2022,Business Interruption,USD,86253.49,0.0,86253.49,S
CL004145,T0370,18-May-2025,09-Jul-2025,Business Interruption,EUR,22309.78,0.0,22309.78,S
CL000949,T0626,20-Oct-2022,20-Oct-2022,Marine Hull,EUR,30455.89,0.0,30455.89,S
CL005712,T0543,09-May-2026,08-Aug-2026,Medical Malpractice,USD,605.48,655.9,1261.38,O
CL001015,T0296,29-Sep-2022,12-Nov-2022,Fire & Explosion,USD,102881.53,0.0,102881.53,S
CL000960,T0258,14-Oct-2022,26-Oct-2022,Aviation,USD,85760.84,135254.49,221015.33,O
CL002203,T0671,27-Nov-2023,28-Nov-2023,Workers Compensation,USD,118141.93,0.0,118141.93,S
CL003368,T0129,22-Nov-2024,01-Dec-2024,Auto Liability,USD,5223.56,0.0,5223.56,S
CL004916,T0406,08-Jan-2026,24-Jan-2026,Aviation,GBP,16304.59,52328.95,68633.54,O
CL005958,T0579,28-Aug-2026,30-Sep-2026,Directors & Officers,USD,6791.19,17074.22,23865.41,O
CL003518,T0348,25-Dec-2024,12-Jan-2025,Fire & Explosion,USD,46721.55,0.0,46721.55,S
CL001179,T0354,21-Dec-2022,30-Dec-2022,Auto Liability,USD,8816.7,0.0,8816.7,S
CL004104,T0382,18-Jun-2025,24-Jun-2025,Auto Liability,EUR,31882.39,91623.12,123505.51,O
CL003192,T0285,08-Oct-2024,11-Oct-2024,Marine Hull,USD,173708.74,0.0,173708.74,S
CL000741,T0680,30-Jul-2022,04-Aug-2022,Natural Catastrophe,USD,88779.07,0.0,88779.07,S
CL005685,T0307,06-Jun-2026,03-Aug-2026,General Liability,USD,41015.1,46676.75,87691.85,O
CL003524,T0440,15-Dec-2024,14-Jan-2025,Marine Hull,USD,132016.23,0.0,132016.23,S
CL002469,T0574,01-Feb-2024,24-Feb-2024,Workers Compensation,EUR,166523.21,0.0,166523.21,S
CL002187,T0617,22-Oct-2023,22-Nov-2023,Workers Compensation,INR,2462785.2,2941410.04,5404195.24,O
CL003777,T0246,05-Mar-2025,25-Mar-2025,Auto Liability,EUR,131037.02,0.0,131037.02,S
CL002589,T0165,22-Mar-2024,01-Apr-2024,Workers Compensation,EUR,23940.49,0.0,23940.49,S
CL000324,T0675,27-Nov-2021,15-Dec-2021,Energy,USD,156939.04,0.0,156939.04,S
CL000083,T0615,16-Apr-2021,10-Jun-2021,Professional Indemnity,EUR,129939.07,0.0,129939.07,S
CL005828,T0152,20-Aug-2026,13-Sep-2026,Fire & Explosion,GBP,13983.93,77921.95,91905.88,O
CL000356,T0664,30-Dec-2021,04-Jan-2022,Professional Indemnity,USD,148204.68,0.0,148204.68,S
CL004926,T0178,23-Jan-2026,25-Jan-2026,Cyber,USD,31429.33,52367.7,83797.03,O
CL000693,T0098,07-Jul-2022,21-Jul-2022,Natural Catastrophe,EUR,28350.69,0.0,28350.69,S
CL000514,T0287,22-Mar-2022,08-Apr-2022,Aviation,EUR,90544.19,38804.65,129348.84,R
CL001734,T0084,03-Jun-2023,19-Jun-2023,Aviation,USD,175810.91,0.0,175810.91,S
CL003247,T0181,12-Oct-2024,27-Oct-2024,Workers Compensation,USD,7668.3,0.0,7668.3,S
CL003007,T0690,13-Aug-2024,19-Aug-2024,Aviation,USD,169769.99,0.0,169769.99,S
CL004720,T0341,29-Nov-2025,05-Dec-2025,Marine Hull,USD,50054.79,0.0,50054.79,S
CL001358,T0196,06-Feb-2023,20-Feb-2023,Fire & Explosion,EUR,6240.24,0.0,6240.24,S
CL002938,T0216,23-Jun-2024,25-Jul-2024,Aviation,USD,4444.31,0.0,4444.31,S
CL004963,T0365,02-Jan-2026,02-Feb-2026,Political Risk,EUR,1846.03,59567.25,61413.28,O
CL000472,T0590,10-Mar-2022,19-Mar-2022,Directors & Officers,USD,11743.42,0.0,11743.42,S
CL004721,T0450,19-Nov-2025,05-Dec-2025,Auto Liability,USD,137388.79,2438283.99,2575672.78,O
CL001064,T0504,14-Oct-2022,29-Nov-2022,Auto Liability,USD,104446.41,0.0,104446.41,S
CL004758,T0651,06-Sep-2025,13-Dec-2025,Directors & Officers,USD,2400.71,9100.99,11501.7,O
CL002891,T0350,25-Apr-2024,10-Jul-2024,Workers Compensation,INR,1713149.86,734207.08,2447356.94,R
CL002054,T0123,24-Sep-2023,08-Oct-2023,Fire & Explosion,USD,509171.9,0.0,509171.9,S
CL005594,T0341,25-Jun-2026,08-Jul-2026,Energy,USD,264.8,558.0,822.8,O
CL005181,T0479,09-Mar-2026,28-Mar-2026,General Liability,GBP,11277.08,0.0,11277.08,S
CL004346,T0097,07-Aug-2025,03-Sep-2025,Medical Malpractice,EUR,8545.65,0.0,8545.65,S
CL001005,T0144,06-Nov-2022,09-Nov-2022,General Liability,USD,251388.44,0.0,251388.44,S
CL001759,T0492,21-Jun-2023,30-Jun-2023,Professional Indemnity,USD,16135.1,0.0,16135.1,S
CL005800,T0074,22-Aug-2026,05-Sep-2026,Natural Catastrophe,USD,546144.08,0.0,546144.08,S
CL005793,T0325,03-Aug-2026,01-Sep-2026,Fire & Explosion,USD,1206.44,4754.84,5961.28,O
CL005681,T0429,30-Jul-2026,02-Aug-2026,Cyber,USD,2233.04,14601.57,16834.61,O
CL002167,T0021,07-Sep-2023,13-Nov-2023,Professional Indemnity,USD,246030.45,0.0,246030.45,S
CL001575,T0144,10-Feb-2023,26-Apr-2023,Auto Liability,USD,71220.38,30523.02,101743.4,R
CL004606,T0194,22-Oct-2025,07-Nov-2025,Fire & Explosion,EUR,24919.69,0.0,24919.69,S
CL000140,T0161,17-Jul-2021,27-Jul-2021,Cyber,EUR,38746.33,0.0,38746.33,S
CL001880,T0631,20-Jul-2023,06-Aug-2023,Cyber,USD,10106.1,0.0,10106.1,S
CL005517,T0243,03-Jun-2026,19-Jun-2026,Marine Hull,USD,1448.12,24045.92,25494.04,O
CL001997,T0039,01-Sep-2023,22-Sep-2023,Marine Hull,USD,435011.23,0.0,435011.23,S
CL004024,T0599,11-Apr-2025,02-Jun-2025,Workers Compensation,USD,2830.03,5115.89,7945.92,O
CL000237,T0542,06-Oct-2021,16-Oct-2021,Aviation,USD,143492.84,0.0,143492.84,S
CL002175,T0531,06-Oct-2023,18-Nov-2023,Medical Malpractice,EUR,25464.14,0.0,25464.14,S
CL002471,T0119,15-Feb-2024,25-Feb-2024,General Liability,USD,8573.74,0.0,8573.74,S
CL003581,T0595,23-Jan-2025,01-Feb-2025,Credit & Surety,EUR,24001.53,0.0,24001.53,S
CL002395,T0271,26-Dec-2023,30-Jan-2024,Marine Hull,EUR,63222.67,0.0,63222.67,S
CL002441,T0497,11-Feb-2024,16-Feb-2024,General Liability,USD,134300.95,0.0,134300.95,S
CL002269,T0482,16-Dec-2023,23-Dec-2023,Workers Compensation,USD,258150.83,0.0,258150.83,S
CL001315,T0286,30-Jan-2023,08-Feb-2023,Marine Hull,EUR,143240.17,0.0,143240.17,S
CL004863,T0095,19-Dec-2025,13-Jan-2026,Energy,USD,90285.05,0.0,90285.05,S
CL000914,T0396,02-Oct-2022,09-Oct-2022,Marine Hull,USD,119988.21,0.0,119988.21,S
CL004211,T0652,19-Jul-2025,27-Jul-2025,Energy,INR,851894.2,988985.19,1840879.39,O
CL000373,T0293,19-Dec-2021,17-Jan-2022,Business Interruption,EUR,270078.98,0.0,270078.98,S
CL005404,T0028,27-Apr-2026,20-May-2026,Workers Compensation,USD,41127.1,57386.31,98513.41,O
CL004344,T0568,06-Aug-2025,02-Sep-2025,Fire & Explosion,INR,26584547.47,0.0,26584547.47,S
CL001992,T0337,20-Aug-2023,19-Sep-2023,General Liability,USD,47741.65,0.0,47741.65,S
CL000310,T0134,02-Dec-2021,10-Dec-2021,Fire & Explosion,USD,53865.41,0.0,53865.41,S
CL003523,T0129,28-Dec-2024,14-Jan-2025,Workers Compensation,USD,8331.4,0.0,8331.4,S
CL002628,T0330,03-Apr-2024,11-Apr-2024,Professional Indemnity,USD,67229.33,0.0,67229.33,S
CL002208,T0622,25-Oct-2023,01-Dec-2023,Marine Hull,INR,700142.45,0.0,700142.45,S
CL003334,T0054,22-Nov-2024,23-Nov-2024,General Liability,EUR,90980.37,0.0,90980.37,S
CL004837,T0188,12-Nov-2025,04-Jan-2026,Auto Liability,USD,25700.75,35134.63,60835.38,O
CL001633,T0290,14-Mar-2023,17-May-2023,Workers Compensation,USD,62371.5,0.0,62371.5,S
CL004545,T0585,27-Sep-2025,24-Oct-2025,Workers Compensation,EUR,2557.23,46844.25,49401.48,O
CL005425,T0058,25-Apr-2026,27-May-2026,Energy,USD,1737.91,4841.97,6579.88,O
CL002787,T0015,06-Jun-2024,08-Jun-2024,Natural Catastrophe,USD,83758.0,35896.28,119654.28,R
CL003591,T0353,10-Jan-2025,04-Feb-2025,Fire & Explosion,USD,175031.32,0.0,175031.32,S
CL000787,T0223,13-Aug-2022,24-Aug-2022,Natural Catastrophe,USD,509052.37,0.0,509052.37,S
CL000318,T0676,15-Nov-2021,12-Dec-2021,General Liability,USD,58932.78,0.0,58932.78,S
CL000415,T0349,03-Feb-2022,10-Feb-2022,Directors & Officers,USD,138555.77,0.0,138555.77,S
CL000218,T0542,23-Aug-2021,04-Oct-2021,Political Risk,USD,88487.67,174476.71,262964.38,O
CL001722,T0250,10-Jun-2023,14-Jun-2023,Aviation,EUR,33254.42,0.0,33254.42,S
CL004197,T0298,18-Jul-2025,23-Jul-2025,General Liability,EUR,11789.28,19771.41,31560.69,O
CL004261,T0019,03-Jun-2025,10-Aug-2025,Cyber,USD,10980.08,0.0,10980.08,S
CL001938,T0570,07-Aug-2023,30-Aug-2023,Directors & Officers,INR,4916635.44,0.0,4916635.44,S
CL003761,T0125,11-Mar-2025,22-Mar-2025,Auto Liability,USD,283749.4,0.0,283749.4,S
CL004103,T0646,18-Jun-2025,23-Jun-2025,Fire & Explosion,EUR,3184.33,30343.93,33528.26,O
CL003542,T0369,09-Jan-2025,19-Jan-2025,Workers Compensation,USD,38878.45,0.0,38878.45,S
CL003156,T0460,18-Aug-2024,02-Oct-2024,Auto Liability,EUR,106465.34,0.0,106465.34,S
CL004402,T0637,20-Aug-2025,16-Sep-2025,Aviation,USD,48383.59,0.0,48383.59,S
CL004386,T0288,26-Aug-2025,13-Sep-2025,General Liability,USD,71845.82,30791.07,102636.89,R
CL000132,T0309,30-May-2021,21-Jul-2021,Workers Compensation,EUR,36953.77,0.0,36953.77,S
CL002038,T0236,05-Sep-2023,02-Oct-2023,Auto Liability,USD,13921.48,0.0,13921.48,S
CL000610,T0061,31-May-2022,02-Jun-2022,Auto Liability,USD,22342.7,0.0,22342.7,S
CL003101,T0401,06-Sep-2024,18-Sep-2024,Energy,USD,514236.55,0.0,514236.55,S
CL004062,T0465,10-Jun-2025,13-Jun-2025,Business Interruption,INR,197521.89,271230.98,468752.87,O
CL002302,T0145,30-Dec-2023,04-Jan-2024,Fire & Explosion,USD,13840.69,0.0,13840.69,S
CL002680,T0043,25-Apr-2024,28-Apr-2024,Credit & Surety,EUR,283455.18,0.0,283455.18,S
CL004570,T0683,27-Sep-2025,29-Oct-2025,General Liability,USD,6241.8,24015.6,30257.4,O
CL004096,T0054,04-Jun-2025,22-Jun-2025,General Liability,EUR,3213.01,16784.57,19997.58,O
CL003311,T0122,04-Sep-2024,15-Nov-2024,Fire & Explosion,USD,64953.66,0.0,64953.66,S
CL004146,T0388,09-Apr-2025,09-Jul-2025,Natural Catastrophe,USD,277811.49,864732.22,1142543.71,O
CL001392,T0422,15-Feb-2023,01-Mar-2023,Fire & Explosion,USD,592328.69,0.0,592328.69,S
CL001928,T0296,29-Jul-2023,24-Aug-2023,Fire & Explosion,USD,129975.57,0.0,129975.57,S
CL005726,T0400,17-Jul-2026,11-Aug-2026,Business Interruption,USD,242640.42,0.0,242640.42,S
CL001804,T0566,11-May-2023,11-Jul-2023,Business Interruption,EUR,19016.77,62749.8,81766.57,O
CL900004,T9004,18-Mar-2026,11-Apr-2026,General Liability,EUR,57485.53,0.0,57485.53,S
CL000681,T0196,17-May-2022,10-Jul-2022,Fire & Explosion,EUR,7379.72,0.0,7379.72,S
CL001674,T0561,27-May-2023,31-May-2023,Fire & Explosion,USD,37313.53,0.0,37313.53,S
CL003847,T0276,05-Apr-2025,14-Apr-2025,Cyber,USD,16173.0,48236.92,64409.92,O
CL002643,T0624,09-Apr-2024,14-Apr-2024,Natural Catastrophe,USD,11324.75,13305.46,24630.21,O
CL004776,T0173,13-Dec-2025,20-Dec-2025,Professional Indemnity,USD,9197.51,12056.65,21254.16,O
CL001500,T0451,29-Mar-2023,04-Apr-2023,Political Risk,USD,12963.29,0.0,12963.29,S
CL002241,T0624,01-Dec-2023,14-Dec-2023,Natural Catastrophe,USD,49178.08,0.0,49178.08,S
CL005400,T0365,15-May-2026,19-May-2026,Aviation,EUR,44857.45,0.0,44857.45,S
CL003547,T0567,04-Jan-2025,20-Jan-2025,Business Interruption,INR,7073308.79,0.0,7073308.79,S
CL001677,T0026,01-Jun-2023,02-Jun-2023,Workers Compensation,USD,29918.05,0.0,29918.05,S
CL001693,T0123,01-Jun-2023,07-Jun-2023,Natural Catastrophe,USD,111843.71,0.0,111843.71,S
CL004740,T0154,03-Dec-2025,10-Dec-2025,Medical Malpractice,USD,12043.2,193092.99,205136.19,O
CL003698,T0079,26-Feb-2025,01-Mar-2025,Natural Catastrophe,USD,208.54,0.0,208.54,S
CL004516,T0198,08-Aug-2025,18-Oct-2025,Fire & Explosion,USD,46132.59,0.0,46132.59,S
CL000266,T0066,01-Sep-2021,03-Nov-2021,Fire & Explosion,USD,42463.43,0.0,42463.43,S
CL005366,T0523,10-May-2026,11-May-2026,Business Interruption,EUR,6439.84,0.0,6439.84,S
CL000282,T0453,15-Oct-2021,14-Nov-2021,Professional Indemnity,USD,190742.7,0.0,190742.7,S
CL004207,T0291,02-Jul-2025,26-Jul-2025,Business Interruption,USD,1665.99,127467.27,129133.26,O
CL002413,T0254,28-Dec-2023,05-Feb-2024,Professional Indemnity,USD,11146.08,0.0,11146.08,S
CL001562,T0096,15-Apr-2023,22-Apr-2023,Professional Indemnity,EUR,1393.03,30132.97,31526.0,O
CL002632,T0666,06-Apr-2024,11-Apr-2024,Energy,GBP,258498.35,606842.38,865340.73,O
CL005905,T0085,21-Aug-2026,30-Sep-2026,Directors & Officers,INR,1219604.39,2628856.94,3848461.33,O
CL000147,T0380,26-Jun-2021,31-Jul-2021,Business Interruption,EUR,10743.96,0.0,10743.96,S
CL002173,T0049,18-Nov-2023,18-Nov-2023,Directors & Officers,USD,307115.03,0.0,307115.03,S
CL000448,T0541,28-Feb-2022,28-Feb-2022,Energy,USD,47825.95,0.0,47825.95,S
CL003227,T0586,25-Jul-2024,23-Oct-2024,Medical Malpractice,EUR,1196.76,2093.7,3290.46,O
CL000927,T0061,26-Sep-2022,14-Oct-2022,Workers Compensation,USD,67061.65,0.0,67061.65,S
CL004934,T0391,08-Dec-2025,26-Jan-2026,Natural Catastrophe,INR,7392438.7,0.0,7392438.7,S
CL002969,T0629,24-Jun-2024,02-Aug-2024,Marine Hull,USD,5571.79,0.0,5571.79,S
CL000557,T0342,25-Apr-2022,27-Apr-2022,Directors & Officers,EUR,40865.5,0.0,40865.5,S
CL005112,T0465,04-Mar-2026,09-Mar-2026,Natural Catastrophe,INR,2069457.5,886910.35,2956367.85,R
CL001311,T0171,04-Feb-2023,07-Feb-2023,Cyber,USD,14875.3,0.0,14875.3,S
CL001091,T0317,12-Nov-2022,08-Dec-2022,Medical Malpractice,USD,100721.49,0.0,100721.49,S
CL001568,T0411,13-Mar-2023,24-Apr-2023,Natural Catastrophe,EUR,13539.45,0.0,13539.45,S
CL003419,T0366,30-Nov-2024,16-Dec-2024,Fire & Explosion,USD,89749.18,449723.96,539473.14,O
CL003094,T0639,09-Sep-2024,16-Sep-2024,Political Risk,USD,117675.65,0.0,117675.65,S
CL004113,T0097,06-May-2025,27-Jun-2025,Medical Malpractice,EUR,31676.67,0.0,31676.67,S
CL003980,T0366,14-May-2025,18-May-2025,Fire & Explosion,USD,86233.55,0.0,86233.55,S
CL003876,T0179,31-Mar-2025,22-Apr-2025,Workers Compensation,USD,161796.24,0.0,161796.24,S
CL004240,T0204,29-May-2025,04-Aug-2025,Natural Catastrophe,USD,20073.03,26221.05,46294.08,O
CL005170,T0270,25-Mar-2026,25-Mar-2026,Auto Liability,GBP,51016.4,138172.13,189188.53,O
CL001461,T0354,19-Mar-2023,22-Mar-2023,General Liability,USD,161321.22,0.0,161321.22,S
CL002118,T0671,21-Oct-2023,26-Oct-2023,Workers Compensation,USD,217345.84,0.0,217345.84,S
CL003677,T0629,20-Dec-2024,24-Feb-2025,Marine Hull,USD,61934.15,0.0,61934.15,S
CL005403,T0662,09-May-2026,19-May-2026,Fire & Explosion,USD,1854.91,8403.59,10258.5,O
CL003914,T0022,09-Mar-2025,29-Apr-2025,Professional Indemnity,INR,14341229.13,0.0,14341229.13,S
CL005708,T0596,31-Jul-2026,07-Aug-2026,Professional Indemnity,EUR,49432.77,68846.79,118279.56,O
CL005424,T0549,21-May-2026,26-May-2026,General Liability,USD,16245.75,106553.33,122799.08,O
CL004411,T0037,27-Aug-2025,19-Sep-2025,Directors & Officers,EUR,44374.97,0.0,44374.97,S
CL000311,T0349,22-Oct-2021,10-Dec-2021,Cyber,USD,43732.13,0.0,43732.13,S
CL004241,T0184,20-Jul-2025,05-Aug-2025,General Liability,EUR,20148.01,0.0,20148.01,S
CL002188,T0591,29-Oct-2023,23-Nov-2023,Marine Hull,USD,37428.91,0.0,37428.91,S
CL001198,T0581,05-Dec-2022,05-Jan-2023,Fire & Explosion,USD,37197.39,102936.48,193160.54,O
CL004718,T0080,02-Dec-2025,05-Dec-2025,Natural Catastrophe,EUR,321535.28,0.0,321535.28,S
CL003849,T0694,14-Apr-2025,14-Apr-2025,Marine Hull,USD,440975.27,0.0,440975.27,S
CL900022,T9022,07-Feb-2023,09-Feb-2023,Workers Compensation,GBP,13193.56,27390.46,40584.02,O
CL000860,T0260,23-Aug-2022,17-Sep-2022,General Liability,USD,78034.96,0.0,78034.96,S
CL004194,T0599,10-Jul-2025,21-Jul-2025,General Liability,USD,2744.05,0.0,2744.05,S
CL003067,T0181,05-Sep-2024,06-Sep-2024,General Liability,USD,168580.34,0.0,168580.34,S
CL001377,T0561,12-Feb-2023,25-Feb-2023,Fire & Explosion,USD,28305.17,31824.83,60130.0,O
CL900019,T9019,18-Feb-2026,21-Feb-2026,Business Interruption,USD,17977.53,31923.43,49900.96,O
CL003181,T0129,28-Sep-2024,09-Oct-2024,Auto Liability,USD,34785.5,0.0,34785.5,S
CL001167,T0044,26-Dec-2022,28-Dec-2022,Fire & Explosion,USD,133743.79,0.0,133743.79,S
CL003332,T0595,08-Oct-2024,22-Nov-2024,Cyber,EUR,57811.87,0.0,57811.87,S
CL004674,T0261,06-Nov-2025,23-Nov-2025,General Liability,EUR,141603.35,60687.15,202290.5,R
CL001932,T0034,15-Aug-2023,28-Aug-2023,Natural Catastrophe,USD,1992.52,0.0,1992.52,S
CL003158,T0586,27-Sep-2024,02-Oct-2024,Medical Malpractice,EUR,31275.24,0.0,31275.24,S
CL000254,T0293,17-Oct-2021,29-Oct-2021,Business Interruption,EUR,75151.29,0.0,75151.29,S
CL001045,T0481,30-Oct-2022,23-Nov-2022,Marine Hull,USD,10091.35,0.0,10091.35,S
CL001474,T0492,05-Feb-2023,27-Mar-2023,Medical Malpractice,USD,29949.67,65780.85,95730.52,O
CL004042,T0143,17-May-2025,07-Jun-2025,Fire & Explosion,USD,59964.32,80130.82,140095.14,O
CL002766,T0666,26-May-2024,28-May-2024,Marine Hull,GBP,9317.62,0.0,9317.62,S
CL004015,T0239,22-May-2025,29-May-2025,Medical Malpractice,USD,5410.99,18289.04,23700.03,O
CL005035,T0585,14-Jan-2026,19-Feb-2026,Workers Compensation,EUR,12194.05,207630.8,219824.85,O
CL003562,T0353,04-Jan-2025,25-Jan-2025,Natural Catastrophe,USD,468022.49,0.0,468022.49,S
CL000859,T0006,29-Aug-2022,17-Sep-2022,Professional Indemnity,USD,1546.92,0.0,1546.92,S
CL002616,T0369,08-Apr-2024,08-Apr-2024,General Liability,USD,78193.27,0.0,78193.27,S
CL004183,T0382,01-Jul-2025,19-Jul-2025,Auto Liability,EUR,7635.07,0.0,7635.07,S
CL003273,T0498,30-Oct-2024,01-Nov-2024,Workers Compensation,USD,36146.65,0.0,36146.65,S
CL000268,T0590,14-Oct-2021,03-Nov-2021,Directors & Officers,USD,3002.52,1286.8,4289.32,R
CL003526,T0275,26-Nov-2024,15-Jan-2025,General Liability,USD,31991.48,0.0,31991.48,S
CL002467,T0167,24-Jan-2024,24-Feb-2024,Medical Malpractice,USD,26734.44,0.0,26734.44,S
CL000746,T0464,26-Jul-2022,06-Aug-2022,Cyber,USD,466223.0,0.0,466223.0,S
CL001758,T0274,15-May-2023,30-Jun-2023,Energy,EUR,14203.09,0.0,14203.09,S
CL004310,T0087,25-Jul-2025,25-Aug-2025,Business Interruption,USD,46994.89,0.0,46994.89,S
CL001531,T0112,01-Apr-2023,13-Apr-2023,Natural Catastrophe,USD,101970.0,0.0,101970.0,S
CL004490,T0203,08-Aug-2025,13-Oct-2025,Political Risk,INR,6401610.14,0.0,6401610.14,S
CL001520,T0631,20-Feb-2023,08-Apr-2023,Directors & Officers,USD,20389.14,0.0,20389.14,S
CL001789,T0059,26-Jun-2023,09-Jul-2023,Energy,USD,110859.87,0.0,110859.87,S
CL003189,T0381,26-Sep-2024,10-Oct-2024,Business Interruption,USD,497782.53,0.0,497782.53,S
CL000898,T0017,26-Sep-2022,04-Oct-2022,Fire & Explosion,EUR,9089.13,0.0,9089.13,S
CL001329,T0672,06-Jan-2023,11-Feb-2023,Natural Catastrophe,USD,84134.46,36057.62,120192.08,R
CL000126,T0576,16-Jul-2021,16-Jul-2021,Energy,USD,11789.29,0.0,11789.29,S
CL005055,T0601,20-Feb-2026,24-Feb-2026,Workers Compensation,EUR,21668.38,28528.67,50197.05,O
CL003721,T0347,25-Feb-2025,09-Mar-2025,Auto Liability,EUR,74826.36,0.0,74826.36,S
CL005509,T0058,07-Jun-2026,17-Jun-2026,Energy,USD,10000.87,16133.36,26134.23,O
CL000245,T0545,27-Aug-2021,21-Oct-2021,Auto Liability,EUR,537162.18,0.0,537162.18,S
CL003060,T0426,04-Sep-2024,04-Sep-2024,Business Interruption,USD,48223.15,0.0,48223.15,S
CL002459,T0273,06-Jan-2024,22-Feb-2024,Medical Malpractice,EUR,622.06,30762.16,31384.22,O
CL000731,T0044,19-Jul-2022,02-Aug-2022,Natural Catastrophe,USD,22525.0,0.0,22525.0,S
CL003837,T0125,21-Mar-2025,11-Apr-2025,Auto Liability,USD,76441.59,0.0,76441.59,S
CL003623,T0242,22-Jan-2025,11-Feb-2025,Political Risk,USD,326578.61,0.0,326578.61,S
CL001882,T0345,31-Jul-2023,08-Aug-2023,Professional Indemnity,EUR,84621.64,0.0,84621.64,S
CL002034,T0112,29-Aug-2023,01-Oct-2023,Fire & Explosion,USD,48393.48,0.0,48393.48,S
CL000872,T0464,28-Jun-2022,23-Sep-2022,Credit & Surety,USD,1357355.12,0.0,1357355.12,S
CL004035,T0465,22-May-2025,05-Jun-2025,Natural Catastrophe,INR,3673171.68,0.0,3673171.68,S
CL003420,T0386,23-Nov-2024,16-Dec-2024,Fire & Explosion,EUR,19651.99,0.0,19651.99,S
CL000146,T0230,30-Jul-2021,31-Jul-2021,Energy,USD,185850.31,0.0,185850.31,S
CL002468,T0241,12-Feb-2024,24-Feb-2024,Cyber,USD,7373.06,0.0,7373.06,S
CL002083,T0489,16-Sep-2023,14-Oct-2023,Workers Compensation,EUR,9276.48,0.0,9276.48,S
CL001831,T0268,03-May-2023,19-Jul-2023,Energy,USD,40418.96,260366.91,300785.87,O
CL001489,T0672,02-Mar-2023,30-Mar-2023,Fire & Explosion,USD,247399.92,0.0,247399.92,S
CL005351,T0005,02-Mar-2026,08-May-2026,Natural Catastrophe,USD,3504.47,3703.76,7208.23,O
CL003291,T0473,30-Oct-2024,08-Nov-2024,Business Interruption,GBP,17033.01,0.0,17033.01,S
CL002031,T0345,25-Sep-2023,30-Sep-2023,Medical Malpractice,EUR,31744.29,0.0,31744.29,S
CL001594,T0171,29-Apr-2023,03-May-2023,Directors & Officers,USD,8724.88,30022.92,38747.8,O
CL000190,T0551,04-Sep-2021,16-Sep-2021,Natural Catastrophe,EUR,611253.13,0.0,611253.13,S
CL002929,T0547,04-Jul-2024,22-Jul-2024,Workers Compensation,EUR,12610.33,0.0,12610.33,S
CL005186,T0575,05-Feb-2026,29-Mar-2026,Fire & Explosion,USD,601.3,0.0,601.3,S
CL002556,T0535,19-Mar-2024,22-Mar-2024,Political Risk,USD,23440.63,0.0,23440.63,S
CL005376,T0301,16-Apr-2026,15-May-2026,General Liability,USD,3184.64,0.0,3184.64,S
CL004757,T0601,28-Nov-2025,13-Dec-2025,Workers Compensation,EUR,14963.63,35508.18,50471.81,O
CL004272,T0280,03-Aug-2025,13-Aug-2025,Business Interruption,USD,1561.36,7100.61,8661.97,O
CL002600,T0454,19-Mar-2024,04-Apr-2024,Energy,USD,221090.08,0.0,221090.08,S
CL004431,T0054,03-Aug-2025,24-Sep-2025,Auto Liability,EUR,8784.13,59615.59,68399.72,O
CL000957,T0206,20-Oct-2022,24-Oct-2022,Natural Catastrophe,INR,153375.33,0.0,153375.33,S
CL003250,T0517,21-Oct-2024,27-Oct-2024,Cyber,EUR,3866.0,0.0,3866.0,S
CL002130,T0264,26-Aug-2023,30-Oct-2023,Medical Malpractice,EUR,26665.38,52412.3,79077.68,O
CL002338,T0611,06-Jan-2024,14-Jan-2024,Political Risk,USD,2909.39,32047.51,34956.9,O
CL005494,T0613,06-Jun-2026,11-Jun-2026,Professional Indemnity,USD,32740.92,54472.48,87213.4,O
CL000728,T0292,25-Jul-2022,01-Aug-2022,Medical Malpractice,EUR,14751.4,0.0,14751.4,S
CL003046,T0118,02-Jun-2024,02-Sep-2024,Business Interruption,USD,296641.05,0.0,296641.05,S
CL001551,T0477,24-Jan-2023,17-Apr-2023,Natural Catastrophe,EUR,29109.35,0.0,29109.35,S
CL003325,T0195,21-Oct-2024,20-Nov-2024,Business Interruption,INR,2101723.1,0.0,2101723.1,S
CL004683,T0563,15-Nov-2025,25-Nov-2025,Directors & Officers,USD,2836.84,13420.08,16256.92,O
CL005884,T0085,01-Sep-2026,29-Sep-2026,Directors & Officers,INR,1743929.38,2576692.98,4320622.36,O
CL004136,T0372,10-Jun-2025,07-Jul-2025,Political Risk,EUR,2904422.9,0.0,2904422.9,S
CL002877,T0648,11-May-2024,04-Jul-2024,Fire & Explosion,EUR,696403.72,0.0,696403.72,S
CL005694,T0103,25-Jul-2026,05-Aug-2026,Business Interruption,EUR,1108.33,61912.27,63020.6,O
CL001196,T0193,25-Dec-2022,05-Jan-2023,Fire & Explosion,USD,7096.24,0.0,7096.24,S
CL004938,T0162,25-Jan-2026,27-Jan-2026,Workers Compensation,USD,8420.3,35055.22,43475.52,O
CL000020,T0309,03-Mar-2021,25-Mar-2021,Auto Liability,EUR,7993.57,0.0,7993.57,X
CL005357,T0374,11-Apr-2026,09-May-2026,Business Interruption,EUR,23914.9,36532.12,60447.02,O
CL003573,T0469,31-Dec-2024,29-Jan-2025,Political Risk,USD,32535.25,0.0,32535.25,S
CL000945,T0636,14-Oct-2022,19-Oct-2022,General Liability,EUR,9123.6,0.0,9123.6,S
CL005323,T0607,13-Apr-2026,29-Apr-2026,Credit & Surety,EUR,234714.91,296001.05,530715.96,O
CL001729,T0050,13-Jun-2023,16-Jun-2023,General Liability,EUR,329851.64,0.0,329851.64,S
CL003537,T0388,22-Nov-2024,17-Jan-2025,Natural Catastrophe,USD,26031.52,0.0,26031.52,S
CL001018,T0283,27-Oct-2022,14-Nov-2022,Auto Liability,EUR,2108240.01,0.0,2108240.01,S
CL003995,T0500,11-May-2025,22-May-2025,Directors & Officers,USD,71119.8,0.0,71119.8,S
CL005562,T0244,26-Jun-2026,01-Jul-2026,Auto Liability,USD,111132.38,0.0,111132.38,S
CL000539,T0554,02-Apr-2022,18-Apr-2022,Political Risk,EUR,7175.73,0.0,7175.73,S
CL001480,T0421,06-Mar-2023,29-Mar-2023,Cyber,USD,7661.67,3283.57,10945.24,R
CL004884,T0459,13-Jan-2026,17-Jan-2026,Aviation,USD,1501.17,6911.84,8413.01,O
CL005109,T0069,13-Feb-2026,09-Mar-2026,Credit & Surety,USD,16795.23,0.0,16795.23,S
CL004795,T0110,25-Dec-2025,25-Dec-2025,Business Interruption,USD,133751.37,0.0,133751.37,S
CL003949,T0285,04-Apr-2025,08-May-2025,Energy,USD,51488.38,0.0,51488.38,S
CL005056,T0683,21-Jan-2026,24-Feb-2026,General Liability,USD,11346.33,44124.82,55471.15,O
CL004632,T0627,02-Nov-2025,13-Nov-2025,Auto Liability,USD,17627.5,0.0,17627.5,S
CL000055,T0231,03-Apr-2021,09-May-2021,General Liability,USD,103185.66,0.0,103185.66,S
CL004598,T0602,24-Oct-2025,04-Nov-2025,General Liability,USD,23774.35,88549.99,112324.34,O
CL001362,T0354,13-Feb-2023,21-Feb-2023,Workers Compensation,USD,20490.21,0.0,20490.21,S
CL004966,T0459,30-Dec-2025,03-Feb-2026,Aviation,USD,19369.96,32738.62,52108.58,O
CL003317,T0276,24-Oct-2024,16-Nov-2024,Credit & Surety,USD,85302.73,252550.45,337853.18,O
CL002179,T0648,20-Nov-2023,20-Nov-2023,Natural Catastrophe,EUR,818444.02,0.0,818444.02,S
CL001060,T0047,20-Nov-2022,28-Nov-2022,Energy,USD,39205.87,0.0,39205.87,S
CL002388,T0205,08-Jan-2024,28-Jan-2024,Workers Compensation,USD,307330.14,0.0,307330.14,S
CL005656,T0046,24-Jul-2026,27-Jul-2026,Directors & Officers,EUR,14797.19,33813.61,48610.8,O
CL002539,T0010,25-Feb-2024,18-Mar-2024,Natural Catastrophe,USD,5556.35,0.0,5556.35,S
CL003536,T0030,16-Jan-2025,17-Jan-2025,Natural Catastrophe,USD,99075.88,0.0,99075.88,S
CL000412,T0139,12-Jan-2022,09-Feb-2022,Directors & Officers,EUR,5121.13,0.0,5121.13,S
CL000519,T0581,19-Mar-2022,09-Apr-2022,Natural Catastrophe,USD,97977.04,0.0,97977.04,S
CL002342,T0368,10-Jan-2024,15-Jan-2024,Credit & Surety,GBP,202035.1,0.0,202035.1,S
CL002822,T0302,31-May-2024,17-Jun-2024,Credit & Surety,EUR,43417.44,0.0,43417.44,S
CL003133,T0443,06-Sep-2024,27-Sep-2024,Fire & Explosion,USD,21554.24,0.0,21554.24,S
CL000085,T0073,12-Jun-2021,12-Jun-2021,Auto Liability,EUR,53588.97,392874.05,446463.02,O
CL004603,T0589,15-Oct-2025,06-Nov-2025,Fire & Explosion,EUR,2054.72,9254.6,11309.32,O
CL001158,T0315,08-Dec-2022,26-Dec-2022,Auto Liability,USD,15051.94,0.0,15051.94,S
CL002332,T0050,29-Dec-2023,13-Jan-2024,Workers Compensation,EUR,168921.91,0.0,168921.91,S
CL003988,T0347,07-May-2025,21-May-2025,General Liability,EUR,9390.05,74580.63,83970.68,O
CL005718,T0670,24-Jul-2026,09-Aug-2026,Marine Hull,USD,49444.41,76965.91,126410.32,O
CL002866,T0424,26-Jun-2024,02-Jul-2024,Directors & Officers,USD,50450.69,0.0,50450.69,S
CL004023,T0318,23-May-2025,02-Jun-2025,Natural Catastrophe,EUR,50270.99,0.0,50270.99,S
CL005077,T0564,19-Feb-2026,28-Feb-2026,Credit & Surety,INR,37426080.1,16039748.61,53465828.71,R
CL005807,T0578,27-Aug-2026,07-Sep-2026,Energy,GBP,12824.61,47835.78,60660.39,O
CL000789,T0316,02-Aug-2022,24-Aug-2022,Business Interruption,USD,134200.7,0.0,134200.7,S
CL002660,T0273,28-Feb-2024,22-Apr-2024,Professional Indemnity,EUR,65178.9,0.0,65178.9,S
CL000685,T0642,11-Jul-2022,15-Jul-2022,Aviation,EUR,372236.53,0.0,372236.53,S
CL002502,T0608,30-Jan-2024,05-Mar-2024,Directors & Officers,USD,78972.06,0.0,78972.06,S
CL002913,T0586,05-Jul-2024,17-Jul-2024,Medical Malpractice,EUR,5658.52,0.0,5658.52,S
CL002480,T0145,06-Feb-2024,27-Feb-2024,Business Interruption,USD,2040.52,9104.36,11144.88,O
CL000468,T0476,21-Jan-2022,17-Mar-2022,Auto Liability,EUR,2051.92,0.0,2051.92,S
CL001364,T0083,19-Feb-2023,22-Feb-2023,Auto Liability,INR,13461923.85,0.0,13461923.85,S
CL001075,T0017,27-Aug-2022,03-Dec-2022,Fire & Explosion,EUR,21416.43,0.0,21416.43,S
CL002258,T0010,07-Dec-2023,21-Dec-2023,Business Interruption,USD,78.93,362.29,441.22,O
CL001815,T0258,01-Jul-2023,15-Jul-2023,Aviation,USD,423694.68,0.0,423694.68,S
CL004651,T0224,27-Sep-2025,17-Nov-2025,Cyber,USD,12250.28,0.0,12250.28,S
CL004264,T0589,14-Jul-2025,11-Aug-2025,Fire & Explosion,EUR,6192.08,10616.01,16808.09,O
CL005029,T0379,03-Feb-2026,18-Feb-2026,Cyber,USD,1155.76,2014.98,3170.74,O
CL004100,T0079,15-Jun-2025,23-Jun-2025,Natural Catastrophe,USD,3531.08,0.0,3531.08,S
CL003206,T0462,02-Sep-2024,17-Oct-2024,Business Interruption,GBP,208157.56,0.0,208157.56,S
CL004800,T0162,02-Dec-2025,26-Dec-2025,Auto Liability,USD,21429.55,0.0,21429.55,S
CL004734,T0681,01-Dec-2025,08-Dec-2025,Business Interruption,USD,305585.14,0.0,305585.14,S
CL005729,T0099,15-Jul-2026,12-Aug-2026,Energy,USD,24216.24,79514.03,103730.27,O
CL005512,T0378,01-Jun-2026,17-Jun-2026,Professional Indemnity,INR,1808423.96,3624725.98,5433149.94,O
CL001011,T0481,24-Oct-2022,10-Nov-2022,Marine Hull,USD,632019.59,0.0,632019.59,S
CL003074,T0696,30-Aug-2024,09-Sep-2024,Auto Liability,USD,353341.89,0.0,353341.89,S
CL005037,T0032,11-Jan-2026,20-Feb-2026,Business Interruption,USD,670073.61,0.0,670073.61,S
CL005970,T0628,06-Sep-2026,30-Sep-2026,Workers Compensation,EUR,68272.53,205908.43,274180.96,O
CL005231,T0662,04-Apr-2026,09-Apr-2026,Business Interruption,USD,88326.8,492660.2,580987.0,O
CL003426,T0030,25-Nov-2024,18-Dec-2024,Fire & Explosion,USD,10866.2,12031.93,22898.13,O
CL002247,T0334,09-Nov-2023,17-Dec-2023,Natural Catastrophe,USD,4852.56,54663.7,59516.26,O
CL003819,T0600,25-Mar-2025,06-Apr-2025,Business Interruption,USD,21030.71,0.0,21030.71,S
CL004777,T0269,21-Oct-2025,20-Dec-2025,Business Interruption,USD,67732.91,0.0,67732.91,S
CL003965,T0534,13-May-2025,13-May-2025,Marine Hull,USD,10650.48,0.0,10650.48,S
CL002462,T0334,06-Feb-2024,23-Feb-2024,Business Interruption,USD,103955.05,0.0,103955.05,S
CL004761,T0388,05-Nov-2025,15-Dec-2025,Business Interruption,USD,886379.5,0.0,886379.5,S
CL003151,T0023,23-Aug-2024,01-Oct-2024,Natural Catastrophe,INR,2143527.78,0.0,2143527.78,S
CL001199,T0581,11-Dec-2022,05-Jan-2023,Fire & Explosion,USD,34023.76,0.0,34023.76,S
CL005606,T0213,19-Jun-2026,13-Jul-2026,Fire & Explosion,USD,82462.26,0.0,82462.26,S
CL002711,T0393,24-Feb-2024,10-May-2024,Natural Catastrophe,USD,2001.95,2807.3,4809.25,O
CL002096,T0148,21-Aug-2023,19-Oct-2023,General Liability,INR,4132770.64,0.0,4132770.64,S
CL004488,T0040,31-Aug-2025,13-Oct-2025,Workers Compensation,USD,2353.24,4975.74,7328.98,O
CL004131,T0436,22-Jun-2025,05-Jul-2025,Professional Indemnity,USD,22119.5,0.0,22119.5,S
CL000573,T0266,04-May-2022,08-May-2022,Business Interruption,USD,63375.34,0.0,63375.34,S
CL001911,T0136,04-Aug-2023,19-Aug-2023,Workers Compensation,USD,4092.21,0.0,4092.21,S
CL001924,T0149,10-Jun-2023,23-Aug-2023,General Liability,USD,127249.52,304158.06,431407.58,O
CL003096,T0181,31-Aug-2024,17-Sep-2024,General Liability,USD,83260.75,0.0,83260.75,S
CL001950,T0295,30-Aug-2023,05-Sep-2023,Natural Catastrophe,USD,466230.04,0.0,466230.04,S
CL004790,T0090,18-Dec-2025,24-Dec-2025,Political Risk,USD,20399.34,114631.07,135030.41,O
CL001801,T0384,03-Jun-2023,10-Jul-2023,Energy,EUR,78546.92,33662.96,112209.88,R
CL000263,T0675,29-Oct-2021,01-Nov-2021,Aviation,USD,43348.11,0.0,43348.11,S
CL005142,T0013,04-Mar-2026,17-Mar-2026,Fire & Explosion,USD,850.21,10252.15,11102.36,O
CL000965,T0680,28-Oct-2022,28-Oct-2022,Natural Catastrophe,USD,30174.54,38911.05,69085.59,O
CL001639,T0538,23-Apr-2023,18-May-2023,Natural Catastrophe,USD,49337.11,0.0,49337.11,S
CL001205,T0680,03-Jan-2023,08-Jan-2023,Business Interruption,USD,22752.52,0.0,22752.52,S
CL004164,T0040,09-Jun-2025,13-Jul-2025,General Liability,USD,8398.41,11389.25,19787.66,O
CL005538,T0444,27-Mar-2026,26-Jun-2026,Fire & Explosion,USD,7800.67,31334.57,39135.24,O
CL004904,T0563,10-Jan-2026,20-Jan-2026,Directors & Officers,USD,3889.36,9185.48,13074.84,O
CL001129,T0111,11-Dec-2022,18-Dec-2022,Directors & Officers,EUR,208575.76,0.0,208575.76,S
CL003925,T0056,25-Apr-2025,30-Apr-2025,General Liability,USD,18439.08,34402.29,52841.37,O
CL004236,T0409,02-Aug-2025,02-Aug-2025,Workers Compensation,EUR,19528.93,0.0,19528.93,S
CL005379,T0536,08-Apr-2026,15-May-2026,Medical Malpractice,USD,12856.14,90646.76,103502.9,O
CL003470,T0556,15-Dec-2024,28-Dec-2024,Natural Catastrophe,USD,63086.63,27037.13,90123.76,R
CL003293,T0180,20-Oct-2024,09-Nov-2024,General Liability,EUR,236459.01,0.0,236459.01,S
CL000426,T0232,21-Dec-2021,16-Feb-2022,Fire & Explosion,USD,9583.7,0.0,9583.7,S
CL001478,T0282,22-Dec-2023,28-Mar-2023,Natural Catastrophe,USD,295751.7,0.0,295751.7,S
CL001442,T0267,08-Feb-2023,16-Mar-2023,Marine Hull,USD,3873.37,4967.68,8841.05,O
CL001083,T0682,28-Nov-2022,05-Dec-2022,Auto Liability,USD,15513.55,0.0,15513.55,S
CL000039,T0003,25-Apr-2021,27-Apr-2021,Cyber,EUR,96470.5,0.0,96470.5,S
CL003576,T0284,02-Dec-2024,30-Jan-2025,Directors & Officers,EUR,128283.69,0.0,128283.69,S
CL005474,T0374,03-Jun-2026,07-Jun-2026,Business Interruption,EUR,75244.02,141542.72,216786.74,O
CL003810,T0382,17-Mar-2025,03-Apr-2025,Auto Liability,EUR,14002.62,29939.62,43942.24,O
CL000424,T0453,16-Jan-2022,15-Feb-2022,Professional Indemnity,USD,1717094.31,0.0,1717094.31,S
CL900000,T9000,11-Jan-2024,08-Mar-2024,Marine Hull,INR,3886437.35,0.0,3886437.35,S
CL000390,T0621,08-Jan-2022,29-Jan-2022,Business Interruption,EUR,123363.18,0.0,123363.18,S
CL000640,T0109,05-Jun-2022,19-Jun-2022,Business Interruption,USD,271661.58,0.0,271661.58,S
CL002737,T0432,17-Mar-2024,18-May-2024,Energy,INR,22051274.61,0.0,22051274.61,S
CL003776,T0203,15-Mar-2025,25-Mar-2025,Energy,INR,18668164.39,0.0,18668164.39,S
CL004133,T0483,07-May-2025,06-Jul-2025,General Liability,USD,594963.96,2379855.82,2974819.78,O
CL000063,T0066,26-Mar-2021,23-May-2021,Natural Catastrophe,USD,28496.6,0.0,28496.6,S
CL005418,T0406,26-Mar-2026,24-May-2026,Political Risk,GBP,6280.43,18757.14,25037.57,O
CL005100,T0154,05-Mar-2026,05-Mar-2026,Professional Indemnity,USD,25996.39,51500.88,77497.27,O
CL000100,T0068,07-Jun-2021,23-Jun-2021,Fire & Explosion,USD,94158.26,0.0,94158.26,S
CL002595,T0218,14-Mar-2024,03-Apr-2024,Natural Catastrophe,EUR,24134.74,0.0,24134.74,S
CL004885,T0471,10-Dec-2025,17-Jan-2026,Fire & Explosion,EUR,6854.19,20236.2,27090.39,O
CL004828,T0549,29-Dec-2025,31-Dec-2025,Workers Compensation,USD,3018.02,3157.09,6175.11,O
CL005088,T0496,24-Feb-2026,03-Mar-2026,Aviation,USD,7439.62,52882.64,60322.26,O
CL003327,T0381,24-Sep-2024,21-Nov-2024,Natural Catastrophe,USD,157850.65,0.0,157850.65,S
CL004382,T0110,13-Sep-2025,13-Sep-2025,Fire & Explosion,USD,609.98,19476.99,20086.97,O
CL000150,T0003,29-Jul-2021,02-Aug-2021,Credit & Surety,EUR,111996.75,0.0,111996.75,S
CL000010,T0542,23-Feb-2021,24-Feb-2021,Political Risk,USD,203405.91,0.0,203405.91,S
CL000913,T0669,01-Sep-2022,08-Oct-2022,Fire & Explosion,USD,16978.41,0.0,16978.41,S
CL003367,T0517,12-Nov-2024,30-Nov-2024,Credit & Surety,EUR,12847.32,0.0,12847.32,S
CL000599,T0474,21-May-2022,26-May-2022,Auto Liability,USD,24977.32,0.0,24977.32,S
CL000780,T0098,18-May-2022,22-Aug-2022,Natural Catastrophe,EUR,152716.4,0.0,152716.4,S
CL000065,T0558,02-May-2021,25-May-2021,Auto Liability,USD,15531.07,145379.86,160910.93,O
CL003030,T0010,09-Aug-2024,29-Aug-2024,Business Interruption,USD,9818.89,0.0,9818.89,S
CL001923,T0050,11-Aug-2023,23-Aug-2023,Auto Liability,EUR,63631.3,0.0,63631.3,S
CL002396,T0440,27-Jan-2024,30-Jan-2024,Marine Hull,USD,7483.69,12542.8,20026.49,O
CL000321,T0068,02-Nov-2021,14-Dec-2021,Business Interruption,USD,251634.05,0.0,251634.05,S
CL003827,T0584,17-Mar-2025,08-Apr-2025,General Liability,USD,3809.07,0.0,3809.07,S
CL001002,T0108,04-Sep-2022,08-Nov-2022,Professional Indemnity,USD,210227.08,0.0,210227.08,S
CL003167,T0335,01-Oct-2024,05-Oct-2024,Political Risk,USD,64464.88,0.0,64464.88,S
CL002608,T0598,31-Mar-2024,05-Apr-2024,General Liability,USD,22823.64,0.0,22823.64,S
CL003890,T0651,12-Mar-2025,24-Apr-2025,Directors & Officers,USD,3192.41,0.0,3192.41,S
CL003341,T0285,29-Oct-2024,25-Nov-2024,Political Risk,USD,6364.55,0.0,6364.55,S
CL004576,T0133,24-Aug-2025,31-Oct-2025,Directors & Officers,INR,6111488.1,0.0,6111488.1,S
CL005047,T0087,18-Feb-2026,21-Feb-2026,Business Interruption,USD,17977.53,31923.43,49900.96,O
CL000069,T0545,20-May-2021,28-May-2021,Workers Compensation,EUR,377513.23,0.0,377513.23,S
CL000981,T0191,18-Oct-2022,02-Nov-2022,Marine Hull,USD,77360.29,0.0,77360.29,S
CL003031,T0086,03-Jul-2024,29-Aug-2024,Cyber,USD,26316.43,0.0,26316.43,S
CL004572,T0124,07-Oct-2025,30-Oct-2025,Workers Compensation,USD,5961.95,36996.99,42958.94,O
CL005798,T0297,18-Jul-2026,04-Sep-2026,Cyber,USD,8606.72,124559.87,133166.59,O
CL004634,T0168,07-Nov-2025,15-Nov-2025,Directors & Officers,USD,14542.59,0.0,14542.59,S
CL001395,T0612,24-Feb-2023,01-Mar-2023,General Liability,USD,30513.86,0.0,30513.86,S
CL001133,T0588,18-Nov-2022,18-Dec-2022,Fire & Explosion,EUR,79779.52,0.0,79779.52,S
CL005762,T0307,24-Jul-2026,23-Aug-2026,General Liability,USD,73917.59,276688.35,350605.94,O
CL000829,T0655,24-Aug-2022,07-Sep-2022,Political Risk,EUR,4377.13,27472.08,31849.21,O
CL000714,T0267,20-Jul-2022,28-Jul-2022,Political Risk,USD,59330.17,0.0,59330.17,S
CL004774,T0133,06-Dec-2025,20-Dec-2025,Directors & Officers,INR,18246.84,401263.63,419510.47,O
CL002734,T0608,15-May-2024,17-May-2024,Cyber,USD,10054.24,0.0,13207.22,S
CL005305,T0306,20-Apr-2026,26-Apr-2026,Energy,USD,42116.64,0.0,42116.64,S
CL002138,T0570,03-Oct-2023,02-Nov-2023,Credit & Surety,INR,4201505.78,0.0,4201505.78,S
CL000815,T0281,24-Aug-2022,03-Sep-2022,Fire & Explosion,EUR,9828.85,0.0,9828.85,S
CL000105,T0458,18-Jun-2021,26-Jun-2021,Energy,USD,71955.06,0.0,71955.06,S
CL004343,T0450,31-Aug-2025,02-Sep-2025,General Liability,USD,627337.4,1335040.48,1962377.88,O
CL003745,T0491,12-Mar-2025,14-Mar-2025,Marine Hull,USD,46449.22,0.0,46449.22,S
CL001625,T0604,28-Apr-2023,14-May-2023,Marine Hull,EUR,13891.88,0.0,13891.88,S
CL003799,T0328,29-Mar-2025,31-Mar-2025,General Liability,USD,7652.53,0.0,7652.53,S
CL003091,T0692,11-Aug-2024,15-Sep-2024,Credit & Surety,EUR,123506.86,0.0,123506.86,S
CL001127,T0394,07-Nov-2022,17-Dec-2022,Business Interruption,USD,10824.37,0.0,10824.37,S
CL004794,T0079,10-Dec-2025,25-Dec-2025,Business Interruption,USD,563.19,10957.2,11520.39,O
CL005662,T0035,26-May-2026,28-Jul-2026,Business Interruption,USD,3060.86,146264.85,149325.71,O
CL001150,T0510,15-Nov-2022,24-Dec-2022,Workers Compensation,USD,41377.55,0.0,41377.55,S
CL003605,T0473,04-Feb-2025,06-Feb-2025,Business Interruption,GBP,37421.24,0.0,37421.24,S
CL001295,T0210,29-Jan-2023,02-Feb-2023,Fire & Explosion,USD,234896.13,0.0,234896.13,S
CL004867,T0485,29-Dec-2025,13-Jan-2026,Credit & Surety,EUR,11246.28,0.0,11246.28,S
CL002798,T0454,04-Jun-2024,11-Jun-2024,Marine Hull,USD,23864.29,64296.86,88161.15,O
CL003014,T0264,30-May-2024,22-Aug-2024,Professional Indemnity,EUR,46521.57,78383.37,124904.94,O
CL003556,T0001,23-Jan-2025,24-Jan-2025,Fire & Explosion,USD,253223.0,0.0,253223.0,S
CL002193,T0562,19-Nov-2023,24-Nov-2023,Fire & Explosion,USD,202929.03,0.0,202929.03,S
CL001440,T0632,14-Mar-2023,15-Mar-2023,Business Interruption,USD,25568.62,0.0,25568.62,S
CL000600,T0150,26-May-2022,27-May-2022,Workers Compensation,USD,16372.86,51690.19,68063.05,O
CL003453,T0169,19-Dec-2024,25-Dec-2024,Business Interruption,EUR,7005.48,0.0,7005.48,S
CL004888,T0496,18-Dec-2025,17-Jan-2026,Political Risk,USD,28831.15,31382.62,60213.77,O
CL002401,T0290,29-Oct-2023,02-Feb-2024,General Liability,USD,10041.32,0.0,10041.32,S
CL004217,T0288,18-Jun-2025,29-Jul-2025,Workers Compensation,USD,19925.89,52503.04,72428.93,O
CL001636,T0371,24-Apr-2023,18-May-2023,Auto Liability,USD,33103.45,0.0,43493.06,S
CL005178,T0523,12-Feb-2026,27-Mar-2026,Fire & Explosion,EUR,16942.01,24878.49,41820.5,O
CL002987,T0214,08-Aug-2024,10-Aug-2024,Workers Compensation,USD,256301.62,0.0,256301.62,S
CL001380,T0631,26-Feb-2023,26-Feb-2023,Directors & Officers,USD,6362.73,0.0,6362.73,S
CL001320,T0287,28-Jan-2023,10-Feb-2023,Energy,EUR,7001.77,0.0,7001.77,S
CL002384,T0295,25-Jan-2024,27-Jan-2024,Business Interruption,USD,1802975.22,0.0,1802975.22,S
CL001865,T0260,14-Jul-2023,01-Aug-2023,General Liability,USD,290573.22,0.0,290573.22,S
CL000452,T0588,31-Jan-2022,07-Mar-2022,Natural Catastrophe,EUR,5001.76,0.0,5001.76,S
CL004998,T0162,10-Feb-2026,12-Feb-2026,General Liability,USD,169185.19,0.0,169185.19,S
CL000492,T0675,08-Mar-2022,28-Mar-2022,Energy,USD,56406.2,0.0,56406.2,S
CL000456,T0541,05-Mar-2022,09-Mar-2022,Marine Hull,USD,68805.96,0.0,68805.96,S
CL002912,T0128,09-May-2024,17-Jul-2024,Medical Malpractice,EUR,5921.37,0.0,5921.37,S
CL005684,T0198,31-May-2026,03-Aug-2026,Natural Catastrophe,USD,52248.71,0.0,52248.71,S
CL002839,T0519,19-Jun-2024,23-Jun-2024,Natural Catastrophe,EUR,1365.21,0.0,1365.21,S
CL003996,T0070,29-Apr-2025,23-May-2025,Fire & Explosion,USD,88301.22,0.0,88301.22,S
CL002534,T0455,01-Mar-2024,15-Mar-2024,Natural Catastrophe,USD,457318.08,0.0,457318.08,S
CL003362,T0129,26-Nov-2024,30-Nov-2024,Auto Liability,USD,8861.89,0.0,8861.89,S
CL005759,T0094,13-Aug-2026,22-Aug-2026,Political Risk,EUR,5722.5,0.0,5722.5,S
CL004646,T0524,13-Nov-2025,16-Nov-2025,Workers Compensation,USD,284578.77,0.0,284578.77,S
CL000732,T0354,02-Aug-2022,02-Aug-2022,General Liability,USD,121242.74,0.0,121242.74,S
CL002856,T0155,06-Jun-2024,29-Jun-2024,Business Interruption,USD,11334.84,0.0,11334.84,S
CL004785,T0365,13-Nov-2025,22-Dec-2025,Marine Hull,EUR,65626.99,0.0,65626.99,S
CL005527,T0297,15-May-2026,23-Jun-2026,Directors & Officers,USD,46758.5,0.0,46758.5,S
CL000152,T0506,25-Jul-2021,07-Aug-2021,Medical Malpractice,EUR,47037.56,0.0,47037.56,S
CL002991,T0497,09-Aug-2024,11-Aug-2024,Workers Compensation,USD,51481.45,0.0,51481.45,S
CL000751,T0642,14-Jul-2022,09-Aug-2022,Aviation,EUR,356528.06,0.0,356528.06,S
CL001229,T0632,08-Dec-2022,13-Jan-2023,Natural Catastrophe,USD,10501.84,0.0,10501.84,S
CL001022,T0396,27-Sep-2022,15-Nov-2022,Marine Hull,USD,764184.03,0.0,764184.03,S
CL000979,T0047,24-Sep-2022,02-Nov-2022,Aviation,USD,4110.46,0.0,4110.46,S
CL003386,T0424,28-Oct-2024,05-Dec-2024,Credit & Surety,USD,61235.34,0.0,61235.34,S
CL001872,T0451,03-Aug-2023,03-Aug-2023,Energy,USD,75199.99,0.0,75199.99,S
CL003193,T0329,07-Oct-2024,11-Oct-2024,Business Interruption,USD,49233.86,0.0,49233.86,S
CL005805,T0446,07-Aug-2026,07-Sep-2026,Natural Catastrophe,USD,43158.17,0.0,43158.17,S
CL005422,T0503,29-Apr-2026,25-May-2026,Aviation,USD,465.32,2819.41,3284.73,O
CL003149,T0484,28-Sep-2024,30-Sep-2024,Fire & Explosion,EUR,2698539.84,0.0,2698539.84,S
CL002283,T0665,09-Nov-2023,28-Dec-2023,Directors & Officers,USD,32466.52,0.0,32466.52,S
CL004945,T0658,23-Jan-2026,27-Jan-2026,Medical Malpractice,USD,251351.78,0.0,251351.78,S
CL004729,T0057,09-Nov-2025,08-Dec-2025,Business Interruption,EUR,3559.99,0.0,3559.99,S
CL005545,T0007,25-May-2026,28-Jun-2026,Workers Compensation,USD,2720.46,81785.31,84505.77,O
CL004064,T0599,10-Jun-2025,13-Jun-2025,Workers Compensation,USD,32170.07,0.0,32170.07,S
CL002265,T0324,04-Dec-2023,22-Dec-2023,Cyber,USD,23870.83,50276.35,74147.18,O
CL005861,T0306,26-Jan-2026,23-Sep-2026,Aviation,USD,23186.82,96099.29,119286.11,O
CL002518,T0671,05-Mar-2024,10-Mar-2024,Workers Compensation,USD,33195.19,0.0,33195.19,S
CL001544,T0632,08-Apr-2023,15-Apr-2023,Natural Catastrophe,USD,16705.27,0.0,16705.27,S
CL001628,T0457,07-Apr-2023,16-May-2023,Business Interruption,USD,13947.45,0.0,13947.45,S
CL004077,T0030,13-May-2025,16-Jun-2025,Natural Catastrophe,USD,49990.17,0.0,49990.17,S
CL003842,T0388,02-Apr-2025,12-Apr-2025,Natural Catastrophe,USD,122157.33,0.0,122157.33,S
CL002925,T0264,09-Jul-2024,21-Jul-2024,Medical Malpractice,EUR,157955.98,0.0,157955.98,S
CL002262,T0611,18-Dec-2023,21-Dec-2023,Energy,USD,9745.36,0.0,9745.36,S
CL004047,T0275,09-May-2025,08-Jun-2025,General Liability,USD,25437.17,0.0,25437.17,S
CL001629,T0492,11-May-2023,16-May-2023,Medical Malpractice,USD,8820.46,9841.92,18662.38,O
CL001839,T0390,09-May-2023,21-Jul-2023,Workers Compensation,INR,2553476.97,0.0,2553476.97,S
CL005615,T0256,26-Jun-2026,15-Jul-2026,Aviation,USD,35833.95,38159.33,73993.28,O
CL003548,T0600,10-Jan-2025,20-Jan-2025,Natural Catastrophe,USD,116887.04,0.0,116887.04,S
CL004899,T0549,19-Jan-2026,19-Jan-2026,Workers Compensation,USD,21600.86,0.0,21600.86,S
CL001648,T0130,05-Apr-2023,21-May-2023,Workers Compensation,USD,15040.05,0.0,15040.05,S
CL001949,T0121,03-Sep-2023,05-Sep-2023,Directors & Officers,USD,133129.76,0.0,133129.76,S
CL005831,T0379,13-Sep-2026,13-Sep-2026,Directors & Officers,USD,369.14,4413.7,4782.84,O
CL005754,T0115,14-Aug-2026,21-Aug-2026,Cyber,USD,1619.98,63532.57,65152.55,O
CL003952,T0414,16-Mar-2025,09-May-2025,Workers Compensation,USD,40215.64,0.0,40215.64,S
CL001383,T0336,07-Feb-2023,28-Feb-2023,Business Interruption,USD,179612.98,0.0,179612.98,S
CL000405,T0100,31-Jan-2021,06-Feb-2022,Professional Indemnity,USD,379092.6,0.0,379092.6,S
CL001723,T0336,06-Jun-2023,14-Jun-2023,Business Interruption,USD,9953.67,0.0,9953.67,S
CL001787,T0518,22-May-2023,08-Jul-2023,Professional Indemnity,USD,482176.41,0.0,482176.41,S
CL001483,T0610,14-Mar-2023,29-Mar-2023,Business Interruption,USD,201850.88,0.0,201850.88,S
CL002255,T0455,17-Dec-2023,20-Dec-2023,Business Interruption,USD,26842.69,0.0,26842.69,S
CL001085,T0150,27-Oct-2022,07-Dec-2022,Auto Liability,USD,556817.96,0.0,556817.96,S
CL000234,T0674,12-Oct-2021,15-Oct-2021,General Liability,EUR,70543.44,0.0,70543.44,S
CL002085,T0034,01-Oct-2023,16-Oct-2023,Fire & Explosion,USD,2206.65,3182.67,5389.32,O
CL002722,T0650,18-Apr-2024,13-May-2024,Cyber,USD,7277.66,0.0,7277.66,S
CL001028,T0507,14-Nov-2022,18-Nov-2022,Directors & Officers,USD,74643.97,0.0,74643.97,S
CL005911,T0178,09-Sep-2026,30-Sep-2026,Directors & Officers,USD,14525.54,75187.25,89712.79,O
CL005116,T0069,22-Feb-2026,10-Mar-2026,Credit & Surety,USD,386549.19,0.0,386549.19,S
CL001010,T0177,27-Oct-2022,10-Nov-2022,Professional Indemnity,USD,3019.07,0.0,3019.07,S
CL004843,T0338,25-Aug-2024,07-Jan-2026,Natural Catastrophe,USD,83863.57,0.0,83863.57,S
CL005581,T0463,13-Jun-2026,05-Jul-2026,Fire & Explosion,USD,172180.86,859192.05,1031372.91,O
CL005786,T0085,10-Aug-2026,30-Aug-2026,Directors & Officers,INR,3896.15,11286418.3,11290314.45,O
CL001856,T0525,09-Jul-2023,27-Jul-2023,Medical Malpractice,USD,41158.68,0.0,41158.68,S
CL003266,T0118,27-Sep-2024,30-Oct-2024,Natural Catastrophe,USD,91194.58,0.0,91194.58,S
CL005706,T0051,12-Jun-2026,07-Aug-2026,Natural Catastrophe,USD,263752.85,0.0,263752.85,S
CL000078,T0558,15-May-2021,08-Jun-2021,Workers Compensation,USD,64116.78,0.0,64116.78,S
CL000553,T0098,21-Apr-2022,26-Apr-2022,Natural Catastrophe,EUR,12945.94,0.0,12945.94,S
CL002603,T0025,05-Apr-2024,05-Apr-2024,Cyber,USD,9021.61,0.0,9021.61,S
CL005041,T0256,05-Oct-2025,20-Feb-2026,Political Risk,USD,240093.61,0.0,240093.61,S
CL005245,T0301,02-Mar-2026,15-Apr-2026,Auto Liability,USD,7212.94,0.0,7212.94,S
CL004106,T0438,18-May-2025,24-Jun-2025,Cyber,USD,213576.62,0.0,213576.62,S
CL001154,T0538,12-Dec-2022,25-Dec-2022,Business Interruption,USD,420131.6,0.0,420131.6,S
CL000252,T0073,03-Oct-2021,28-Oct-2021,General Liability,EUR,142700.42,0.0,142700.42,S
CL002246,T0324,10-Dec-2023,17-Dec-2023,Directors & Officers,USD,157135.15,0.0,157135.15,S
CL001808,T0609,09-Jul-2023,12-Jul-2023,Fire & Explosion,USD,68012.6,0.0,68012.6,S
CL002978,T0010,01-Aug-2024,08-Aug-2024,Business Interruption,USD,11666.76,0.0,11666.76,S
CL004165,T0508,03-May-2025,13-Jul-2025,Political Risk,USD,21761.79,0.0,21761.79,S
CL003618,T0629,31-Dec-2024,09-Feb-2025,Political Risk,USD,2761.71,3382.7,6144.41,O
CL000953,T0354,08-Oct-2022,22-Oct-2022,General Liability,USD,8342.25,0.0,8342.25,S
CL004172,T0318,07-Jun-2025,16-Jul-2025,Natural Catastrophe,EUR,34118.58,566043.86,600162.44,O
CL005669,T0312,15-Jul-2026,29-Jul-2026,Medical Malpractice,USD,51284.39,85002.14,136286.53,O
CL005000,T0168,20-Jan-2026,12-Feb-2026,Directors & Officers,USD,7655.59,47939.62,55595.21,O
CL001988,T0531,02-Sep-2023,16-Sep-2023,Medical Malpractice,EUR,5912.62,0.0,5912.62,S
CL004139,T0300,30-Jun-2025,08-Jul-2025,Political Risk,USD,214.85,17533.4,17748.25,O
CL002993,T0657,12-Aug-2024,12-Aug-2024,Energy,USD,7335.84,0.0,7335.84,S
CL002585,T0065,07-Feb-2024,31-Mar-2024,General Liability,INR,1803122.07,0.0,1803122.07,S
CL003946,T0685,13-Apr-2025,06-May-2025,Workers Compensation,EUR,114127.89,0.0,114127.89,S
CL005244,T0013,26-Mar-2026,15-Apr-2026,Business Interruption,USD,6837.4,228773.42,235610.82,O
CL005674,T0594,19-Jun-2026,30-Jul-2026,Fire & Explosion,EUR,2716.9,50903.7,53620.6,O
CL000919,T0464,14-Sep-2022,10-Oct-2022,Directors & Officers,USD,64436.73,0.0,64436.73,S
CL005203,T0110,02-Apr-2026,03-Apr-2026,Business Interruption,USD,9354.3,0.0,9354.3,S
CL004226,T0097,14-Jul-2025,31-Jul-2025,Professional Indemnity,EUR,2047.7,19373.4,21421.1,O
CL005004,T0099,06-Feb-2026,13-Feb-2026,Aviation,USD,595.6,11915.58,12511.18,O
CL001366,T0207,14-Jan-2023,22-Feb-2023,Marine Hull,EUR,96562.55,293117.46,389680.01,O
CL003908,T0124,18-Apr-2025,28-Apr-2025,Workers Compensation,USD,196369.57,0.0,196369.57,S
CL002827,T0242,07-Jun-2024,20-Jun-2024,Political Risk,USD,76325.96,0.0,76325.96,S
CL003136,T0638,18-Sep-2024,27-Sep-2024,Workers Compensation,USD,106529.39,0.0,106529.39,S
CL000235,T0134,05-Oct-2021,16-Oct-2021,Natural Catastrophe,USD,7955.82,0.0,7955.82,S
CL000327,T0437,27-Nov-2021,17-Dec-2021,Medical Malpractice,USD,147844.36,0.0,147844.36,S
CL000966,T0687,23-Sep-2022,28-Oct-2022,General Liability,USD,204982.27,0.0,204982.27,S
CL001871,T0334,27-Jul-2023,03-Aug-2023,Fire & Explosion,USD,112087.49,48037.5,160124.99,R
CL003611,T0338,19-Jan-2025,08-Feb-2025,Fire & Explosion,USD,145051.23,0.0,145051.23,S
CL002106,T0324,12-Oct-2023,23-Oct-2023,Directors & Officers,USD,258912.44,0.0,258912.44,S
CL005757,T0523,09-Aug-2026,21-Aug-2026,Natural Catastrophe,EUR,100372.17,0.0,100372.17,S
CL002196,T0045,15-Nov-2023,26-Nov-2023,Auto Liability,USD,46838.46,92827.15,139665.61,O
CL002368,T0031,31-Dec-2023,24-Jan-2024,General Liability,INR,500228.27,0.0,500228.27,S
CL001347,T0478,08-Feb-2023,16-Feb-2023,Natural Catastrophe,USD,39931.48,0.0,39931.48,S
CL003267,T0155,25-Oct-2024,30-Oct-2024,Natural Catastrophe,USD,119314.72,0.0,119314.72,S
CL001617,T0641,30-Apr-2023,10-May-2023,Directors & Officers,USD,81107.62,0.0,81107.62,S
CL003558,T0128,20-Jan-2025,24-Jan-2025,Medical Malpractice,EUR,7955.17,0.0,7955.17,S
CL002693,T0236,04-Apr-2024,02-May-2024,Auto Liability,USD,56448.63,0.0,56448.63,S
CL005554,T0008,14-Jun-2026,30-Jun-2026,Business Interruption,USD,3446.95,7283.91,10730.86,O
CL001510,T0371,10-Mar-2023,06-Apr-2023,General Liability,USD,45303.06,190745.98,236049.04,O
CL005318,T0227,29-May-2025,28-Apr-2026,Political Risk,USD,6284.57,17759.14,24043.71,O
CL005036,T0605,31-Jan-2026,19-Feb-2026,Workers Compensation,USD,4546.69,43329.85,47876.54,O
CL003699,T0239,29-Jan-2025,01-Mar-2025,Professional Indemnity,USD,116955.06,0.0,116955.06,S
CL002391,T0086,29-Dec-2023,30-Jan-2024,Credit & Surety,USD,84813.57,0.0,84813.57,S
CL005531,T0564,14-Jun-2026,24-Jun-2026,Directors & Officers,INR,7494812.28,9448136.06,16942948.34,O
CL005758,T0013,19-Jul-2026,22-Aug-2026,Natural Catastrophe,USD,1240.32,4896.37,6136.69,O
CL001056,T0191,17-Nov-2022,27-Nov-2022,Energy,USD,164361.92,0.0,164361.92,S
CL005084,T0201,23-Feb-2026,03-Mar-2026,Business Interruption,USD,66034.35,0.0,66034.35,S
CL004053,T0040,09-Jun-2025,10-Jun-2025,Auto Liability,USD,1617.55,9745.09,11362.64,O
CL002253,T0205,19-Dec-2023,20-Dec-2023,Auto Liability,USD,24684.0,0.0,24684.0,S
CL004227,T0169,11-Jul-2025,31-Jul-2025,Natural Catastrophe,EUR,3834.59,6727.67,10562.26,O
CL001289,T0112,31-Jan-2023,01-Feb-2023,Fire & Explosion,USD,88279.74,37834.18,126113.92,R
CL001954,T0650,05-Sep-2023,05-Sep-2023,Directors & Officers,USD,13395.39,0.0,13395.39,S
CL002373,T0121,20-Jan-2024,25-Jan-2024,Cyber,USD,169018.88,0.0,169018.88,S
CL002671,T0145,21-Apr-2024,25-Apr-2024,Natural Catastrophe,USD,3338.85,10224.17,13563.02,O
CL003821,T0155,28-Mar-2025,07-Apr-2025,Natural Catastrophe,USD,105604.39,0.0,105604.39,S
CL003234,T0502,21-Oct-2024,25-Oct-2024,Auto Liability,INR,645867.94,0.0,645867.94,S
CL002544,T0255,25-Feb-2024,19-Mar-2024,Marine Hull,INR,1848953.81,0.0,1848953.81,S
CL004123,T0398,12-Apr-2025,01-Jul-2025,Fire & Explosion,EUR,79505.91,132409.07,211914.98,O
CL005818,T0449,04-Aug-2026,11-Sep-2026,Credit & Surety,INR,5527233.21,13701319.78,19228552.99,O
CL003406,T0500,06-Dec-2024,12-Dec-2024,Cyber,USD,150818.03,0.0,150818.03,S
CL005402,T0452,06-May-2026,19-May-2026,Medical Malpractice,USD,29112.01,0.0,29112.01,S
CL000849,T0614,29-Aug-2022,13-Sep-2022,Fire & Explosion,USD,915.3,6803.03,7718.33,O
CL000336,T0558,14-Dec-2021,23-Dec-2021,Auto Liability,USD,39945.63,0.0,39945.63,S
CL004715,T0289,24-Nov-2025,04-Dec-2025,Energy,USD,18245.43,0.0,18245.43,S
CL002005,T0205,22-Sep-2023,23-Sep-2023,Auto Liability,USD,17393.26,0.0,17393.26,S
CL000228,T0068,06-Sep-2021,13-Oct-2021,Business Interruption,USD,31043.56,0.0,37036.84,S
CL002762,T0377,02-May-2024,27-May-2024,General Liability,USD,24424.57,0.0,24424.57,S
