TxnID,TreatyRef,TxnDate,Currency,Gross,Ceded,Commission,Earned
PT000904,TR-0082,25/04/2025,USD,160606.71,8481.1,12265.76,160606.71
PT004991,TR-0442,25/06/2026,USD,267250.86,28353.24,19939.36,267250.86
PT001602,TR-0145,02/09/2023,USD,18666.19,1592.14,4153.61,18666.19
PT002639,TR-0235,18/11/2022,USD,69568.86,8124.78,4278.33,69568.86
PT000461,TR-0040,09/10/2025,USD,71386.65,4315.76,5543.21,71386.65
PT006108,TR-0541,12/08/2021,USD,196205.65,14162.1,62173.92,196205.65
PT900050,TR-0222,24/06/2025,EUR,81317.17,7543.56,15731.18,81317.17
PT006748,TR-0598,04/07/2024,USD,101343.27,5236.04,20253.04,101343.27
PT005195,TR-0461,26/09/2026,USD,114568.9,10293.12,9381.28,15275.85
PT005494,TR-0487,27/03/2025,USD,124090.11,7159.15,8210.18,124090.11
PT003553,TR-0315,01/05/2023,USD,58673.31,6941.79,16238.13,58673.31
PT005913,TR-0523,10/11/2025,EUR,111544.57,10596.98,12681.6,111544.57
PT002456,TR-0219,08/12/2022,USD,29945.05,3434.69,4499.22,29945.05
PT004713,TR-0418,16/07/2021,USD,66109.2,5957.54,10340.44,66109.2
PT005390,TR-0478,04/04/2023,USD,95633.43,6439.71,29130.43,95633.43
PT001684,TR-0153,23/04/2023,USD,155105.71,8776.11,35164.88,155105.71
PT003943,TR-0350,08/08/2024,INR,12441374.16,1421896.47,3326534.5,12441374.16
PT001499,TR-0136,17/03/2024,USD,89893.73,7367.54,23136.11,89893.73
PT000388,TR-0034,25/05/2023,USD,32386.44,3553.96,3545.04,32386.44
PT004865,TR-0431,04/06/2021,USD,192633.15,19224.48,11158.32,192633.15
PT003078,TR-0273,14/05/2023,EUR,66011.95,4008.05,20353.76,66011.95
PT002947,TR-0262,04/06/2024,EUR,284184.33,23815.66,30366.04,284184.33
PT004818,TR-0426,06/01/2025,USD,65750.67,3877.41,14588.43,65750.67
PT002521,TR-0224,23/02/2026,USD,417953.99,48966.05,108261.62,417953.99
PT002334,TR-0208,25/08/2025,USD,177433.96,9587.12,56726.86,177433.96
PT007789,TR-0690,21/08/2024,USD,57917.12,5125.0,13770.79,57917.12
PT000460,TR-0040,09/09/2025,USD,71386.65,4315.76,5543.21,71386.65
PT002269,TR-0203,12/03/2025,INR,6759740.53,616133.69,2019094.71,6759740.53
PT007730,TR-0684,17/12/2025,USD,126599.55,11035.73,19786.65,126599.55
PT005058,TR-0448,01/07/2025,EUR,64220.71,5761.78,4905.79,64220.71
PT000986,TR-0089,10/03/2026,USD,88582.45,5680.86,21216.6,88582.45
PT001189,TR-0108,14/04/2022,USD,293289.08,30048.84,29954.78,293289.08
PT006188,TR-0547,17/11/2024,EUR,38547.45,3503.25,8962.53,38547.45
PT001321,TR-0119,03/06/2024,USD,41475.8,3445.76,10107.91,41475.8
PT005313,TR-0472,02/01/2024,USD,77485.97,4901.1,24461.46,77485.97
PT000375,TR-0033,01/11/2024,USD,148341.91,8852.21,27528.98,148341.91
PT004410,TR-0392,25/06/2021,USD,313220.46,37393.51,79080.4,313220.46
PT006112,TR-0541,12/12/2021,USD,196205.65,14162.1,62173.92,196205.65
PT001116,TR-0101,29/06/2024,USD,186388.62,11823.47,42085.53,186388.62
PT002458,TR-0219,08/02/2023,USD,29945.05,3434.69,4499.22,29945.05
PT004059,TR-0360,30/06/2024,USD,112545.98,11216.21,18415.27,112545.98
PT001666,TR-0150,24/12/2022,USD,340211.84,36441.14,78765.37,340211.84
PT001042,TR-0095,29/01/2026,USD,99203.62,11090.75,23356.73,99203.62
PT002934,TR-0260,17/07/2023,USD,215371.07,14164.38,50707.93,215371.07
PT006713,TR-0594,26/07/2026,EUR,75326.19,3779.91,21859.38,75326.19
PT003956,TR-0351,15/08/2023,INR,15711889.5,956811.08,4111380.8,15711889.5
PT007757,TR-0686,21/08/2026,USD,93492.9,6441.59,10100.38,93492.9
PT002288,TR-0204,18/01/2026,USD,117742.81,9445.05,29681.04,117742.81
PT001210,TR-0109,23/03/2023,USD,105427.91,10274.8,7092.21,105427.91
PT007150,TR-0634,17/04/2025,USD,86475.79,6479.81,5506.45,86475.79
PT003819,TR-0339,08/07/2024,EUR,36809.39,3169.33,9613.35,36809.39
PT001198,TR-0108,14/01/2023,USD,293289.08,30048.84,29954.78,293289.08
PT005122,TR-0455,18/10/2023,USD,111249.39,5920.2,11943.51,111249.39
PT007840,TR-0695,05/03/2025,EUR,110821.3,6241.81,28674.14,110821.3
PT005686,TR-0503,10/05/2026,USD,95548.2,6810.41,25506.07,95548.2
PT005618,TR-0497,09/10/2024,USD,219507.59,13328.2,23851.38,219507.59
PT006273,TR-0555,07/11/2025,USD,43206.08,5047.19,4606.21,43206.08
PT000611,TR-0056,19/01/2025,USD,62766.84,3225.19,6071.08,62766.84
PT004493,TR-0399,28/01/2022,USD,191901.87,16437.79,13105.15,191901.87
PT005669,TR-0502,05/11/2023,INR,2042287.14,108783.0,395944.59,2042287.14
PT006034,TR-0533,23/01/2025,USD,417453.7,28596.79,125312.3,417453.7
PT005860,TR-0518,10/09/2023,USD,343687.21,28214.64,94743.22,343687.21
PT003691,TR-0329,20/10/2024,USD,84586.82,7675.4,26351.14,84586.82
PT001755,TR-0158,23/03/2026,USD,48036.85,4454.77,5670.51,48036.85
PT002739,TR-0244,21/11/2025,USD,154510.56,14102.76,36427.43,154510.56
PT002960,TR-0263,30/01/2026,EUR,38545.79,2126.18,2619.85,38545.79
PT005694,TR-0504,25/02/2022,USD,291083.73,34774.85,51127.72,291083.73
PT005368,TR-0476,15/04/2022,EUR,62924.0,5837.23,6315.18,62924.0
PT001219,TR-0110,15/02/2026,USD,221040.92,12503.52,40209.81,221040.92
PT002379,TR-0212,03/09/2025,EUR,284875.06,17375.04,32457.72,284875.06
PT003362,TR-0297,23/08/2026,USD,153271.36,9598.58,33936.22,153271.36
PT007180,TR-0637,03/02/2025,USD,18095.48,1199.29,2932.54,18095.48
PT005211,TR-0463,07/10/2025,USD,312251.87,18928.08,60551.61,312251.87
PT005827,TR-0515,12/09/2026,EUR,75606.56,6304.81,17660.07,45363.94
PT004228,TR-0375,15/08/2026,USD,70907.72,4726.26,6975.85,70907.72
PT006817,TR-0604,27/08/2022,EUR,54364.47,4042.04,16574.27,54364.47
PT006165,TR-0546,15/02/2025,USD,124484.55,9552.24,19203.59,124484.55
PT003917,TR-0348,08/04/2024,USD,53506.37,6190.83,14710.6,53506.37
PT003987,TR-0354,13/04/2022,USD,283479.26,27441.07,31130.81,283479.26
PT007399,TR-0655,02/08/2022,EUR,81858.6,7338.19,6437.35,81858.6
PT006528,TR-0577,05/10/2025,EUR,515142.53,61552.13,127897.05,515142.53
PT006621,TR-0586,24/06/2024,EUR,22277.59,1315.46,5002.53,22277.59
PT001071,TR-0097,26/10/2025,EUR,39571.24,4060.98,3273.49,39571.24
PT000446,TR-0039,05/06/2023,USD,120590.09,12431.58,12155.95,120590.09
PT005308,TR-0471,18/01/2026,EUR,77216.42,6751.51,19626.13,77216.42
PT002262,TR-0201,24/07/2026,USD,52479.91,3681.29,13028.32,52479.91
PT005359,TR-0475,21/09/2024,USD,196540.51,14768.63,33688.16,196540.51
PT000577,TR-0051,01/04/2026,USD,177057.15,18044.43,21105.61,177057.15
PT004005,TR-0355,19/05/2025,USD,179347.12,14339.27,12695.21,179347.12
PT000739,TR-0067,27/09/2024,INR,29066660.44,1877315.43,8575437.97,29066660.44
PT000095,TR-0009,02/03/2024,USD,289009.6,16862.33,22624.37,289009.6
PT007330,TR-0649,01/12/2023,USD,336774.22,25578.56,99427.49,336774.22
PT004364,TR-0387,07/08/2023,USD,35087.28,3137.78,9668.7,35087.28
PT003706,TR-0330,31/07/2024,USD,30616.55,3130.91,3198.85,30616.55
PT007415,TR-0656,30/01/2023,USD,104895.23,10394.92,18702.49,104895.23
PT003816,TR-0339,08/04/2024,EUR,36809.39,3169.33,9613.35,36809.39
PT003818,TR-0339,08/06/2024,EUR,36809.39,3169.33,9613.35,36809.39
PT006965,TR-0617,10/04/2023,INR,3201921.3,368488.81,992749.53,3201921.3
PT006970,TR-0617,10/09/2023,INR,3201921.3,368488.81,992749.53,3201921.3
PT000781,TR-0071,03/04/2025,EUR,107052.24,12363.24,30470.18,107052.24
PT006597,TR-0584,01/02/2025,USD,16666.67,1648.01,2986.37,16666.67
PT005685,TR-0503,10/04/2026,USD,95548.2,6810.41,25506.07,95548.2
PT006613,TR-0585,22/12/2025,EUR,79203.98,5236.55,20211.26,79203.98
PT002457,TR-0219,08/01/2023,USD,29945.05,3434.69,4499.22,29945.05
PT006312,TR-0558,14/05/2021,USD,100485.76,10623.18,28727.27,100485.76
PT002186,TR-0195,03/10/2024,INR,14980881.59,944789.48,3557926.18,14980881.59
PT006282,TR-0555,07/08/2026,USD,43206.08,5047.19,4606.21,43206.08
PT005216,TR-0463,07/03/2026,USD,312251.87,18928.08,60551.61,312251.87
PT001864,TR-0168,16/04/2025,USD,132540.71,11146.42,41511.01,132540.71
PT000755,TR-0069,15/09/2025,USD,42534.31,4242.26,3766.99,42534.31
PT007254,TR-0643,27/04/2025,EUR,171145.2,9877.78,15839.5,171145.2
PT000101,TR-0010,12/11/2023,USD,154845.94,8133.16,14119.08,154845.94
PT006671,TR-0590,11/02/2022,USD,161416.74,9717.35,38102.17,161416.74
PT007346,TR-0650,28/02/2024,USD,57512.38,5066.35,17936.64,57512.38
PT005405,TR-0479,06/04/2026,GBP,34475.22,2895.5,2075.94,34475.22
PT000233,TR-0021,25/11/2023,USD,142515.67,8361.52,26605.92,142515.67
PT005634,TR-0499,28/02/2022,EUR,58702.63,4585.05,17935.48,58702.63
PT001764,TR-0159,27/09/2021,EUR,57364.75,4171.85,18063.44,57364.75
PT005113,TR-0454,19/09/2023,USD,111399.74,11630.42,18228.16,111399.74
PT004123,TR-0366,09/11/2024,USD,244109.16,19467.39,14871.27,244109.16
PT005621,TR-0497,09/01/2025,USD,219507.59,13328.2,23851.38,219507.59
PT001137,TR-0103,10/11/2025,EUR,106843.15,6897.78,12776.89,106843.15
PT007843,TR-0695,05/06/2025,EUR,110821.3,6241.81,28674.14,110821.3
PT004595,TR-0408,01/12/2025,USD,162808.34,14928.65,46526.66,162808.34
PT004867,TR-0431,04/08/2021,USD,192633.15,19224.48,11158.32,192633.15
PT001846,TR-0166,14/05/2026,USD,31177.28,1715.7,9235.49,31177.28
PT003931,TR-0349,19/12/2021,USD,227434.56,21696.32,56063.1,227434.56
PT006079,TR-0538,15/11/2022,USD,524519.39,52489.55,54640.59,524519.39
PT000413,TR-0036,07/05/2023,USD,218838.27,22255.99,55726.7,218838.27
PT006524,TR-0576,03/02/2022,USD,39886.88,3832.07,4052.85,39886.88
PT900125,TR-0585,22/06/2025,EUR,79203.98,5236.55,20211.26,79203.98
PT003166,TR-0280,29/06/2025,USD,59622.21,3905.8,18841.97,59622.21
PT007051,TR-0625,10/04/2026,EUR,15432.1,1538.44,2593.69,15432.1
PT006054,TR-0535,11/06/2024,USD,193583.04,18712.19,14697.39,193583.04
PT007504,TR-0664,16/06/2022,USD,213681.59,21285.6,24773.7,213681.59
PT002035,TR-0182,28/09/2026,USD,97280.01,7935.74,7896.02,6485.33
PT005200,TR-0462,12/12/2024,GBP,283250.14,16551.36,14363.51,283250.14
PT005926,TR-0524,26/06/2025,USD,89971.66,7949.52,28585.0,89971.66
PT007486,TR-0663,25/10/2024,EUR,336669.44,27421.9,23503.35,336669.44
PT000966,TR-0087,20/10/2025,USD,135638.47,10215.2,11115.34,135638.47
PT007786,TR-0689,24/05/2023,GBP,380970.84,27870.26,42659.58,380970.84
PT001788,TR-0161,05/11/2021,EUR,42754.72,3628.16,2763.12,42754.72
PT004756,TR-0421,12/10/2023,USD,94269.31,5440.4,7802.29,94269.31
PT003360,TR-0297,23/06/2026,USD,153271.36,9598.58,33936.22,153271.36
PT006900,TR-0611,03/12/2023,USD,23524.14,1352.52,1291.25,23524.14
PT000789,TR-0072,22/07/2024,USD,41079.98,4527.82,3269.61,41079.98
PT000346,TR-0031,30/04/2023,INR,7894076.46,624916.2,2287853.13,7894076.46
PT005566,TR-0493,22/06/2022,USD,249402.1,26317.88,70481.55,249402.1
PT001145,TR-0103,10/07/2026,EUR,106843.15,6897.78,12776.89,106843.15
PT005311,TR-0471,18/04/2026,EUR,77216.42,6751.51,19626.13,77216.42
PT005070,TR-0450,06/03/2025,USD,1740983.88,102684.64,510880.2,1740983.88
PT001079,TR-0098,29/08/2022,EUR,172133.26,19055.51,51005.76,172133.26
PT002832,TR-0252,11/11/2023,USD,111248.59,8184.22,8399.86,111248.59
PT002601,TR-0232,11/04/2022,USD,57905.35,5981.94,3276.69,57905.35
PT003329,TR-0294,02/07/2026,EUR,436454.43,25786.15,33920.24,436454.43
PT004666,TR-0414,15/03/2025,USD,62180.47,4664.26,19590.88,62180.47
PT002655,TR-0236,28/07/2024,USD,55405.03,6180.97,9851.62,55405.03
PT005080,TR-0451,18/10/2022,USD,24037.28,1726.09,6748.19,24037.28
PT007160,TR-0635,20/04/2025,EUR,68210.38,3621.52,11112.86,68210.38
PT002254,TR-0201,24/11/2025,USD,52479.91,3681.29,13028.32,52479.91
PT007404,TR-0655,02/01/2023,EUR,81858.6,7338.19,6437.35,81858.6
PT006974,TR-0617,10/01/2024,INR,3201921.3,368488.81,992749.53,3201921.3
PT003642,TR-0324,14/12/2023,USD,463519.43,50432.76,41052.76,463519.43
PT001658,TR-0150,24/04/2022,USD,340211.84,36441.14,78765.37,340211.84
PT003458,TR-0305,22/02/2025,USD,194597.27,17781.41,59078.2,194597.27
PT001662,TR-0150,24/08/2022,USD,340211.84,36441.14,78765.37,340211.84
PT001842,TR-0166,14/01/2026,USD,31177.28,1715.7,9235.49,31177.28
PT002422,TR-0216,28/04/2024,USD,61875.35,3459.68,11119.3,61875.35
PT001590,TR-0144,05/08/2022,USD,264856.71,13851.13,59316.25,264856.71
PT006571,TR-0582,21/05/2023,EUR,87711.45,4505.61,6188.16,87711.45
PT001133,TR-0102,06/08/2023,USD,83603.64,6696.4,20359.63,83603.64
PT001902,TR-0171,30/11/2022,USD,28457.63,2732.31,2228.21,28457.63
PT000701,TR-0064,28/07/2026,USD,266916.23,28893.26,60094.03,266916.23
PT006499,TR-0574,13/05/2024,EUR,69175.01,4721.66,20680.92,69175.01
PT007616,TR-0674,15/10/2021,EUR,40862.04,2485.07,2787.62,40862.04
PT005680,TR-0502,05/10/2024,INR,2042287.14,108783.0,395944.59,2042287.14
PT007103,TR-0630,06/11/2022,USD,82243.7,5508.43,6925.59,82243.7
PT004195,TR-0372,07/06/2025,EUR,581947.26,62293.47,44878.32,581947.26
PT007397,TR-0655,02/06/2022,EUR,81858.6,7338.19,6437.35,81858.6
PT007111,TR-0631,10/12/2022,USD,36017.19,2058.13,2236.99,36017.19
PT006363,TR-0562,07/05/2024,USD,71602.38,7690.42,19204.19,71602.38
PT001128,TR-0102,06/03/2023,USD,83603.64,6696.4,20359.63,83603.64
PT003342,TR-0295,03/03/2024,USD,164154.4,9085.18,14204.63,164154.4
PT000245,TR-0022,14/02/2025,INR,11939174.62,1369770.96,1841509.8,11939174.62
PT005473,TR-0485,03/11/2025,EUR,448470.0,52722.3,85119.97,448470.0
PT002725,TR-0242,27/10/2024,USD,219074.17,21806.13,50070.66,219074.17
PT007248,TR-0642,29/09/2022,EUR,386250.35,44210.87,40499.59,386250.35
PT007357,TR-0651,14/10/2025,USD,31970.25,2906.77,2027.68,31970.25
PT002393,TR-0214,13/05/2024,USD,132904.93,12353.82,24281.1,132904.93
PT004798,TR-0425,25/06/2022,USD,112754.78,7016.49,32364.73,112754.78
PT002496,TR-0222,24/09/2025,EUR,81317.17,7543.56,15731.18,81317.17
PT003674,TR-0327,25/09/2025,INR,4965231.55,507095.28,1212896.33,4965231.55
PT006608,TR-0585,22/07/2025,EUR,79203.98,5236.55,20211.26,79203.98
PT006874,TR-0609,10/05/2023,USD,57524.85,5486.44,14486.98,57524.85
PT005254,TR-0466,29/06/2023,USD,152351.64,16896.07,11898.55,152351.64
PT000113,TR-0011,04/05/2022,EUR,145170.95,11642.6,15260.41,145170.95
PT004240,TR-0376,28/07/2023,USD,62508.05,4156.54,14744.08,62508.05
PT000122,TR-0012,21/10/2024,USD,126104.76,10667.19,23959.09,126104.76
PT000163,TR-0015,21/10/2024,USD,205901.52,16755.69,56745.83,205901.52
PT001264,TR-0114,14/05/2025,USD,588038.38,35206.98,62815.83,588038.38
PT000141,TR-0013,27/05/2026,USD,91469.85,6957.04,22994.54,91469.85
PT005110,TR-0454,19/06/2023,USD,111399.74,11630.42,18228.16,111399.74
PT006157,TR-0545,19/07/2021,EUR,537323.12,33113.66,166553.66,537323.12
PT000211,TR-0019,12/12/2024,USD,60862.42,3074.28,19034.48,60862.42
PT005142,TR-0456,16/07/2024,USD,805192.2,48586.1,87380.93,805192.2
PT004951,TR-0438,21/03/2025,USD,162177.65,8887.21,16775.18,162177.65
PT003744,TR-0333,19/11/2021,USD,311979.04,22071.62,55779.26,311979.04
PT900104,TR-0487,27/06/2025,USD,124090.11,7159.15,8210.18,124090.11
PT005881,TR-0520,02/04/2024,EUR,97047.02,9960.27,5087.21,97047.02
PT002352,TR-0210,13/05/2022,USD,54762.14,3534.05,5411.03,54762.14
PT001676,TR-0151,06/03/2023,USD,217258.83,17594.91,51837.4,217258.83
PT006623,TR-0586,24/08/2024,EUR,22277.59,1315.46,5002.53,22277.59
PT003311,TR-0292,17/09/2022,EUR,82391.95,7863.25,6986.54,82391.95
PT003257,TR-0288,01/01/2025,USD,84838.55,5754.94,10102.78,84838.55
PT004340,TR-0385,23/07/2025,USD,378653.5,24852.01,94448.41,378653.5
PT006354,TR-0561,18/07/2023,USD,-81274.19,-5787.51,-18098.87,-81274.19
PT006670,TR-0590,11/01/2022,USD,161416.74,9717.35,38102.17,161416.74
PT002587,TR-0231,14/04/2021,USD,222276.24,13343.45,52763.42,222276.24
PT007834,TR-0694,07/09/2025,USD,246554.18,22639.45,14915.53,246554.18
PT004957,TR-0439,08/11/2025,USD,258217.08,15728.8,50176.75,258217.08
PT005938,TR-0525,25/03/2023,USD,488093.4,37210.4,132027.91,488093.4
PT001838,TR-0165,30/06/2024,EUR,85843.2,7910.31,6485.74,85843.2
PT000696,TR-0064,28/02/2026,USD,266916.23,28893.26,60094.03,266916.23
PT000800,TR-0073,19/02/2021,EUR,751256.97,43627.63,232015.61,751256.97
PT004440,TR-0394,01/05/2023,USD,119799.86,13253.69,6016.89,119799.86
PT001194,TR-0108,14/09/2022,USD,293289.08,30048.84,29954.78,293289.08
PT007711,TR-0683,20/07/2025,USD,91024.39,4803.71,4908.81,91024.39
PT000103,TR-0010,12/01/2024,USD,154845.94,8133.16,14119.08,154845.94
PT002009,TR-0180,03/07/2025,EUR,67795.64,6608.84,3536.87,67795.64
PT001697,TR-0154,27/09/2025,USD,105191.91,8101.3,26265.04,105191.91
PT007899,TR-0700,06/03/2026,EUR,34424.68,4041.34,2782.24,34424.68
PT003783,TR-0336,05/05/2023,USD,70274.21,5951.93,11520.11,70274.21
PT002941,TR-0261,18/05/2025,EUR,624324.45,66139.38,171888.92,624324.45
PT001742,TR-0157,11/04/2025,USD,59405.32,4717.71,6547.9,59405.32
PT003784,TR-0336,05/06/2023,USD,70274.21,5951.93,11520.11,70274.21
PT006153,TR-0545,19/03/2021,EUR,537323.12,33113.66,166553.66,537323.12
PT006839,TR-0606,16/05/2026,GBP,40191.32,2636.92,9652.17,40191.32
PT006681,TR-0591,14/08/2023,USD,92498.11,7243.65,6562.69,92498.11
PT001176,TR-0107,04/12/2024,USD,222938.83,15919.17,67960.24,222938.83
PT000416,TR-0037,14/10/2024,EUR,109137.11,13043.62,29546.61,109137.11
PT005306,TR-0471,18/11/2025,EUR,77216.42,6751.51,19626.13,77216.42
PT002893,TR-0257,11/02/2026,USD,128661.19,10905.21,12240.97,128661.19
PT001648,TR-0149,07/01/2023,USD,74747.37,8122.76,7843.28,74747.37
PT002243,TR-0200,30/10/2025,USD,942775.26,59269.05,63291.85,942775.26
PT006085,TR-0538,15/05/2023,USD,524519.39,52489.55,54640.59,524519.39
PT005015,TR-0444,23/06/2026,USD,162995.78,16957.19,9661.02,162995.78
PT003740,TR-0333,19/07/2021,USD,311979.04,22071.62,55779.26,311979.04
PT003859,TR-0343,01/05/2024,USD,118599.13,14150.09,11941.45,118599.13
PT003630,TR-0323,08/09/2023,USD,87122.53,10056.82,9355.37,87122.53
PT005388,TR-0478,04/02/2023,USD,95633.43,6439.71,29130.43,95633.43
PT004763,TR-0422,11/10/2022,USD,456262.98,32597.36,31810.22,456262.98
PT001667,TR-0150,24/01/2023,USD,340211.84,36441.14,78765.37,340211.84
PT006364,TR-0562,07/06/2024,USD,71602.38,7690.42,19204.19,71602.38
PT006342,TR-0560,26/03/2025,INR,10392805.44,719820.76,569301.43,10392805.44
PT003611,TR-0321,11/07/2025,USD,161742.36,8935.38,39083.25,161742.36
PT001283,TR-0116,14/08/2025,INR,8999544.15,556891.68,667986.37,8999544.15
PT002409,TR-0215,14/04/2025,USD,553151.55,39643.29,130562.47,553151.55
PT001488,TR-0135,03/07/2026,EUR,65642.01,4598.98,6441.28,65642.01
PT001758,TR-0159,27/03/2021,EUR,57364.75,4171.85,18063.44,57364.75
PT006226,TR-0551,06/05/2021,EUR,262779.64,19346.78,64920.23,262779.64
PT005773,TR-0510,08/04/2023,USD,93349.78,5357.56,21604.83,93349.78
PT001916,TR-0172,02/01/2026,EUR,51744.13,3390.36,15900.9,51744.13
PT001108,TR-0100,17/07/2022,USD,220557.92,15166.88,15881.13,220557.92
PT006668,TR-0590,11/11/2021,USD,161416.74,9717.35,38102.17,161416.74
PT005841,TR-0517,14/02/2024,EUR,31347.56,1696.38,9673.78,31347.56
PT003561,TR-0316,29/12/2021,USD,0.0,4710.36,25250.23,90076.31
PT002970,TR-0264,03/09/2023,EUR,185457.67,13531.92,13071.36,185457.67
PT007162,TR-0635,20/06/2025,EUR,68210.38,3621.52,11112.86,68210.38
PT001075,TR-0098,29/04/2022,EUR,172133.26,19055.51,51005.76,172133.26
PT007376,TR-0653,28/02/2022,USD,200045.25,11619.93,32003.36,200045.25
PT003601,TR-0320,25/09/2026,USD,61871.23,6125.3,6804.08,10311.87
PT006142,TR-0544,01/02/2021,USD,527092.34,62504.8,117398.4,527092.34
PT002278,TR-0204,18/03/2025,USD,117742.81,9445.05,29681.04,117742.81
PT007776,TR-0689,24/07/2022,GBP,380970.84,27870.26,42659.58,380970.84
PT000096,TR-0009,02/04/2024,USD,289009.6,16862.33,22624.37,289009.6
PT004212,TR-0374,11/12/2025,EUR,77764.01,8560.57,18303.59,77764.01
PT003158,TR-0279,14/07/2025,EUR,73796.66,7605.59,13993.42,73796.66
PT004943,TR-0437,30/09/2022,USD,104966.16,10922.64,5671.7,104966.16
PT000135,TR-0013,27/11/2025,USD,91469.85,6957.04,22994.54,91469.85
PT005419,TR-0480,11/12/2023,EUR,54153.3,5884.93,2992.31,54153.3
PT004784,TR-0424,06/02/2024,USD,348422.41,24441.94,33784.6,348422.41
PT005031,TR-0446,24/05/2026,USD,88269.93,6580.64,6268.7,88269.93
PT000583,TR-0052,15/06/2026,USD,63690.42,5137.22,17977.95,63690.42
PT007599,TR-0673,09/03/2024,EUR,126367.22,10094.72,12157.89,126367.22
PT005087,TR-0451,18/05/2023,USD,24037.28,1726.09,6748.19,24037.28
PT005232,TR-0465,22/03/2025,INR,8470587.64,557084.81,2288865.26,8470587.64
PT001351,TR-0123,03/11/2022,USD,115963.04,13371.16,36995.43,115963.04
PT005802,TR-0513,11/12/2024,USD,206673.62,13315.27,61875.66,206673.62
PT003572,TR-0317,22/02/2022,USD,151237.27,12948.26,43182.88,151237.27
PT000102,TR-0010,12/12/2023,USD,154845.94,8133.16,14119.08,154845.94
PT004383,TR-0389,29/07/2026,USD,291540.12,25853.3,20838.81,291540.12
PT005877,TR-0520,02/12/2023,EUR,97047.02,9960.27,5087.21,97047.02
PT006989,TR-0619,04/05/2022,USD,96206.91,8269.65,23232.23,96206.91
PT004161,TR-0369,11/07/2024,USD,179253.01,13824.9,48744.52,179253.01
PT000523,TR-0046,26/01/2026,EUR,42010.54,4587.79,6941.12,42010.54
PT003187,TR-0282,14/08/2022,USD,121339.65,9726.82,19035.5,121339.65
PT003867,TR-0343,01/01/2025,USD,118599.13,14150.09,11941.45,118599.13
PT004165,TR-0369,11/11/2024,USD,179253.01,13824.9,48744.52,179253.01
PT004326,TR-0384,23/05/2023,EUR,170411.49,12123.68,47760.22,170411.49
PT006049,TR-0535,11/01/2024,USD,193583.04,18712.19,14697.39,193583.04
PT005364,TR-0476,15/12/2021,EUR,62924.0,5837.23,6315.18,62924.0
PT003016,TR-0267,28/01/2023,USD,242972.79,13958.11,23585.56,242972.79
PT006175,TR-0546,15/12/2025,USD,124484.55,9552.24,19203.59,124484.55
PT003410,TR-0301,23/03/2026,USD,21863.27,1654.41,1490.77,21863.27
PT006022,TR-0532,01/12/2024,EUR,72709.64,6180.66,5864.27,72709.64
PT001798,TR-0162,28/01/2026,USD,147633.93,8096.2,13248.99,147633.93
PT002689,TR-0239,28/02/2025,USD,298312.51,28039.4,66631.38,298312.51
PT000798,TR-0072,22/04/2025,USD,41079.98,4527.82,3269.61,41079.98
PT006562,TR-0581,14/04/2022,USD,185251.07,16023.59,13846.27,185251.07
PT005543,TR-0491,03/12/2024,USD,110583.03,5928.64,9812.9,110583.03
PT000247,TR-0022,14/04/2025,INR,11939174.62,1369770.96,1841509.8,11939174.62
PT003169,TR-0280,29/09/2025,USD,59622.21,3905.8,18841.97,59622.21
PT007860,TR-0696,21/04/2025,USD,195069.96,12102.09,13908.54,195069.96
PT004010,TR-0355,19/10/2025,USD,179347.12,14339.27,12695.21,179347.12
PT000997,TR-0090,16/12/2025,USD,340739.27,29928.28,89881.62,340739.27
PT001550,TR-0140,19/12/2021,EUR,177138.64,12322.49,28863.29,177138.64
PT003793,TR-0337,24/03/2023,USD,17939.99,1871.29,1982.58,17939.99
PT005076,TR-0450,06/09/2025,USD,1740983.88,102684.64,510880.2,1740983.88
PT007320,TR-0648,22/01/2024,EUR,303418.56,29478.69,95550.45,303418.56
PT006882,TR-0610,15/08/2022,USD,537001.73,30237.64,161334.18,537001.73
PT000564,TR-0050,12/07/2023,EUR,108578.56,7353.26,17174.83,108578.56
PT005748,TR-0508,23/08/2025,USD,44656.27,4798.38,5261.57,44656.27
PT000277,TR-0024,11/05/2026,USD,146627.78,16084.29,14224.79,146627.78
PT900016,TR-0079,24/06/2025,USD,21059.12,1885.96,2348.38,21059.12
PT000731,TR-0067,27/01/2024,INR,29066660.44,1877315.43,8575437.97,29066660.44
PT007099,TR-0630,06/07/2022,USD,82243.7,5508.43,6925.59,82243.7
PT004082,TR-0362,19/08/2026,USD,59761.95,6984.78,3058.49,59761.95
PT005493,TR-0487,27/02/2025,USD,124090.11,7159.15,8210.18,124090.11
PT000876,TR-0079,24/01/2026,USD,21059.12,1885.96,2348.38,21059.12
PT003422,TR-0302,06/02/2025,EUR,63291.83,7448.02,7388.65,63291.83
PT004083,TR-0362,19/09/2026,USD,59761.95,6984.78,3058.49,21912.71
PT002956,TR-0262,04/03/2025,EUR,284184.33,23815.66,30366.04,284184.33
PT003045,TR-0270,26/08/2025,GBP,54772.68,3231.65,15771.52,54772.68
PT005310,TR-0471,18/03/2026,EUR,77216.42,6751.51,19626.13,77216.42
PT000352,TR-0031,31/10/2023,INR,7894076.46,624916.2,2287853.13,7894076.46
PT005471,TR-0485,03/09/2025,EUR,448470.0,52722.3,85119.97,448470.0
PT007811,TR-0692,11/08/2024,EUR,81710.65,9521.23,8211.41,81710.65
PT006141,TR-0544,01/01/2021,USD,527092.34,62504.8,117398.4,527092.34
PT006055,TR-0535,11/07/2024,USD,193583.04,18712.19,14697.39,193583.04
PT001850,TR-0166,14/09/2026,USD,31177.28,1715.7,9235.49,16627.88
PT000597,TR-0054,27/04/2025,EUR,157527.59,12834.45,28970.06,157527.59
PT006177,TR-0547,17/12/2023,EUR,38547.45,3503.25,8962.53,38547.45
PT003703,TR-0330,30/04/2024,USD,30616.55,3130.91,3198.85,30616.55
PT004965,TR-0439,08/07/2026,USD,258217.08,15728.8,50176.75,258217.08
PT007429,TR-0657,11/03/2025,USD,134067.74,14448.71,21246.07,134067.74
PT001242,TR-0112,01/07/2023,USD,73860.72,8579.69,3852.76,73860.72
PT003200,TR-0283,22/05/2022,EUR,1213009.89,83639.3,122035.32,1213009.89
PT003420,TR-0302,06/12/2024,EUR,63291.83,7448.02,7388.65,63291.83
PT002210,TR-0197,03/03/2022,USD,45335.18,4803.98,13035.43,45335.18
PT000057,TR-0006,02/08/2022,USD,16666.67,1068.75,4953.51,16666.67
PT007501,TR-0664,16/03/2022,USD,213681.59,21285.6,24773.7,213681.59
PT003450,TR-0305,22/06/2024,USD,194597.27,17781.41,59078.2,194597.27
PT005182,TR-0460,01/04/2024,EUR,201374.05,11594.34,23460.56,201374.05
PT005237,TR-0465,22/08/2025,INR,8470587.64,557084.81,2288865.26,8470587.64
PT900041,TR-0199,16/06/2025,INR,4505630.51,422959.87,1025093.75,4505630.51
PT006762,TR-0599,05/05/2025,USD,18411.08,1330.09,4802.26,18411.08
PT007485,TR-0663,25/09/2024,EUR,336669.44,27421.9,23503.35,336669.44
PT005867,TR-0519,14/05/2024,EUR,28723.2,2923.81,7213.51,28723.2
PT005170,TR-0459,19/04/2025,USD,58540.51,3583.8,6023.75,58540.51
PT007536,TR-0667,02/09/2026,USD,69632.32,7546.75,8198.13,64990.17
PT007458,TR-0660,17/04/2026,USD,144045.95,10305.83,16655.64,144045.95
PT004849,TR-0430,15/05/2023,USD,229479.12,21235.7,21781.06,229479.12
PT002894,TR-0257,11/03/2026,USD,128661.19,10905.21,12240.97,128661.19
PT000763,TR-0069,15/05/2026,USD,42534.31,4242.26,3766.99,42534.31
PT006477,TR-0572,08/05/2025,EUR,91897.18,5183.27,9891.45,91897.18
PT005954,TR-0526,04/05/2025,EUR,98010.35,8283.35,5985.21,98010.35
PT007618,TR-0674,15/12/2021,EUR,40862.04,2485.07,2787.62,40862.04
PT007040,TR-0624,05/12/2023,USD,36199.0,3589.73,9988.47,36199.0
PT001990,TR-0179,11/12/2024,USD,239867.29,16929.17,61772.5,239867.29
PT007884,TR-0699,13/04/2024,USD,324235.24,22202.35,30298.2,324235.24
PT001330,TR-0121,03/12/2023,USD,276582.4,16816.16,72794.98,276582.4
PT001584,TR-0143,15/10/2025,USD,122124.19,7498.42,12206.44,122124.19
PT000896,TR-0081,29/10/2024,EUR,15432.1,1676.55,899.51,15432.1
PT007787,TR-0690,21/06/2024,USD,57917.12,5125.0,13770.79,57917.12
PT007220,TR-0640,10/07/2025,EUR,612028.73,39285.66,189968.94,612028.73
PT001978,TR-0178,29/12/2025,USD,120341.02,9195.22,14087.9,120341.02
PT004520,TR-0401,26/04/2025,USD,99938.38,11119.84,25263.23,99938.38
PT004904,TR-0434,28/08/2023,EUR,104107.79,9207.28,11537.17,104107.79
PT002100,TR-0188,30/12/2025,USD,29736.13,2312.24,1707.33,29736.13
PT005848,TR-0517,14/09/2024,EUR,31347.56,1696.38,9673.78,31347.56
PT004497,TR-0400,26/08/2025,USD,374847.6,29937.0,110644.75,374847.6
PT000894,TR-0081,29/08/2024,EUR,15432.1,1676.55,899.51,15432.1
PT007654,TR-0677,05/10/2023,USD,100715.03,6782.36,22735.4,100715.03
PT000276,TR-0024,11/04/2026,USD,146627.78,16084.29,14224.79,146627.78
PT001168,TR-0105,22/06/2024,USD,142898.06,11784.51,32834.94,142898.06
PT005194,TR-0461,26/08/2026,USD,114568.9,10293.12,9381.28,114568.9
PT005466,TR-0484,10/10/2024,EUR,322291.88,37965.61,35034.45,322291.88
PT003871,TR-0344,14/10/2025,USD,139716.8,8577.56,12618.02,139716.8
PT007585,TR-0672,26/05/2022,USD,378300.57,22626.57,103441.96,378300.57
PT003087,TR-0273,14/02/2024,EUR,66011.95,4008.05,20353.76,66011.95
PT005716,TR-0506,19/02/2021,EUR,39922.23,4382.82,9742.16,39922.23
PT004749,TR-0421,12/03/2023,USD,94269.31,5440.4,7802.29,94269.31
PT003235,TR-0286,19/07/2022,EUR,237643.99,27673.1,23126.02,237643.99
PT005772,TR-0510,08/03/2023,USD,93349.78,5357.56,21604.83,93349.78
PT002519,TR-0224,23/12/2025,USD,417953.99,48966.05,108261.62,417953.99
PT005667,TR-0501,27/08/2026,USD,76078.73,3869.15,18723.02,76078.73
PT005821,TR-0514,06/11/2021,USD,94523.62,8172.93,18853.85,94523.62
PT000408,TR-0036,07/12/2022,USD,218838.27,22255.99,55726.7,218838.27
PT001803,TR-0162,28/06/2026,USD,147633.93,8096.2,13248.99,147633.93
PT003612,TR-0321,11/08/2025,USD,161742.36,8935.38,39083.25,161742.36
PT006540,TR-0579,07/11/2025,USD,81622.23,5876.12,23199.14,81622.23
PT004869,TR-0431,04/10/2021,USD,192633.15,19224.48,11158.32,192633.15
PT001683,TR-0152,05/09/2026,GBP,277629.8,19997.74,31948.04,231358.17
PT007861,TR-0696,21/05/2025,USD,195069.96,12102.09,13908.54,195069.96
PT005422,TR-0481,01/10/2022,USD,87754.02,9506.11,10306.4,87754.02
PT000744,TR-0068,03/09/2021,USD,277413.18,21500.71,26561.7,277413.18
PT001731,TR-0156,27/11/2024,USD,268263.15,26998.06,27525.51,268263.15
PT005127,TR-0455,18/03/2024,USD,111249.39,5920.2,11943.51,111249.39
PT005874,TR-0519,14/12/2024,EUR,28723.2,2923.81,7213.51,28723.2
PT004139,TR-0367,03/08/2023,USD,153767.97,9037.38,15560.7,153767.97
PT002714,TR-0241,30/04/2024,USD,110607.31,12757.14,16933.35,110607.31
PT004293,TR-0381,15/11/2024,USD,196717.43,18224.67,21941.46,196717.43
PT002977,TR-0264,03/04/2024,EUR,185457.67,13531.92,13071.36,185457.67
PT000188,TR-0017,28/12/2022,EUR,53520.5,3944.03,2893.72,53520.5
PT006404,TR-0566,08/10/2022,EUR,154167.83,10590.77,27551.88,154167.83
PT006870,TR-0609,10/01/2023,USD,57524.85,5486.44,14486.98,57524.85
PT001926,TR-0173,15/03/2025,USD,68172.95,4091.09,5165.89,68172.95
PT002874,TR-0255,18/11/2024,INR,4509186.77,490070.37,403575.53,4509186.77
PT000434,TR-0038,03/09/2025,USD,98184.07,10656.62,6935.02,98184.07
PT004315,TR-0383,21/09/2022,USD,235819.9,15513.8,75436.23,235819.9
PT005923,TR-0523,10/09/2026,EUR,111544.57,10596.98,12681.6,74363.05
PT003567,TR-0316,29/06/2022,USD,90076.31,4710.36,25250.23,90076.31
PT001512,TR-0137,01/01/2024,USD,94166.78,10920.36,7485.28,94166.78
PT007457,TR-0660,17/03/2026,USD,144045.95,10305.83,16655.64,144045.95
PT003682,TR-0328,08/10/2024,USD,59138.66,3765.18,16038.65,59138.66
PT900150,TR-0700,06/06/2025,EUR,34424.68,4041.34,2782.24,34424.68
PT004900,TR-0434,28/04/2023,EUR,104107.79,9207.28,11537.17,104107.79
PT003878,TR-0344,14/05/2026,USD,139716.8,8577.56,12618.02,139716.8
PT004681,TR-0415,14/11/2023,INR,17823594.36,1912634.37,1052331.63,17823594.36
PT002199,TR-0196,17/10/2022,EUR,21307.55,1848.57,2362.54,21307.55
PT006351,TR-0561,18/04/2023,USD,81274.19,5787.51,18098.87,81274.19
PT001226,TR-0111,08/10/2022,EUR,100126.81,9621.55,18874.87,100126.81
PT000719,TR-0066,01/05/2021,USD,95475.14,8375.64,28863.35,95475.14
PT000742,TR-0068,03/07/2021,USD,277413.18,21500.71,26561.7,277413.18
PT005187,TR-0460,01/09/2024,EUR,201374.05,11594.34,23460.56,201374.05
PT006810,TR-0603,01/07/2025,INR,12289574.96,1115828.68,1398057.06,12289574.96
PT002791,TR-0249,05/11/2024,USD,252877.99,21600.4,21776.06,252877.99
PT005720,TR-0506,19/06/2021,EUR,39922.23,4382.82,9742.16,39922.23
PT002996,TR-0266,02/07/2022,USD,161795.9,11720.64,49999.11,161795.9
PT006666,TR-0590,11/09/2021,USD,161416.74,9717.35,38102.17,161416.74
PT001193,TR-0108,14/08/2022,USD,293289.08,30048.84,29954.78,293289.08
PT007586,TR-0672,26/06/2022,USD,378300.57,22626.57,103441.96,378300.57
PT006807,TR-0603,01/04/2025,INR,12289574.96,1115828.68,1398057.06,12289574.96
PT007574,TR-0671,30/04/2023,USD,90526.2,10551.45,10506.35,90526.2
PT006649,TR-0588,03/12/2022,EUR,187361.8,10946.03,36106.87,187361.8
PT001173,TR-0106,11/08/2026,USD,149053.76,11617.8,34804.62,149053.76
PT002623,TR-0234,13/12/2025,USD,59490.81,3553.41,14719.49,59490.81
PT001033,TR-0093,19/12/2023,USD,88465.05,6576.24,8373.71,88465.05
PT004376,TR-0388,09/06/2025,USD,586856.36,60291.16,63713.64,586856.36
PT000836,TR-0076,12/06/2024,EUR,114451.19,11000.22,19051.9,114451.19
PT004917,TR-0435,26/09/2023,USD,110380.5,6058.64,28401.07,110380.5
PT000296,TR-0026,21/04/2023,USD,196819.9,14874.96,33384.29,196819.9
PT003182,TR-0281,06/11/2022,EUR,95739.04,6880.49,4891.37,95739.04
PT006909,TR-0612,15/11/2022,USD,251024.5,16010.59,17141.95,251024.5
PT000951,TR-0086,16/01/2024,USD,160730.09,17511.68,29798.1,160730.09
PT900040,TR-0192,25/06/2025,USD,192417.02,18278.9,51344.66,192417.02
PT006505,TR-0575,23/06/2025,USD,30879.36,2238.49,3206.94,30879.36
PT005906,TR-0522,06/02/2022,USD,26140.4,2972.12,1337.81,26140.4
PT006371,TR-0563,14/12/2025,USD,165387.26,8835.02,18149.4,165387.26
PT007608,TR-0673,09/12/2024,EUR,126367.22,10094.72,12157.89,126367.22
PT006686,TR-0592,09/01/2026,USD,61549.16,6387.86,4467.53,61549.16
PT003788,TR-0337,24/10/2022,USD,17939.99,1871.29,1982.58,17939.99
PT007563,TR-0670,27/09/2025,USD,142868.22,15815.05,41960.71,142868.22
PT007714,TR-0683,20/10/2025,USD,91024.39,4803.71,4908.81,91024.39
PT005468,TR-0484,10/12/2024,EUR,322291.88,37965.61,35034.45,322291.88
PT003370,TR-0298,30/11/2025,EUR,72094.16,8296.87,16959.91,72094.16
PT003167,TR-0280,29/07/2025,USD,59622.21,3905.8,18841.97,59622.21
PT007287,TR-0645,17/01/2024,EUR,63107.84,5661.9,4257.57,63107.84
PT004421,TR-0392,25/05/2022,USD,313220.46,37393.51,79080.4,313220.46
PT002962,TR-0263,30/03/2026,EUR,38545.79,2126.18,2619.85,38545.79
PT004716,TR-0418,16/10/2021,USD,66109.2,5957.54,10340.44,66109.2
PT001385,TR-0125,30/04/2025,USD,409877.35,42280.44,95387.72,409877.35
PT002002,TR-0180,03/12/2024,EUR,67795.64,6608.84,3536.87,67795.64
PT006576,TR-0582,21/10/2023,EUR,87711.45,4505.61,6188.16,87711.45
PT007682,TR-0680,21/02/2023,USD,164633.16,18206.15,15241.0,164633.16
PT000452,TR-0040,09/01/2025,USD,71386.65,4315.76,5543.21,71386.65
PT004809,TR-0426,06/04/2024,USD,65750.67,3877.41,14588.43,65750.67
PT002843,TR-0253,08/04/2024,USD,33238.01,3761.25,3482.01,33238.01
PT001333,TR-0121,03/03/2024,USD,276582.4,16816.16,72794.98,276582.4
PT004484,TR-0398,17/09/2025,EUR,96270.43,9614.88,23450.44,96270.43
PT005126,TR-0455,18/02/2024,USD,111249.39,5920.2,11943.51,111249.39
PT004758,TR-0421,12/12/2023,USD,94269.31,5440.4,7802.29,94269.31
PT005319,TR-0472,02/07/2024,USD,77485.97,4901.1,24461.46,77485.97
PT007156,TR-0635,20/12/2024,EUR,68210.38,3621.52,11112.86,68210.38
PT004839,TR-0428,18/12/2025,USD,187489.03,16352.03,58407.73,187489.03
PT003214,TR-0284,11/01/2025,EUR,-1166895.94,-123284.79,-114345.83,-1166895.94
PT004462,TR-0396,11/10/2022,USD,239845.45,13220.92,53238.95,239845.45
PT001203,TR-0109,23/08/2022,USD,105427.91,10274.8,7092.21,105427.91
PT000184,TR-0017,28/08/2022,EUR,53520.5,3944.03,2893.72,53520.5
PT002114,TR-0189,02/05/2025,USD,50169.19,4165.63,4665.72,50169.19
PT003107,TR-0275,22/03/2025,USD,100845.39,10385.5,11832.39,100845.39
PT002317,TR-0207,30/08/2022,EUR,211083.13,11860.92,49531.65,211083.13
PT001461,TR-0133,05/04/2025,INR,3085858.7,303972.08,287929.88,3085858.7
PT004368,TR-0387,07/12/2023,USD,35087.28,3137.78,9668.7,35087.28
PT004133,TR-0367,03/02/2023,USD,153767.97,9037.38,15560.7,153767.97
PT002255,TR-0201,24/12/2025,USD,52479.91,3681.29,13028.32,52479.91
PT002857,TR-0254,21/12/2023,USD,109602.92,8849.87,32804.38,109602.92
PT005164,TR-0458,17/07/2021,USD,84272.84,8772.44,22733.1,84272.84
PT004469,TR-0396,11/05/2023,USD,239845.45,13220.92,53238.95,239845.45
PT007490,TR-0663,25/02/2025,EUR,336669.44,27421.9,23503.35,336669.44
PT005677,TR-0502,05/07/2024,INR,2042287.14,108783.0,395944.59,2042287.14
PT001307,TR-0118,19/10/2024,USD,296970.76,29038.15,17656.57,296970.76
PT001497,TR-0136,17/01/2024,USD,89893.73,7367.54,23136.11,89893.73
PT007826,TR-0694,07/01/2025,USD,246554.18,22639.45,14915.53,246554.18
PT003363,TR-0297,23/09/2026,USD,153271.36,9598.58,33936.22,35763.32
PT007329,TR-0649,01/11/2023,USD,336774.22,25578.56,99427.49,336774.22
PT004822,TR-0427,21/12/2025,USD,351033.15,29580.52,102394.92,351033.15
PT004290,TR-0381,15/08/2024,USD,196717.43,18224.67,21941.46,196717.43
PT001277,TR-0116,14/02/2025,INR,8999544.15,556891.68,667986.37,8999544.15
PT000054,TR-0006,02/05/2022,USD,16666.67,1068.75,4953.51,16666.67
PT002588,TR-0231,14/05/2021,USD,222276.24,13343.45,52763.42,222276.24
PT005444,TR-0482,18/04/2024,USD,151505.21,8151.24,26378.52,151505.21
PT005278,TR-0468,11/03/2022,USD,196119.25,10716.9,52787.65,196119.25
PT003629,TR-0323,08/08/2023,USD,87122.53,10056.82,9355.37,87122.53
PT007491,TR-0663,25/03/2025,EUR,336669.44,27421.9,23503.35,336669.44
PT002367,TR-0211,13/04/2025,USD,65590.84,4581.66,14503.36,65590.84
PT005808,TR-0513,11/06/2025,USD,206673.62,13315.27,61875.66,206673.62
PT007489,TR-0663,25/01/2025,EUR,336669.44,27421.9,23503.35,336669.44
PT005241,TR-0465,22/12/2025,INR,8470587.64,557084.81,2288865.26,8470587.64
PT001525,TR-0138,12/08/2026,USD,162801.26,9812.36,8622.64,162801.26
PT007336,TR-0650,28/04/2023,USD,57512.38,5066.35,17936.64,57512.38
PT000522,TR-0045,15/05/2024,USD,147873.25,10444.91,8539.45,147873.25
PT001084,TR-0098,29/01/2023,EUR,172133.26,19055.51,51005.76,172133.26
PT002763,TR-0246,10/12/2024,EUR,268977.84,29550.3,76589.04,268977.84
PT006983,TR-0618,08/06/2024,EUR,47369.19,3350.13,2384.21,47369.19
PT004000,TR-0355,19/12/2024,USD,179347.12,14339.27,12695.21,179347.12
PT004372,TR-0388,09/02/2025,USD,586856.36,60291.16,63713.64,586856.36
PT002125,TR-0190,26/10/2023,USD,60568.52,6162.37,3679.2,60568.52
PT002743,TR-0244,21/03/2026,USD,154510.56,14102.76,36427.43,154510.56
PT003226,TR-0285,06/12/2024,USD,98525.36,7455.61,7850.62,98525.36
PT000562,TR-0050,12/05/2023,EUR,108578.56,7353.26,17174.83,108578.56
PT900058,TR-0269,12/06/2025,USD,100980.51,5635.27,25218.16,100980.51
PT002029,TR-0182,28/03/2026,USD,0.0,7935.74,7896.02,97280.01
PT003474,TR-0307,21/07/2026,USD,117182.12,13660.29,8467.45,117182.12
PT006582,TR-0582,21/04/2024,EUR,87711.45,4505.61,6188.16,87711.45
PT004700,TR-0417,06/07/2024,EUR,453408.93,47939.11,24422.49,453408.93
PT002344,TR-0209,14/05/2026,USD,68828.83,6856.75,7557.92,68828.83
PT006828,TR-0605,07/01/2026,USD,115273.31,6184.99,33746.92,115273.31
PT005476,TR-0485,03/02/2026,EUR,448470.0,52722.3,85119.97,448470.0
PT005998,TR-0530,04/08/2026,USD,28789.83,3445.91,6971.98,28789.83
PT006822,TR-0604,27/01/2023,EUR,54364.47,4042.04,16574.27,54364.47
PT002856,TR-0254,21/11/2023,USD,109602.92,8849.87,32804.38,109602.92
PT004534,TR-0403,25/01/2026,USD,54050.68,4910.21,14314.55,54050.68
PT004527,TR-0402,15/06/2024,INR,10115278.79,773680.46,1183805.95,10115278.79
PT001058,TR-0096,01/06/2023,EUR,33626.26,2813.8,8434.59,33626.26
PT000447,TR-0039,05/07/2023,USD,120590.09,12431.58,12155.95,120590.09
PT900073,TR-0311,26/06/2025,INR,13837771.97,1137026.21,710686.25,13837771.97
PT007302,TR-0647,29/10/2022,USD,197134.2,16814.11,18042.62,197134.2
PT005441,TR-0482,18/01/2024,USD,151505.21,8151.24,26378.52,151505.21
PT002012,TR-0181,27/04/2024,USD,69970.88,6168.94,22359.58,69970.88
PT002044,TR-0183,02/11/2025,USD,100544.26,7921.3,23011.91,100544.26
PT004582,TR-0407,28/12/2025,GBP,172344.19,12213.78,9128.0,172344.19
PT003667,TR-0327,25/02/2025,INR,4965231.55,507095.28,1212896.33,4965231.55
PT005517,TR-0489,29/10/2022,EUR,254828.99,25710.6,17808.63,254828.99
PT001647,TR-0149,07/12/2022,USD,74747.37,8122.76,7843.28,74747.37
PT005648,TR-0500,11/01/2025,USD,329498.64,36506.79,80622.15,329498.64
PT004145,TR-0368,08/10/2023,GBP,72983.35,5147.97,22524.26,72983.35
PT003546,TR-0315,01/10/2022,USD,58673.31,6941.79,16238.13,58673.31
PT006385,TR-0564,15/12/2025,INR,23516127.75,2211072.71,2101638.06,23516127.75
PT004586,TR-0407,28/04/2026,GBP,172344.19,12213.78,9128.0,172344.19
PT005002,TR-0443,27/11/2024,USD,174851.14,14433.96,20927.38,174851.14
PT003378,TR-0299,03/05/2024,INR,9826186.48,1039145.41,624326.17,9826186.48
PT003638,TR-0324,14/08/2023,USD,463519.43,50432.76,41052.76,463519.43
PT900082,TR-0366,09/06/2025,USD,244109.16,19467.39,14871.27,244109.16
PT004694,TR-0416,30/10/2022,USD,31871.84,3672.14,3261.3,31871.84
PT005346,TR-0474,19/04/2022,USD,223220.23,21354.72,64495.84,223220.23
PT005160,TR-0458,17/03/2021,USD,84272.84,8772.44,22733.1,84272.84
PT002538,TR-0226,26/10/2024,USD,138385.55,12167.09,35028.86,138385.55
PT005949,TR-0526,04/12/2024,EUR,98010.35,8283.35,5985.21,98010.35
PT003781,TR-0336,05/03/2023,USD,70274.21,5951.93,11520.11,70274.21
PT003679,TR-0328,08/07/2024,USD,59138.66,3765.18,16038.65,59138.66
PT003417,TR-0302,06/09/2024,EUR,63291.83,7448.02,7388.65,63291.83
PT001792,TR-0162,28/07/2025,USD,147633.93,8096.2,13248.99,147633.93
PT005625,TR-0498,23/06/2024,USD,124266.44,12509.4,30737.92,124266.44
PT900103,TR-0483,20/06/2025,USD,38196.24,2004.43,2501.49,38196.24
PT001709,TR-0155,30/05/2024,USD,58436.4,6643.39,6874.12,58436.4
PT000508,TR-0044,13/12/2022,USD,167426.07,10739.74,38489.99,167426.07
PT006387,TR-0564,15/02/2026,INR,23516127.75,2211072.71,2101638.06,23516127.75
PT007114,TR-0631,10/03/2023,USD,36017.19,2058.13,2236.99,36017.19
PT005547,TR-0491,03/04/2025,USD,110583.03,5928.64,9812.9,110583.03
PT001261,TR-0114,14/02/2025,USD,588038.38,35206.98,62815.83,588038.38
PT007280,TR-0645,17/06/2023,EUR,63107.84,5661.9,4257.57,63107.84
PT001335,TR-0121,03/05/2024,USD,276582.4,16816.16,72794.98,276582.4
PT001214,TR-0110,15/09/2025,USD,221040.92,12503.52,40209.81,221040.92
PT007064,TR-0626,06/05/2023,EUR,91882.43,8400.04,16020.2,91882.43
PT000992,TR-0089,10/09/2026,USD,88582.45,5680.86,21216.6,59054.97
PT001303,TR-0118,19/06/2024,USD,296970.76,29038.15,17656.57,296970.76
PT007315,TR-0648,22/08/2023,EUR,303418.56,29478.69,95550.45,303418.56
PT003886,TR-0345,15/03/2023,EUR,57092.55,5540.32,16430.69,57092.55
PT003912,TR-0347,07/03/2025,EUR,71924.04,8496.24,11945.97,71924.04
PT004002,TR-0355,19/02/2025,USD,179347.12,14339.27,12695.21,179347.12
PT004623,TR-0410,29/06/2022,USD,285909.27,28239.09,18626.41,285909.27
PT001286,TR-0116,14/11/2025,INR,8999544.15,556891.68,667986.37,8999544.15
PT000025,TR-0003,09/09/2021,EUR,90737.65,7449.41,26187.76,90737.65
PT001225,TR-0111,08/09/2022,EUR,100126.81,9621.55,18874.87,100126.81
PT004134,TR-0367,03/03/2023,USD,153767.97,9037.38,15560.7,153767.97
PT003022,TR-0268,11/08/2023,USD,62056.41,6646.76,18645.13,62056.41
PT004561,TR-0405,29/06/2024,USD,221221.42,16142.54,25275.87,221221.42
PT000552,TR-0049,31/05/2023,USD,182970.01,15432.16,57452.93,182970.01
PT000972,TR-0088,26/07/2021,USD,58920.03,3848.02,9302.07,58920.03
PT005885,TR-0520,02/08/2024,EUR,97047.02,9960.27,5087.21,97047.02
PT000146,TR-0014,08/11/2021,USD,16666.67,1581.04,2759.14,16666.67
PT005607,TR-0496,05/01/2026,USD,121892.83,13916.04,32505.24,121892.83
PT001875,TR-0169,14/07/2024,EUR,50990.54,2794.46,9599.79,50990.54
PT006512,TR-0575,23/01/2026,USD,30879.36,2238.49,3206.94,30879.36
PT000579,TR-0051,01/06/2026,USD,177057.15,18044.43,21105.61,177057.15
PT006721,TR-0595,26/11/2024,EUR,81832.23,6296.99,15115.38,81832.23
PT006333,TR-0560,26/06/2024,INR,10392805.44,719820.76,569301.43,10392805.44
PT004740,TR-0420,17/11/2023,EUR,108514.56,6281.92,17660.21,108514.56
PT000512,TR-0045,15/07/2023,USD,147873.25,10444.91,8539.45,147873.25
PT006680,TR-0591,14/07/2023,USD,92498.11,7243.65,6562.69,92498.11
PT007525,TR-0666,07/06/2024,GBP,148673.21,17424.74,10431.36,148673.21
PT003940,TR-0350,08/05/2024,INR,12441374.16,1421896.47,3326534.5,12441374.16
PT002826,TR-0251,10/10/2023,EUR,170847.05,11507.08,51623.37,170847.05
PT005550,TR-0492,17/11/2022,USD,222805.42,22886.05,59329.1,222805.42
PT006869,TR-0609,10/12/2022,USD,57524.85,5486.44,14486.98,57524.85
PT005307,TR-0471,18/12/2025,EUR,77216.42,6751.51,19626.13,77216.42
PT004457,TR-0395,20/12/2025,USD,19261.0,1427.54,2150.01,19261.0
PT003764,TR-0335,08/03/2024,USD,98458.37,7177.81,22103.33,98458.37
PT000489,TR-0043,23/02/2024,EUR,147379.83,11260.47,17018.94,147379.83
PT002437,TR-0217,01/02/2022,EUR,110293.09,6221.54,32669.62,110293.09
PT000080,TR-0008,11/02/2026,USD,24607.49,2216.37,7825.25,24607.49
PT002482,TR-0221,24/02/2025,USD,139529.4,11332.89,36862.29,139529.4
PT002268,TR-0203,12/02/2025,INR,6759740.53,616133.69,2019094.71,6759740.53
PT003071,TR-0272,20/07/2024,USD,382220.9,21579.44,107600.37,382220.9
PT000853,TR-0078,08/02/2024,INR,35903508.55,3505235.0,6424892.51,35903508.55
PT002972,TR-0264,03/11/2023,EUR,185457.67,13531.92,13071.36,185457.67
PT007814,TR-0693,07/03/2021,USD,42620.19,2540.92,12492.82,42620.19
PT002630,TR-0234,13/07/2026,USD,59490.81,3553.41,14719.49,59490.81
PT006445,TR-0569,16/08/2023,USD,252654.55,20173.13,74045.68,252654.55
PT002328,TR-0208,25/02/2025,USD,177433.96,9587.12,56726.86,177433.96
PT003936,TR-0349,19/05/2022,USD,227434.56,21696.32,56063.1,227434.56
PT003211,TR-0284,11/10/2024,EUR,1166895.94,123284.79,114345.83,1166895.94
PT001436,TR-0130,31/05/2023,USD,79586.62,4046.47,4078.84,79586.62
PT001815,TR-0163,03/02/2026,USD,256698.41,22686.78,13846.37,256698.41
PT001754,TR-0158,23/02/2026,USD,48036.85,4454.77,5670.51,48036.85
PT002339,TR-0209,14/12/2025,USD,68828.83,6856.75,7557.92,68828.83
PT002611,TR-0233,05/03/2025,USD,205917.56,21692.47,11670.32,205917.56
PT001443,TR-0130,31/12/2023,USD,79586.62,4046.47,4078.84,79586.62
PT000282,TR-0025,16/01/2024,USD,89604.85,10744.7,21394.0,89604.85
PT007274,TR-0644,30/07/2025,USD,74853.06,4125.74,14760.53,74853.06
PT003527,TR-0312,11/07/2026,USD,77520.44,4567.27,7424.84,77520.44
PT000831,TR-0076,12/01/2024,EUR,114451.19,11000.22,19051.9,114451.19
PT003686,TR-0328,08/02/2025,USD,59138.66,3765.18,16038.65,59138.66
PT002974,TR-0264,03/01/2024,EUR,185457.67,13531.92,13071.36,185457.67
PT003641,TR-0324,14/11/2023,USD,463519.43,50432.76,41052.76,463519.43
PT002347,TR-0209,14/08/2026,USD,68828.83,6856.75,7557.92,68828.83
PT004679,TR-0415,14/09/2023,INR,17823594.36,1912634.37,1052331.63,17823594.36
PT002792,TR-0249,05/12/2024,USD,252877.99,21600.4,21776.06,252877.99
PT005138,TR-0456,16/03/2024,USD,805192.2,48586.1,87380.93,805192.2
PT005083,TR-0451,18/01/2023,USD,24037.28,1726.09,6748.19,24037.28
PT006923,TR-0613,01/05/2026,USD,69722.78,6874.33,20542.69,69722.78
PT007742,TR-0685,28/09/2025,EUR,187114.9,16786.77,53131.96,187114.9
PT002025,TR-0182,28/11/2025,USD,97280.01,7935.74,7896.02,97280.01
PT002520,TR-0224,23/01/2026,USD,417953.99,48966.05,108261.62,417953.99
PT005107,TR-0453,08/04/2022,USD,905854.14,101181.38,54066.76,905854.14
PT004004,TR-0355,19/04/2025,USD,179347.12,14339.27,12695.21,179347.12
PT002462,TR-0219,08/06/2023,USD,29945.05,3434.69,4499.22,29945.05
PT003402,TR-0301,23/07/2025,USD,21863.27,1654.41,1490.77,21863.27
PT006876,TR-0609,10/07/2023,USD,57524.85,5486.44,14486.98,57524.85
PT006982,TR-0618,08/05/2024,EUR,47369.19,3350.13,2384.21,47369.19
PT005017,TR-0444,23/08/2026,USD,162995.78,16957.19,9661.02,162995.78
PT002764,TR-0246,10/01/2025,EUR,268977.84,29550.3,76589.04,268977.84
PT900051,TR-0224,23/06/2025,USD,417953.99,48966.05,108261.62,417953.99
PT007282,TR-0645,17/08/2023,EUR,63107.84,5661.9,4257.57,63107.84
PT000806,TR-0073,19/08/2021,EUR,751256.97,43627.63,232015.61,751256.97
PT006051,TR-0535,11/03/2024,USD,193583.04,18712.19,14697.39,193583.04
PT000014,TR-0002,30/04/2026,GBP,37358.05,4448.01,11716.01,37358.05
PT005316,TR-0472,02/04/2024,USD,77485.97,4901.1,24461.46,77485.97
PT001643,TR-0148,20/10/2023,INR,7799708.38,618064.73,568961.74,7799708.38
PT007141,TR-0633,01/04/2026,USD,101645.68,10260.41,6933.47,101645.68
PT005633,TR-0498,23/02/2025,USD,124266.44,12509.4,30737.92,124266.44
PT002806,TR-0250,16/10/2022,EUR,87580.61,6477.36,24698.01,87580.61
PT004643,TR-0412,20/08/2023,EUR,63811.93,4774.78,15322.55,63811.93
PT005391,TR-0478,04/05/2023,USD,95633.43,6439.71,29130.43,95633.43
PT007725,TR-0684,17/07/2025,USD,126599.55,11035.73,19786.65,126599.55
PT005875,TR-0519,14/01/2025,EUR,28723.2,2923.81,7213.51,28723.2
PT000728,TR-0067,27/10/2023,INR,29066660.44,1877315.43,8575437.97,29066660.44
PT007003,TR-0620,17/09/2026,USD,91719.89,8938.15,25809.48,39745.29
PT000485,TR-0042,27/07/2022,EUR,78219.92,5976.01,7982.5,78219.92
PT004079,TR-0361,20/12/2021,USD,55805.28,6687.45,12734.32,55805.28
PT003930,TR-0349,19/11/2021,USD,227434.56,21696.32,56063.1,227434.56
PT002204,TR-0197,03/09/2021,USD,45335.18,4803.98,13035.43,45335.18
PT000900,TR-0081,28/02/2025,EUR,15432.1,1676.55,899.51,15432.1
PT004446,TR-0395,20/01/2025,USD,19261.0,1427.54,2150.01,19261.0
PT004432,TR-0393,11/06/2024,USD,25086.23,1336.59,5830.42,25086.23
PT000516,TR-0045,15/11/2023,USD,147873.25,10444.91,8539.45,147873.25
PT000027,TR-0003,09/11/2021,EUR,90737.65,7449.41,26187.76,90737.65
PT001123,TR-0102,06/10/2022,USD,83603.64,6696.4,20359.63,83603.64
PT003866,TR-0343,01/12/2024,USD,118599.13,14150.09,11941.45,118599.13
PT004322,TR-0384,23/01/2023,EUR,170411.49,12123.68,47760.22,170411.49
PT006011,TR-0531,01/04/2024,EUR,24995.64,1818.01,6036.5,24995.64
PT004729,TR-0419,24/11/2021,USD,22504.6,1617.69,1774.43,22504.6
PT002465,TR-0220,19/06/2025,EUR,34448.86,3610.19,3860.31,34448.86
PT003574,TR-0317,22/04/2022,USD,151237.27,12948.26,43182.88,151237.27
PT007724,TR-0684,17/06/2025,USD,126599.55,11035.73,19786.65,126599.55
PT001196,TR-0108,14/11/2022,USD,293289.08,30048.84,29954.78,293289.08
PT003916,TR-0348,08/03/2024,USD,53506.37,6190.83,14710.6,53506.37
PT007378,TR-0653,30/04/2022,USD,200045.25,11619.93,32003.36,200045.25
PT007088,TR-0629,23/09/2024,USD,41059.38,2503.05,4225.65,41059.38
PT006202,TR-0549,30/09/2025,USD,48465.38,3129.5,15295.14,48465.38
PT003560,TR-0316,29/11/2021,USD,90076.31,4710.36,25250.23,90076.31
PT000950,TR-0086,16/12/2023,USD,160730.09,17511.68,29798.1,160730.09
PT005544,TR-0491,03/01/2025,USD,110583.03,5928.64,9812.9,110583.03
PT002351,TR-0210,13/04/2022,USD,54762.14,3534.05,5411.03,54762.14
PT006491,TR-0574,13/09/2023,EUR,69175.01,4721.66,20680.92,69175.01
PT004624,TR-0410,29/07/2022,USD,285909.27,28239.09,18626.41,285909.27
PT006663,TR-0590,11/06/2021,USD,161416.74,9717.35,38102.17,161416.74
PT001236,TR-0112,01/01/2023,USD,73860.72,8579.69,3852.76,73860.72
PT004779,TR-0423,23/05/2026,USD,320347.69,24300.72,22697.03,320347.69
PT007494,TR-0663,25/06/2025,EUR,336669.44,27421.9,23503.35,336669.44
PT002994,TR-0266,02/05/2022,USD,161795.9,11720.64,49999.11,161795.9
PT001486,TR-0135,03/05/2026,EUR,65642.01,4598.98,6441.28,65642.01
PT005961,TR-0527,30/09/2025,EUR,127908.47,10888.38,20260.29,127908.47
PT004433,TR-0393,11/07/2024,USD,25086.23,1336.59,5830.42,25086.23
PT006973,TR-0617,10/12/2023,INR,3201921.3,368488.81,992749.53,3201921.3
PT000501,TR-0044,13/05/2022,USD,167426.07,10739.74,38489.99,167426.07
PT002247,TR-0200,28/02/2026,USD,942775.26,59269.05,63291.85,942775.26
PT004487,TR-0399,28/07/2021,USD,191901.87,16437.79,13105.15,191901.87
PT000492,TR-0043,23/05/2024,EUR,147379.83,11260.47,17018.94,147379.83
PT005285,TR-0469,05/08/2024,USD,25087.82,2721.06,1601.7,25087.82
PT005212,TR-0463,07/11/2025,USD,312251.87,18928.08,60551.61,312251.87
PT003708,TR-0330,30/09/2024,USD,30616.55,3130.91,3198.85,30616.55
PT006998,TR-0619,04/02/2023,USD,96206.91,8269.65,23232.23,96206.91
PT000403,TR-0036,07/07/2022,USD,218838.27,22255.99,55726.7,218838.27
PT004883,TR-0432,06/03/2024,INR,13961054.36,876627.69,1265269.12,13961054.36
PT007025,TR-0622,05/08/2023,INR,12205529.65,950620.04,3709117.37,12205529.65
PT002157,TR-0193,29/11/2022,USD,348250.65,26073.42,111122.34,348250.65
PT004781,TR-0423,23/07/2026,USD,320347.69,24300.72,22697.03,320347.69
PT003010,TR-0267,28/07/2022,USD,242972.79,13958.11,23585.56,242972.79
PT006558,TR-0580,28/09/2026,EUR,159740.53,18120.18,13377.91,10649.37
PT002499,TR-0222,24/12/2025,EUR,81317.17,7543.56,15731.18,81317.17
PT005018,TR-0444,23/09/2026,USD,162995.78,16957.19,9661.02,38032.35
PT006178,TR-0547,17/01/2024,EUR,38547.45,3503.25,8962.53,38547.45
PT002600,TR-0232,11/03/2022,USD,57905.35,5981.94,3276.69,57905.35
PT007752,TR-0686,21/03/2026,USD,93492.9,6441.59,10100.38,93492.9
PT004888,TR-0433,07/10/2024,USD,50396.95,2574.16,15116.39,50396.95
PT000267,TR-0024,11/07/2025,USD,146627.78,16084.29,14224.79,146627.78
PT002092,TR-0187,19/02/2026,INR,9029511.21,986420.02,912510.96,9029511.21
PT005067,TR-0450,06/12/2024,USD,1740983.88,102684.64,510880.2,1740983.88
PT000064,TR-0007,19/09/2025,USD,57256.0,3081.23,13701.6,57256.0
PT006557,TR-0580,28/08/2026,EUR,159740.53,18120.18,13377.91,159740.53
PT007767,TR-0687,28/12/2022,USD,369973.65,33132.9,96139.32,369973.65
PT007492,TR-0663,25/04/2025,EUR,336669.44,27421.9,23503.35,336669.44
PT000457,TR-0040,09/06/2025,USD,71386.65,4315.76,5543.21,71386.65
PT001705,TR-0154,27/05/2026,USD,105191.91,8101.3,26265.04,105191.91
PT002442,TR-0218,12/02/2024,EUR,15432.1,1179.93,1059.96,15432.1
PT000214,TR-0019,12/03/2025,USD,60862.42,3074.28,19034.48,60862.42
PT003515,TR-0311,26/01/2025,INR,13837771.97,1137026.21,710686.25,13837771.97
PT006825,TR-0604,27/04/2023,EUR,54364.47,4042.04,16574.27,54364.47
PT006466,TR-0571,22/11/2023,USD,36495.53,3294.75,2227.51,36495.53
PT000009,TR-0001,15/01/2025,USD,239587.15,17252.86,24767.86,239587.15
PT005703,TR-0505,04/07/2023,USD,707427.8,61022.31,47587.06,707427.8
PT003791,TR-0337,24/01/2023,USD,17939.99,1871.29,1982.58,17939.99
PT006559,TR-0581,14/01/2022,USD,185251.07,16023.59,13846.27,185251.07
PT003139,TR-0278,13/06/2022,USD,182548.19,15677.0,46128.46,182548.19
PT001355,TR-0123,03/03/2023,USD,115963.04,13371.16,36995.43,115963.04
PT000897,TR-0081,29/11/2024,EUR,15432.1,1676.55,899.51,15432.1
PT005812,TR-0514,06/02/2021,USD,94523.62,8172.93,18853.85,94523.62
PT006365,TR-0562,07/07/2024,USD,71602.38,7690.42,19204.19,71602.38
PT002647,TR-0236,28/11/2023,USD,55405.03,6180.97,9851.62,55405.03
PT002698,TR-0240,21/02/2024,EUR,160571.49,13415.04,18889.76,160571.49
PT006137,TR-0543,25/05/2026,USD,83089.93,7227.2,8874.83,83089.93
PT002868,TR-0255,18/05/2024,INR,4509186.77,490070.37,403575.53,4509186.77
PT000702,TR-0064,28/08/2026,USD,266916.23,28893.26,60094.03,266916.23
PT007257,TR-0643,27/07/2025,EUR,171145.2,9877.78,15839.5,171145.2
PT001339,TR-0122,26/08/2024,USD,169933.52,18604.51,19271.38,169933.52
PT006298,TR-0557,14/09/2025,EUR,82994.87,6685.17,26334.78,82994.87
PT000672,TR-0061,16/02/2023,USD,79148.07,8247.51,8375.9,79148.07
PT006988,TR-0619,04/04/2022,USD,96206.91,8269.65,23232.23,96206.91
PT001171,TR-0106,11/06/2026,USD,149053.76,11617.8,34804.62,149053.76
PT001180,TR-0107,04/04/2025,USD,222938.83,15919.17,67960.24,222938.83
PT002722,TR-0242,27/07/2024,USD,219074.17,21806.13,50070.66,219074.17
PT006764,TR-0599,05/07/2025,USD,18411.08,1330.09,4802.26,18411.08
PT007734,TR-0685,28/01/2025,EUR,187114.9,16786.77,53131.96,187114.9
PT005365,TR-0476,15/01/2022,EUR,62924.0,5837.23,6315.18,62924.0
PT002751,TR-0245,17/11/2021,EUR,21180.19,2047.86,5414.33,21180.19
PT007194,TR-0638,20/09/2024,USD,92930.78,5137.75,18422.03,92930.78
PT002131,TR-0190,26/04/2024,USD,60568.52,6162.37,3679.2,60568.52
PT004283,TR-0380,21/01/2022,EUR,157199.35,15851.36,10445.3,157199.35
PT004317,TR-0383,21/11/2022,USD,235819.9,15513.8,75436.23,235819.9
PT007158,TR-0635,20/02/2025,EUR,68210.38,3621.52,11112.86,68210.38
PT001641,TR-0148,20/08/2023,INR,7799708.38,618064.73,568961.74,7799708.38
PT004251,TR-0377,30/04/2024,USD,62327.17,5145.55,5656.3,62327.17
PT002652,TR-0236,28/04/2024,USD,55405.03,6180.97,9851.62,55405.03
PT001956,TR-0176,13/04/2022,USD,82816.94,4701.74,15082.28,82816.94
PT003528,TR-0312,11/08/2026,USD,77520.44,4567.27,7424.84,77520.44
PT003466,TR-0307,21/11/2025,USD,117182.12,13660.29,8467.45,117182.12
PT006457,TR-0570,11/09/2023,INR,20031946.79,1401308.96,5385091.88,20031946.79
PT002236,TR-0199,16/05/2025,INR,4505630.51,422959.87,1025093.75,4505630.51
PT000935,TR-0084,30/11/2023,USD,167829.37,18999.84,53012.39,167829.37
PT000886,TR-0080,24/11/2025,EUR,134471.76,10248.43,21432.17,134471.76
PT007015,TR-0621,27/03/2022,EUR,133093.9,7467.9,38732.35,133093.9
PT006205,TR-0549,31/12/2025,USD,48465.38,3129.5,15295.14,48465.38
PT006932,TR-0614,03/12/2022,USD,23917.34,1245.1,2820.72,23917.34
PT005968,TR-0527,30/04/2026,EUR,127908.47,10888.38,20260.29,127908.47
PT001948,TR-0175,10/09/2021,USD,104485.16,10219.8,11217.69,104485.16
PT004952,TR-0438,21/04/2025,USD,162177.65,8887.21,16775.18,162177.65
PT900038,TR-0187,19/06/2025,INR,9029511.21,986420.02,912510.96,9029511.21
PT006754,TR-0598,04/01/2025,USD,101343.27,5236.04,20253.04,101343.27
PT002039,TR-0183,02/06/2025,USD,100544.26,7921.3,23011.91,100544.26
PT007512,TR-0665,18/02/2024,USD,99102.04,10349.65,8816.75,99102.04
PT006946,TR-0615,10/10/2021,EUR,241995.95,14635.49,69188.99,241995.95
PT002533,TR-0225,12/12/2024,EUR,37988.31,3099.5,2578.0,37988.31
PT002749,TR-0244,21/09/2026,USD,154510.56,14102.76,36427.43,46353.17
PT006546,TR-0579,07/05/2026,USD,81622.23,5876.12,23199.14,81622.23
PT007511,TR-0665,18/01/2024,USD,99102.04,10349.65,8816.75,99102.04
PT000132,TR-0012,21/08/2025,USD,126104.76,10667.19,23959.09,126104.76
PT002382,TR-0212,03/12/2025,EUR,284875.06,17375.04,32457.72,284875.06
PT006495,TR-0574,13/01/2024,EUR,69175.01,4721.66,20680.92,69175.01
PT006951,TR-0615,10/03/2022,EUR,241995.95,14635.49,69188.99,241995.95
PT005478,TR-0485,03/04/2026,EUR,448470.0,52722.3,85119.97,448470.0
PT001164,TR-0105,22/02/2024,USD,142898.06,11784.51,32834.94,142898.06
PT004399,TR-0391,02/08/2025,INR,3533990.66,397928.23,383247.54,3533990.66
PT007474,TR-0661,06/08/2026,EUR,122966.62,14533.03,14255.91,122966.62
PT000053,TR-0006,02/04/2022,USD,16666.67,1068.75,4953.51,16666.67
PT004453,TR-0395,20/08/2025,USD,19261.0,1427.54,2150.01,19261.0
PT005901,TR-0522,06/09/2021,USD,26140.4,2972.12,1337.81,26140.4
PT004841,TR-0428,18/02/2026,USD,187489.03,16352.03,58407.73,187489.03
PT004589,TR-0407,28/07/2026,GBP,172344.19,12213.78,9128.0,172344.19
PT004304,TR-0382,19/03/2025,EUR,69847.5,4421.82,19032.01,69847.5
PT003350,TR-0296,08/03/2023,USD,82085.09,6786.2,22829.89,82085.09
PT007651,TR-0677,05/07/2023,USD,100715.03,6782.36,22735.4,100715.03
PT001442,TR-0130,30/11/2023,USD,79586.62,4046.47,4078.84,79586.62
PT004349,TR-0386,25/04/2024,EUR,181257.15,14345.04,40811.49,181257.15
PT002723,TR-0242,27/08/2024,USD,219074.17,21806.13,50070.66,219074.17
PT002387,TR-0213,23/05/2026,USD,66395.1,5986.79,10812.94,66395.1
PT001522,TR-0138,12/05/2026,USD,162801.26,9812.36,8622.64,162801.26
PT003488,TR-0308,03/05/2024,USD,78800.94,6297.77,7973.06,78800.94
PT004901,TR-0434,28/05/2023,EUR,104107.79,9207.28,11537.17,104107.79
PT001740,TR-0157,11/02/2025,USD,59405.32,4717.71,6547.9,59405.32
PT004464,TR-0396,11/12/2022,USD,239845.45,13220.92,53238.95,239845.45
PT001708,TR-0155,30/04/2024,USD,58436.4,6643.39,6874.12,58436.4
PT003637,TR-0323,08/04/2024,USD,87122.53,10056.82,9355.37,87122.53
PT004184,TR-0371,05/01/2023,USD,56644.81,6315.15,17496.38,56644.81
PT000758,TR-0069,15/12/2025,USD,42534.31,4242.26,3766.99,42534.31
PT000572,TR-0050,12/03/2024,EUR,108578.56,7353.26,17174.83,108578.56
PT002191,TR-0195,03/03/2025,INR,14980881.59,944789.48,3557926.18,14980881.59
PT002742,TR-0244,21/02/2026,USD,154510.56,14102.76,36427.43,154510.56
PT003077,TR-0273,14/04/2023,EUR,66011.95,4008.05,20353.76,66011.95
PT003941,TR-0350,08/06/2024,INR,12441374.16,1421896.47,3326534.5,12441374.16
PT001096,TR-0099,30/08/2026,USD,81331.03,7301.23,6880.77,81331.03
PT005706,TR-0505,04/10/2023,USD,707427.8,61022.31,47587.06,707427.8
PT001435,TR-0130,30/04/2023,USD,79586.62,4046.47,4078.84,79586.62
PT002704,TR-0241,30/06/2023,USD,110607.31,12757.14,16933.35,110607.31
PT007890,TR-0700,06/06/2025,EUR,34424.68,4041.34,2782.24,34424.68
PT003294,TR-0291,11/12/2024,USD,241151.35,21511.67,17898.27,241151.35
PT006043,TR-0534,21/01/2025,USD,70945.67,5335.38,16487.07,70945.67
PT001464,TR-0133,05/07/2025,INR,3085858.7,303972.08,287929.88,3085858.7
PT006380,TR-0564,15/07/2025,INR,23516127.75,2211072.71,2101638.06,23516127.75
PT006473,TR-0571,22/06/2024,USD,36495.53,3294.75,2227.51,36495.53
PT001353,TR-0123,03/01/2023,USD,115963.04,13371.16,36995.43,115963.04
PT000913,TR-0083,12/06/2022,INR,18267778.74,1746707.69,5749454.17,18267778.74
PT003847,TR-0342,06/03/2022,EUR,222083.21,22385.9,59817.48,222083.21
PT001420,TR-0128,24/12/2024,EUR,43709.17,4362.12,2872.09,43709.17
PT005073,TR-0450,06/06/2025,USD,1740983.88,102684.64,510880.2,1740983.88
PT005541,TR-0491,03/10/2024,USD,110583.03,5928.64,9812.9,110583.03
PT004553,TR-0404,31/08/2023,USD,381386.18,26932.9,35947.96,381386.18
PT004194,TR-0372,07/05/2025,EUR,581947.26,62293.47,44878.32,581947.26
PT007224,TR-0640,10/11/2025,EUR,612028.73,39285.66,189968.94,612028.73
PT007601,TR-0673,09/05/2024,EUR,126367.22,10094.72,12157.89,126367.22
PT001797,TR-0162,28/12/2025,USD,147633.93,8096.2,13248.99,147633.93
PT001767,TR-0159,27/12/2021,EUR,57364.75,4171.85,18063.44,57364.75
PT005129,TR-0455,18/05/2024,USD,111249.39,5920.2,11943.51,111249.39
PT005361,TR-0476,15/09/2021,EUR,62924.0,5837.23,6315.18,62924.0
PT003312,TR-0292,17/10/2022,EUR,82391.95,7863.25,6986.54,82391.95
PT003739,TR-0333,19/06/2021,USD,311979.04,22071.62,55779.26,311979.04
PT002552,TR-0227,31/05/2026,USD,77943.55,5951.59,22770.19,77943.55
PT003817,TR-0339,08/05/2024,EUR,36809.39,3169.33,9613.35,36809.39
PT005265,TR-0467,03/05/2023,EUR,231313.34,12677.7,55121.71,231313.34
PT006610,TR-0585,22/09/2025,EUR,79203.98,5236.55,20211.26,79203.98
PT003439,TR-0304,24/11/2023,USD,86092.33,7559.76,5957.09,86092.33
PT001003,TR-0090,16/06/2026,USD,340739.27,29928.28,89881.62,340739.27
PT003063,TR-0271,04/09/2024,EUR,128391.7,13051.02,39523.01,128391.7
PT004620,TR-0410,29/03/2022,USD,285909.27,28239.09,18626.41,285909.27
PT004427,TR-0393,11/01/2024,USD,25086.23,1336.59,5830.42,25086.23
PT002102,TR-0188,28/02/2026,USD,29736.13,2312.24,1707.33,29736.13
PT000182,TR-0017,28/06/2022,EUR,53520.5,3944.03,2893.72,53520.5
PT006622,TR-0586,24/07/2024,EUR,22277.59,1315.46,5002.53,22277.59
PT002884,TR-0256,14/06/2026,USD,85424.88,5043.45,4286.06,85424.88
PT007293,TR-0646,02/11/2025,EUR,155116.13,9460.16,28938.56,155116.13
PT001430,TR-0129,08/01/2025,USD,47242.56,2502.85,3933.02,47242.56
PT003033,TR-0269,12/08/2025,USD,100980.51,5635.27,25218.16,100980.51
PT003083,TR-0273,14/10/2023,EUR,66011.95,4008.05,20353.76,66011.95
PT003581,TR-0317,22/11/2022,USD,151237.27,12948.26,43182.88,151237.27
PT003382,TR-0299,03/09/2024,INR,9826186.48,1039145.41,624326.17,9826186.48
PT002067,TR-0185,19/11/2024,EUR,365810.37,32917.42,24137.46,365810.37
PT006934,TR-0614,03/02/2023,USD,23917.34,1245.1,2820.72,23917.34
PT006990,TR-0619,04/06/2022,USD,96206.91,8269.65,23232.23,96206.91
PT001796,TR-0162,28/11/2025,USD,147633.93,8096.2,13248.99,147633.93
PT006993,TR-0619,04/09/2022,USD,96206.91,8269.65,23232.23,96206.91
PT006794,TR-0602,13/05/2025,USD,153793.21,10283.35,36172.72,153793.21
PT005461,TR-0484,10/05/2024,EUR,322291.88,37965.61,35034.45,322291.88
PT006676,TR-0591,14/03/2023,USD,92498.11,7243.65,6562.69,92498.11
PT001142,TR-0103,10/04/2026,EUR,106843.15,6897.78,12776.89,106843.15
PT005575,TR-0494,04/11/2025,GBP,64363.54,6142.65,15413.02,64363.54
PT001280,TR-0116,14/05/2025,INR,8999544.15,556891.68,667986.37,8999544.15
PT003384,TR-0299,03/11/2024,INR,9826186.48,1039145.41,624326.17,9826186.48
PT002468,TR-0220,19/09/2025,EUR,34448.86,3610.19,3860.31,34448.86
PT000633,TR-0058,07/12/2025,USD,18286.12,1426.4,4609.0,18286.12
PT002615,TR-0233,05/07/2025,USD,205917.56,21692.47,11670.32,205917.56
PT000906,TR-0082,25/06/2025,USD,160606.71,8481.1,12265.76,160606.71
PT002910,TR-0258,26/06/2023,USD,575297.25,50646.06,59184.28,575297.25
PT003824,TR-0340,03/10/2021,USD,104005.14,11392.65,5817.45,104005.14
PT006567,TR-0581,14/09/2022,USD,185251.07,16023.59,13846.27,185251.07
PT004541,TR-0403,25/08/2026,USD,54050.68,4910.21,14314.55,54050.68
PT004529,TR-0402,15/08/2024,INR,10115278.79,773680.46,1183805.95,10115278.79
PT004580,TR-0407,28/10/2025,GBP,172344.19,12213.78,9128.0,172344.19
PT001652,TR-0149,07/05/2023,USD,74747.37,8122.76,7843.28,74747.37
PT000480,TR-0042,27/02/2022,EUR,78219.92,5976.01,7982.5,78219.92
PT002756,TR-0245,17/04/2022,EUR,21180.19,2047.86,5414.33,21180.19
PT006910,TR-0612,15/12/2022,USD,251024.5,16010.59,17141.95,251024.5
PT002568,TR-0229,01/09/2022,USD,45460.25,4548.06,11420.08,45460.25
PT007833,TR-0694,07/08/2025,USD,246554.18,22639.45,14915.53,246554.18
PT000595,TR-0054,27/02/2025,EUR,157527.59,12834.45,28970.06,157527.59
PT006726,TR-0595,26/04/2025,EUR,81832.23,6296.99,15115.38,81832.23
PT004108,TR-0365,13/06/2025,EUR,200113.61,22738.53,15804.8,200113.61
PT000949,TR-0086,16/11/2023,USD,160730.09,17511.68,29798.1,160730.09
PT004172,TR-0370,03/02/2025,EUR,147697.81,9711.38,11456.69,147697.81
PT003385,TR-0299,03/12/2024,INR,9826186.48,1039145.41,624326.17,9826186.48
PT003789,TR-0337,24/11/2022,USD,17939.99,1871.29,1982.58,17939.99
PT006320,TR-0559,29/06/2025,USD,327613.36,28850.88,38905.51,327613.36
PT007497,TR-0664,16/11/2021,USD,213681.59,21285.6,24773.7,213681.59
PT005078,TR-0450,06/11/2025,USD,1740983.88,102684.64,510880.2,1740983.88
PT001615,TR-0146,04/04/2026,EUR,127510.43,7217.59,13573.22,127510.43
PT001269,TR-0114,14/10/2025,USD,588038.38,35206.98,62815.83,588038.38
PT005246,TR-0466,29/10/2022,USD,152351.64,16896.07,11898.55,152351.64
PT005917,TR-0523,10/03/2026,EUR,111544.57,10596.98,12681.6,111544.57
PT005767,TR-0510,08/10/2022,USD,93349.78,5357.56,21604.83,93349.78
PT006533,TR-0577,05/03/2026,EUR,515142.53,61552.13,127897.05,515142.53
PT005383,TR-0477,15/06/2023,EUR,68632.81,5825.74,16119.89,68632.81
PT007066,TR-0626,06/07/2023,EUR,91882.43,8400.04,16020.2,91882.43
PT000864,TR-0078,08/01/2025,INR,35903508.55,3505235.0,6424892.51,35903508.55
PT003029,TR-0269,12/04/2025,USD,100980.51,5635.27,25218.16,100980.51
PT007121,TR-0632,15/12/2022,USD,74592.96,4667.86,8593.77,74592.96
PT000624,TR-0057,30/01/2026,EUR,26457.21,3008.79,6548.56,26457.21
PT006290,TR-0556,07/05/2025,USD,46277.07,2384.49,4639.52,46277.07
PT000055,TR-0006,02/06/2022,USD,16666.67,1068.75,4953.51,16666.67
PT004084,TR-0363,12/06/2022,EUR,468561.26,47361.12,38602.0,468561.26
PT000178,TR-0016,16/09/2025,USD,0.0,40165.06,137062.51,441126.28
PT001087,TR-0099,30/11/2025,USD,81331.03,7301.23,6880.77,81331.03
PT002983,TR-0265,23/08/2021,USD,157995.05,7944.03,10333.41,157995.05
PT006349,TR-0561,18/02/2023,USD,81274.19,5787.51,18098.87,81274.19
PT002141,TR-0191,14/01/2023,USD,125958.71,6581.4,25109.52,125958.71
PT001032,TR-0093,19/11/2023,USD,88465.05,6576.24,8373.71,88465.05
PT003616,TR-0322,24/03/2023,USD,28957.8,1472.65,2894.92,28957.8
PT003485,TR-0308,03/02/2024,USD,78800.94,6297.77,7973.06,78800.94
PT001107,TR-0100,17/06/2022,USD,220557.92,15166.88,15881.13,220557.92
PT005815,TR-0514,06/05/2021,USD,94523.62,8172.93,18853.85,94523.62
PT003683,TR-0328,08/11/2024,USD,59138.66,3765.18,16038.65,59138.66
PT005028,TR-0446,24/02/2026,USD,88269.93,6580.64,6268.7,88269.93
PT005965,TR-0527,30/01/2026,EUR,127908.47,10888.38,20260.29,127908.47
PT003676,TR-0327,25/11/2025,INR,4965231.55,507095.28,1212896.33,4965231.55
PT007386,TR-0654,03/11/2022,USD,71594.91,4166.35,4179.29,71594.91
PT000150,TR-0014,08/03/2022,USD,16666.67,1581.04,2759.14,16666.67
PT004417,TR-0392,25/01/2022,USD,313220.46,37393.51,79080.4,313220.46
PT007815,TR-0693,07/04/2021,USD,42620.19,2540.92,12492.82,42620.19
PT004096,TR-0364,28/05/2023,EUR,135352.14,11510.68,6918.41,135352.14
PT005410,TR-0480,11/03/2023,EUR,54153.3,5884.93,2992.31,54153.3
PT003542,TR-0314,05/10/2021,USD,60214.64,3811.84,18101.91,60214.64
PT001114,TR-0101,29/04/2024,USD,186388.62,11823.47,42085.53,186388.62
PT002800,TR-0249,05/08/2025,USD,252877.99,21600.4,21776.06,252877.99
PT004105,TR-0364,28/02/2024,EUR,135352.14,11510.68,6918.41,135352.14
PT005766,TR-0510,08/09/2022,USD,93349.78,5357.56,21604.83,93349.78
PT003873,TR-0344,14/12/2025,USD,139716.8,8577.56,12618.02,139716.8
PT006645,TR-0588,03/08/2022,EUR,187361.8,10946.03,36106.87,187361.8
PT004140,TR-0367,03/09/2023,USD,153767.97,9037.38,15560.7,153767.97
PT001964,TR-0176,13/12/2022,USD,82816.94,4701.74,15082.28,82816.94
PT001986,TR-0178,29/08/2026,USD,120341.02,9195.22,14087.9,120341.02
PT001507,TR-0137,01/08/2023,USD,94166.78,10920.36,7485.28,94166.78
PT005337,TR-0474,19/07/2021,USD,223220.23,21354.72,64495.84,223220.23
PT006097,TR-0540,27/03/2024,USD,157852.37,10641.33,14161.75,157852.37
PT007223,TR-0640,10/10/2025,EUR,612028.73,39285.66,189968.94,612028.73
PT002093,TR-0187,19/03/2026,INR,9029511.21,986420.02,912510.96,9029511.21
PT001998,TR-0179,11/08/2025,USD,239867.29,16929.17,61772.5,239867.29
PT006285,TR-0556,07/12/2024,USD,46277.07,2384.49,4639.52,46277.07
PT004791,TR-0424,06/09/2024,USD,348422.41,24441.94,33784.6,348422.41
PT006987,TR-0618,08/10/2024,EUR,47369.19,3350.13,2384.21,47369.19
PT000893,TR-0081,29/07/2024,EUR,15432.1,1676.55,899.51,15432.1
PT000787,TR-0071,03/10/2025,EUR,107052.24,12363.24,30470.18,107052.24
PT003743,TR-0333,19/10/2021,USD,311979.04,22071.62,55779.26,311979.04
PT000371,TR-0033,01/07/2024,USD,148341.91,8852.21,27528.98,148341.91
PT006482,TR-0572,08/10/2025,EUR,91897.18,5183.27,9891.45,91897.18
PT002992,TR-0265,23/05/2022,USD,157995.05,7944.03,10333.41,157995.05
PT006036,TR-0534,21/06/2024,USD,70945.67,5335.38,16487.07,70945.67
PT001325,TR-0120,14/09/2026,EUR,129208.41,10923.98,10816.22,68911.15
PT000159,TR-0015,21/06/2024,USD,205901.52,16755.69,56745.83,205901.52
PT006800,TR-0602,13/11/2025,USD,153793.21,10283.35,36172.72,153793.21
PT001016,TR-0091,04/02/2025,USD,235117.14,20306.71,55696.27,235117.14
PT001569,TR-0142,21/10/2023,EUR,56454.58,4777.3,15648.93,56454.58
PT003625,TR-0322,24/12/2023,USD,28957.8,1472.65,2894.92,28957.8
PT000771,TR-0070,15/12/2024,USD,105633.2,9140.89,8131.21,105633.2
PT005647,TR-0500,11/12/2024,USD,329498.64,36506.79,80622.15,329498.64
PT005099,TR-0453,08/08/2021,USD,905854.14,101181.38,54066.76,905854.14
PT002303,TR-0206,14/02/2022,INR,5990077.77,529984.94,1634715.82,5990077.77
PT002944,TR-0261,18/08/2025,EUR,624324.45,66139.38,171888.92,624324.45
PT000422,TR-0037,14/04/2025,EUR,109137.11,13043.62,29546.61,109137.11
PT001344,TR-0122,26/01/2025,USD,169933.52,18604.51,19271.38,169933.52
PT000248,TR-0022,14/05/2025,INR,11939174.62,1369770.96,1841509.8,11939174.62
PT002993,TR-0266,02/04/2022,USD,161795.9,11720.64,49999.11,161795.9
PT000047,TR-0005,11/07/2026,USD,64093.86,3436.46,15371.02,64093.86
PT002126,TR-0190,26/11/2023,USD,60568.52,6162.37,3679.2,60568.52
PT005148,TR-0457,05/10/2022,USD,72334.97,5795.18,5924.37,72334.97
PT000902,TR-0082,25/02/2025,USD,160606.71,8481.1,12265.76,160606.71
PT005727,TR-0507,19/05/2022,USD,94073.51,8763.93,24818.27,94073.51
PT003151,TR-0279,14/12/2024,EUR,73796.66,7605.59,13993.42,73796.66
PT001791,TR-0161,05/02/2022,EUR,42754.72,3628.16,2763.12,42754.72
PT003602,TR-0321,11/10/2024,USD,161742.36,8935.38,39083.25,161742.36
PT003376,TR-0299,03/03/2024,INR,9826186.48,1039145.41,624326.17,9826186.48
PT003027,TR-0268,11/01/2024,USD,62056.41,6646.76,18645.13,62056.41
PT002715,TR-0241,30/05/2024,USD,110607.31,12757.14,16933.35,110607.31
PT005440,TR-0482,18/12/2023,USD,151505.21,8151.24,26378.52,151505.21
PT003264,TR-0288,01/08/2025,USD,84838.55,5754.94,10102.78,84838.55
PT004810,TR-0426,06/05/2024,USD,65750.67,3877.41,14588.43,65750.67
PT002259,TR-0201,24/04/2026,USD,52479.91,3681.29,13028.32,52479.91
PT002302,TR-0206,14/01/2022,INR,5990077.77,529984.94,1634715.82,5990077.77
PT003845,TR-0341,09/09/2026,USD,64585.74,3636.43,16257.01,45210.02
PT007431,TR-0657,11/05/2025,USD,134067.74,14448.71,21246.07,134067.74
PT000195,TR-0018,16/08/2025,USD,657952.79,37732.66,48584.13,657952.79
PT001565,TR-0142,21/06/2023,EUR,56454.58,4777.3,15648.93,56454.58
PT000532,TR-0047,30/01/2022,USD,89508.76,9237.4,6801.56,89508.76
PT006750,TR-0598,04/09/2024,USD,101343.27,5236.04,20253.04,101343.27
PT007144,TR-0634,17/10/2024,USD,86475.79,6479.81,5506.45,86475.79
PT004472,TR-0397,05/09/2026,INR,14617890.98,1304797.48,856420.47,12181575.82
PT006782,TR-0601,23/11/2025,EUR,383225.56,42324.93,105000.69,383225.56
PT005813,TR-0514,06/03/2021,USD,94523.62,8172.93,18853.85,94523.62
PT004937,TR-0437,31/03/2022,USD,104966.16,10922.64,5671.7,104966.16
PT002124,TR-0190,26/09/2023,USD,60568.52,6162.37,3679.2,60568.52
PT007476,TR-0662,07/02/2026,USD,98240.33,8375.71,9439.69,98240.33
PT000963,TR-0087,20/07/2025,USD,135638.47,10215.2,11115.34,135638.47
PT005778,TR-0511,21/07/2021,USD,334493.39,22458.58,77322.03,334493.39
PT007684,TR-0680,21/04/2023,USD,164633.16,18206.15,15241.0,164633.16
PT000626,TR-0057,30/03/2026,EUR,26457.21,3008.79,6548.56,26457.21
PT004530,TR-0402,15/09/2024,INR,10115278.79,773680.46,1183805.95,10115278.79
PT001741,TR-0157,11/03/2025,USD,59405.32,4717.71,6547.9,59405.32
PT005236,TR-0465,22/07/2025,INR,8470587.64,557084.81,2288865.26,8470587.64
PT005741,TR-0508,23/01/2025,USD,44656.27,4798.38,5261.57,44656.27
PT000622,TR-0057,30/11/2025,EUR,26457.21,3008.79,6548.56,26457.21
PT000222,TR-0020,16/01/2025,USD,363245.55,40202.6,42654.03,363245.55
PT001715,TR-0155,30/11/2024,USD,58436.4,6643.39,6874.12,58436.4
PT000713,TR-0065,27/12/2023,INR,8489254.35,741695.98,481567.1,8489254.35
PT006291,TR-0556,07/06/2025,USD,46277.07,2384.49,4639.52,46277.07
PT007552,TR-0669,10/05/2022,USD,107508.6,10354.64,29073.6,107508.6
PT004556,TR-0405,29/01/2024,USD,221221.42,16142.54,25275.87,221221.42
PT005985,TR-0529,23/08/2025,USD,931509.25,110697.38,57160.07,931509.25
PT004843,TR-0429,10/05/2026,USD,84000.18,8032.04,22084.92,84000.18
PT003092,TR-0274,23/04/2023,EUR,50980.77,5410.39,5590.17,50980.77
PT002548,TR-0227,31/01/2026,USD,77943.55,5951.59,22770.19,77943.55
PT001545,TR-0140,19/07/2021,EUR,177138.64,12322.49,28863.29,177138.64
PT001127,TR-0102,06/02/2023,USD,83603.64,6696.4,20359.63,83603.64
PT006685,TR-0591,14/12/2023,USD,92498.11,7243.65,6562.69,92498.11
PT000664,TR-0061,16/06/2022,USD,79148.07,8247.51,8375.9,79148.07
PT000685,TR-0063,13/09/2024,EUR,29086.62,3489.22,8005.18,29086.62
PT000173,TR-0016,16/04/2025,USD,441126.28,40165.06,137062.51,441126.28
PT006544,TR-0579,07/03/2026,USD,81622.23,5876.12,23199.14,81622.23
PT000511,TR-0045,15/06/2023,USD,147873.25,10444.91,8539.45,147873.25
PT002837,TR-0252,11/04/2024,USD,111248.59,8184.22,8399.86,111248.59
PT004936,TR-0437,28/02/2022,USD,104966.16,10922.64,5671.7,104966.16
PT007198,TR-0638,20/01/2025,USD,92930.78,5137.75,18422.03,92930.78
PT007630,TR-0675,14/05/2022,USD,108287.57,6901.07,12510.11,108287.57
PT001699,TR-0154,27/11/2025,USD,105191.91,8101.3,26265.04,105191.91
PT004985,TR-0441,26/07/2026,USD,106504.94,7112.19,6390.39,106504.94
PT002335,TR-0208,25/09/2025,USD,177433.96,9587.12,56726.86,177433.96
PT005793,TR-0512,07/05/2023,EUR,106049.68,10330.07,9630.48,106049.68
PT003185,TR-0282,14/06/2022,USD,121339.65,9726.82,19035.5,121339.65
PT001129,TR-0102,06/04/2023,USD,83603.64,6696.4,20359.63,83603.64
PT000001,TR-0001,15/05/2024,USD,239587.15,17252.86,24767.86,239587.15
PT001223,TR-0111,08/07/2022,EUR,100126.81,9621.55,18874.87,100126.81
PT001831,TR-0165,30/11/2023,EUR,85843.2,7910.31,6485.74,85843.2
PT006592,TR-0584,01/09/2024,USD,16666.67,1648.01,2986.37,16666.67
PT002574,TR-0230,25/03/2021,USD,550925.07,29095.85,65516.53,550925.07
PT005024,TR-0446,24/10/2025,USD,88269.93,6580.64,6268.7,88269.93
PT001391,TR-0126,24/08/2023,USD,67627.15,4116.99,6135.2,67627.15
PT006004,TR-0531,01/09/2023,EUR,24995.64,1818.01,6036.5,24995.64
PT004549,TR-0404,30/04/2023,USD,381386.18,26932.9,35947.96,381386.18
PT003785,TR-0336,05/07/2023,USD,70274.21,5951.93,11520.11,70274.21
PT000474,TR-0041,01/11/2023,USD,152899.67,15470.31,44853.04,152899.67
PT005394,TR-0478,04/08/2023,USD,95633.43,6439.71,29130.43,95633.43
PT005554,TR-0492,17/03/2023,USD,222805.42,22886.05,59329.1,222805.42
PT003287,TR-0290,22/08/2023,USD,81373.4,6269.51,6981.14,81373.4
PT000707,TR-0065,27/06/2023,INR,8489254.35,741695.98,481567.1,8489254.35
PT004726,TR-0419,24/08/2021,USD,22504.6,1617.69,1774.43,22504.6
PT003195,TR-0282,14/04/2023,USD,121339.65,9726.82,19035.5,121339.65
PT005948,TR-0526,04/11/2024,EUR,98010.35,8283.35,5985.21,98010.35
PT002645,TR-0236,28/09/2023,USD,55405.03,6180.97,9851.62,55405.03
PT007547,TR-0668,19/12/2025,INR,7953107.34,925935.44,809200.6,7953107.34
PT004621,TR-0410,29/04/2022,USD,285909.27,28239.09,18626.41,285909.27
PT001230,TR-0111,08/02/2023,EUR,100126.81,9621.55,18874.87,100126.81
PT005837,TR-0516,21/07/2024,USD,222239.07,18226.64,17889.86,222239.07
PT002224,TR-0198,08/04/2026,USD,103454.16,7717.55,5920.95,103454.16
PT003999,TR-0355,19/11/2024,USD,179347.12,14339.27,12695.21,179347.12
PT000333,TR-0030,13/10/2024,USD,81309.53,4438.45,4651.73,81309.53
PT002737,TR-0243,06/09/2026,USD,309912.87,23450.53,16064.06,247930.3
PT003960,TR-0351,15/12/2023,INR,15711889.5,956811.08,4111380.8,15711889.5
PT000060,TR-0006,02/11/2022,USD,16666.67,1068.75,4953.51,16666.67
PT005780,TR-0511,21/09/2021,USD,334493.39,22458.58,77322.03,334493.39
PT004675,TR-0415,14/05/2023,INR,17823594.36,1912634.37,1052331.63,17823594.36
PT900000,TR-0012,21/06/2025,USD,126104.76,10667.19,23959.09,126104.76
PT003361,TR-0297,23/07/2026,USD,153271.36,9598.58,33936.22,153271.36
PT000148,TR-0014,08/01/2022,USD,16666.67,1581.04,2759.14,16666.67
PT000616,TR-0056,19/06/2025,USD,62766.84,3225.19,6071.08,62766.84
PT003259,TR-0288,01/03/2025,USD,84838.55,5754.94,10102.78,84838.55
PT002408,TR-0215,14/03/2025,USD,553151.55,39643.29,130562.47,553151.55
PT000651,TR-0059,09/09/2023,USD,231399.98,26353.46,21810.41,231399.98
PT004178,TR-0370,03/08/2025,EUR,147697.81,9711.38,11456.69,147697.81
PT003300,TR-0291,11/06/2025,USD,241151.35,21511.67,17898.27,241151.35
PT003533,TR-0313,26/09/2026,USD,221576.51,24043.7,59675.98,29543.53
PT004151,TR-0368,08/04/2024,GBP,72983.35,5147.97,22524.26,72983.35
PT002342,TR-0209,14/03/2026,USD,68828.83,6856.75,7557.92,68828.83
PT006232,TR-0551,06/11/2021,EUR,262779.64,19346.78,64920.23,262779.64
PT005929,TR-0524,26/09/2025,USD,89971.66,7949.52,28585.0,89971.66
PT002767,TR-0246,10/04/2025,EUR,268977.84,29550.3,76589.04,268977.84
PT003357,TR-0297,23/03/2026,USD,153271.36,9598.58,33936.22,153271.36
PT004956,TR-0439,08/10/2025,USD,258217.08,15728.8,50176.75,258217.08
PT000351,TR-0031,30/09/2023,INR,7894076.46,624916.2,2287853.13,7894076.46
PT002420,TR-0216,28/02/2024,USD,61875.35,3459.68,11119.3,61875.35
PT001911,TR-0172,02/08/2025,EUR,51744.13,3390.36,15900.9,51744.13
PT003177,TR-0281,06/06/2022,EUR,95739.04,6880.49,4891.37,95739.04
PT002864,TR-0255,18/01/2024,INR,4509186.77,490070.37,403575.53,4509186.77
PT004307,TR-0382,19/06/2025,EUR,69847.5,4421.82,19032.01,69847.5
PT003716,TR-0331,26/01/2024,USD,70372.5,4784.72,16632.04,70372.5
PT001967,TR-0177,13/04/2022,USD,42468.93,2572.32,3217.72,42468.93
PT004808,TR-0426,06/03/2024,USD,65750.67,3877.41,14588.43,65750.67
PT004455,TR-0395,20/10/2025,USD,19261.0,1427.54,2150.01,19261.0
PT005409,TR-0480,11/02/2023,EUR,54153.3,5884.93,2992.31,54153.3
PT005910,TR-0522,06/06/2022,USD,26140.4,2972.12,1337.81,26140.4
PT007418,TR-0656,30/04/2023,USD,104895.23,10394.92,18702.49,104895.23
PT001901,TR-0171,30/10/2022,USD,28457.63,2732.31,2228.21,28457.63
PT004857,TR-0430,15/01/2024,USD,229479.12,21235.7,21781.06,229479.12
PT006087,TR-0538,15/07/2023,USD,524519.39,52489.55,54640.59,524519.39
PT005424,TR-0481,01/12/2022,USD,87754.02,9506.11,10306.4,87754.02
PT003477,TR-0308,03/06/2023,USD,78800.94,6297.77,7973.06,78800.94
PT007832,TR-0694,07/07/2025,USD,246554.18,22639.45,14915.53,246554.18
PT001876,TR-0169,14/08/2024,EUR,50990.54,2794.46,9599.79,50990.54
PT004222,TR-0375,15/02/2026,USD,70907.72,4726.26,6975.85,70907.72
PT005729,TR-0507,19/07/2022,USD,94073.51,8763.93,24818.27,94073.51
PT006216,TR-0550,19/06/2025,USD,70481.65,5886.74,19550.06,70481.65
PT004848,TR-0430,15/04/2023,USD,229479.12,21235.7,21781.06,229479.12
PT003059,TR-0271,04/05/2024,EUR,128391.7,13051.02,39523.01,128391.7
PT001498,TR-0136,17/02/2024,USD,89893.73,7367.54,23136.11,89893.73
PT005661,TR-0501,27/02/2026,USD,76078.73,3869.15,18723.02,76078.73
PT002778,TR-0247,14/05/2023,GBP,104492.33,6707.1,17171.98,104492.33
PT002790,TR-0248,16/09/2026,USD,202308.3,11174.44,64214.87,94410.54
PT007201,TR-0638,20/04/2025,USD,92930.78,5137.75,18422.03,92930.78
PT005723,TR-0506,19/09/2021,EUR,39922.23,4382.82,9742.16,39922.23
PT900086,TR-0385,23/06/2025,USD,378653.5,24852.01,94448.41,378653.5
PT005027,TR-0446,24/01/2026,USD,88269.93,6580.64,6268.7,88269.93
PT004887,TR-0433,07/09/2024,USD,50396.95,2574.16,15116.39,50396.95
PT003126,TR-0277,10/03/2021,USD,117094.62,12012.95,10047.56,117094.62
PT004185,TR-0371,05/02/2023,USD,56644.81,6315.15,17496.38,56644.81
PT001376,TR-0125,30/07/2024,USD,409877.35,42280.44,95387.72,409877.35
PT001832,TR-0165,31/12/2023,EUR,85843.2,7910.31,6485.74,85843.2
PT006211,TR-0549,30/06/2026,USD,48465.38,3129.5,15295.14,48465.38
PT002143,TR-0191,14/03/2023,USD,125958.71,6581.4,25109.52,125958.71
PT001062,TR-0097,26/01/2025,EUR,39571.24,4060.98,3273.49,39571.24
PT900045,TR-0211,13/06/2025,USD,65590.84,4581.66,14503.36,65590.84
PT002353,TR-0210,13/06/2022,USD,54762.14,3534.05,5411.03,54762.14
PT006885,TR-0610,15/11/2022,USD,537001.73,30237.64,161334.18,537001.73
PT900002,TR-0019,12/06/2025,USD,60862.42,3074.28,19034.48,60862.42
PT001635,TR-0148,20/02/2023,INR,7799708.38,618064.73,568961.74,7799708.38
PT007744,TR-0685,28/11/2025,EUR,187114.9,16786.77,53131.96,187114.9
PT001119,TR-0101,29/09/2024,USD,186388.62,11823.47,42085.53,186388.62
PT005183,TR-0460,01/05/2024,EUR,201374.05,11594.34,23460.56,201374.05
PT000748,TR-0068,03/01/2022,USD,277413.18,21500.71,26561.7,277413.18
PT003875,TR-0344,14/02/2026,USD,139716.8,8577.56,12618.02,139716.8
PT002982,TR-0265,23/07/2021,USD,157995.05,7944.03,10333.41,157995.05
PT002316,TR-0207,30/07/2022,EUR,211083.13,11860.92,49531.65,211083.13
PT002589,TR-0231,14/06/2021,USD,222276.24,13343.45,52763.42,222276.24
PT004354,TR-0386,25/09/2024,EUR,181257.15,14345.04,40811.49,181257.15
PT006516,TR-0576,03/06/2021,USD,39886.88,3832.07,4052.85,39886.88
PT003116,TR-0276,15/12/2024,USD,391095.49,24727.88,114385.11,391095.49
PT006068,TR-0536,08/04/2026,USD,182296.07,13374.97,19208.55,182296.07
PT004426,TR-0393,11/12/2023,USD,25086.23,1336.59,5830.42,25086.23
PT005277,TR-0468,11/02/2022,USD,196119.25,10716.9,52787.65,196119.25
PT001011,TR-0091,04/09/2024,USD,235117.14,20306.71,55696.27,235117.14
PT001882,TR-0169,14/02/2025,EUR,50990.54,2794.46,9599.79,50990.54
PT003340,TR-0295,03/01/2024,USD,164154.4,9085.18,14204.63,164154.4
PT002556,TR-0227,30/09/2026,USD,77943.55,5951.59,22770.19,0.0
PT005506,TR-0488,11/12/2025,USD,499574.73,38234.1,42785.9,499574.73
PT006244,TR-0552,13/04/2025,USD,62952.26,4906.56,4160.65,62952.26
PT000988,TR-0089,10/05/2026,USD,88582.45,5680.86,21216.6,88582.45
PT003074,TR-0272,20/10/2024,USD,382220.9,21579.44,107600.37,382220.9
PT007385,TR-0654,03/10/2022,USD,71594.91,4166.35,4179.29,71594.91
PT003270,TR-0289,04/01/2025,USD,150696.38,16082.38,25618.89,150696.38
PT004102,TR-0364,28/11/2023,EUR,135352.14,11510.68,6918.41,135352.14
PT004323,TR-0384,23/02/2023,EUR,170411.49,12123.68,47760.22,170411.49
PT007028,TR-0623,27/05/2026,USD,82546.71,4670.13,15920.29,82546.71
PT004658,TR-0413,23/04/2026,GBP,118388.37,7143.88,9802.34,118388.37
PT002786,TR-0248,16/05/2026,USD,202308.3,11174.44,64214.87,202308.3
PT001408,TR-0127,05/09/2024,USD,387593.45,24881.69,43903.99,387593.45
PT006850,TR-0607,03/01/2026,EUR,237190.7,24068.51,14795.82,237190.7
PT007106,TR-0630,06/02/2023,USD,82243.7,5508.43,6925.59,82243.7
PT004492,TR-0399,28/12/2021,USD,191901.87,16437.79,13105.15,191901.87
PT005325,TR-0473,06/04/2024,GBP,111235.9,8352.91,11827.67,111235.9
PT002298,TR-0205,07/05/2024,USD,189934.44,17759.27,44138.05,189934.44
PT000471,TR-0041,01/08/2023,USD,152899.67,15470.31,44853.04,152899.67
PT003198,TR-0283,22/03/2022,EUR,1213009.89,83639.3,122035.32,1213009.89
PT006805,TR-0603,01/02/2025,INR,12289574.96,1115828.68,1398057.06,12289574.96
PT005850,TR-0517,14/11/2024,EUR,31347.56,1696.38,9673.78,31347.56
PT001750,TR-0158,23/10/2025,USD,48036.85,4454.77,5670.51,48036.85
PT006470,TR-0571,22/03/2024,USD,36495.53,3294.75,2227.51,36495.53
PT006918,TR-0613,01/12/2025,USD,69722.78,6874.33,20542.69,69722.78
PT003614,TR-0322,24/01/2023,USD,28957.8,1472.65,2894.92,28957.8
PT005511,TR-0488,11/05/2026,USD,499574.73,38234.1,42785.9,499574.73
PT002346,TR-0209,14/07/2026,USD,68828.83,6856.75,7557.92,68828.83
PT001859,TR-0167,24/03/2024,USD,232594.41,24529.16,36330.38,232594.41
PT003118,TR-0276,15/02/2025,USD,391095.49,24727.88,114385.11,391095.49
PT005268,TR-0468,11/05/2021,USD,196119.25,10716.9,52787.65,196119.25
PT003619,TR-0322,24/06/2023,USD,28957.8,1472.65,2894.92,28957.8
PT002272,TR-0203,12/06/2025,INR,6759740.53,616133.69,2019094.71,6759740.53
PT002949,TR-0262,04/08/2024,EUR,284184.33,23815.66,30366.04,284184.33
PT002686,TR-0239,30/11/2024,USD,298312.51,28039.4,66631.38,298312.51
PT000916,TR-0083,12/09/2022,INR,18267778.74,1746707.69,5749454.17,18267778.74
PT002135,TR-0191,14/07/2022,USD,125958.71,6581.4,25109.52,125958.71
PT003372,TR-0298,31/01/2026,EUR,72094.16,8296.87,16959.91,72094.16
PT005942,TR-0525,25/07/2023,USD,488093.4,37210.4,132027.91,488093.4
PT004536,TR-0403,25/03/2026,USD,54050.68,4910.21,14314.55,54050.68
PT003426,TR-0303,18/12/2024,USD,30881.94,2451.29,1935.39,30881.94
PT004909,TR-0435,26/01/2023,USD,110380.5,6058.64,28401.07,110380.5
PT001749,TR-0158,23/09/2025,USD,48036.85,4454.77,5670.51,48036.85
PT000741,TR-0068,03/06/2021,USD,277413.18,21500.71,26561.7,277413.18
PT000130,TR-0012,21/06/2025,USD,126104.76,10667.19,23959.09,126104.76
PT000192,TR-0017,28/04/2023,EUR,53520.5,3944.03,2893.72,53520.5
PT004826,TR-0427,21/04/2026,USD,351033.15,29580.52,102394.92,351033.15
PT003660,TR-0326,23/04/2023,USD,47847.46,4589.37,8420.16,47847.46
PT006007,TR-0531,01/12/2023,EUR,24995.64,1818.01,6036.5,24995.64
PT003573,TR-0317,22/03/2022,USD,151237.27,12948.26,43182.88,151237.27
PT007572,TR-0670,27/06/2026,USD,142868.22,15815.05,41960.71,142868.22
PT900024,TR-0116,14/06/2025,INR,8999544.15,556891.68,667986.37,8999544.15
PT007054,TR-0625,10/07/2026,EUR,15432.1,1538.44,2593.69,15432.1
PT001782,TR-0161,05/05/2021,EUR,42754.72,3628.16,2763.12,42754.72
PT002573,TR-0230,25/02/2021,USD,550925.07,29095.85,65516.53,550925.07
PT004236,TR-0376,28/03/2023,USD,62508.05,4156.54,14744.08,62508.05
PT001681,TR-0152,05/07/2026,GBP,277629.8,19997.74,31948.04,277629.8
PT002451,TR-0218,12/11/2024,EUR,15432.1,1179.93,1059.96,15432.1
PT000843,TR-0077,18/08/2023,USD,112906.87,7679.88,29232.68,112906.87
PT000832,TR-0076,12/02/2024,EUR,114451.19,11000.22,19051.9,114451.19
PT001018,TR-0092,01/06/2026,EUR,37417.56,4441.36,2467.98,37417.56
PT006207,TR-0549,28/02/2026,USD,48465.38,3129.5,15295.14,48465.38
PT006372,TR-0563,14/01/2026,USD,165387.26,8835.02,18149.4,165387.26
PT004225,TR-0375,15/05/2026,USD,70907.72,4726.26,6975.85,70907.72
PT000841,TR-0077,18/06/2023,USD,112906.87,7679.88,29232.68,112906.87
PT006644,TR-0588,03/07/2022,EUR,187361.8,10946.03,36106.87,187361.8
PT006625,TR-0586,24/10/2024,EUR,22277.59,1315.46,5002.53,22277.59
PT001422,TR-0129,08/05/2024,USD,47242.56,2502.85,3933.02,47242.56
PT002554,TR-0227,31/07/2026,USD,77943.55,5951.59,22770.19,77943.55
PT002174,TR-0194,21/04/2026,EUR,75428.33,5207.81,16614.65,75428.33
PT002285,TR-0204,18/10/2025,USD,117742.81,9445.05,29681.04,117742.81
PT000193,TR-0017,28/05/2023,EUR,53520.5,3944.03,2893.72,53520.5
PT007673,TR-0679,18/09/2026,USD,72084.95,5368.3,20824.0,28833.98
PT005072,TR-0450,06/05/2025,USD,1740983.88,102684.64,510880.2,1740983.88
PT005755,TR-0509,06/09/2022,USD,107584.35,11429.17,32962.22,107584.35
PT002205,TR-0197,03/10/2021,USD,45335.18,4803.98,13035.43,45335.18
PT006227,TR-0551,06/06/2021,EUR,262779.64,19346.78,64920.23,262779.64
PT000537,TR-0047,30/06/2022,USD,89508.76,9237.4,6801.56,89508.76
PT001258,TR-0113,11/06/2023,INR,6186183.55,616769.81,1843031.07,6186183.55
PT000786,TR-0071,03/09/2025,EUR,107052.24,12363.24,30470.18,107052.24
PT006260,TR-0553,21/02/2026,USD,377837.2,30062.44,115287.92,377837.2
PT004884,TR-0433,07/06/2024,USD,50396.95,2574.16,15116.39,50396.95
PT001052,TR-0096,01/12/2022,EUR,33626.26,2813.8,8434.59,33626.26
PT900017,TR-0080,24/06/2025,EUR,134471.76,10248.43,21432.17,134471.76
PT002142,TR-0191,14/02/2023,USD,125958.71,6581.4,25109.52,125958.71
PT003338,TR-0295,03/11/2023,USD,164154.4,9085.18,14204.63,164154.4
PT002959,TR-0263,30/12/2025,EUR,38545.79,2126.18,2619.85,38545.79
PT003550,TR-0315,01/02/2023,USD,58673.31,6941.79,16238.13,58673.31
PT003832,TR-0340,03/06/2022,USD,104005.14,11392.65,5817.45,104005.14
PT005585,TR-0494,04/09/2026,GBP,64363.54,6142.65,15413.02,55781.74
PT001679,TR-0151,06/06/2023,USD,217258.83,17594.91,51837.4,217258.83
PT004365,TR-0387,07/09/2023,USD,35087.28,3137.78,9668.7,35087.28
PT007046,TR-0625,10/11/2025,EUR,15432.1,1538.44,2593.69,15432.1
PT007828,TR-0694,07/03/2025,USD,246554.18,22639.45,14915.53,246554.18
PT003654,TR-0326,23/10/2022,USD,47847.46,4589.37,8420.16,47847.46
PT005267,TR-0467,03/07/2023,EUR,231313.34,12677.7,55121.71,231313.34
PT001392,TR-0126,24/09/2023,USD,67627.15,4116.99,6135.2,67627.15
PT003152,TR-0279,14/01/2025,EUR,73796.66,7605.59,13993.42,73796.66
PT004374,TR-0388,09/04/2025,USD,586856.36,60291.16,63713.64,586856.36
PT002159,TR-0193,29/01/2023,USD,348250.65,26073.42,111122.34,348250.65
PT007426,TR-0657,11/12/2024,USD,134067.74,14448.71,21246.07,134067.74
PT005363,TR-0476,15/11/2021,EUR,62924.0,5837.23,6315.18,62924.0
PT000861,TR-0078,08/10/2024,INR,35903508.55,3505235.0,6424892.51,35903508.55
PT007733,TR-0684,17/03/2026,USD,126599.55,11035.73,19786.65,126599.55
PT001345,TR-0122,26/02/2025,USD,169933.52,18604.51,19271.38,169933.52
PT004478,TR-0398,17/03/2025,EUR,96270.43,9614.88,23450.44,96270.43
PT001931,TR-0173,15/08/2025,USD,68172.95,4091.09,5165.89,68172.95
PT001539,TR-0140,19/01/2021,EUR,177138.64,12322.49,28863.29,177138.64
PT003773,TR-0335,08/12/2024,USD,98458.37,7177.81,22103.33,98458.37
PT006062,TR-0536,08/10/2025,USD,182296.07,13374.97,19208.55,182296.07
PT005292,TR-0470,01/01/2026,EUR,546672.77,56518.84,63765.83,546672.77
PT007822,TR-0693,07/11/2021,USD,42620.19,2540.92,12492.82,42620.19
PT003397,TR-0300,24/08/2025,USD,323465.09,23267.74,58876.71,323465.09
PT000428,TR-0038,03/03/2025,USD,98184.07,10656.62,6935.02,98184.07
PT001209,TR-0109,23/02/2023,USD,105427.91,10274.8,7092.21,105427.91
PT004147,TR-0368,08/12/2023,GBP,72983.35,5147.97,22524.26,72983.35
PT003084,TR-0273,14/11/2023,EUR,66011.95,4008.05,20353.76,66011.95
PT004567,TR-0406,08/05/2025,GBP,76219.51,5127.51,23789.87,76219.51
PT000390,TR-0034,25/07/2023,USD,32386.44,3553.96,3545.04,32386.44
PT000617,TR-0056,19/07/2025,USD,62766.84,3225.19,6071.08,62766.84
PT000718,TR-0066,01/04/2021,USD,95475.14,8375.64,28863.35,95475.14
PT000029,TR-0003,09/01/2022,EUR,90737.65,7449.41,26187.76,90737.65
PT000373,TR-0033,01/09/2024,USD,148341.91,8852.21,27528.98,148341.91
PT005790,TR-0512,07/02/2023,EUR,106049.68,10330.07,9630.48,106049.68
PT007355,TR-0651,14/08/2025,USD,31970.25,2906.77,2027.68,31970.25
PT007751,TR-0686,21/02/2026,USD,93492.9,6441.59,10100.38,93492.9
PT000319,TR-0028,11/08/2026,USD,74814.37,8319.51,5004.79,74814.37
PT003304,TR-0291,11/10/2025,USD,241151.35,21511.67,17898.27,241151.35
PT002812,TR-0250,16/04/2023,EUR,87580.61,6477.36,24698.01,87580.61
PT000005,TR-0001,15/09/2024,USD,239587.15,17252.86,24767.86,239587.15
PT005903,TR-0522,06/11/2021,USD,26140.4,2972.12,1337.81,26140.4
PT005069,TR-0450,06/02/2025,USD,1740983.88,102684.64,510880.2,1740983.88
PT003482,TR-0308,03/11/2023,USD,78800.94,6297.77,7973.06,78800.94
PT001702,TR-0154,27/02/2026,USD,105191.91,8101.3,26265.04,105191.91
PT005264,TR-0467,03/04/2023,EUR,231313.34,12677.7,55121.71,231313.34
PT000688,TR-0063,13/12/2024,EUR,29086.62,3489.22,8005.18,29086.62
PT007433,TR-0658,06/01/2026,USD,53544.93,5888.74,3010.12,53544.93
PT006564,TR-0581,14/06/2022,USD,185251.07,16023.59,13846.27,185251.07
PT006705,TR-0593,11/02/2024,USD,284389.73,16967.92,83218.37,284389.73
PT007382,TR-0653,30/08/2022,USD,200045.25,11619.93,32003.36,200045.25
PT002906,TR-0258,26/02/2023,USD,575297.25,50646.06,59184.28,575297.25
PT004352,TR-0386,25/07/2024,EUR,181257.15,14345.04,40811.49,181257.15
PT001516,TR-0138,12/11/2025,USD,162801.26,9812.36,8622.64,162801.26
PT002536,TR-0226,26/08/2024,USD,138385.55,12167.09,35028.86,138385.55
PT001043,TR-0095,28/02/2026,USD,99203.62,11090.75,23356.73,99203.62
PT000360,TR-0032,01/06/2025,USD,97537.25,7078.7,10620.27,97537.25
PT007215,TR-0639,15/06/2025,USD,158162.49,12047.65,42855.19,158162.49
PT006340,TR-0560,26/01/2025,INR,10392805.44,719820.76,569301.43,10392805.44
PT002954,TR-0262,04/01/2025,EUR,284184.33,23815.66,30366.04,284184.33
PT000975,TR-0088,26/10/2021,USD,58920.03,3848.02,9302.07,58920.03
PT000666,TR-0061,16/08/2022,USD,79148.07,8247.51,8375.9,79148.07
PT003643,TR-0324,14/01/2024,USD,463519.43,50432.76,41052.76,463519.43
PT007233,TR-0641,13/11/2022,USD,59408.06,7018.04,15060.22,59408.06
PT001290,TR-0117,02/12/2022,USD,179453.58,17626.49,54848.37,179453.58
PT006394,TR-0565,27/06/2025,USD,73299.9,7460.78,21673.63,73299.9
PT006172,TR-0546,15/09/2025,USD,124484.55,9552.24,19203.59,124484.55
PT006727,TR-0595,26/05/2025,EUR,81832.23,6296.99,15115.38,81832.23
PT001041,TR-0095,29/12/2025,USD,99203.62,11090.75,23356.73,99203.62
PT006498,TR-0574,13/04/2024,EUR,69175.01,4721.66,20680.92,69175.01
PT004377,TR-0388,09/07/2025,USD,586856.36,60291.16,63713.64,586856.36
PT007239,TR-0641,13/05/2023,USD,59408.06,7018.04,15060.22,59408.06
PT900077,TR-0329,20/06/2025,USD,84586.82,7675.4,26351.14,84586.82
PT005540,TR-0491,03/09/2024,USD,110583.03,5928.64,9812.9,110583.03
PT000722,TR-0066,01/08/2021,USD,95475.14,8375.64,28863.35,95475.14
PT003183,TR-0281,06/12/2022,EUR,95739.04,6880.49,4891.37,95739.04
PT002041,TR-0183,02/08/2025,USD,100544.26,7921.3,23011.91,100544.26
PT002417,TR-0216,28/11/2023,USD,61875.35,3459.68,11119.3,61875.35
PT003605,TR-0321,11/01/2025,USD,161742.36,8935.38,39083.25,161742.36
PT007419,TR-0656,30/05/2023,USD,104895.23,10394.92,18702.49,104895.23
PT000740,TR-0068,03/05/2021,USD,277413.18,21500.71,26561.7,277413.18
PT002662,TR-0237,30/11/2024,USD,198812.87,19628.43,45755.49,198812.87
PT000730,TR-0067,27/12/2023,INR,29066660.44,1877315.43,8575437.97,29066660.44
PT000922,TR-0083,12/03/2023,INR,18267778.74,1746707.69,5749454.17,18267778.74
PT000969,TR-0087,20/01/2026,USD,135638.47,10215.2,11115.34,135638.47
PT003855,TR-0342,06/11/2022,EUR,222083.21,22385.9,59817.48,222083.21
PT003891,TR-0345,15/08/2023,EUR,57092.55,5540.32,16430.69,57092.55
PT000934,TR-0084,30/10/2023,USD,167829.37,18999.84,53012.39,167829.37
PT000442,TR-0039,05/02/2023,USD,120590.09,12431.58,12155.95,120590.09
PT006701,TR-0593,11/10/2023,USD,284389.73,16967.92,83218.37,284389.73
PT007116,TR-0631,10/05/2023,USD,36017.19,2058.13,2236.99,36017.19
PT001095,TR-0099,30/07/2026,USD,81331.03,7301.23,6880.77,81331.03
PT005708,TR-0505,04/12/2023,USD,707427.8,61022.31,47587.06,707427.8
PT004942,TR-0437,31/08/2022,USD,104966.16,10922.64,5671.7,104966.16
PT005820,TR-0514,06/10/2021,USD,94523.62,8172.93,18853.85,94523.62
PT002070,TR-0185,19/02/2025,EUR,365810.37,32917.42,24137.46,365810.37
PT000427,TR-0038,03/02/2025,USD,98184.07,10656.62,6935.02,98184.07
PT001819,TR-0164,26/06/2024,EUR,109259.88,10703.65,16671.69,109259.88
PT003160,TR-0279,14/09/2025,EUR,73796.66,7605.59,13993.42,73796.66
PT004516,TR-0401,26/12/2024,USD,99938.38,11119.84,25263.23,99938.38
PT007212,TR-0639,15/03/2025,USD,158162.49,12047.65,42855.19,158162.49
PT007286,TR-0645,17/12/2023,EUR,63107.84,5661.9,4257.57,63107.84
PT003216,TR-0284,11/03/2025,EUR,1166895.94,123284.79,114345.83,1166895.94
PT001243,TR-0112,01/08/2023,USD,73860.72,8579.69,3852.76,73860.72
PT004009,TR-0355,19/09/2025,USD,179347.12,14339.27,12695.21,179347.12
PT002095,TR-0187,19/05/2026,INR,9029511.21,986420.02,912510.96,9029511.21
PT006960,TR-0616,07/11/2024,EUR,66907.82,6243.62,18892.29,66907.82
PT000464,TR-0041,01/01/2023,USD,152899.67,15470.31,44853.04,152899.67
PT005250,TR-0466,28/02/2023,USD,152351.64,16896.07,11898.55,152351.64
PT003172,TR-0280,29/12/2025,USD,59622.21,3905.8,18841.97,59622.21
PT002175,TR-0194,21/05/2026,EUR,75428.33,5207.81,16614.65,75428.33
PT000453,TR-0040,09/02/2025,USD,71386.65,4315.76,5543.21,71386.65
PT002854,TR-0254,21/09/2023,USD,109602.92,8849.87,32804.38,109602.92
PT004509,TR-0401,26/05/2024,USD,99938.38,11119.84,25263.23,99938.38
PT007781,TR-0689,24/12/2022,GBP,380970.84,27870.26,42659.58,380970.84
PT004568,TR-0406,08/06/2025,GBP,76219.51,5127.51,23789.87,76219.51
PT004790,TR-0424,06/08/2024,USD,348422.41,24441.94,33784.6,348422.41
PT004229,TR-0375,15/09/2026,USD,70907.72,4726.26,6975.85,35453.86
PT002497,TR-0222,24/10/2025,EUR,81317.17,7543.56,15731.18,81317.17
PT002821,TR-0251,10/05/2023,EUR,170847.05,11507.08,51623.37,170847.05
PT007349,TR-0651,14/02/2025,USD,31970.25,2906.77,2027.68,31970.25
PT001437,TR-0130,30/06/2023,USD,79586.62,4046.47,4078.84,79586.62
PT004796,TR-0425,25/04/2022,USD,112754.78,7016.49,32364.73,112754.78
PT003399,TR-0300,24/10/2025,USD,323465.09,23267.74,58876.71,323465.09
PT000665,TR-0061,16/07/2022,USD,79148.07,8247.51,8375.9,79148.07
PT005570,TR-0493,22/10/2022,USD,249402.1,26317.88,70481.55,249402.1
PT004610,TR-0409,01/01/2026,EUR,51017.36,3678.29,15736.3,51017.36
PT006395,TR-0565,27/07/2025,USD,73299.9,7460.78,21673.63,73299.9
PT007080,TR-0627,16/11/2025,USD,96234.84,7577.87,25907.27,96234.84
PT004057,TR-0359,23/04/2025,USD,54453.25,6494.14,13962.4,54453.25
PT005158,TR-0458,17/01/2021,USD,0.0,8772.44,22733.1,84272.84
PT000406,TR-0036,07/10/2022,USD,218838.27,22255.99,55726.7,218838.27
PT000189,TR-0017,28/01/2023,EUR,53520.5,3944.03,2893.72,53520.5
PT006884,TR-0610,15/10/2022,USD,537001.73,30237.64,161334.18,537001.73
PT002586,TR-0231,14/03/2021,USD,222276.24,13343.45,52763.42,222276.24
PT004241,TR-0376,28/08/2023,USD,62508.05,4156.54,14744.08,62508.05
PT006350,TR-0561,18/03/2023,USD,81274.19,5787.51,18098.87,81274.19
PT002938,TR-0261,18/02/2025,EUR,624324.45,66139.38,171888.92,624324.45
PT002675,TR-0238,29/08/2023,USD,34833.41,3472.71,8151.64,34833.41
PT006688,TR-0592,09/03/2026,USD,61549.16,6387.86,4467.53,61549.16
PT003623,TR-0322,24/10/2023,USD,28957.8,1472.65,2894.92,28957.8
PT000399,TR-0035,29/06/2026,USD,117807.8,8516.08,23471.14,117807.8
PT900138,TR-0643,27/06/2025,EUR,171145.2,9877.78,15839.5,171145.2
PT001858,TR-0167,24/02/2024,USD,232594.41,24529.16,36330.38,232594.41
PT007036,TR-0624,05/08/2023,USD,36199.0,3589.73,9988.47,36199.0
PT007818,TR-0693,07/07/2021,USD,42620.19,2540.92,12492.82,42620.19
PT003655,TR-0326,23/11/2022,USD,47847.46,4589.37,8420.16,47847.46
PT006667,TR-0590,11/10/2021,USD,161416.74,9717.35,38102.17,161416.74
PT000136,TR-0013,27/12/2025,USD,91469.85,6957.04,22994.54,91469.85
PT002324,TR-0207,30/03/2023,EUR,211083.13,11860.92,49531.65,211083.13
PT006780,TR-0601,23/09/2025,EUR,383225.56,42324.93,105000.69,383225.56
PT004167,TR-0369,11/01/2025,USD,179253.01,13824.9,48744.52,179253.01
PT004771,TR-0423,23/09/2025,USD,320347.69,24300.72,22697.03,320347.69
PT004945,TR-0438,21/09/2024,USD,162177.65,8887.21,16775.18,162177.65
PT006124,TR-0542,29/08/2021,USD,73713.82,5705.23,22902.55,73713.82
PT004052,TR-0359,23/11/2024,USD,54453.25,6494.14,13962.4,54453.25
PT007344,TR-0650,28/12/2023,USD,57512.38,5066.35,17936.64,57512.38
PT001674,TR-0151,06/01/2023,USD,217258.83,17594.91,51837.4,217258.83
PT000890,TR-0081,29/04/2024,EUR,15432.1,1676.55,899.51,15432.1
PT001985,TR-0178,29/07/2026,USD,120341.02,9195.22,14087.9,120341.02
PT006735,TR-0596,03/06/2026,EUR,157715.16,12552.48,46711.47,157715.16
PT003053,TR-0271,04/11/2023,EUR,128391.7,13051.02,39523.01,128391.7
PT003650,TR-0325,30/06/2026,USD,51545.97,3037.08,2667.32,51545.97
PT000808,TR-0073,19/10/2021,EUR,751256.97,43627.63,232015.61,751256.97
PT000751,TR-0068,03/04/2022,USD,277413.18,21500.71,26561.7,277413.18
PT007627,TR-0675,14/02/2022,USD,108287.57,6901.07,12510.11,108287.57
PT003504,TR-0310,14/01/2026,USD,160563.84,8827.18,42357.17,160563.84
PT007765,TR-0687,28/10/2022,USD,369973.65,33132.9,96139.32,369973.65
PT007707,TR-0682,26/12/2022,USD,82125.15,4329.69,6520.91,82125.15
PT002523,TR-0224,23/04/2026,USD,417953.99,48966.05,108261.62,417953.99
PT002572,TR-0230,25/01/2021,USD,550925.07,29095.85,65516.53,550925.07
PT002927,TR-0260,17/12/2022,USD,215371.07,14164.38,50707.93,215371.07
PT004375,TR-0388,09/05/2025,USD,586856.36,60291.16,63713.64,586856.36
PT000308,TR-0027,18/08/2021,USD,55736.25,6286.48,5720.62,55736.25
PT007227,TR-0640,10/02/2026,EUR,612028.73,39285.66,189968.94,612028.73
PT000158,TR-0015,21/05/2024,USD,205901.52,16755.69,56745.83,205901.52
PT001941,TR-0175,10/02/2021,USD,104485.16,10219.8,11217.69,104485.16
PT002369,TR-0211,13/06/2025,USD,65590.84,4581.66,14503.36,65590.84
PT005739,TR-0508,23/11/2024,USD,44656.27,4798.38,5261.57,44656.27
PT002920,TR-0259,04/12/2025,EUR,582471.98,31110.16,134468.7,582471.98
PT005665,TR-0501,27/06/2026,USD,76078.73,3869.15,18723.02,76078.73
PT005839,TR-0516,21/09/2024,USD,222239.07,18226.64,17889.86,222239.07
PT007377,TR-0653,30/03/2022,USD,200045.25,11619.93,32003.36,200045.25
PT005442,TR-0482,18/02/2024,USD,151505.21,8151.24,26378.52,151505.21
PT003391,TR-0300,24/02/2025,USD,323465.09,23267.74,58876.71,323465.09
PT005969,TR-0527,30/05/2026,EUR,127908.47,10888.38,20260.29,127908.47
PT001241,TR-0112,01/06/2023,USD,73860.72,8579.69,3852.76,73860.72
PT005864,TR-0519,14/02/2024,EUR,28723.2,2923.81,7213.51,28723.2
PT007045,TR-0625,10/10/2025,EUR,15432.1,1538.44,2593.69,15432.1
PT000980,TR-0088,26/03/2022,USD,58920.03,3848.02,9302.07,58920.03
PT004379,TR-0388,09/09/2025,USD,586856.36,60291.16,63713.64,586856.36
PT000729,TR-0067,27/11/2023,INR,29066660.44,1877315.43,8575437.97,29066660.44
PT006938,TR-0614,03/06/2023,USD,23917.34,1245.1,2820.72,23917.34
PT003009,TR-0267,28/06/2022,USD,242972.79,13958.11,23585.56,242972.79
PT006599,TR-0584,01/04/2025,USD,16666.67,1648.01,2986.37,16666.67
PT004691,TR-0416,30/07/2022,USD,31871.84,3672.14,3261.3,31871.84
PT004511,TR-0401,26/07/2024,USD,99938.38,11119.84,25263.23,99938.38
PT006432,TR-0568,23/10/2025,INR,9879042.05,1095148.38,2571027.73,9879042.05
PT005482,TR-0486,11/05/2024,USD,67621.99,7385.43,5034.98,67621.99
PT003554,TR-0315,01/06/2023,USD,58673.31,6941.79,16238.13,58673.31
PT000090,TR-0009,02/10/2023,USD,289009.6,16862.33,22624.37,289009.6
PT003028,TR-0268,11/02/2024,USD,62056.41,6646.76,18645.13,62056.41
PT000040,TR-0005,11/12/2025,USD,64093.86,3436.46,15371.02,64093.86
PT001544,TR-0140,19/06/2021,EUR,177138.64,12322.49,28863.29,177138.64
PT002471,TR-0220,19/12/2025,EUR,34448.86,3610.19,3860.31,34448.86
PT007188,TR-0637,03/10/2025,USD,18095.48,1199.29,2932.54,18095.48
PT002245,TR-0200,30/12/2025,USD,942775.26,59269.05,63291.85,942775.26
PT006454,TR-0570,11/06/2023,INR,20031946.79,1401308.96,5385091.88,20031946.79
PT002398,TR-0214,13/10/2024,USD,132904.93,12353.82,24281.1,132904.93
PT005261,TR-0467,03/01/2023,EUR,231313.34,12677.7,55121.71,231313.34
PT007621,TR-0675,14/08/2021,USD,108287.57,6901.07,12510.11,108287.57
PT000505,TR-0044,13/09/2022,USD,167426.07,10739.74,38489.99,167426.07
PT002014,TR-0181,27/06/2024,USD,69970.88,6168.94,22359.58,69970.88
PT006313,TR-0558,14/06/2021,USD,100485.76,10623.18,28727.27,100485.76
PT000086,TR-0009,02/06/2023,USD,289009.6,16862.33,22624.37,289009.6
PT004959,TR-0439,08/01/2026,USD,258217.08,15728.8,50176.75,258217.08
PT007784,TR-0689,24/03/2023,GBP,380970.84,27870.26,42659.58,380970.84
PT007827,TR-0694,07/02/2025,USD,246554.18,22639.45,14915.53,246554.18
PT001431,TR-0129,08/02/2025,USD,47242.56,2502.85,3933.02,47242.56
PT003003,TR-0266,02/02/2023,USD,161795.9,11720.64,49999.11,161795.9
PT002907,TR-0258,26/03/2023,USD,575297.25,50646.06,59184.28,575297.25
PT001642,TR-0148,20/09/2023,INR,7799708.38,618064.73,568961.74,7799708.38
PT004968,TR-0440,24/01/2024,USD,108262.16,6801.01,10566.85,108262.16
PT003814,TR-0339,08/02/2024,EUR,36809.39,3169.33,9613.35,36809.39
PT001773,TR-0160,07/11/2024,USD,186346.27,19284.1,29635.64,186346.27
PT000509,TR-0044,13/01/2023,USD,167426.07,10739.74,38489.99,167426.07
PT001458,TR-0132,28/05/2026,USD,22783.62,1489.38,2308.41,22783.62
PT000315,TR-0028,11/04/2026,USD,74814.37,8319.51,5004.79,74814.37
PT003254,TR-0287,02/12/2022,EUR,148591.62,17341.39,34347.27,148591.62
PT006677,TR-0591,14/04/2023,USD,92498.11,7243.65,6562.69,92498.11
PT000653,TR-0059,09/11/2023,USD,231399.98,26353.46,21810.41,231399.98
PT003753,TR-0334,28/06/2023,USD,119582.26,13029.32,20217.47,119582.26
PT900131,TR-0627,16/06/2025,USD,96234.84,7577.87,25907.27,96234.84
PT003668,TR-0327,25/03/2025,INR,4965231.55,507095.28,1212896.33,4965231.55
PT002798,TR-0249,05/06/2025,USD,252877.99,21600.4,21776.06,252877.99
PT001475,TR-0134,04/07/2021,USD,61558.27,5318.94,18182.9,61558.27
PT000334,TR-0030,13/11/2024,USD,81309.53,4438.45,4651.73,81309.53
PT007049,TR-0625,10/02/2026,EUR,15432.1,1538.44,2593.69,15432.1
PT005475,TR-0485,03/01/2026,EUR,448470.0,52722.3,85119.97,448470.0
PT002606,TR-0232,11/09/2022,USD,57905.35,5981.94,3276.69,57905.35
PT002307,TR-0206,14/06/2022,INR,5990077.77,529984.94,1634715.82,5990077.77
PT002594,TR-0231,14/11/2021,USD,222276.24,13343.45,52763.42,222276.24
PT006572,TR-0582,21/06/2023,EUR,87711.45,4505.61,6188.16,87711.45
PT006581,TR-0582,21/03/2024,EUR,87711.45,4505.61,6188.16,87711.45
PT007017,TR-0622,05/12/2022,INR,12205529.65,950620.04,3709117.37,12205529.65
PT005600,TR-0496,05/06/2025,USD,121892.83,13916.04,32505.24,121892.83
PT006307,TR-0557,14/06/2026,EUR,82994.87,6685.17,26334.78,82994.87
PT001183,TR-0107,04/07/2025,USD,222938.83,15919.17,67960.24,222938.83
PT002626,TR-0234,13/03/2026,USD,59490.81,3553.41,14719.49,59490.81
PT004614,TR-0409,01/05/2026,EUR,51017.36,3678.29,15736.3,51017.36
PT000684,TR-0063,13/08/2024,EUR,29086.62,3489.22,8005.18,29086.62
PT000957,TR-0086,16/07/2024,USD,160730.09,17511.68,29798.1,160730.09
PT006156,TR-0545,19/06/2021,EUR,537323.12,33113.66,166553.66,537323.12
PT002951,TR-0262,04/10/2024,EUR,284184.33,23815.66,30366.04,284184.33
PT007710,TR-0683,20/06/2025,USD,91024.39,4803.71,4908.81,91024.39
PT002563,TR-0229,01/04/2022,USD,45460.25,4548.06,11420.08,45460.25
PT006013,TR-0532,01/03/2024,EUR,72709.64,6180.66,5864.27,72709.64
PT007637,TR-0676,07/03/2022,USD,84894.67,4885.43,4275.73,84894.67
PT002984,TR-0265,23/09/2021,USD,157995.05,7944.03,10333.41,157995.05
PT000640,TR-0058,07/07/2026,USD,18286.12,1426.4,4609.0,18286.12
PT000306,TR-0027,18/06/2021,USD,55736.25,6286.48,5720.62,55736.25
PT002706,TR-0241,30/08/2023,USD,110607.31,12757.14,16933.35,110607.31
PT004371,TR-0388,09/01/2025,USD,586856.36,60291.16,63713.64,586856.36
PT001618,TR-0146,04/07/2026,EUR,127510.43,7217.59,13573.22,127510.43
PT001327,TR-0121,03/09/2023,USD,276582.4,16816.16,72794.98,276582.4
PT003448,TR-0305,22/04/2024,USD,194597.27,17781.41,59078.2,194597.27
PT004513,TR-0401,26/09/2024,USD,99938.38,11119.84,25263.23,99938.38
PT000232,TR-0021,25/10/2023,USD,142515.67,8361.52,26605.92,142515.67
PT004265,TR-0379,01/02/2026,USD,36976.93,3564.76,2763.03,36976.93
PT003339,TR-0295,03/12/2023,USD,164154.4,9085.18,14204.63,164154.4
PT000180,TR-0016,16/11/2025,USD,441126.28,40165.06,137062.51,441126.28
PT000393,TR-0035,29/12/2025,USD,117807.8,8516.08,23471.14,117807.8
PT004125,TR-0366,09/01/2025,USD,244109.16,19467.39,14871.27,244109.16
PT004030,TR-0357,18/07/2023,INR,29280238.46,2167566.87,7200844.54,29280238.46
PT001306,TR-0118,19/09/2024,USD,296970.76,29038.15,17656.57,296970.76
PT006303,TR-0557,14/02/2026,EUR,82994.87,6685.17,26334.78,82994.87
PT000962,TR-0087,20/06/2025,USD,135638.47,10215.2,11115.34,135638.47
PT004908,TR-0435,26/12/2022,USD,110380.5,6058.64,28401.07,110380.5
PT002001,TR-0180,03/11/2024,EUR,67795.64,6608.84,3536.87,67795.64
PT001122,TR-0102,06/09/2022,USD,83603.64,6696.4,20359.63,83603.64
PT006841,TR-0606,16/07/2026,GBP,40191.32,2636.92,9652.17,40191.32
PT003774,TR-0336,05/08/2022,USD,70274.21,5951.93,11520.11,70274.21
PT001035,TR-0094,03/07/2026,EUR,52282.64,3094.13,4296.57,52282.64
PT006154,TR-0545,19/04/2021,EUR,537323.12,33113.66,166553.66,537323.12
PT000359,TR-0032,01/05/2025,USD,97537.25,7078.7,10620.27,97537.25
PT007449,TR-0659,10/07/2023,EUR,37211.01,3403.61,3918.42,37211.01
PT001282,TR-0116,14/07/2025,INR,8999544.15,556891.68,667986.37,8999544.15
PT004155,TR-0368,08/08/2024,GBP,72983.35,5147.97,22524.26,72983.35
PT001342,TR-0122,26/11/2024,USD,169933.52,18604.51,19271.38,169933.52
PT005111,TR-0454,19/07/2023,USD,111399.74,11630.42,18228.16,111399.74
PT005036,TR-0447,24/06/2025,EUR,397459.7,28174.4,114735.65,397459.7
PT006044,TR-0534,21/02/2025,USD,70945.67,5335.38,16487.07,70945.67
PT005412,TR-0480,11/05/2023,EUR,54153.3,5884.93,2992.31,54153.3
PT000384,TR-0034,25/01/2023,USD,32386.44,3553.96,3545.04,32386.44
PT007229,TR-0641,13/07/2022,USD,59408.06,7018.04,15060.22,59408.06
PT002608,TR-0233,05/12/2024,USD,205917.56,21692.47,11670.32,205917.56
PT002297,TR-0205,07/04/2024,USD,189934.44,17759.27,44138.05,189934.44
PT007604,TR-0673,09/08/2024,EUR,126367.22,10094.72,12157.89,126367.22
PT005523,TR-0489,29/04/2023,EUR,254828.99,25710.6,17808.63,254828.99
PT003633,TR-0323,08/12/2023,USD,87122.53,10056.82,9355.37,87122.53
PT003724,TR-0331,26/09/2024,USD,70372.5,4784.72,16632.04,70372.5
PT004579,TR-0407,28/09/2025,GBP,172344.19,12213.78,9128.0,172344.19
PT005637,TR-0499,28/05/2022,EUR,58702.63,4585.05,17935.48,58702.63
PT005071,TR-0450,06/04/2025,USD,1740983.88,102684.64,510880.2,1740983.88
PT005413,TR-0480,11/06/2023,EUR,54153.3,5884.93,2992.31,54153.3
PT002776,TR-0247,14/03/2023,GBP,104492.33,6707.1,17171.98,104492.33
PT006251,TR-0553,21/05/2025,USD,377837.2,30062.44,115287.92,377837.2
PT004296,TR-0381,15/02/2025,USD,196717.43,18224.67,21941.46,196717.43
PT006963,TR-0616,07/02/2025,EUR,66907.82,6243.62,18892.29,66907.82
PT007372,TR-0653,30/10/2021,USD,200045.25,11619.93,32003.36,200045.25
PT003412,TR-0302,06/04/2024,EUR,63291.83,7448.02,7388.65,63291.83
PT003388,TR-0300,24/11/2024,USD,323465.09,23267.74,58876.71,323465.09
PT004662,TR-0413,23/08/2026,GBP,118388.37,7143.88,9802.34,118388.37
PT001366,TR-0124,23/07/2025,USD,242444.09,21410.19,46045.57,242444.09
PT000733,TR-0067,27/03/2024,INR,29066660.44,1877315.43,8575437.97,29066660.44
PT006235,TR-0551,06/02/2022,EUR,262779.64,19346.78,64920.23,262779.64
PT003648,TR-0324,14/06/2024,USD,463519.43,50432.76,41052.76,463519.43
PT004077,TR-0361,20/10/2021,USD,55805.28,6687.45,12734.32,55805.28
PT005421,TR-0481,01/09/2022,USD,87754.02,9506.11,10306.4,87754.02
PT004348,TR-0386,25/03/2024,EUR,181257.15,14345.04,40811.49,181257.15
PT006286,TR-0556,07/01/2025,USD,46277.07,2384.49,4639.52,46277.07
PT000757,TR-0069,15/11/2025,USD,42534.31,4242.26,3766.99,42534.31
PT001060,TR-0096,01/08/2023,EUR,33626.26,2813.8,8434.59,33626.26
PT003692,TR-0329,20/11/2024,USD,84586.82,7675.4,26351.14,84586.82
PT004542,TR-0403,25/09/2026,USD,54050.68,4910.21,14314.55,9008.45
PT007145,TR-0634,17/11/2024,USD,86475.79,6479.81,5506.45,86475.79
PT007747,TR-0686,21/10/2025,USD,93492.9,6441.59,10100.38,93492.9
PT002200,TR-0196,17/11/2022,EUR,21307.55,1848.57,2362.54,21307.55
PT007825,TR-0693,07/02/2022,USD,42620.19,2540.92,12492.82,42620.19
PT002016,TR-0181,27/08/2024,USD,69970.88,6168.94,22359.58,69970.88
PT002853,TR-0254,21/08/2023,USD,109602.92,8849.87,32804.38,109602.92
PT001407,TR-0127,05/08/2024,USD,387593.45,24881.69,43903.99,387593.45
PT005492,TR-0486,11/03/2025,USD,67621.99,7385.43,5034.98,67621.99
PT006707,TR-0594,26/01/2026,EUR,75326.19,3779.91,21859.38,75326.19
PT004495,TR-0399,28/03/2022,USD,191901.87,16437.79,13105.15,191901.87
PT005220,TR-0464,03/06/2022,USD,497387.85,39696.85,158870.18,497387.85
PT001527,TR-0139,19/07/2021,EUR,42016.75,4881.47,3497.53,42016.75
PT007269,TR-0644,28/02/2025,USD,74853.06,4125.74,14760.53,74853.06
PT003751,TR-0334,28/04/2023,USD,119582.26,13029.32,20217.47,119582.26
PT007408,TR-0656,30/06/2022,USD,104895.23,10394.92,18702.49,104895.23
PT007371,TR-0652,30/12/2025,INR,17272538.34,1481052.33,1675932.44,17272538.34
PT002559,TR-0228,08/09/2026,USD,56871.73,5226.34,6261.03,41705.94
PT002484,TR-0221,24/04/2025,USD,139529.4,11332.89,36862.29,139529.4
PT006598,TR-0584,01/03/2025,USD,16666.67,1648.01,2986.37,16666.67
PT001356,TR-0123,03/04/2023,USD,115963.04,13371.16,36995.43,115963.04
PT001068,TR-0097,26/07/2025,EUR,39571.24,4060.98,3273.49,39571.24
PT002250,TR-0200,30/05/2026,USD,942775.26,59269.05,63291.85,942775.26
PT007641,TR-0676,07/07/2022,USD,84894.67,4885.43,4275.73,84894.67
PT006265,TR-0554,17/06/2022,EUR,15432.1,1553.67,1598.5,15432.1
PT004017,TR-0356,18/12/2025,USD,244134.22,14746.53,40828.59,244134.22
PT004728,TR-0419,24/10/2021,USD,22504.6,1617.69,1774.43,22504.6
PT000761,TR-0069,15/03/2026,USD,42534.31,4242.26,3766.99,42534.31
PT006358,TR-0562,07/12/2023,USD,71602.38,7690.42,19204.19,71602.38
PT002785,TR-0247,14/12/2023,GBP,104492.33,6707.1,17171.98,104492.33
PT000979,TR-0088,26/02/2022,USD,58920.03,3848.02,9302.07,58920.03
PT004109,TR-0365,13/07/2025,EUR,200113.61,22738.53,15804.8,200113.61
PT002005,TR-0180,03/03/2025,EUR,67795.64,6608.84,3536.87,67795.64
PT001770,TR-0160,07/08/2024,USD,186346.27,19284.1,29635.64,186346.27
PT001410,TR-0128,24/02/2024,EUR,43709.17,4362.12,2872.09,43709.17
PT007549,TR-0669,10/02/2022,USD,107508.6,10354.64,29073.6,107508.6
PT004129,TR-0366,09/05/2025,USD,244109.16,19467.39,14871.27,244109.16
PT006522,TR-0576,03/12/2021,USD,39886.88,3832.07,4052.85,39886.88
PT006857,TR-0608,20/09/2023,USD,82680.31,6098.48,22186.43,82680.31
PT001555,TR-0141,12/10/2024,USD,354720.62,34491.93,91937.83,354720.62
PT003568,TR-0316,29/07/2022,USD,90076.31,4710.36,25250.23,90076.31
PT005225,TR-0464,03/11/2022,USD,497387.85,39696.85,158870.18,497387.85
PT002271,TR-0203,12/05/2025,INR,6759740.53,616133.69,2019094.71,6759740.53
PT003223,TR-0285,06/09/2024,USD,98525.36,7455.61,7850.62,98525.36
PT005177,TR-0459,19/11/2025,USD,58540.51,3583.8,6023.75,58540.51
PT005035,TR-0446,24/09/2026,USD,88269.93,6580.64,6268.7,17653.99
PT003718,TR-0331,26/03/2024,USD,70372.5,4784.72,16632.04,70372.5
PT000705,TR-0065,27/04/2023,INR,8489254.35,741695.98,481567.1,8489254.35
PT007804,TR-0692,11/01/2024,EUR,81710.65,9521.23,8211.41,81710.65
PT003273,TR-0289,04/04/2025,USD,150696.38,16082.38,25618.89,150696.38
PT005638,TR-0499,28/06/2022,EUR,58702.63,4585.05,17935.48,58702.63
PT005670,TR-0502,05/12/2023,INR,2042287.14,108783.0,395944.59,2042287.14
PT004677,TR-0415,14/07/2023,INR,17823594.36,1912634.37,1052331.63,17823594.36
PT006063,TR-0536,08/11/2025,USD,182296.07,13374.97,19208.55,182296.07
PT007738,TR-0685,28/05/2025,EUR,187114.9,16786.77,53131.96,187114.9
PT005075,TR-0450,06/08/2025,USD,1740983.88,102684.64,510880.2,1740983.88
PT002040,TR-0183,02/07/2025,USD,100544.26,7921.3,23011.91,100544.26
PT006979,TR-0618,08/02/2024,EUR,47369.19,3350.13,2384.21,47369.19
PT004356,TR-0386,25/11/2024,EUR,181257.15,14345.04,40811.49,181257.15
PT006616,TR-0586,24/01/2024,EUR,22277.59,1315.46,5002.53,22277.59
PT003953,TR-0351,15/05/2023,INR,15711889.5,956811.08,4111380.8,15711889.5
PT003120,TR-0276,15/04/2025,USD,391095.49,24727.88,114385.11,391095.49
PT006060,TR-0536,08/08/2025,USD,182296.07,13374.97,19208.55,182296.07
PT003923,TR-0348,08/10/2024,USD,53506.37,6190.83,14710.6,53506.37
PT002127,TR-0190,26/12/2023,USD,60568.52,6162.37,3679.2,60568.52
PT007031,TR-0623,27/08/2026,USD,82546.71,4670.13,15920.29,82546.71
PT003996,TR-0354,13/01/2023,USD,283479.26,27441.07,31130.81,283479.26
PT003535,TR-0314,05/03/2021,USD,60214.64,3811.84,18101.91,60214.64
PT006095,TR-0540,27/01/2024,USD,157852.37,10641.33,14161.75,157852.37
PT002164,TR-0193,29/06/2023,USD,348250.65,26073.42,111122.34,348250.65
PT006492,TR-0574,13/10/2023,EUR,69175.01,4721.66,20680.92,69175.01
PT000695,TR-0064,28/01/2026,USD,266916.23,28893.26,60094.03,266916.23
PT007299,TR-0646,02/05/2026,EUR,155116.13,9460.16,28938.56,155116.13
PT900009,TR-0037,14/06/2025,EUR,109137.11,13043.62,29546.61,109137.11
PT001812,TR-0163,03/11/2025,USD,256698.41,22686.78,13846.37,256698.41
PT004593,TR-0408,01/10/2025,USD,162808.34,14928.65,46526.66,162808.34
PT002889,TR-0257,11/10/2025,USD,128661.19,10905.21,12240.97,128661.19
PT006843,TR-0606,16/09/2026,GBP,40191.32,2636.92,9652.17,18755.95
PT001077,TR-0098,29/06/2022,EUR,172133.26,19055.51,51005.76,172133.26
PT003275,TR-0289,04/06/2025,USD,150696.38,16082.38,25618.89,150696.38
PT000530,TR-0046,26/08/2026,EUR,42010.54,4587.79,6941.12,42010.54
PT005834,TR-0516,21/04/2024,USD,222239.07,18226.64,17889.86,222239.07
PT006840,TR-0606,16/06/2026,GBP,40191.32,2636.92,9652.17,40191.32
PT006015,TR-0532,01/05/2024,EUR,72709.64,6180.66,5864.27,72709.64
PT005999,TR-0530,04/09/2026,USD,28789.83,3445.91,6971.98,24951.19
PT007444,TR-0659,10/02/2023,EUR,37211.01,3403.61,3918.42,37211.01
PT006084,TR-0538,15/04/2023,USD,524519.39,52489.55,54640.59,524519.39
PT007873,TR-0698,14/10/2022,USD,38307.16,2839.08,9651.25,38307.16
PT002681,TR-0239,30/06/2024,USD,298312.51,28039.4,66631.38,298312.51
PT002464,TR-0220,19/05/2025,EUR,34448.86,3610.19,3860.31,34448.86
PT006272,TR-0554,17/01/2023,EUR,15432.1,1553.67,1598.5,15432.1
PT000526,TR-0046,26/04/2026,EUR,42010.54,4587.79,6941.12,42010.54
PT001649,TR-0149,07/02/2023,USD,74747.37,8122.76,7843.28,74747.37
PT007260,TR-0643,27/10/2025,EUR,171145.2,9877.78,15839.5,171145.2
PT005753,TR-0509,06/07/2022,USD,107584.35,11429.17,32962.22,107584.35
PT001885,TR-0169,14/05/2025,EUR,50990.54,2794.46,9599.79,50990.54
PT006334,TR-0560,26/07/2024,INR,10392805.44,719820.76,569301.43,10392805.44
PT001870,TR-0168,16/10/2025,USD,132540.71,11146.42,41511.01,132540.71
PT004310,TR-0383,21/04/2022,USD,235819.9,15513.8,75436.23,235819.9
PT002087,TR-0187,19/09/2025,INR,9029511.21,986420.02,912510.96,9029511.21
PT003664,TR-0326,23/08/2023,USD,47847.46,4589.37,8420.16,47847.46
PT003440,TR-0304,24/12/2023,USD,86092.33,7559.76,5957.09,86092.33
PT002220,TR-0198,08/12/2025,USD,103454.16,7717.55,5920.95,103454.16
PT006636,TR-0587,27/08/2024,EUR,79479.1,8893.29,14035.8,79479.1
PT003438,TR-0304,24/10/2023,USD,86092.33,7559.76,5957.09,86092.33
PT001593,TR-0144,05/11/2022,USD,264856.71,13851.13,59316.25,264856.71
PT004739,TR-0420,17/10/2023,EUR,108514.56,6281.92,17660.21,108514.56
PT000020,TR-0003,09/04/2021,EUR,90737.65,7449.41,26187.76,90737.65
PT006604,TR-0585,22/03/2025,EUR,79203.98,5236.55,20211.26,79203.98
PT001429,TR-0129,08/12/2024,USD,47242.56,2502.85,3933.02,47242.56
PT004584,TR-0407,28/02/2026,GBP,172344.19,12213.78,9128.0,172344.19
PT900003,TR-0020,16/06/2025,USD,363245.55,40202.6,42654.03,363245.55
PT002332,TR-0208,25/06/2025,USD,177433.96,9587.12,56726.86,177433.96
PT005398,TR-0479,06/09/2025,GBP,34475.22,2895.5,2075.94,34475.22
PT006161,TR-0545,19/11/2021,EUR,537323.12,33113.66,166553.66,537323.12
PT006149,TR-0544,01/09/2021,USD,527092.34,62504.8,117398.4,527092.34
PT005660,TR-0501,27/01/2026,USD,76078.73,3869.15,18723.02,76078.73
PT001170,TR-0106,11/05/2026,USD,149053.76,11617.8,34804.62,149053.76
PT004627,TR-0411,21/03/2022,EUR,132375.78,10915.68,41436.03,132375.78
PT005749,TR-0508,23/09/2025,USD,44656.27,4798.38,5261.57,44656.27
PT002718,TR-0242,27/03/2024,USD,219074.17,21806.13,50070.66,219074.17
PT007527,TR-0666,07/08/2024,GBP,148673.21,17424.74,10431.36,148673.21
PT005890,TR-0521,03/12/2024,USD,192812.14,14528.12,42703.02,192812.14
PT002173,TR-0194,21/03/2026,EUR,75428.33,5207.81,16614.65,75428.33
PT007465,TR-0661,06/11/2025,EUR,122966.62,14533.03,14255.91,122966.62
PT006027,TR-0533,23/06/2024,USD,417453.7,28596.79,125312.3,417453.7
PT003711,TR-0330,31/12/2024,USD,30616.55,3130.91,3198.85,30616.55
PT007620,TR-0674,15/02/2022,EUR,40862.04,2485.07,2787.62,40862.04
PT000948,TR-0086,16/10/2023,USD,160730.09,17511.68,29798.1,160730.09
PT001996,TR-0179,11/06/2025,USD,239867.29,16929.17,61772.5,239867.29
PT002495,TR-0222,24/08/2025,EUR,81317.17,7543.56,15731.18,81317.17
PT005372,TR-0476,15/08/2022,EUR,62924.0,5837.23,6315.18,62924.0
PT007032,TR-0623,27/09/2026,USD,82546.71,4670.13,15920.29,8254.67
PT007577,TR-0671,30/07/2023,USD,90526.2,10551.45,10506.35,90526.2
PT005276,TR-0468,11/01/2022,USD,196119.25,10716.9,52787.65,196119.25
PT006264,TR-0554,17/05/2022,EUR,15432.1,1553.67,1598.5,15432.1
PT007308,TR-0647,29/04/2023,USD,197134.2,16814.11,18042.62,197134.2
PT000905,TR-0082,25/05/2025,USD,160606.71,8481.1,12265.76,160606.71
PT000084,TR-0008,11/06/2026,USD,24607.49,2216.37,7825.25,24607.49
PT006164,TR-0545,19/02/2022,EUR,537323.12,33113.66,166553.66,537323.12
PT005678,TR-0502,05/08/2024,INR,2042287.14,108783.0,395944.59,2042287.14
PT006819,TR-0604,27/10/2022,EUR,54364.47,4042.04,16574.27,54364.47
PT002973,TR-0264,03/12/2023,EUR,185457.67,13531.92,13071.36,185457.67
PT007006,TR-0621,27/06/2021,EUR,133093.9,7467.9,38732.35,133093.9
PT002291,TR-0205,07/10/2023,USD,189934.44,17759.27,44138.05,189934.44
PT005777,TR-0511,21/06/2021,USD,334493.39,22458.58,77322.03,334493.39
PT007398,TR-0655,02/07/2022,EUR,81858.6,7338.19,6437.35,81858.6
PT001524,TR-0138,12/07/2026,USD,162801.26,9812.36,8622.64,162801.26
PT004022,TR-0356,18/05/2026,USD,244134.22,14746.53,40828.59,244134.22
PT001389,TR-0126,24/06/2023,USD,67627.15,4116.99,6135.2,67627.15
PT001024,TR-0093,19/03/2023,USD,88465.05,6576.24,8373.71,88465.05
PT001626,TR-0147,05/05/2022,USD,63597.51,5023.72,17822.63,63597.51
PT005657,TR-0500,11/10/2025,USD,329498.64,36506.79,80622.15,329498.64
PT003469,TR-0307,21/02/2026,USD,117182.12,13660.29,8467.45,117182.12
PT001147,TR-0104,21/03/2021,USD,29416.17,2892.44,7046.63,29416.17
PT000679,TR-0062,03/07/2026,USD,53697.94,5657.17,16823.03,53697.94
PT003707,TR-0330,31/08/2024,USD,30616.55,3130.91,3198.85,30616.55
PT003640,TR-0324,14/10/2023,USD,463519.43,50432.76,41052.76,463519.43
PT005179,TR-0459,19/01/2026,USD,58540.51,3583.8,6023.75,58540.51
PT004025,TR-0357,18/02/2023,INR,29280238.46,2167566.87,7200844.54,29280238.46
PT007133,TR-0633,01/08/2025,USD,101645.68,10260.41,6933.47,101645.68
PT004570,TR-0406,08/08/2025,GBP,76219.51,5127.51,23789.87,76219.51
PT005165,TR-0458,17/08/2021,USD,84272.84,8772.44,22733.1,84272.84
PT005434,TR-0482,18/06/2023,USD,151505.21,8151.24,26378.52,151505.21
PT001669,TR-0151,06/08/2022,USD,217258.83,17594.91,51837.4,217258.83
PT007445,TR-0659,10/03/2023,EUR,37211.01,3403.61,3918.42,37211.01
PT001778,TR-0160,07/04/2025,USD,186346.27,19284.1,29635.64,186346.27
PT003031,TR-0269,12/06/2025,USD,100980.51,5635.27,25218.16,100980.51
PT001515,TR-0138,12/10/2025,USD,162801.26,9812.36,8622.64,162801.26
PT005189,TR-0460,01/11/2024,EUR,201374.05,11594.34,23460.56,201374.05
PT000378,TR-0033,01/02/2025,USD,148341.91,8852.21,27528.98,148341.91
PT001556,TR-0141,12/11/2024,USD,354720.62,34491.93,91937.83,354720.62
PT003144,TR-0278,13/11/2022,USD,182548.19,15677.0,46128.46,182548.19
PT007112,TR-0631,10/01/2023,USD,36017.19,2058.13,2236.99,36017.19
PT005531,TR-0490,14/03/2026,EUR,73331.74,6089.76,5351.2,73331.74
PT005324,TR-0472,02/12/2024,USD,77485.97,4901.1,24461.46,77485.97
PT002659,TR-0237,30/08/2024,USD,198812.87,19628.43,45755.49,198812.87
PT005329,TR-0473,06/08/2024,GBP,111235.9,8352.91,11827.67,111235.9
PT006067,TR-0536,08/03/2026,USD,182296.07,13374.97,19208.55,182296.07
PT001725,TR-0156,27/05/2024,USD,268263.15,26998.06,27525.51,268263.15
PT005380,TR-0477,15/03/2023,EUR,68632.81,5825.74,16119.89,68632.81
PT003497,TR-0309,15/10/2021,EUR,31671.91,2635.39,1657.83,31671.91
PT005525,TR-0489,29/06/2023,EUR,254828.99,25710.6,17808.63,254828.99
PT001592,TR-0144,05/10/2022,USD,264856.71,13851.13,59316.25,264856.71
PT002990,TR-0265,23/03/2022,USD,157995.05,7944.03,10333.41,157995.05
PT004045,TR-0358,30/09/2026,USD,192784.05,10605.26,46450.02,0.0
PT900043,TR-0204,18/06/2025,USD,117742.81,9445.05,29681.04,117742.81
PT003231,TR-0285,06/05/2025,USD,98525.36,7455.61,7850.62,98525.36
PT006040,TR-0534,21/10/2024,USD,70945.67,5335.38,16487.07,70945.67
PT007073,TR-0627,16/04/2025,USD,96234.84,7577.87,25907.27,96234.84
PT004685,TR-0415,14/03/2024,INR,17823594.36,1912634.37,1052331.63,17823594.36
PT002890,TR-0257,11/11/2025,USD,128661.19,10905.21,12240.97,128661.19
PT000947,TR-0085,28/09/2026,INR,17957351.61,1457259.26,1611158.15,1197156.77
PT002194,TR-0196,17/05/2022,EUR,21307.55,1848.57,2362.54,21307.55
PT002532,TR-0225,12/11/2024,EUR,37988.31,3099.5,2578.0,37988.31
PT007105,TR-0630,06/01/2023,USD,82243.7,5508.43,6925.59,82243.7
PT004788,TR-0424,06/06/2024,USD,348422.41,24441.94,33784.6,348422.41
PT004069,TR-0360,30/04/2025,USD,112545.98,11216.21,18415.27,112545.98
PT007341,TR-0650,28/09/2023,USD,57512.38,5066.35,17936.64,57512.38
PT004767,TR-0422,11/02/2023,USD,456262.98,32597.36,31810.22,456262.98
PT002917,TR-0259,04/09/2025,EUR,582471.98,31110.16,134468.7,582471.98
PT007632,TR-0675,14/07/2022,USD,108287.57,6901.07,12510.11,108287.57
PT007218,TR-0640,10/05/2025,EUR,612028.73,39285.66,189968.94,612028.73
PT005147,TR-0457,05/09/2022,USD,72334.97,5795.18,5924.37,72334.97
PT001001,TR-0090,16/04/2026,USD,340739.27,29928.28,89881.62,340739.27
PT006367,TR-0562,07/09/2024,USD,71602.38,7690.42,19204.19,71602.38
PT000608,TR-0056,19/10/2024,USD,62766.84,3225.19,6071.08,62766.84
PT001562,TR-0141,12/05/2025,USD,354720.62,34491.93,91937.83,354720.62
PT005280,TR-0469,05/03/2024,USD,25087.82,2721.06,1601.7,25087.82
PT007367,TR-0652,30/08/2025,INR,17272538.34,1481052.33,1675932.44,17272538.34
PT004338,TR-0385,23/05/2025,USD,378653.5,24852.01,94448.41,378653.5
PT005404,TR-0479,06/03/2026,GBP,34475.22,2895.5,2075.94,34475.22
PT000379,TR-0033,01/03/2025,USD,148341.91,8852.21,27528.98,148341.91
PT005549,TR-0491,03/06/2025,USD,110583.03,5928.64,9812.9,110583.03
PT005846,TR-0517,14/07/2024,EUR,31347.56,1696.38,9673.78,31347.56
PT006417,TR-0567,16/09/2024,INR,7158474.23,624165.29,2035211.26,7158474.23
PT002375,TR-0212,03/05/2025,EUR,284875.06,17375.04,32457.72,284875.06
PT004438,TR-0394,01/03/2023,USD,119799.86,13253.69,6016.89,119799.86
PT002632,TR-0235,18/04/2022,USD,69568.86,8124.78,4278.33,69568.86
PT006469,TR-0571,22/02/2024,USD,36495.53,3294.75,2227.51,36495.53
PT007401,TR-0655,02/10/2022,EUR,81858.6,7338.19,6437.35,81858.6
PT002963,TR-0263,30/04/2026,EUR,38545.79,2126.18,2619.85,38545.79
PT006853,TR-0607,03/04/2026,EUR,237190.7,24068.51,14795.82,237190.7
PT003295,TR-0291,11/01/2025,USD,241151.35,21511.67,17898.27,241151.35
PT001451,TR-0132,28/10/2025,USD,22783.62,1489.38,2308.41,22783.62
PT005608,TR-0496,05/02/2026,USD,121892.83,13916.04,32505.24,121892.83
PT007366,TR-0652,30/07/2025,INR,17272538.34,1481052.33,1675932.44,17272538.34
PT001418,TR-0128,24/10/2024,EUR,43709.17,4362.12,2872.09,43709.17
PT002733,TR-0243,06/05/2026,USD,309912.87,23450.53,16064.06,309912.87
PT007766,TR-0687,28/11/2022,USD,369973.65,33132.9,96139.32,369973.65
PT004773,TR-0423,23/11/2025,USD,320347.69,24300.72,22697.03,320347.69
PT004893,TR-0433,07/03/2025,USD,50396.95,2574.16,15116.39,50396.95
PT002774,TR-0247,14/01/2023,GBP,104492.33,6707.1,17171.98,104492.33
PT006012,TR-0532,01/02/2024,EUR,72709.64,6180.66,5864.27,72709.64
PT005322,TR-0472,02/10/2024,USD,77485.97,4901.1,24461.46,77485.97
PT000079,TR-0008,11/01/2026,USD,24607.49,2216.37,7825.25,24607.49
PT007887,TR-0699,13/07/2024,USD,324235.24,22202.35,30298.2,324235.24
PT002709,TR-0241,30/11/2023,USD,110607.31,12757.14,16933.35,110607.31
PT007622,TR-0675,14/09/2021,USD,108287.57,6901.07,12510.11,108287.57
PT002971,TR-0264,03/10/2023,EUR,185457.67,13531.92,13071.36,185457.67
PT003225,TR-0285,06/11/2024,USD,98525.36,7455.61,7850.62,98525.36
PT000187,TR-0017,28/11/2022,EUR,53520.5,3944.03,2893.72,53520.5
PT000116,TR-0011,04/08/2022,EUR,145170.95,11642.6,15260.41,145170.95
PT002306,TR-0206,14/05/2022,INR,5990077.77,529984.94,1634715.82,5990077.77
PT005927,TR-0524,26/07/2025,USD,89971.66,7949.52,28585.0,89971.66
PT003178,TR-0281,06/07/2022,EUR,95739.04,6880.49,4891.37,95739.04
PT001445,TR-0130,29/02/2024,USD,79586.62,4046.47,4078.84,79586.62
PT006406,TR-0566,08/12/2022,EUR,154167.83,10590.77,27551.88,154167.83
PT900117,TR-0556,07/06/2025,USD,46277.07,2384.49,4639.52,46277.07
PT000335,TR-0030,13/12/2024,USD,81309.53,4438.45,4651.73,81309.53
PT000636,TR-0058,07/03/2026,USD,18286.12,1426.4,4609.0,18286.12
PT007005,TR-0621,27/05/2021,EUR,133093.9,7467.9,38732.35,133093.9
PT007683,TR-0680,21/03/2023,USD,164633.16,18206.15,15241.0,164633.16
PT000652,TR-0059,09/10/2023,USD,231399.98,26353.46,21810.41,231399.98
PT003749,TR-0333,19/04/2022,USD,311979.04,22071.62,55779.26,311979.04
PT003456,TR-0305,22/12/2024,USD,194597.27,17781.41,59078.2,194597.27
PT006862,TR-0608,20/02/2024,USD,82680.31,6098.48,22186.43,82680.31
PT003228,TR-0285,06/02/2025,USD,98525.36,7455.61,7850.62,98525.36
PT001546,TR-0140,19/08/2021,EUR,177138.64,12322.49,28863.29,177138.64
PT000326,TR-0029,26/07/2025,USD,101233.74,6373.93,10834.51,101233.74
PT002593,TR-0231,14/10/2021,USD,222276.24,13343.45,52763.42,222276.24
PT006675,TR-0591,14/02/2023,USD,92498.11,7243.65,6562.69,92498.11
PT003476,TR-0307,21/09/2026,USD,117182.12,13660.29,8467.45,35154.64
PT006297,TR-0557,14/08/2025,EUR,82994.87,6685.17,26334.78,82994.87
PT001181,TR-0107,04/05/2025,USD,222938.83,15919.17,67960.24,222938.83
PT007542,TR-0668,19/07/2025,INR,7953107.34,925935.44,809200.6,7953107.34
PT001190,TR-0108,14/05/2022,USD,293289.08,30048.84,29954.78,293289.08
PT007370,TR-0652,30/11/2025,INR,17272538.34,1481052.33,1675932.44,17272538.34
PT003445,TR-0304,24/05/2024,USD,86092.33,7559.76,5957.09,86092.33
PT006908,TR-0612,15/10/2022,USD,251024.5,16010.59,17141.95,251024.5
PT900143,TR-0663,25/06/2025,EUR,336669.44,27421.9,23503.35,336669.44
PT004950,TR-0438,21/02/2025,USD,162177.65,8887.21,16775.18,162177.65
PT003523,TR-0311,26/09/2025,INR,13837771.97,1137026.21,710686.25,13837771.97
PT005768,TR-0510,08/11/2022,USD,93349.78,5357.56,21604.83,93349.78
PT006076,TR-0537,04/09/2026,USD,79323.94,8994.41,14174.8,68747.41
PT004636,TR-0411,21/12/2022,EUR,132375.78,10915.68,41436.03,132375.78
PT000801,TR-0073,19/03/2021,EUR,751256.97,43627.63,232015.61,751256.97
PT005530,TR-0490,14/02/2026,EUR,73331.74,6089.76,5351.2,73331.74
PT006483,TR-0572,08/11/2025,EUR,91897.18,5183.27,9891.45,91897.18
PT006399,TR-0565,27/11/2025,USD,73299.9,7460.78,21673.63,73299.9
PT004916,TR-0435,26/08/2023,USD,110380.5,6058.64,28401.07,110380.5
PT000118,TR-0011,04/10/2022,EUR,145170.95,11642.6,15260.41,145170.95
PT007649,TR-0677,05/05/2023,USD,100715.03,6782.36,22735.4,100715.03
PT001588,TR-0144,05/06/2022,USD,264856.71,13851.13,59316.25,264856.71
PT003400,TR-0301,23/05/2025,USD,21863.27,1654.41,1490.77,21863.27
PT002036,TR-0183,02/03/2025,USD,100544.26,7921.3,23011.91,100544.26
PT900140,TR-0646,02/06/2025,EUR,155116.13,9460.16,28938.56,155116.13
PT002421,TR-0216,28/03/2024,USD,61875.35,3459.68,11119.3,61875.35
PT001310,TR-0118,19/01/2025,USD,296970.76,29038.15,17656.57,296970.76
PT005831,TR-0516,21/01/2024,USD,222239.07,18226.64,17889.86,222239.07
PT007098,TR-0630,06/06/2022,USD,82243.7,5508.43,6925.59,82243.7
PT006770,TR-0600,15/02/2025,USD,133469.55,10158.65,8364.09,133469.55
PT002022,TR-0181,27/02/2025,USD,69970.88,6168.94,22359.58,69970.88
PT900028,TR-0143,15/06/2025,USD,122124.19,7498.42,12206.44,122124.19
PT001907,TR-0171,30/04/2023,USD,28457.63,2732.31,2228.21,28457.63
PT000454,TR-0040,09/03/2025,USD,71386.65,4315.76,5543.21,71386.65
PT007579,TR-0671,30/09/2023,USD,90526.2,10551.45,10506.35,90526.2
PT003759,TR-0334,28/12/2023,USD,119582.26,13029.32,20217.47,119582.26
PT004892,TR-0433,07/02/2025,USD,50396.95,2574.16,15116.39,50396.95
PT006706,TR-0593,11/03/2024,USD,284389.73,16967.92,83218.37,284389.73
PT007101,TR-0630,06/09/2022,USD,82243.7,5508.43,6925.59,82243.7
PT006310,TR-0558,14/03/2021,USD,100485.76,10623.18,28727.27,100485.76
PT004669,TR-0414,15/06/2025,USD,62180.47,4664.26,19590.88,62180.47
PT004715,TR-0418,16/09/2021,USD,66109.2,5957.54,10340.44,66109.2
PT005174,TR-0459,19/08/2025,USD,58540.51,3583.8,6023.75,58540.51
PT006140,TR-0543,25/08/2026,USD,83089.93,7227.2,8874.83,83089.93
PT003453,TR-0305,22/09/2024,USD,194597.27,17781.41,59078.2,194597.27
PT002517,TR-0224,23/10/2025,USD,417953.99,48966.05,108261.62,417953.99
PT005296,TR-0470,01/05/2026,EUR,546672.77,56518.84,63765.83,546672.77
PT005389,TR-0478,04/03/2023,USD,95633.43,6439.71,29130.43,95633.43
PT005818,TR-0514,06/08/2021,USD,94523.62,8172.93,18853.85,94523.62
PT002293,TR-0205,07/12/2023,USD,189934.44,17759.27,44138.05,189934.44
PT006720,TR-0595,26/10/2024,EUR,81832.23,6296.99,15115.38,81832.23
PT006423,TR-0567,16/03/2025,INR,7158474.23,624165.29,2035211.26,7158474.23
PT007785,TR-0689,24/04/2023,GBP,380970.84,27870.26,42659.58,380970.84
PT003041,TR-0270,26/04/2025,GBP,54772.68,3231.65,15771.52,54772.68
PT006896,TR-0611,03/08/2023,USD,23524.14,1352.52,1291.25,23524.14
PT002651,TR-0236,28/03/2024,USD,55405.03,6180.97,9851.62,55405.03
PT003132,TR-0277,10/09/2021,USD,117094.62,12012.95,10047.56,117094.62
PT001228,TR-0111,08/12/2022,EUR,100126.81,9621.55,18874.87,100126.81
PT004832,TR-0428,18/05/2025,USD,187489.03,16352.03,58407.73,187489.03
PT007876,TR-0698,14/01/2023,USD,38307.16,2839.08,9651.25,38307.16
PT006288,TR-0556,07/03/2025,USD,46277.07,2384.49,4639.52,46277.07
PT002318,TR-0207,30/09/2022,EUR,211083.13,11860.92,49531.65,211083.13
PT001294,TR-0117,02/04/2023,USD,179453.58,17626.49,54848.37,179453.58
PT003111,TR-0275,22/07/2025,USD,100845.39,10385.5,11832.39,100845.39
PT006429,TR-0568,23/07/2025,INR,9879042.05,1095148.38,2571027.73,9879042.05
PT002585,TR-0231,14/02/2021,USD,222276.24,13343.45,52763.42,222276.24
PT004873,TR-0432,06/05/2023,INR,13961054.36,876627.69,1265269.12,13961054.36
PT005345,TR-0474,19/03/2022,USD,223220.23,21354.72,64495.84,223220.23
PT002424,TR-0216,28/06/2024,USD,61875.35,3459.68,11119.3,61875.35
PT007297,TR-0646,02/03/2026,EUR,155116.13,9460.16,28938.56,155116.13
PT007245,TR-0642,29/06/2022,EUR,386250.35,44210.87,40499.59,386250.35
PT004955,TR-0438,21/07/2025,USD,162177.65,8887.21,16775.18,162177.65
PT004598,TR-0408,01/03/2026,USD,162808.34,14928.65,46526.66,162808.34
PT000325,TR-0029,26/06/2025,USD,101233.74,6373.93,10834.51,101233.74
PT003301,TR-0291,11/07/2025,USD,241151.35,21511.67,17898.27,241151.35
PT006268,TR-0554,17/09/2022,EUR,15432.1,1553.67,1598.5,15432.1
PT006296,TR-0557,14/07/2025,EUR,82994.87,6685.17,26334.78,82994.87
PT004221,TR-0374,11/09/2026,EUR,77764.01,8560.57,18303.59,49250.54
PT001423,TR-0129,08/06/2024,USD,47242.56,2502.85,3933.02,47242.56
PT003508,TR-0310,14/05/2026,USD,160563.84,8827.18,42357.17,160563.84
PT004665,TR-0414,15/02/2025,USD,62180.47,4664.26,19590.88,62180.47
PT003733,TR-0332,24/09/2021,EUR,105423.26,6649.28,6956.94,105423.26
PT001872,TR-0168,16/12/2025,USD,132540.71,11146.42,41511.01,132540.71
PT002807,TR-0250,16/11/2022,EUR,87580.61,6477.36,24698.01,87580.61
PT000110,TR-0011,04/02/2022,EUR,145170.95,11642.6,15260.41,145170.95
PT004933,TR-0437,30/11/2021,USD,104966.16,10922.64,5671.7,104966.16
PT006703,TR-0593,11/12/2023,USD,284389.73,16967.92,83218.37,284389.73
PT003175,TR-0281,06/04/2022,EUR,95739.04,6880.49,4891.37,95739.04
PT005611,TR-0497,09/03/2024,USD,219507.59,13328.2,23851.38,219507.59
PT002811,TR-0250,16/03/2023,EUR,87580.61,6477.36,24698.01,87580.61
PT002209,TR-0197,03/02/2022,USD,45335.18,4803.98,13035.43,45335.18
PT007199,TR-0638,20/02/2025,USD,92930.78,5137.75,18422.03,92930.78
PT006294,TR-0556,07/09/2025,USD,46277.07,2384.49,4639.52,46277.07
PT005102,TR-0453,08/11/2021,USD,905854.14,101181.38,54066.76,905854.14
PT004969,TR-0440,24/02/2024,USD,108262.16,6801.01,10566.85,108262.16
PT005761,TR-0509,06/03/2023,USD,107584.35,11429.17,32962.22,107584.35
PT006659,TR-0589,17/01/2026,EUR,55051.22,2786.14,6413.17,55051.22
PT004601,TR-0408,01/06/2026,USD,162808.34,14928.65,46526.66,162808.34
PT001426,TR-0129,08/09/2024,USD,47242.56,2502.85,3933.02,47242.56
PT900090,TR-0406,08/06/2025,GBP,76219.51,5127.51,23789.87,76219.51
PT002851,TR-0254,21/06/2023,USD,109602.92,8849.87,32804.38,109602.92
PT004759,TR-0422,11/06/2022,USD,456262.98,32597.36,31810.22,456262.98
PT007588,TR-0672,26/08/2022,USD,378300.57,22626.57,103441.96,378300.57
PT007276,TR-0645,17/02/2023,EUR,63107.84,5661.9,4257.57,63107.84
PT004612,TR-0409,01/03/2026,EUR,51017.36,3678.29,15736.3,51017.36
PT001790,TR-0161,05/01/2022,EUR,42754.72,3628.16,2763.12,42754.72
PT001097,TR-0099,30/09/2026,USD,81331.03,7301.23,6880.77,0.0
PT004467,TR-0396,11/03/2023,USD,239845.45,13220.92,53238.95,239845.45
PT006496,TR-0574,13/02/2024,EUR,69175.01,4721.66,20680.92,69175.01
PT006317,TR-0558,14/10/2021,USD,100485.76,10623.18,28727.27,100485.76
PT006274,TR-0555,07/12/2025,USD,43206.08,5047.19,4606.21,43206.08
PT003939,TR-0350,08/04/2024,INR,12441374.16,1421896.47,3326534.5,12441374.16
PT002148,TR-0192,25/02/2025,USD,192417.02,18278.9,51344.66,192417.02
PT000961,TR-0087,20/05/2025,USD,135638.47,10215.2,11115.34,135638.47
PT003861,TR-0343,01/07/2024,USD,118599.13,14150.09,11941.45,118599.13
PT002734,TR-0243,06/06/2026,USD,309912.87,23450.53,16064.06,309912.87
PT007097,TR-0630,06/05/2022,USD,82243.7,5508.43,6925.59,82243.7
PT001158,TR-0105,22/08/2023,USD,142898.06,11784.51,32834.94,142898.06
PT003582,TR-0318,24/04/2025,EUR,371927.95,20435.79,32414.62,371927.95
PT005614,TR-0497,09/06/2024,USD,219507.59,13328.2,23851.38,219507.59
PT003922,TR-0348,08/09/2024,USD,53506.37,6190.83,14710.6,53506.37
PT007550,TR-0669,10/03/2022,USD,107508.6,10354.64,29073.6,107508.6
PT000604,TR-0055,21/07/2026,USD,77397.09,6627.16,19862.69,77397.09
PT005539,TR-0491,03/08/2024,USD,110583.03,5928.64,9812.9,110583.03
PT003547,TR-0315,01/11/2022,USD,58673.31,6941.79,16238.13,58673.31
PT006058,TR-0535,11/10/2024,USD,193583.04,18712.19,14697.39,193583.04
PT007609,TR-0674,15/03/2021,EUR,40862.04,2485.07,2787.62,40862.04
PT006914,TR-0612,15/04/2023,USD,251024.5,16010.59,17141.95,251024.5
PT007768,TR-0687,28/01/2023,USD,369973.65,33132.9,96139.32,369973.65
PT004073,TR-0361,20/06/2021,USD,55805.28,6687.45,12734.32,55805.28
PT007283,TR-0645,17/09/2023,EUR,63107.84,5661.9,4257.57,63107.84
PT002170,TR-0194,21/12/2025,EUR,75428.33,5207.81,16614.65,75428.33
PT007340,TR-0650,28/08/2023,USD,57512.38,5066.35,17936.64,57512.38
PT000420,TR-0037,14/02/2025,EUR,109137.11,13043.62,29546.61,109137.11
PT006926,TR-0613,01/08/2026,USD,69722.78,6874.33,20542.69,69722.78
PT006302,TR-0557,14/01/2026,EUR,82994.87,6685.17,26334.78,82994.87
PT003229,TR-0285,06/03/2025,USD,98525.36,7455.61,7850.62,98525.36
PT004797,TR-0425,25/05/2022,USD,112754.78,7016.49,32364.73,112754.78
PT002511,TR-0223,23/02/2023,USD,86406.57,9879.39,7064.0,86406.57
PT001929,TR-0173,15/06/2025,USD,68172.95,4091.09,5165.89,68172.95
PT003622,TR-0322,24/09/2023,USD,28957.8,1472.65,2894.92,28957.8
PT006360,TR-0562,07/02/2024,USD,71602.38,7690.42,19204.19,71602.38
PT004106,TR-0364,28/03/2024,EUR,135352.14,11510.68,6918.41,135352.14
PT000681,TR-0062,03/09/2026,USD,53697.94,5657.17,16823.03,48328.15
PT006192,TR-0548,26/04/2021,USD,48588.3,3167.63,14186.25,48588.3
PT006319,TR-0558,14/12/2021,USD,100485.76,10623.18,28727.27,100485.76
PT006433,TR-0568,23/11/2025,INR,9879042.05,1095148.38,2571027.73,9879042.05
PT000699,TR-0064,28/05/2026,USD,266916.23,28893.26,60094.03,266916.23
PT001536,TR-0139,19/04/2022,EUR,42016.75,4881.47,3497.53,42016.75
PT006148,TR-0544,01/08/2021,USD,527092.34,62504.8,117398.4,527092.34
PT001083,TR-0098,29/12/2022,EUR,172133.26,19055.51,51005.76,172133.26
PT900145,TR-0683,20/06/2025,USD,91024.39,4803.71,4908.81,91024.39
PT005263,TR-0467,03/03/2023,EUR,231313.34,12677.7,55121.71,231313.34
PT002557,TR-0228,08/07/2026,USD,56871.73,5226.34,6261.03,56871.73
PT005314,TR-0472,02/02/2024,USD,77485.97,4901.1,24461.46,77485.97
PT006134,TR-0543,25/02/2026,USD,83089.93,7227.2,8874.83,83089.93
PT007243,TR-0642,29/04/2022,EUR,386250.35,44210.87,40499.59,386250.35
PT007898,TR-0700,06/02/2026,EUR,34424.68,4041.34,2782.24,34424.68
PT002634,TR-0235,18/06/2022,USD,69568.86,8124.78,4278.33,69568.86
PT005653,TR-0500,11/06/2025,USD,329498.64,36506.79,80622.15,329498.64
PT006341,TR-0560,26/02/2025,INR,10392805.44,719820.76,569301.43,10392805.44
PT006985,TR-0618,08/08/2024,EUR,47369.19,3350.13,2384.21,47369.19
PT001691,TR-0153,23/11/2023,USD,155105.71,8776.11,35164.88,155105.71
PT001329,TR-0121,03/11/2023,USD,276582.4,16816.16,72794.98,276582.4
PT006121,TR-0542,29/05/2021,USD,73713.82,5705.23,22902.55,73713.82
PT001873,TR-0168,16/01/2026,USD,132540.71,11146.42,41511.01,132540.71
PT004402,TR-0391,02/11/2025,INR,3533990.66,397928.23,383247.54,3533990.66
PT000690,TR-0063,13/02/2025,EUR,29086.62,3489.22,8005.18,29086.62
PT007266,TR-0644,30/11/2024,USD,74853.06,4125.74,14760.53,74853.06
PT002795,TR-0249,05/03/2025,USD,252877.99,21600.4,21776.06,252877.99
PT006552,TR-0580,28/03/2026,EUR,159740.53,18120.18,13377.91,159740.53
PT005167,TR-0458,17/10/2021,USD,84272.84,8772.44,22733.1,84272.84
PT004659,TR-0413,23/05/2026,GBP,118388.37,7143.88,9802.34,118388.37
PT000995,TR-0090,16/10/2025,USD,340739.27,29928.28,89881.62,340739.27
PT004380,TR-0388,09/10/2025,USD,586856.36,60291.16,63713.64,586856.36
PT004671,TR-0414,15/08/2025,USD,62180.47,4664.26,19590.88,62180.47
PT001004,TR-0090,16/07/2026,USD,340739.27,29928.28,89881.62,340739.27
PT007653,TR-0677,05/09/2023,USD,100715.03,6782.36,22735.4,100715.03
PT006842,TR-0606,16/08/2026,GBP,40191.32,2636.92,9652.17,40191.32
PT005089,TR-0451,18/07/2023,USD,24037.28,1726.09,6748.19,24037.28
PT005193,TR-0460,01/03/2025,EUR,201374.05,11594.34,23460.56,201374.05
PT004269,TR-0379,01/06/2026,USD,36976.93,3564.76,2763.03,36976.93
PT000732,TR-0067,27/02/2024,INR,29066660.44,1877315.43,8575437.97,29066660.44
PT003203,TR-0283,22/08/2022,EUR,1213009.89,83639.3,122035.32,1213009.89
PT006753,TR-0598,04/12/2024,USD,101343.27,5236.04,20253.04,101343.27
PT006070,TR-0536,08/06/2026,USD,182296.07,13374.97,19208.55,182296.07
PT004975,TR-0440,24/08/2024,USD,108262.16,6801.01,10566.85,108262.16
PT005116,TR-0454,19/12/2023,USD,111399.74,11630.42,18228.16,111399.74
PT005217,TR-0463,07/04/2026,USD,312251.87,18928.08,60551.61,312251.87
PT002169,TR-0194,21/11/2025,EUR,75428.33,5207.81,16614.65,75428.33
PT006708,TR-0594,26/02/2026,EUR,75326.19,3779.91,21859.38,75326.19
PT001606,TR-0145,02/01/2024,USD,18666.19,1592.14,4153.61,18666.19
PT007063,TR-0626,06/04/2023,EUR,91882.43,8400.04,16020.2,91882.43
PT007216,TR-0640,10/03/2025,EUR,612028.73,39285.66,189968.94,612028.73
PT006315,TR-0558,14/08/2021,USD,100485.76,10623.18,28727.27,100485.76
PT002435,TR-0217,01/12/2021,EUR,110293.09,6221.54,32669.62,110293.09
PT007360,TR-0652,30/01/2025,INR,17272538.34,1481052.33,1675932.44,17272538.34
PT003675,TR-0327,25/10/2025,INR,4965231.55,507095.28,1212896.33,4965231.55
PT001105,TR-0100,17/04/2022,USD,220557.92,15166.88,15881.13,220557.92
PT007540,TR-0668,19/05/2025,INR,7953107.34,925935.44,809200.6,7953107.34
PT005430,TR-0481,01/06/2023,USD,87754.02,9506.11,10306.4,87754.02
PT000162,TR-0015,21/09/2024,USD,205901.52,16755.69,56745.83,205901.52
PT000197,TR-0018,16/10/2025,USD,657952.79,37732.66,48584.13,657952.79
PT006494,TR-0574,13/12/2023,EUR,69175.01,4721.66,20680.92,69175.01
PT800002,TR-9002,23/09/2024,EUR,147379.83,11260.47,17018.94,147379.83
PT001701,TR-0154,27/01/2026,USD,105191.91,8101.3,26265.04,105191.91
PT003977,TR-0353,27/04/2024,USD,128986.64,13105.12,39658.69,128986.64
PT002270,TR-0203,12/04/2025,INR,6759740.53,616133.69,2019094.71,6759740.53
PT004320,TR-0383,21/02/2023,USD,235819.9,15513.8,75436.23,235819.9
PT000411,TR-0036,07/03/2023,USD,218838.27,22255.99,55726.7,218838.27
PT001538,TR-0139,19/06/2022,EUR,42016.75,4881.47,3497.53,42016.75
PT005699,TR-0504,25/07/2022,USD,291083.73,34774.85,51127.72,291083.73
PT001732,TR-0157,11/06/2024,USD,59405.32,4717.71,6547.9,59405.32
PT000677,TR-0062,03/05/2026,USD,53697.94,5657.17,16823.03,53697.94
PT006056,TR-0535,11/08/2024,USD,193583.04,18712.19,14697.39,193583.04
PT005373,TR-0477,15/08/2022,EUR,68632.81,5825.74,16119.89,68632.81
PT001387,TR-0126,24/04/2023,USD,67627.15,4116.99,6135.2,67627.15
PT004878,TR-0432,06/10/2023,INR,13961054.36,876627.69,1265269.12,13961054.36
PT004130,TR-0366,09/06/2025,USD,244109.16,19467.39,14871.27,244109.16
PT004470,TR-0397,05/07/2026,INR,14617890.98,1304797.48,856420.47,14617890.98
PT003577,TR-0317,22/07/2022,USD,151237.27,12948.26,43182.88,151237.27
PT007381,TR-0653,30/07/2022,USD,200045.25,11619.93,32003.36,200045.25
PT003341,TR-0295,03/02/2024,USD,164154.4,9085.18,14204.63,164154.4
PT006614,TR-0586,24/11/2023,EUR,22277.59,1315.46,5002.53,22277.59
PT001284,TR-0116,14/09/2025,INR,8999544.15,556891.68,667986.37,8999544.15
PT006278,TR-0555,07/04/2026,USD,43206.08,5047.19,4606.21,43206.08
PT001922,TR-0172,02/07/2026,EUR,51744.13,3390.36,15900.9,51744.13
PT007533,TR-0667,02/06/2026,USD,69632.32,7546.75,8198.13,69632.32
PT003813,TR-0339,08/01/2024,EUR,36809.39,3169.33,9613.35,36809.39
PT004596,TR-0408,01/01/2026,USD,162808.34,14928.65,46526.66,162808.34
PT006665,TR-0590,11/08/2021,USD,161416.74,9717.35,38102.17,161416.74
PT007541,TR-0668,19/06/2025,INR,7953107.34,925935.44,809200.6,7953107.34
PT006169,TR-0546,15/06/2025,USD,124484.55,9552.24,19203.59,124484.55
PT001529,TR-0139,19/09/2021,EUR,42016.75,4881.47,3497.53,42016.75
PT004812,TR-0426,06/07/2024,USD,65750.67,3877.41,14588.43,65750.67
PT006530,TR-0577,05/12/2025,EUR,515142.53,61552.13,127897.05,515142.53
PT001484,TR-0135,03/03/2026,EUR,65642.01,4598.98,6441.28,65642.01
PT003895,TR-0346,18/02/2026,EUR,113589.28,7125.12,33279.6,113589.28
PT005668,TR-0501,27/09/2026,USD,76078.73,3869.15,18723.02,7607.87
PT006378,TR-0563,14/07/2026,USD,165387.26,8835.02,18149.4,165387.26
PT001760,TR-0159,27/05/2021,EUR,57364.75,4171.85,18063.44,57364.75
PT000343,TR-0030,13/08/2025,USD,81309.53,4438.45,4651.73,81309.53
PT004321,TR-0384,23/12/2022,EUR,170411.49,12123.68,47760.22,170411.49
PT900079,TR-0355,19/06/2025,USD,179347.12,14339.27,12695.21,179347.12
PT003461,TR-0306,17/05/2026,USD,173914.37,19838.91,17363.62,173914.37
PT007294,TR-0646,02/12/2025,EUR,155116.13,9460.16,28938.56,155116.13
PT000128,TR-0012,21/04/2025,USD,126104.76,10667.19,23959.09,126104.76
PT007823,TR-0693,07/12/2021,USD,42620.19,2540.92,12492.82,42620.19
PT000610,TR-0056,19/12/2024,USD,62766.84,3225.19,6071.08,62766.84
PT001454,TR-0132,28/01/2026,USD,22783.62,1489.38,2308.41,22783.62
PT002999,TR-0266,02/10/2022,USD,161795.9,11720.64,49999.11,161795.9
PT005356,TR-0475,21/06/2024,USD,196540.51,14768.63,33688.16,196540.51
PT005510,TR-0488,11/04/2026,USD,499574.73,38234.1,42785.9,499574.73
PT002688,TR-0239,31/01/2025,USD,298312.51,28039.4,66631.38,298312.51
PT001039,TR-0095,29/10/2025,USD,99203.62,11090.75,23356.73,99203.62
PT006949,TR-0615,10/01/2022,EUR,241995.95,14635.49,69188.99,241995.95
PT005218,TR-0463,07/05/2026,USD,312251.87,18928.08,60551.61,312251.87
PT002374,TR-0212,03/04/2025,EUR,284875.06,17375.04,32457.72,284875.06
PT001772,TR-0160,07/10/2024,USD,186346.27,19284.1,29635.64,186346.27
PT006415,TR-0566,08/09/2023,EUR,154167.83,10590.77,27551.88,154167.83
PT001270,TR-0114,14/11/2025,USD,588038.38,35206.98,62815.83,588038.38
PT003985,TR-0353,27/12/2024,USD,128986.64,13105.12,39658.69,128986.64
PT000405,TR-0036,07/09/2022,USD,218838.27,22255.99,55726.7,218838.27
PT900010,TR-0038,03/06/2025,USD,98184.07,10656.62,6935.02,98184.07
PT002685,TR-0239,31/10/2024,USD,298312.51,28039.4,66631.38,298312.51
PT001884,TR-0169,14/04/2025,EUR,50990.54,2794.46,9599.79,50990.54
PT003632,TR-0323,08/11/2023,USD,87122.53,10056.82,9355.37,87122.53
PT006262,TR-0554,17/03/2022,EUR,15432.1,1553.67,1598.5,15432.1
PT006602,TR-0585,22/01/2025,EUR,79203.98,5236.55,20211.26,79203.98
PT001724,TR-0156,27/04/2024,USD,268263.15,26998.06,27525.51,268263.15
PT005696,TR-0504,25/04/2022,USD,291083.73,34774.85,51127.72,291083.73
PT006609,TR-0585,22/08/2025,EUR,79203.98,5236.55,20211.26,79203.98
PT007089,TR-0629,23/10/2024,USD,41059.38,2503.05,4225.65,41059.38
PT000133,TR-0012,21/09/2025,USD,126104.76,10667.19,23959.09,126104.76
PT000372,TR-0033,01/08/2024,USD,148341.91,8852.21,27528.98,148341.91
PT007228,TR-0641,13/06/2022,USD,59408.06,7018.04,15060.22,59408.06
PT002524,TR-0225,12/03/2024,EUR,37988.31,3099.5,2578.0,37988.31
PT000329,TR-0029,26/10/2025,USD,101233.74,6373.93,10834.51,101233.74
PT900062,TR-0279,14/06/2025,EUR,73796.66,7605.59,13993.42,73796.66
PT005520,TR-0489,29/01/2023,EUR,254828.99,25710.6,17808.63,254828.99
PT900072,TR-0303,18/06/2025,USD,30881.94,2451.29,1935.39,30881.94
PT004609,TR-0409,01/12/2025,EUR,51017.36,3678.29,15736.3,51017.36
PT003471,TR-0307,21/04/2026,USD,117182.12,13660.29,8467.45,117182.12
PT003091,TR-0274,23/03/2023,EUR,50980.77,5410.39,5590.17,50980.77
PT000168,TR-0015,21/03/2025,USD,205901.52,16755.69,56745.83,205901.52
PT002433,TR-0217,01/10/2021,EUR,110293.09,6221.54,32669.62,110293.09
PT001959,TR-0176,13/07/2022,USD,82816.94,4701.74,15082.28,82816.94
PT900055,TR-0249,05/06/2025,USD,252877.99,21600.4,21776.06,252877.99
PT005378,TR-0477,15/01/2023,EUR,68632.81,5825.74,16119.89,68632.81
PT004362,TR-0387,07/06/2023,USD,35087.28,3137.78,9668.7,35087.28
PT003587,TR-0318,24/09/2025,EUR,371927.95,20435.79,32414.62,371927.95
PT000362,TR-0032,01/08/2025,USD,97537.25,7078.7,10620.27,97537.25
PT002886,TR-0256,14/08/2026,USD,85424.88,5043.45,4286.06,85424.88
PT002653,TR-0236,28/05/2024,USD,55405.03,6180.97,9851.62,55405.03
PT002802,TR-0249,05/10/2025,USD,252877.99,21600.4,21776.06,252877.99
PT000723,TR-0066,01/09/2021,USD,95475.14,8375.64,28863.35,95475.14
PT002721,TR-0242,27/06/2024,USD,219074.17,21806.13,50070.66,219074.17
PT007480,TR-0662,07/06/2026,USD,98240.33,8375.71,9439.69,98240.33
PT003354,TR-0296,08/07/2023,USD,82085.09,6786.2,22829.89,82085.09
PT007226,TR-0640,10/01/2026,EUR,612028.73,39285.66,189968.94,612028.73
PT006338,TR-0560,26/11/2024,INR,10392805.44,719820.76,569301.43,10392805.44
PT001622,TR-0147,05/01/2022,USD,63597.51,5023.72,17822.63,63597.51
PT003113,TR-0276,15/09/2024,USD,391095.49,24727.88,114385.11,391095.49
PT005043,TR-0447,24/01/2026,EUR,397459.7,28174.4,114735.65,397459.7
PT003835,TR-0341,09/11/2025,USD,64585.74,3636.43,16257.01,64585.74
PT002007,TR-0180,03/05/2025,EUR,67795.64,6608.84,3536.87,67795.64
PT006657,TR-0589,17/11/2025,EUR,55051.22,2786.14,6413.17,55051.22
PT000316,TR-0028,11/05/2026,USD,74814.37,8319.51,5004.79,74814.37
PT005857,TR-0518,10/06/2023,USD,343687.21,28214.64,94743.22,343687.21
PT000215,TR-0019,12/04/2025,USD,60862.42,3074.28,19034.48,60862.42
PT002137,TR-0191,14/09/2022,USD,125958.71,6581.4,25109.52,125958.71
PT004196,TR-0372,07/07/2025,EUR,581947.26,62293.47,44878.32,581947.26
PT000659,TR-0060,01/07/2026,USD,40602.46,2762.86,2712.89,40602.46
PT002968,TR-0263,30/09/2026,EUR,38545.79,2126.18,2619.85,0.0
PT005469,TR-0485,03/07/2025,EUR,448470.0,52722.3,85119.97,448470.0
PT006893,TR-0611,03/05/2023,USD,23524.14,1352.52,1291.25,23524.14
PT004116,TR-0365,13/02/2026,EUR,200113.61,22738.53,15804.8,200113.61
PT006538,TR-0578,15/08/2026,GBP,61389.9,4030.98,3454.18,61389.9
PT005260,TR-0467,03/12/2022,EUR,231313.34,12677.7,55121.71,231313.34
PT005986,TR-0529,23/09/2025,USD,931509.25,110697.38,57160.07,931509.25
PT003224,TR-0285,06/10/2024,USD,98525.36,7455.61,7850.62,98525.36
PT000337,TR-0030,13/02/2025,USD,81309.53,4438.45,4651.73,81309.53
PT005688,TR-0503,10/07/2026,USD,95548.2,6810.41,25506.07,95548.2
PT007468,TR-0661,06/02/2026,EUR,122966.62,14533.03,14255.91,122966.62
PT002946,TR-0261,18/10/2025,EUR,624324.45,66139.38,171888.92,624324.45
PT002110,TR-0189,02/01/2025,USD,50169.19,4165.63,4665.72,50169.19
PT000747,TR-0068,03/12/2021,USD,277413.18,21500.71,26561.7,277413.18
PT003836,TR-0341,09/12/2025,USD,64585.74,3636.43,16257.01,64585.74
PT003215,TR-0284,11/02/2025,EUR,1166895.94,123284.79,114345.83,1166895.94
PT900136,TR-0639,15/06/2025,USD,158162.49,12047.65,42855.19,158162.49
PT002414,TR-0215,14/09/2025,USD,553151.55,39643.29,130562.47,553151.55
PT005950,TR-0526,04/01/2025,EUR,98010.35,8283.35,5985.21,98010.35
PT006362,TR-0562,07/04/2024,USD,71602.38,7690.42,19204.19,71602.38
PT006143,TR-0544,01/03/2021,USD,527092.34,62504.8,117398.4,527092.34
PT007865,TR-0697,17/09/2026,EUR,97668.62,10240.68,21953.75,42323.07
PT001982,TR-0178,29/04/2026,USD,120341.02,9195.22,14087.9,120341.02
PT004548,TR-0404,31/03/2023,USD,381386.18,26932.9,35947.96,381386.18
PT004703,TR-0417,06/10/2024,EUR,453408.93,47939.11,24422.49,453408.93
PT004409,TR-0391,02/06/2026,INR,3533990.66,397928.23,383247.54,3533990.66
PT007222,TR-0640,10/09/2025,EUR,612028.73,39285.66,189968.94,612028.73
PT006768,TR-0600,15/12/2024,USD,133469.55,10158.65,8364.09,133469.55
PT007892,TR-0700,06/08/2025,EUR,34424.68,4041.34,2782.24,34424.68
PT000290,TR-0026,21/10/2022,USD,196819.9,14874.96,33384.29,196819.9
PT004316,TR-0383,21/10/2022,USD,235819.9,15513.8,75436.23,235819.9
PT001802,TR-0162,28/05/2026,USD,147633.93,8096.2,13248.99,147633.93
PT004563,TR-0405,29/08/2024,USD,221221.42,16142.54,25275.87,221221.42
PT000921,TR-0083,12/02/2023,INR,18267778.74,1746707.69,5749454.17,18267778.74
PT004087,TR-0363,12/09/2022,EUR,468561.26,47361.12,38602.0,468561.26
PT002668,TR-0238,29/01/2023,USD,34833.41,3472.71,8151.64,34833.41
PT004824,TR-0427,21/02/2026,USD,351033.15,29580.52,102394.92,351033.15
PT001716,TR-0155,30/12/2024,USD,58436.4,6643.39,6874.12,58436.4
PT002359,TR-0210,13/12/2022,USD,54762.14,3534.05,5411.03,54762.14
PT000514,TR-0045,15/09/2023,USD,147873.25,10444.91,8539.45,147873.25
PT000846,TR-0077,18/11/2023,USD,112906.87,7679.88,29232.68,112906.87
PT002407,TR-0215,14/02/2025,USD,553151.55,39643.29,130562.47,553151.55
PT003266,TR-0288,01/10/2025,USD,84838.55,5754.94,10102.78,84838.55
PT001343,TR-0122,26/12/2024,USD,169933.52,18604.51,19271.38,169933.52
PT007746,TR-0686,21/09/2025,USD,93492.9,6441.59,10100.38,93492.9
PT002051,TR-0184,28/09/2025,EUR,82868.27,7002.26,9286.65,82868.27
PT006875,TR-0609,10/06/2023,USD,57524.85,5486.44,14486.98,57524.85
PT000074,TR-0008,11/08/2025,USD,24607.49,2216.37,7825.25,24607.49
PT001490,TR-0135,03/09/2026,EUR,65642.01,4598.98,6441.28,59077.81
PT006591,TR-0584,01/08/2024,USD,16666.67,1648.01,2986.37,16666.67
PT900133,TR-0635,20/06/2025,EUR,68210.38,3621.52,11112.86,68210.38
PT005925,TR-0524,26/05/2025,USD,89971.66,7949.52,28585.0,89971.66
PT000826,TR-0075,21/07/2026,USD,125568.39,11458.52,29232.98,125568.39
PT007596,TR-0672,26/04/2023,USD,378300.57,22626.57,103441.96,378300.57
PT001813,TR-0163,03/12/2025,USD,256698.41,22686.78,13846.37,256698.41
PT000493,TR-0043,23/06/2024,EUR,147379.83,11260.47,17018.94,147379.83
PT002569,TR-0229,01/10/2022,USD,45460.25,4548.06,11420.08,45460.25
PT005290,TR-0469,05/01/2025,USD,25087.82,2721.06,1601.7,25087.82
PT003222,TR-0285,06/08/2024,USD,98525.36,7455.61,7850.62,98525.36
PT003038,TR-0269,12/01/2026,USD,100980.51,5635.27,25218.16,100980.51
PT003088,TR-0273,14/03/2024,EUR,66011.95,4008.05,20353.76,66011.95
PT000650,TR-0059,09/08/2023,USD,231399.98,26353.46,21810.41,231399.98
PT002839,TR-0253,08/12/2023,USD,33238.01,3761.25,3482.01,33238.01
PT003127,TR-0277,10/04/2021,USD,117094.62,12012.95,10047.56,117094.62
PT004345,TR-0386,25/12/2023,EUR,181257.15,14345.04,40811.49,181257.15
PT004233,TR-0376,28/12/2022,USD,62508.05,4156.54,14744.08,62508.05
PT006847,TR-0607,03/10/2025,EUR,237190.7,24068.51,14795.82,237190.7
PT000256,TR-0023,13/02/2024,INR,4035993.02,215632.85,410703.47,4035993.02
PT001685,TR-0153,23/05/2023,USD,155105.71,8776.11,35164.88,155105.71
PT002493,TR-0222,24/06/2025,EUR,81317.17,7543.56,15731.18,81317.17
PT007669,TR-0679,18/05/2026,USD,72084.95,5368.3,20824.0,72084.95
PT004443,TR-0394,01/08/2023,USD,119799.86,13253.69,6016.89,119799.86
PT000869,TR-0079,24/06/2025,USD,21059.12,1885.96,2348.38,21059.12
PT004011,TR-0356,18/06/2025,USD,244134.22,14746.53,40828.59,244134.22
PT000433,TR-0038,03/08/2025,USD,98184.07,10656.62,6935.02,98184.07
PT002831,TR-0252,11/10/2023,USD,111248.59,8184.22,8399.86,111248.59
PT003020,TR-0268,11/06/2023,USD,62056.41,6646.76,18645.13,62056.41
PT000774,TR-0070,15/03/2025,USD,105633.2,9140.89,8131.21,105633.2
PT003318,TR-0293,05/06/2021,EUR,178537.8,12617.79,55020.34,178537.8
PT000954,TR-0086,16/04/2024,USD,160730.09,17511.68,29798.1,160730.09
PT007479,TR-0662,07/05/2026,USD,98240.33,8375.71,9439.69,98240.33
PT002912,TR-0259,04/04/2025,EUR,582471.98,31110.16,134468.7,582471.98
PT005222,TR-0464,03/08/2022,USD,497387.85,39696.85,158870.18,497387.85
PT000743,TR-0068,03/08/2021,USD,277413.18,21500.71,26561.7,277413.18
PT002058,TR-0184,28/04/2026,EUR,82868.27,7002.26,9286.65,82868.27
PT002607,TR-0232,11/10/2022,USD,57905.35,5981.94,3276.69,57905.35
PT000117,TR-0011,04/09/2022,EUR,145170.95,11642.6,15260.41,145170.95
PT005896,TR-0521,03/06/2025,USD,192812.14,14528.12,42703.02,192812.14
PT006739,TR-0597,14/05/2026,USD,136054.4,15710.8,11676.07,136054.4
PT900074,TR-0318,24/06/2025,EUR,371927.95,20435.79,32414.62,371927.95
PT004962,TR-0439,08/04/2026,USD,258217.08,15728.8,50176.75,258217.08
PT007391,TR-0654,03/04/2023,USD,71594.91,4166.35,4179.29,71594.91
PT004297,TR-0382,19/08/2024,EUR,69847.5,4421.82,19032.01,69847.5
PT005845,TR-0517,14/06/2024,EUR,31347.56,1696.38,9673.78,31347.56
PT003499,TR-0309,15/12/2021,EUR,31671.91,2635.39,1657.83,31671.91
PT006978,TR-0618,08/01/2024,EUR,47369.19,3350.13,2384.21,47369.19
PT007078,TR-0627,16/09/2025,USD,96234.84,7577.87,25907.27,96234.84
PT006935,TR-0614,03/03/2023,USD,23917.34,1245.1,2820.72,23917.34
PT001786,TR-0161,05/09/2021,EUR,42754.72,3628.16,2763.12,42754.72
PT007427,TR-0657,11/01/2025,USD,134067.74,14448.71,21246.07,134067.74
PT006929,TR-0614,03/09/2022,USD,23917.34,1245.1,2820.72,23917.34
PT000738,TR-0067,27/08/2024,INR,29066660.44,1877315.43,8575437.97,29066660.44
PT004629,TR-0411,21/05/2022,EUR,132375.78,10915.68,41436.03,132375.78
PT000081,TR-0008,11/03/2026,USD,24607.49,2216.37,7825.25,24607.49
PT004925,TR-0436,06/06/2025,USD,143833.62,15790.95,42423.4,143833.62
PT002942,TR-0261,18/06/2025,EUR,624324.45,66139.38,171888.92,624324.45
PT006152,TR-0544,01/12/2021,USD,527092.34,62504.8,117398.4,527092.34
PT005239,TR-0465,22/10/2025,INR,8470587.64,557084.81,2288865.26,8470587.64
PT002018,TR-0181,27/10/2024,USD,69970.88,6168.94,22359.58,69970.88
PT007703,TR-0682,26/08/2022,USD,82125.15,4329.69,6520.91,82125.15
PT005376,TR-0477,15/11/2022,EUR,68632.81,5825.74,16119.89,68632.81
PT007735,TR-0685,28/02/2025,EUR,187114.9,16786.77,53131.96,187114.9
PT000174,TR-0016,16/05/2025,USD,441126.28,40165.06,137062.51,441126.28
PT005248,TR-0466,29/12/2022,USD,152351.64,16896.07,11898.55,152351.64
PT002769,TR-0246,10/06/2025,EUR,268977.84,29550.3,76589.04,268977.84
PT001167,TR-0105,22/05/2024,USD,142898.06,11784.51,32834.94,142898.06
PT000910,TR-0082,25/10/2025,USD,160606.71,8481.1,12265.76,160606.71
PT001720,TR-0156,27/12/2023,USD,268263.15,26998.06,27525.51,268263.15
PT007138,TR-0633,01/01/2026,USD,101645.68,10260.41,6933.47,101645.68
PT006915,TR-0612,15/05/2023,USD,251024.5,16010.59,17141.95,251024.5
PT900147,TR-0685,28/06/2025,EUR,187114.9,16786.77,53131.96,187114.9
PT002902,TR-0258,26/10/2022,USD,575297.25,50646.06,59184.28,575297.25
PT001979,TR-0178,29/01/2026,USD,120341.02,9195.22,14087.9,120341.02
PT002312,TR-0206,14/11/2022,INR,5990077.77,529984.94,1634715.82,5990077.77
PT002453,TR-0219,08/09/2022,USD,29945.05,3434.69,4499.22,29945.05
PT001975,TR-0177,13/12/2022,USD,42468.93,2572.32,3217.72,42468.93
PT001946,TR-0175,10/07/2021,USD,104485.16,10219.8,11217.69,104485.16
PT001421,TR-0128,24/01/2025,EUR,43709.17,4362.12,2872.09,43709.17
PT002425,TR-0216,28/07/2024,USD,61875.35,3459.68,11119.3,61875.35
PT001537,TR-0139,19/05/2022,EUR,42016.75,4881.47,3497.53,42016.75
PT005783,TR-0511,21/12/2021,USD,334493.39,22458.58,77322.03,334493.39
PT003017,TR-0268,11/03/2023,USD,62056.41,6646.76,18645.13,62056.41
PT007642,TR-0676,07/08/2022,USD,84894.67,4885.43,4275.73,84894.67
PT006656,TR-0589,17/10/2025,EUR,55051.22,2786.14,6413.17,55051.22
PT000185,TR-0017,28/09/2022,EUR,53520.5,3944.03,2893.72,53520.5
PT007462,TR-0660,17/08/2026,USD,144045.95,10305.83,16655.64,144045.95
PT003565,TR-0316,29/04/2022,USD,90076.31,4710.36,25250.23,90076.31
PT004914,TR-0435,26/06/2023,USD,110380.5,6058.64,28401.07,110380.5
PT006634,TR-0587,27/06/2024,EUR,79479.1,8893.29,14035.8,79479.1
PT004868,TR-0431,04/09/2021,USD,192633.15,19224.48,11158.32,192633.15
PT007353,TR-0651,14/06/2025,USD,31970.25,2906.77,2027.68,31970.25
PT001072,TR-0097,26/11/2025,EUR,39571.24,4060.98,3273.49,39571.24
PT002579,TR-0230,25/08/2021,USD,550925.07,29095.85,65516.53,550925.07
PT006829,TR-0605,07/02/2026,USD,115273.31,6184.99,33746.92,115273.31
PT004254,TR-0378,27/01/2026,INR,2503902.79,143265.71,627778.79,2503902.79
PT004637,TR-0411,21/01/2023,EUR,132375.78,10915.68,41436.03,132375.78
PT000933,TR-0084,30/09/2023,USD,167829.37,18999.84,53012.39,167829.37
PT001650,TR-0149,07/03/2023,USD,74747.37,8122.76,7843.28,74747.37
PT000356,TR-0031,29/02/2024,INR,7894076.46,624916.2,2287853.13,7894076.46
PT000068,TR-0007,19/01/2026,USD,57256.0,3081.23,13701.6,57256.0
PT900122,TR-0572,08/06/2025,EUR,91897.18,5183.27,9891.45,91897.18
PT004298,TR-0382,19/09/2024,EUR,69847.5,4421.82,19032.01,69847.5
PT003728,TR-0332,24/04/2021,EUR,105423.26,6649.28,6956.94,105423.26
PT005175,TR-0459,19/09/2025,USD,58540.51,3583.8,6023.75,58540.51
PT003893,TR-0345,15/10/2023,EUR,57092.55,5540.32,16430.69,57092.55
PT001818,TR-0164,26/05/2024,EUR,109259.88,10703.65,16671.69,109259.88
PT003621,TR-0322,24/08/2023,USD,28957.8,1472.65,2894.92,28957.8
PT006174,TR-0546,15/11/2025,USD,124484.55,9552.24,19203.59,124484.55
PT001253,TR-0113,11/01/2023,INR,6186183.55,616769.81,1843031.07,6186183.55
PT004938,TR-0437,30/04/2022,USD,104966.16,10922.64,5671.7,104966.16
PT004545,TR-0404,31/12/2022,USD,381386.18,26932.9,35947.96,381386.18
PT006943,TR-0615,10/07/2021,EUR,241995.95,14635.49,69188.99,241995.95
PT001671,TR-0151,06/10/2022,USD,217258.83,17594.91,51837.4,217258.83
PT001126,TR-0102,06/01/2023,USD,83603.64,6696.4,20359.63,83603.64
PT006486,TR-0572,08/02/2026,EUR,91897.18,5183.27,9891.45,91897.18
PT000244,TR-0022,14/01/2025,INR,11939174.62,1369770.96,1841509.8,11939174.62
PT003636,TR-0323,08/03/2024,USD,87122.53,10056.82,9355.37,87122.53
PT006427,TR-0567,16/07/2025,INR,7158474.23,624165.29,2035211.26,7158474.23
PT007434,TR-0658,06/02/2026,USD,53544.93,5888.74,3010.12,53544.93
PT001217,TR-0110,15/12/2025,USD,221040.92,12503.52,40209.81,221040.92
PT006256,TR-0553,21/10/2025,USD,377837.2,30062.44,115287.92,377837.2
PT002745,TR-0244,21/05/2026,USD,154510.56,14102.76,36427.43,154510.56
PT005672,TR-0502,05/02/2024,INR,2042287.14,108783.0,395944.59,2042287.14
PT003531,TR-0313,26/07/2026,USD,221576.51,24043.7,59675.98,221576.51
PT004408,TR-0391,02/05/2026,INR,3533990.66,397928.23,383247.54,3533990.66
PT003067,TR-0272,20/03/2024,USD,382220.9,21579.44,107600.37,382220.9
PT007317,TR-0648,22/10/2023,EUR,303418.56,29478.69,95550.45,303418.56
PT006719,TR-0595,26/09/2024,EUR,81832.23,6296.99,15115.38,81832.23
PT005578,TR-0494,04/02/2026,GBP,64363.54,6142.65,15413.02,64363.54
PT003034,TR-0269,12/09/2025,USD,100980.51,5635.27,25218.16,100980.51
PT003492,TR-0309,15/05/2021,EUR,31671.91,2635.39,1657.83,31671.91
PT006379,TR-0563,14/08/2026,USD,165387.26,8835.02,18149.4,165387.26
PT005305,TR-0471,18/10/2025,EUR,77216.42,6751.51,19626.13,77216.42
PT004992,TR-0442,25/07/2026,USD,267250.86,28353.24,19939.36,267250.86
PT005740,TR-0508,23/12/2024,USD,44656.27,4798.38,5261.57,44656.27
PT003025,TR-0268,11/11/2023,USD,62056.41,6646.76,18645.13,62056.41
PT000061,TR-0006,02/12/2022,USD,16666.67,1068.75,4953.51,16666.67
PT002129,TR-0190,26/02/2024,USD,60568.52,6162.37,3679.2,60568.52
PT006890,TR-0610,15/04/2023,USD,537001.73,30237.64,161334.18,537001.73
PT006173,TR-0546,15/10/2025,USD,124484.55,9552.24,19203.59,124484.55
PT002163,TR-0193,29/05/2023,USD,348250.65,26073.42,111122.34,348250.65
PT006808,TR-0603,01/05/2025,INR,12289574.96,1115828.68,1398057.06,12289574.96
PT007573,TR-0671,30/03/2023,USD,90526.2,10551.45,10506.35,90526.2
PT005710,TR-0505,04/02/2024,USD,707427.8,61022.31,47587.06,707427.8
PT900059,TR-0270,26/06/2025,GBP,54772.68,3231.65,15771.52,54772.68
PT000877,TR-0080,24/02/2025,EUR,134471.76,10248.43,21432.17,134471.76
PT003024,TR-0268,11/10/2023,USD,62056.41,6646.76,18645.13,62056.41
PT005243,TR-0465,22/02/2026,INR,8470587.64,557084.81,2288865.26,8470587.64
PT002153,TR-0192,25/07/2025,USD,192417.02,18278.9,51344.66,192417.02
PT900063,TR-0280,29/06/2025,USD,59622.21,3905.8,18841.97,59622.21
PT006744,TR-0598,04/03/2024,USD,101343.27,5236.04,20253.04,101343.27
PT000543,TR-0047,30/12/2022,USD,89508.76,9237.4,6801.56,89508.76
PT006458,TR-0570,11/10/2023,INR,20031946.79,1401308.96,5385091.88,20031946.79
PT005586,TR-0495,11/07/2025,INR,22888129.72,1691128.75,2551157.84,22888129.72
PT007195,TR-0638,20/10/2024,USD,92930.78,5137.75,18422.03,92930.78
PT007411,TR-0656,30/09/2022,USD,104895.23,10394.92,18702.49,104895.23
PT006698,TR-0593,11/07/2023,USD,284389.73,16967.92,83218.37,284389.73
PT007055,TR-0625,10/08/2026,EUR,15432.1,1538.44,2593.69,15432.1
PT005300,TR-0470,01/09/2026,EUR,546672.77,56518.84,63765.83,528450.34
PT003544,TR-0314,05/12/2021,USD,60214.64,3811.84,18101.91,60214.64
PT006629,TR-0587,27/01/2024,EUR,79479.1,8893.29,14035.8,79479.1
PT004602,TR-0408,01/07/2026,USD,162808.34,14928.65,46526.66,162808.34
PT003775,TR-0336,05/09/2022,USD,70274.21,5951.93,11520.11,70274.21
PT003356,TR-0297,23/02/2026,USD,153271.36,9598.58,33936.22,153271.36
PT001178,TR-0107,04/02/2025,USD,222938.83,15919.17,67960.24,222938.83
PT001491,TR-0136,17/07/2023,USD,89893.73,7367.54,23136.11,89893.73
PT000946,TR-0085,28/08/2026,INR,17957351.61,1457259.26,1611158.15,17957351.61
PT001078,TR-0098,29/07/2022,EUR,172133.26,19055.51,51005.76,172133.26
PT000369,TR-0033,01/05/2024,USD,148341.91,8852.21,27528.98,148341.91
PT000563,TR-0050,12/06/2023,EUR,108578.56,7353.26,17174.83,108578.56
PT001450,TR-0132,28/09/2025,USD,22783.62,1489.38,2308.41,22783.62
PT003332,TR-0295,03/05/2023,USD,164154.4,9085.18,14204.63,164154.4
PT007383,TR-0653,30/09/2022,USD,200045.25,11619.93,32003.36,200045.25
PT000700,TR-0064,28/06/2026,USD,266916.23,28893.26,60094.03,266916.23
PT001299,TR-0117,02/09/2023,USD,179453.58,17626.49,54848.37,179453.58
PT001364,TR-0124,23/05/2025,USD,242444.09,21410.19,46045.57,242444.09
PT003465,TR-0306,17/09/2026,USD,173914.37,19838.91,17363.62,75362.89
PT001380,TR-0125,30/11/2024,USD,409877.35,42280.44,95387.72,409877.35
PT006936,TR-0614,03/04/2023,USD,23917.34,1245.1,2820.72,23917.34
PT002700,TR-0240,21/04/2024,EUR,160571.49,13415.04,18889.76,160571.49
PT000153,TR-0014,08/06/2022,USD,16666.67,1581.04,2759.14,16666.67
PT004247,TR-0377,31/12/2023,USD,62327.17,5145.55,5656.3,62327.17
PT900001,TR-0016,16/06/2025,USD,441126.28,40165.06,137062.51,441126.28
PT004628,TR-0411,21/04/2022,EUR,132375.78,10915.68,41436.03,132375.78
PT000229,TR-0020,16/08/2025,USD,363245.55,40202.6,42654.03,363245.55
PT005154,TR-0457,05/04/2023,USD,72334.97,5795.18,5924.37,72334.97
PT001954,TR-0176,13/02/2022,USD,82816.94,4701.74,15082.28,82816.94
PT007728,TR-0684,17/10/2025,USD,126599.55,11035.73,19786.65,126599.55
PT001900,TR-0171,30/09/2022,USD,28457.63,2732.31,2228.21,28457.63
PT007070,TR-0627,16/01/2025,USD,96234.84,7577.87,25907.27,96234.84
PT004006,TR-0355,19/06/2025,USD,179347.12,14339.27,12695.21,179347.12
PT005536,TR-0490,14/08/2026,EUR,73331.74,6089.76,5351.2,73331.74
PT005656,TR-0500,11/09/2025,USD,329498.64,36506.79,80622.15,329498.64
PT001131,TR-0102,06/06/2023,USD,83603.64,6696.4,20359.63,83603.64
PT000131,TR-0012,21/07/2025,USD,126104.76,10667.19,23959.09,126104.76
PT004554,TR-0404,30/09/2023,USD,381386.18,26932.9,35947.96,381386.18
PT001405,TR-0127,05/06/2024,USD,387593.45,24881.69,43903.99,387593.45
PT000494,TR-0043,23/07/2024,EUR,147379.83,11260.47,17018.94,147379.83
PT002732,TR-0243,06/04/2026,USD,309912.87,23450.53,16064.06,309912.87
PT005104,TR-0453,08/01/2022,USD,905854.14,101181.38,54066.76,905854.14
PT002879,TR-0256,14/01/2026,USD,85424.88,5043.45,4286.06,85424.88
PT005902,TR-0522,06/10/2021,USD,26140.4,2972.12,1337.81,26140.4
PT001599,TR-0145,02/06/2023,USD,18666.19,1592.14,4153.61,18666.19
PT006383,TR-0564,15/10/2025,INR,23516127.75,2211072.71,2101638.06,23516127.75
PT003770,TR-0335,08/09/2024,USD,98458.37,7177.81,22103.33,98458.37
PT000928,TR-0084,30/04/2023,USD,167829.37,18999.84,53012.39,167829.37
PT002656,TR-0237,30/05/2024,USD,198812.87,19628.43,45755.49,198812.87
PT005349,TR-0475,21/11/2023,USD,-196540.51,-14768.63,-33688.16,-196540.51
PT006118,TR-0542,28/02/2021,USD,73713.82,5705.23,22902.55,73713.82
PT002248,TR-0200,30/03/2026,USD,942775.26,59269.05,63291.85,942775.26
PT005814,TR-0514,06/04/2021,USD,94523.62,8172.93,18853.85,94523.62
PT001377,TR-0125,30/08/2024,USD,409877.35,42280.44,95387.72,409877.35
PT001103,TR-0100,17/02/2022,USD,220557.92,15166.88,15881.13,220557.92
PT002265,TR-0202,25/09/2026,USD,74130.66,6108.06,4858.28,12355.11
PT005326,TR-0473,06/05/2024,GBP,111235.9,8352.91,11827.67,111235.9
PT006125,TR-0542,29/09/2021,USD,73713.82,5705.23,22902.55,73713.82
PT000058,TR-0006,02/09/2022,USD,16666.67,1068.75,4953.51,16666.67
PT007210,TR-0639,15/01/2025,USD,158162.49,12047.65,42855.19,158162.49
PT006560,TR-0581,14/02/2022,USD,185251.07,16023.59,13846.27,185251.07
PT007817,TR-0693,07/06/2021,USD,42620.19,2540.92,12492.82,42620.19
PT004104,TR-0364,28/01/2024,EUR,135352.14,11510.68,6918.41,135352.14
PT002687,TR-0239,31/12/2024,USD,298312.51,28039.4,66631.38,298312.51
PT002064,TR-0185,19/08/2024,EUR,365810.37,32917.42,24137.46,365810.37
PT003018,TR-0268,11/04/2023,USD,62056.41,6646.76,18645.13,62056.41
PT007671,TR-0679,18/07/2026,USD,72084.95,5368.3,20824.0,72084.95
PT001403,TR-0127,05/04/2024,USD,387593.45,24881.69,43903.99,387593.45
PT003688,TR-0328,08/04/2025,USD,59138.66,3765.18,16038.65,59138.66
PT002371,TR-0211,13/08/2025,USD,65590.84,4581.66,14503.36,65590.84
PT004994,TR-0442,25/09/2026,USD,267250.86,28353.24,19939.36,44541.81
PT006047,TR-0534,21/05/2025,USD,70945.67,5335.38,16487.07,70945.67
PT006879,TR-0609,10/10/2023,USD,57524.85,5486.44,14486.98,57524.85
PT002277,TR-0203,12/11/2025,INR,6759740.53,616133.69,2019094.71,6759740.53
PT004850,TR-0430,15/06/2023,USD,229479.12,21235.7,21781.06,229479.12
PT001794,TR-0162,28/09/2025,USD,147633.93,8096.2,13248.99,147633.93
PT003767,TR-0335,08/06/2024,USD,98458.37,7177.81,22103.33,98458.37
PT004088,TR-0363,12/10/2022,EUR,468561.26,47361.12,38602.0,468561.26
PT003627,TR-0323,08/06/2023,USD,87122.53,10056.82,9355.37,87122.53
PT002671,TR-0238,29/04/2023,USD,34833.41,3472.71,8151.64,34833.41
PT002747,TR-0244,21/07/2026,USD,154510.56,14102.76,36427.43,154510.56
PT003909,TR-0347,07/12/2024,EUR,71924.04,8496.24,11945.97,71924.04
PT003115,TR-0276,15/11/2024,USD,391095.49,24727.88,114385.11,391095.49
PT006181,TR-0547,17/04/2024,EUR,38547.45,3503.25,8962.53,38547.45
PT000042,TR-0005,11/02/2026,USD,64093.86,3436.46,15371.02,64093.86
PT005025,TR-0446,24/11/2025,USD,88269.93,6580.64,6268.7,88269.93
PT004386,TR-0390,21/07/2022,INR,13948835.13,751527.59,2245416.63,13948835.13
PT000839,TR-0076,12/09/2024,EUR,114451.19,11000.22,19051.9,114451.19
PT007325,TR-0649,01/07/2023,USD,336774.22,25578.56,99427.49,336774.22
PT003358,TR-0297,23/04/2026,USD,153271.36,9598.58,33936.22,153271.36
PT004966,TR-0439,08/08/2026,USD,258217.08,15728.8,50176.75,258217.08
PT005303,TR-0471,18/08/2025,EUR,77216.42,6751.51,19626.13,77216.42
PT001730,TR-0156,27/10/2024,USD,268263.15,26998.06,27525.51,268263.15
PT004587,TR-0407,28/05/2026,GBP,172344.19,12213.78,9128.0,172344.19
PT000588,TR-0053,13/09/2026,USD,93865.57,6790.32,22080.25,53190.49
PT007102,TR-0630,06/10/2022,USD,82243.7,5508.43,6925.59,82243.7
PT005754,TR-0509,06/08/2022,USD,107584.35,11429.17,32962.22,107584.35
PT002986,TR-0265,23/11/2021,USD,157995.05,7944.03,10333.41,157995.05
PT007057,TR-0626,06/10/2022,EUR,91882.43,8400.04,16020.2,91882.43
PT003146,TR-0278,13/01/2023,USD,182548.19,15677.0,46128.46,182548.19
PT003004,TR-0266,02/03/2023,USD,161795.9,11720.64,49999.11,161795.9
PT004065,TR-0360,31/12/2024,USD,112545.98,11216.21,18415.27,112545.98
PT900036,TR-0183,02/06/2025,USD,100544.26,7921.3,23011.91,100544.26
PT006430,TR-0568,23/08/2025,INR,9879042.05,1095148.38,2571027.73,9879042.05
PT003713,TR-0330,28/02/2025,USD,30616.55,3130.91,3198.85,30616.55
PT001765,TR-0159,27/10/2021,EUR,57364.75,4171.85,18063.44,57364.75
PT000714,TR-0065,27/01/2024,INR,8489254.35,741695.98,481567.1,8489254.35
PT003829,TR-0340,03/03/2022,USD,104005.14,11392.65,5817.45,104005.14
PT000196,TR-0018,16/09/2025,USD,657952.79,37732.66,48584.13,657952.79
PT001874,TR-0168,16/02/2026,USD,132540.71,11146.42,41511.01,132540.71
PT002017,TR-0181,27/09/2024,USD,69970.88,6168.94,22359.58,69970.88
PT005823,TR-0515,12/05/2026,EUR,75606.56,6304.81,17660.07,75606.56
PT001091,TR-0099,30/03/2026,USD,81331.03,7301.23,6880.77,81331.03
PT001448,TR-0132,28/07/2025,USD,22783.62,1489.38,2308.41,22783.62
PT005431,TR-0481,01/07/2023,USD,87754.02,9506.11,10306.4,87754.02
PT007454,TR-0660,17/12/2025,USD,144045.95,10305.83,16655.64,144045.95
PT004477,TR-0398,17/02/2025,EUR,96270.43,9614.88,23450.44,96270.43
PT001645,TR-0149,07/10/2022,USD,74747.37,8122.76,7843.28,74747.37
PT003827,TR-0340,03/01/2022,USD,104005.14,11392.65,5817.45,104005.14
PT004244,TR-0377,30/09/2023,USD,62327.17,5145.55,5656.3,62327.17
PT007221,TR-0640,10/08/2025,EUR,612028.73,39285.66,189968.94,612028.73
PT007704,TR-0682,26/09/2022,USD,82125.15,4329.69,6520.91,82125.15
PT006144,TR-0544,01/04/2021,USD,527092.34,62504.8,117398.4,527092.34
PT003436,TR-0304,24/08/2023,USD,86092.33,7559.76,5957.09,86092.33
PT002987,TR-0265,23/12/2021,USD,157995.05,7944.03,10333.41,157995.05
PT002426,TR-0216,28/08/2024,USD,61875.35,3459.68,11119.3,61875.35
PT000475,TR-0042,27/09/2021,EUR,78219.92,5976.01,7982.5,78219.92
PT000398,TR-0035,29/05/2026,USD,117807.8,8516.08,23471.14,117807.8
PT006283,TR-0555,07/09/2026,USD,43206.08,5047.19,4606.21,33124.66
PT002781,TR-0247,14/08/2023,GBP,104492.33,6707.1,17171.98,104492.33
PT000370,TR-0033,01/06/2024,USD,148341.91,8852.21,27528.98,148341.91
PT007342,TR-0650,28/10/2023,USD,57512.38,5066.35,17936.64,57512.38
PT003156,TR-0279,14/05/2025,EUR,73796.66,7605.59,13993.42,73796.66
PT002237,TR-0199,16/06/2025,INR,4505630.51,422959.87,1025093.75,4505630.51
PT007481,TR-0662,07/07/2026,USD,98240.33,8375.71,9439.69,98240.33
PT004034,TR-0357,18/11/2023,INR,29280238.46,2167566.87,7200844.54,29280238.46
PT007692,TR-0681,08/04/2026,USD,137611.6,11597.82,7220.88,137611.6
PT005481,TR-0486,11/04/2024,USD,67621.99,7385.43,5034.98,67621.99
PT007356,TR-0651,14/09/2025,USD,31970.25,2906.77,2027.68,31970.25
PT003731,TR-0332,24/07/2021,EUR,105423.26,6649.28,6956.94,105423.26
PT001766,TR-0159,27/11/2021,EUR,57364.75,4171.85,18063.44,57364.75
PT000717,TR-0066,01/03/2021,USD,95475.14,8375.64,28863.35,95475.14
PT002377,TR-0212,03/07/2025,EUR,284875.06,17375.04,32457.72,284875.06
PT002712,TR-0241,29/02/2024,USD,110607.31,12757.14,16933.35,110607.31
PT002221,TR-0198,08/01/2026,USD,103454.16,7717.55,5920.95,103454.16
PT004062,TR-0360,30/09/2024,USD,112545.98,11216.21,18415.27,112545.98
PT004680,TR-0415,14/10/2023,INR,17823594.36,1912634.37,1052331.63,17823594.36
PT002757,TR-0245,17/05/2022,EUR,21180.19,2047.86,5414.33,21180.19
PT004543,TR-0404,31/10/2022,USD,381386.18,26932.9,35947.96,381386.18
PT005789,TR-0512,07/01/2023,EUR,106049.68,10330.07,9630.48,106049.68
PT002760,TR-0245,17/08/2022,EUR,21180.19,2047.86,5414.33,21180.19
PT007557,TR-0669,10/10/2022,USD,107508.6,10354.64,29073.6,107508.6
PT001239,TR-0112,01/04/2023,USD,73860.72,8579.69,3852.76,73860.72
PT003921,TR-0348,08/08/2024,USD,53506.37,6190.83,14710.6,53506.37
PT004101,TR-0364,28/10/2023,EUR,135352.14,11510.68,6918.41,135352.14
PT006229,TR-0551,06/08/2021,EUR,262779.64,19346.78,64920.23,262779.64
PT003064,TR-0271,04/10/2024,EUR,128391.7,13051.02,39523.01,128391.7
PT005560,TR-0492,17/09/2023,USD,222805.42,22886.05,59329.1,222805.42
PT002463,TR-0219,08/07/2023,USD,29945.05,3434.69,4499.22,29945.05
PT005095,TR-0452,28/07/2026,USD,62409.29,6822.24,18989.66,62409.29
PT006356,TR-0562,07/10/2023,USD,71602.38,7690.42,19204.19,71602.38
PT001837,TR-0165,31/05/2024,EUR,85843.2,7910.31,6485.74,85843.2
PT001612,TR-0146,04/01/2026,EUR,127510.43,7217.59,13573.22,127510.43
PT006179,TR-0547,17/02/2024,EUR,38547.45,3503.25,8962.53,38547.45
PT007619,TR-0674,15/01/2022,EUR,40862.04,2485.07,2787.62,40862.04
PT000161,TR-0015,21/08/2024,USD,205901.52,16755.69,56745.83,205901.52
PT006889,TR-0610,15/03/2023,USD,537001.73,30237.64,161334.18,537001.73
PT001972,TR-0177,13/09/2022,USD,42468.93,2572.32,3217.72,42468.93
PT003112,TR-0275,22/08/2025,USD,100845.39,10385.5,11832.39,100845.39
PT004311,TR-0383,21/05/2022,USD,235819.9,15513.8,75436.23,235819.9
PT002088,TR-0187,19/10/2025,INR,9029511.21,986420.02,912510.96,9029511.21
PT000450,TR-0039,05/10/2023,USD,120590.09,12431.58,12155.95,120590.09
PT001381,TR-0125,30/12/2024,USD,409877.35,42280.44,95387.72,409877.35
PT004425,TR-0393,11/11/2023,USD,25086.23,1336.59,5830.42,25086.23
PT900046,TR-0212,03/06/2025,EUR,284875.06,17375.04,32457.72,284875.06
PT005255,TR-0466,29/07/2023,USD,152351.64,16896.07,11898.55,152351.64
PT004370,TR-0388,09/12/2024,USD,586856.36,60291.16,63713.64,586856.36
PT006823,TR-0604,27/02/2023,EUR,54364.47,4042.04,16574.27,54364.47
PT003839,TR-0341,09/03/2026,USD,64585.74,3636.43,16257.01,64585.74
PT001110,TR-0101,29/12/2023,USD,186388.62,11823.47,42085.53,186388.62
PT003894,TR-0346,18/01/2026,EUR,113589.28,7125.12,33279.6,113589.28
PT005103,TR-0453,08/12/2021,USD,905854.14,101181.38,54066.76,905854.14
PT007559,TR-0669,10/12/2022,USD,107508.6,10354.64,29073.6,107508.6
PT003807,TR-0338,29/09/2025,USD,196109.37,21559.02,32922.82,196109.37
PT000164,TR-0015,21/11/2024,USD,205901.52,16755.69,56745.83,205901.52
PT000445,TR-0039,05/05/2023,USD,120590.09,12431.58,12155.95,120590.09
PT000641,TR-0058,07/08/2026,USD,18286.12,1426.4,4609.0,18286.12
PT006693,TR-0592,09/08/2026,USD,61549.16,6387.86,4467.53,61549.16
PT002897,TR-0257,11/06/2026,USD,128661.19,10905.21,12240.97,128661.19
PT002758,TR-0245,17/06/2022,EUR,21180.19,2047.86,5414.33,21180.19
PT001154,TR-0104,21/10/2021,USD,29416.17,2892.44,7046.63,29416.17
PT007850,TR-0696,21/06/2024,USD,195069.96,12102.09,13908.54,195069.96
PT004180,TR-0371,05/09/2022,USD,56644.81,6315.15,17496.38,56644.81
PT001182,TR-0107,04/06/2025,USD,222938.83,15919.17,67960.24,222938.83
PT003208,TR-0283,22/01/2023,EUR,1213009.89,83639.3,122035.32,1213009.89
PT000736,TR-0067,27/06/2024,INR,29066660.44,1877315.43,8575437.97,29066660.44
PT001138,TR-0103,10/12/2025,EUR,106843.15,6897.78,12776.89,106843.15
PT002610,TR-0233,05/02/2025,USD,205917.56,21692.47,11670.32,205917.56
PT004489,TR-0399,28/09/2021,USD,191901.87,16437.79,13105.15,191901.87
PT005052,TR-0448,01/01/2025,EUR,64220.71,5761.78,4905.79,64220.71
PT005524,TR-0489,29/05/2023,EUR,254828.99,25710.6,17808.63,254828.99
PT006008,TR-0531,01/01/2024,EUR,24995.64,1818.01,6036.5,24995.64
PT006832,TR-0605,07/05/2026,USD,115273.31,6184.99,33746.92,115273.31
PT006880,TR-0610,15/06/2022,USD,537001.73,30237.64,161334.18,537001.73
PT005205,TR-0462,12/05/2025,GBP,283250.14,16551.36,14363.51,283250.14
PT000637,TR-0058,07/04/2026,USD,18286.12,1426.4,4609.0,18286.12
PT003518,TR-0311,26/04/2025,INR,13837771.97,1137026.21,710686.25,13837771.97
PT005615,TR-0497,09/07/2024,USD,219507.59,13328.2,23851.38,219507.59
PT000109,TR-0010,12/07/2024,USD,154845.94,8133.16,14119.08,154845.94
PT005151,TR-0457,05/01/2023,USD,72334.97,5795.18,5924.37,72334.97
PT002845,TR-0253,08/06/2024,USD,33238.01,3761.25,3482.01,33238.01
PT005920,TR-0523,10/06/2026,EUR,111544.57,10596.98,12681.6,111544.57
PT000280,TR-0025,16/11/2023,USD,89604.85,10744.7,21394.0,89604.85
PT002793,TR-0249,05/01/2025,USD,252877.99,21600.4,21776.06,252877.99
PT004802,TR-0425,25/10/2022,USD,112754.78,7016.49,32364.73,112754.78
PT002396,TR-0214,13/08/2024,USD,132904.93,12353.82,24281.1,132904.93
PT005472,TR-0485,03/10/2025,EUR,448470.0,52722.3,85119.97,448470.0
PT001821,TR-0164,26/08/2024,EUR,109259.88,10703.65,16671.69,109259.88
PT004876,TR-0432,06/08/2023,INR,13961054.36,876627.69,1265269.12,13961054.36
PT004813,TR-0426,06/08/2024,USD,65750.67,3877.41,14588.43,65750.67
PT000139,TR-0013,27/03/2026,USD,91469.85,6957.04,22994.54,91469.85
PT004450,TR-0395,20/05/2025,USD,19261.0,1427.54,2150.01,19261.0
PT001855,TR-0167,24/11/2023,USD,232594.41,24529.16,36330.38,232594.41
PT900044,TR-0208,25/06/2025,USD,177433.96,9587.12,56726.86,177433.96
PT001295,TR-0117,02/05/2023,USD,179453.58,17626.49,54848.37,179453.58
PT007819,TR-0693,07/08/2021,USD,42620.19,2540.92,12492.82,42620.19
PT004445,TR-0394,01/10/2023,USD,119799.86,13253.69,6016.89,119799.86
PT005711,TR-0505,04/03/2024,USD,707427.8,61022.31,47587.06,707427.8
PT003262,TR-0288,01/06/2025,USD,84838.55,5754.94,10102.78,84838.55
PT004741,TR-0420,17/12/2023,EUR,108514.56,6281.92,17660.21,108514.56
PT000914,TR-0083,12/07/2022,INR,18267778.74,1746707.69,5749454.17,18267778.74
PT002154,TR-0192,25/08/2025,USD,192417.02,18278.9,51344.66,192417.02
PT900113,TR-0546,15/06/2025,USD,124484.55,9552.24,19203.59,124484.55
PT002883,TR-0256,14/05/2026,USD,85424.88,5043.45,4286.06,85424.88
PT000121,TR-0011,04/01/2023,EUR,145170.95,11642.6,15260.41,145170.95
PT006038,TR-0534,21/08/2024,USD,70945.67,5335.38,16487.07,70945.67
PT001587,TR-0144,05/05/2022,USD,264856.71,13851.13,59316.25,264856.71
PT004203,TR-0372,07/02/2026,EUR,581947.26,62293.47,44878.32,581947.26
PT006381,TR-0564,15/08/2025,INR,23516127.75,2211072.71,2101638.06,23516127.75
PT007633,TR-0676,07/11/2021,USD,84894.67,4885.43,4275.73,84894.67
PT000038,TR-0004,13/09/2026,INR,12295671.24,1187736.41,3054132.15,6967547.04
PT005488,TR-0486,11/11/2024,USD,67621.99,7385.43,5034.98,67621.99
PT003618,TR-0322,24/05/2023,USD,28957.8,1472.65,2894.92,28957.8
PT002922,TR-0259,04/02/2026,EUR,582471.98,31110.16,134468.7,582471.98
PT001247,TR-0113,11/07/2022,INR,6186183.55,616769.81,1843031.07,6186183.55
PT002663,TR-0237,30/12/2024,USD,198812.87,19628.43,45755.49,198812.87
PT006258,TR-0553,21/12/2025,USD,377837.2,30062.44,115287.92,377837.2
PT001245,TR-0112,01/10/2023,USD,73860.72,8579.69,3852.76,73860.72
PT007310,TR-0647,29/06/2023,USD,197134.2,16814.11,18042.62,197134.2
PT000246,TR-0022,14/03/2025,INR,11939174.62,1369770.96,1841509.8,11939174.62
PT003431,TR-0303,18/05/2025,USD,30881.94,2451.29,1935.39,30881.94
PT004958,TR-0439,08/12/2025,USD,258217.08,15728.8,50176.75,258217.08
PT003539,TR-0314,05/07/2021,USD,60214.64,3811.84,18101.91,60214.64
PT001848,TR-0166,14/07/2026,USD,31177.28,1715.7,9235.49,31177.28
PT007590,TR-0672,26/10/2022,USD,378300.57,22626.57,103441.96,378300.57
PT007291,TR-0646,02/09/2025,EUR,155116.13,9460.16,28938.56,155116.13
PT000241,TR-0021,25/07/2024,USD,142515.67,8361.52,26605.92,142515.67
PT003606,TR-0321,11/02/2025,USD,161742.36,8935.38,39083.25,161742.36
PT002196,TR-0196,17/07/2022,EUR,21307.55,1848.57,2362.54,21307.55
PT006009,TR-0531,01/02/2024,EUR,24995.64,1818.01,6036.5,24995.64
PT002030,TR-0182,28/04/2026,USD,97280.01,7935.74,7896.02,97280.01
PT007576,TR-0671,30/06/2023,USD,90526.2,10551.45,10506.35,90526.2
PT003179,TR-0281,06/08/2022,EUR,95739.04,6880.49,4891.37,95739.04
PT000194,TR-0018,16/07/2025,USD,657952.79,37732.66,48584.13,657952.79
PT005256,TR-0467,03/08/2022,EUR,231313.34,12677.7,55121.71,231313.34
PT001727,TR-0156,27/07/2024,USD,268263.15,26998.06,27525.51,268263.15
PT004783,TR-0424,06/01/2024,USD,348422.41,24441.94,33784.6,348422.41
PT007629,TR-0675,14/04/2022,USD,108287.57,6901.07,12510.11,108287.57
PT002080,TR-0186,22/09/2023,EUR,745759.29,48212.9,230272.7,745759.29
PT007139,TR-0633,01/02/2026,USD,101645.68,10260.41,6933.47,101645.68
PT000036,TR-0004,13/07/2026,INR,12295671.24,1187736.41,3054132.15,12295671.24
PT000632,TR-0058,07/11/2025,USD,18286.12,1426.4,4609.0,18286.12
PT001722,TR-0156,27/02/2024,USD,268263.15,26998.06,27525.51,268263.15
PT005705,TR-0505,04/09/2023,USD,707427.8,61022.31,47587.06,707427.8
PT005644,TR-0499,28/12/2022,EUR,58702.63,4585.05,17935.48,58702.63
PT900132,TR-0634,17/06/2025,USD,86475.79,6479.81,5506.45,86475.79
PT002130,TR-0190,26/03/2024,USD,60568.52,6162.37,3679.2,60568.52
PT003831,TR-0340,03/05/2022,USD,104005.14,11392.65,5817.45,104005.14
PT004897,TR-0434,28/01/2023,EUR,104107.79,9207.28,11537.17,104107.79
PT003491,TR-0309,15/04/2021,EUR,31671.91,2635.39,1657.83,31671.91
PT001395,TR-0126,24/12/2023,USD,67627.15,4116.99,6135.2,67627.15
PT003364,TR-0298,31/05/2025,EUR,72094.16,8296.87,16959.91,72094.16
PT006450,TR-0569,16/01/2024,USD,252654.55,20173.13,74045.68,252654.55
PT002502,TR-0223,23/05/2022,USD,86406.57,9879.39,7064.0,86406.57
PT001548,TR-0140,19/10/2021,EUR,177138.64,12322.49,28863.29,177138.64
PT006912,TR-0612,15/02/2023,USD,251024.5,16010.59,17141.95,251024.5
PT001057,TR-0096,01/05/2023,EUR,33626.26,2813.8,8434.59,33626.26
PT002702,TR-0240,21/06/2024,EUR,160571.49,13415.04,18889.76,160571.49
PT002428,TR-0217,01/05/2021,EUR,110293.09,6221.54,32669.62,110293.09
PT003284,TR-0290,22/05/2023,USD,81373.4,6269.51,6981.14,81373.4
PT001543,TR-0140,19/05/2021,EUR,177138.64,12322.49,28863.29,177138.64
PT001153,TR-0104,21/09/2021,USD,29416.17,2892.44,7046.63,29416.17
PT003889,TR-0345,15/06/2023,EUR,57092.55,5540.32,16430.69,57092.55
PT006631,TR-0587,27/03/2024,EUR,79479.1,8893.29,14035.8,79479.1
PT001059,TR-0096,01/07/2023,EUR,33626.26,2813.8,8434.59,33626.26
PT004341,TR-0385,23/08/2025,USD,378653.5,24852.01,94448.41,378653.5
PT003548,TR-0315,01/12/2022,USD,58673.31,6941.79,16238.13,58673.31
PT006443,TR-0569,16/06/2023,USD,252654.55,20173.13,74045.68,252654.55
PT007658,TR-0678,07/10/2023,INR,18666790.64,1489528.56,2994127.15,18666790.64
PT005495,TR-0487,27/04/2025,USD,124090.11,7159.15,8210.18,124090.11
PT001285,TR-0116,14/10/2025,INR,8999544.15,556891.68,667986.37,8999544.15
PT007091,TR-0629,23/12/2024,USD,41059.38,2503.05,4225.65,41059.38
PT005084,TR-0451,18/02/2023,USD,24037.28,1726.09,6748.19,24037.28
PT004175,TR-0370,03/05/2025,EUR,147697.81,9711.38,11456.69,147697.81
PT002817,TR-0251,10/01/2023,EUR,170847.05,11507.08,51623.37,170847.05
PT003227,TR-0285,06/01/2025,USD,98525.36,7455.61,7850.62,98525.36
PT002726,TR-0242,27/11/2024,USD,219074.17,21806.13,50070.66,219074.17
PT003390,TR-0300,24/01/2025,USD,323465.09,23267.74,58876.71,323465.09
PT000449,TR-0039,05/09/2023,USD,120590.09,12431.58,12155.95,120590.09
PT000208,TR-0019,12/09/2024,USD,60862.42,3074.28,19034.48,60862.42
PT003095,TR-0274,23/07/2023,EUR,50980.77,5410.39,5590.17,50980.77
PT002605,TR-0232,11/08/2022,USD,57905.35,5981.94,3276.69,57905.35
PT004964,TR-0439,08/06/2026,USD,258217.08,15728.8,50176.75,258217.08
PT000982,TR-0088,26/05/2022,USD,58920.03,3848.02,9302.07,58920.03
PT001577,TR-0143,15/03/2025,USD,122124.19,7498.42,12206.44,122124.19
PT005457,TR-0484,10/01/2024,EUR,322291.88,37965.61,35034.45,322291.88
PT900088,TR-0395,20/06/2025,USD,19261.0,1427.54,2150.01,19261.0
PT003555,TR-0315,01/07/2023,USD,58673.31,6941.79,16238.13,58673.31
PT007628,TR-0675,14/03/2022,USD,108287.57,6901.07,12510.11,108287.57
PT007322,TR-0648,22/03/2024,EUR,303418.56,29478.69,95550.45,303418.56
PT005032,TR-0446,24/06/2026,USD,88269.93,6580.64,6268.7,88269.93
PT007030,TR-0623,27/07/2026,USD,82546.71,4670.13,15920.29,82546.71
PT006924,TR-0613,01/06/2026,USD,69722.78,6874.33,20542.69,69722.78
PT005779,TR-0511,21/08/2021,USD,334493.39,22458.58,77322.03,334493.39
PT004043,TR-0358,30/07/2026,USD,192784.05,10605.26,46450.02,192784.05
PT006618,TR-0586,24/03/2024,EUR,22277.59,1315.46,5002.53,22277.59
PT003468,TR-0307,21/01/2026,USD,117182.12,13660.29,8467.45,117182.12
PT000596,TR-0054,27/03/2025,EUR,157527.59,12834.45,28970.06,157527.59
PT006347,TR-0561,18/12/2022,USD,81274.19,5787.51,18098.87,81274.19
PT004037,TR-0358,30/01/2026,USD,192784.05,10605.26,46450.02,192784.05
PT005764,TR-0510,08/07/2022,USD,93349.78,5357.56,21604.83,93349.78
PT006170,TR-0546,15/07/2025,USD,124484.55,9552.24,19203.59,124484.55
PT002555,TR-0227,31/08/2026,USD,77943.55,5951.59,22770.19,77943.55
PT003595,TR-0319,14/09/2026,USD,37176.26,3981.03,3190.75,19827.34
PT001771,TR-0160,07/09/2024,USD,186346.27,19284.1,29635.64,186346.27
PT002336,TR-0208,25/10/2025,USD,177433.96,9587.12,56726.86,177433.96
PT005931,TR-0524,26/11/2025,USD,89971.66,7949.52,28585.0,89971.66
PT001605,TR-0145,02/12/2023,USD,18666.19,1592.14,4153.61,18666.19
PT004989,TR-0442,25/04/2026,USD,267250.86,28353.24,19939.36,267250.86
PT003480,TR-0308,03/09/2023,USD,78800.94,6297.77,7973.06,78800.94
PT004732,TR-0419,24/02/2022,USD,22504.6,1617.69,1774.43,22504.6
PT006209,TR-0549,30/04/2026,USD,48465.38,3129.5,15295.14,48465.38
PT001179,TR-0107,04/03/2025,USD,222938.83,15919.17,67960.24,222938.83
PT004976,TR-0440,24/09/2024,USD,108262.16,6801.01,10566.85,108262.16
PT007424,TR-0657,11/10/2024,USD,134067.74,14448.71,21246.07,134067.74
PT002558,TR-0228,08/08/2026,USD,56871.73,5226.34,6261.03,56871.73
PT005645,TR-0499,28/01/2023,EUR,58702.63,4585.05,17935.48,58702.63
PT001586,TR-0143,15/12/2025,USD,122124.19,7498.42,12206.44,122124.19
PT007394,TR-0654,03/07/2023,USD,71594.91,4166.35,4179.29,71594.91
PT000724,TR-0066,01/10/2021,USD,95475.14,8375.64,28863.35,95475.14
PT007167,TR-0635,20/11/2025,EUR,68210.38,3621.52,11112.86,68210.38
PT006917,TR-0613,01/11/2025,USD,69722.78,6874.33,20542.69,69722.78
PT005117,TR-0454,19/01/2024,USD,111399.74,11630.42,18228.16,111399.74
PT005139,TR-0456,16/04/2024,USD,805192.2,48586.1,87380.93,805192.2
PT003680,TR-0328,08/08/2024,USD,59138.66,3765.18,16038.65,59138.66
PT007443,TR-0659,10/01/2023,EUR,37211.01,3403.61,3918.42,37211.01
PT004122,TR-0366,09/10/2024,USD,244109.16,19467.39,14871.27,244109.16
PT003694,TR-0329,20/01/2025,USD,84586.82,7675.4,26351.14,84586.82
PT004234,TR-0376,28/01/2023,USD,62508.05,4156.54,14744.08,62508.05
PT007639,TR-0676,07/05/2022,USD,84894.67,4885.43,4275.73,84894.67
PT006215,TR-0550,19/05/2025,USD,70481.65,5886.74,19550.06,70481.65
PT001936,TR-0174,03/05/2026,USD,548983.18,50839.24,165558.54,548983.18
PT007556,TR-0669,10/09/2022,USD,107508.6,10354.64,29073.6,107508.6
PT004169,TR-0370,03/11/2024,EUR,147697.81,9711.38,11456.69,147697.81
PT007244,TR-0642,29/05/2022,EUR,386250.35,44210.87,40499.59,386250.35
PT001336,TR-0121,03/06/2024,USD,276582.4,16816.16,72794.98,276582.4
PT002784,TR-0247,14/11/2023,GBP,104492.33,6707.1,17171.98,104492.33
PT002909,TR-0258,26/05/2023,USD,575297.25,50646.06,59184.28,575297.25
PT006814,TR-0603,01/11/2025,INR,-12289574.96,-1115828.68,-1398057.06,-12289574.96
PT007314,TR-0648,22/07/2023,EUR,303418.56,29478.69,95550.45,303418.56
PT004115,TR-0365,13/01/2026,EUR,200113.61,22738.53,15804.8,200113.61
PT004248,TR-0377,31/01/2024,USD,62327.17,5145.55,5656.3,62327.17
PT000767,TR-0070,15/08/2024,USD,105633.2,9140.89,8131.21,105633.2
PT001747,TR-0158,23/07/2025,USD,48036.85,4454.77,5670.51,48036.85
PT004179,TR-0370,03/09/2025,EUR,147697.81,9711.38,11456.69,147697.81
PT001009,TR-0091,04/07/2024,USD,235117.14,20306.71,55696.27,235117.14
PT003032,TR-0269,12/07/2025,USD,100980.51,5635.27,25218.16,100980.51
PT000623,TR-0057,30/12/2025,EUR,26457.21,3008.79,6548.56,26457.21
PT005658,TR-0501,27/11/2025,USD,76078.73,3869.15,18723.02,76078.73
PT002162,TR-0193,29/04/2023,USD,348250.65,26073.42,111122.34,348250.65
PT003520,TR-0311,26/06/2025,INR,13837771.97,1137026.21,710686.25,13837771.97
PT002931,TR-0260,17/04/2023,USD,215371.07,14164.38,50707.93,215371.07
PT003926,TR-0348,08/01/2025,USD,53506.37,6190.83,14710.6,53506.37
PT005077,TR-0450,06/10/2025,USD,1740983.88,102684.64,510880.2,1740983.88
PT003846,TR-0342,06/02/2022,EUR,222083.21,22385.9,59817.48,222083.21
PT004815,TR-0426,06/10/2024,USD,65750.67,3877.41,14588.43,65750.67
PT900018,TR-0082,25/06/2025,USD,160606.71,8481.1,12265.76,160606.71
PT002773,TR-0246,10/10/2025,EUR,268977.84,29550.3,76589.04,268977.84
PT003978,TR-0353,27/05/2024,USD,128986.64,13105.12,39658.69,128986.64
PT002846,TR-0253,08/07/2024,USD,33238.01,3761.25,3482.01,33238.01
PT005960,TR-0527,30/08/2025,EUR,127908.47,10888.38,20260.29,127908.47
PT006691,TR-0592,09/06/2026,USD,61549.16,6387.86,4467.53,61549.16
PT001719,TR-0155,30/03/2025,USD,58436.4,6643.39,6874.12,58436.4
PT005121,TR-0454,19/05/2024,USD,111399.74,11630.42,18228.16,111399.74
PT003805,TR-0338,29/07/2025,USD,196109.37,21559.02,32922.82,196109.37
PT002622,TR-0234,13/11/2025,USD,59490.81,3553.41,14719.49,59490.81
PT002171,TR-0194,21/01/2026,EUR,75428.33,5207.81,16614.65,75428.33
PT006887,TR-0610,15/01/2023,USD,537001.73,30237.64,161334.18,537001.73
PT004381,TR-0389,29/05/2026,USD,291540.12,25853.3,20838.81,291540.12
PT003314,TR-0292,17/12/2022,EUR,82391.95,7863.25,6986.54,82391.95
PT900144,TR-0668,19/06/2025,INR,7953107.34,925935.44,809200.6,7953107.34
PT004895,TR-0433,07/05/2025,USD,50396.95,2574.16,15116.39,50396.95
PT000542,TR-0047,30/11/2022,USD,89508.76,9237.4,6801.56,89508.76
PT005646,TR-0500,11/11/2024,USD,329498.64,36506.79,80622.15,329498.64
PT006420,TR-0567,16/12/2024,INR,7158474.23,624165.29,2035211.26,7158474.23
PT003842,TR-0341,09/06/2026,USD,64585.74,3636.43,16257.01,64585.74
PT002432,TR-0217,01/09/2021,EUR,110293.09,6221.54,32669.62,110293.09
PT000513,TR-0045,15/08/2023,USD,147873.25,10444.91,8539.45,147873.25
PT004474,TR-0398,17/11/2024,EUR,96270.43,9614.88,23450.44,96270.43
PT005335,TR-0473,06/02/2025,GBP,111235.9,8352.91,11827.67,111235.9
PT001086,TR-0099,30/10/2025,USD,81331.03,7301.23,6880.77,81331.03
PT007363,TR-0652,30/04/2025,INR,17272538.34,1481052.33,1675932.44,17272538.34
PT007161,TR-0635,20/05/2025,EUR,68210.38,3621.52,11112.86,68210.38
PT002748,TR-0244,21/08/2026,USD,154510.56,14102.76,36427.43,154510.56
PT000692,TR-0063,13/04/2025,EUR,29086.62,3489.22,8005.18,29086.62
PT003746,TR-0333,19/01/2022,USD,311979.04,22071.62,55779.26,311979.04
PT004351,TR-0386,25/06/2024,EUR,181257.15,14345.04,40811.49,181257.15
PT005715,TR-0506,19/01/2021,EUR,39922.23,4382.82,9742.16,39922.23
PT001456,TR-0132,28/03/2026,USD,22783.62,1489.38,2308.41,22783.62
PT007891,TR-0700,06/07/2025,EUR,34424.68,4041.34,2782.24,34424.68
PT002924,TR-0260,17/09/2022,USD,215371.07,14164.38,50707.93,215371.07
PT000917,TR-0083,12/10/2022,INR,18267778.74,1746707.69,5749454.17,18267778.74
PT002027,TR-0182,28/01/2026,USD,97280.01,7935.74,7896.02,97280.01
PT005381,TR-0477,15/04/2023,EUR,68632.81,5825.74,16119.89,68632.81
PT003449,TR-0305,22/05/2024,USD,194597.27,17781.41,59078.2,194597.27
PT005603,TR-0496,05/09/2025,USD,121892.83,13916.04,32505.24,121892.83
PT004835,TR-0428,18/08/2025,USD,187489.03,16352.03,58407.73,187489.03
PT007321,TR-0648,22/02/2024,EUR,303418.56,29478.69,95550.45,303418.56
PT004292,TR-0381,15/10/2024,USD,196717.43,18224.67,21941.46,196717.43
PT004456,TR-0395,20/11/2025,USD,19261.0,1427.54,2150.01,19261.0
PT004127,TR-0366,09/03/2025,USD,244109.16,19467.39,14871.27,244109.16
PT006986,TR-0618,08/09/2024,EUR,47369.19,3350.13,2384.21,47369.19
PT001115,TR-0101,29/05/2024,USD,186388.62,11823.47,42085.53,186388.62
PT003954,TR-0351,15/06/2023,INR,15711889.5,956811.08,4111380.8,15711889.5
PT000799,TR-0072,22/05/2025,USD,41079.98,4527.82,3269.61,41079.98
PT004095,TR-0363,12/05/2023,EUR,468561.26,47361.12,38602.0,468561.26
PT005507,TR-0488,11/01/2026,USD,499574.73,38234.1,42785.9,499574.73
PT005987,TR-0529,23/10/2025,USD,931509.25,110697.38,57160.07,931509.25
PT004974,TR-0440,24/07/2024,USD,108262.16,6801.01,10566.85,108262.16
PT004001,TR-0355,19/01/2025,USD,179347.12,14339.27,12695.21,179347.12
PT002729,TR-0243,06/01/2026,USD,309912.87,23450.53,16064.06,309912.87
PT002828,TR-0252,11/07/2023,USD,111248.59,8184.22,8399.86,111248.59
PT001756,TR-0159,27/01/2021,EUR,57364.75,4171.85,18063.44,57364.75
PT003062,TR-0271,04/08/2024,EUR,128391.7,13051.02,39523.01,128391.7
PT005105,TR-0453,08/02/2022,USD,905854.14,101181.38,54066.76,905854.14
PT007515,TR-0665,18/05/2024,USD,99102.04,10349.65,8816.75,99102.04
PT001413,TR-0128,24/05/2024,EUR,43709.17,4362.12,2872.09,43709.17
PT004750,TR-0421,12/04/2023,USD,94269.31,5440.4,7802.29,94269.31
PT002384,TR-0212,03/02/2026,EUR,284875.06,17375.04,32457.72,284875.06
PT004071,TR-0361,20/04/2021,USD,55805.28,6687.45,12734.32,55805.28
PT005012,TR-0444,23/03/2026,USD,162995.78,16957.19,9661.02,162995.78
PT003165,TR-0280,29/05/2025,USD,59622.21,3905.8,18841.97,59622.21
PT007610,TR-0674,15/04/2021,EUR,40862.04,2485.07,2787.62,40862.04
PT003701,TR-0329,20/08/2025,USD,84586.82,7675.4,26351.14,84586.82
PT001311,TR-0118,19/02/2025,USD,296970.76,29038.15,17656.57,296970.76
PT001675,TR-0151,06/02/2023,USD,217258.83,17594.91,51837.4,217258.83
PT006755,TR-0598,04/02/2025,USD,101343.27,5236.04,20253.04,101343.27
PT004218,TR-0374,11/06/2026,EUR,77764.01,8560.57,18303.59,77764.01
PT005655,TR-0500,11/08/2025,USD,329498.64,36506.79,80622.15,329498.64
PT007589,TR-0672,26/09/2022,USD,378300.57,22626.57,103441.96,378300.57
PT000228,TR-0020,16/07/2025,USD,363245.55,40202.6,42654.03,363245.55
PT006322,TR-0559,29/08/2025,USD,327613.36,28850.88,38905.51,327613.36
PT003583,TR-0318,24/05/2025,EUR,371927.95,20435.79,32414.62,371927.95
PT004885,TR-0433,07/07/2024,USD,50396.95,2574.16,15116.39,50396.95
PT001298,TR-0117,02/08/2023,USD,179453.58,17626.49,54848.37,179453.58
PT007331,TR-0649,01/01/2024,USD,336774.22,25578.56,99427.49,336774.22
PT006742,TR-0597,14/08/2026,USD,136054.4,15710.8,11676.07,136054.4
PT004339,TR-0385,23/06/2025,USD,378653.5,24852.01,94448.41,378653.5
PT002212,TR-0197,03/05/2022,USD,45335.18,4803.98,13035.43,45335.18
PT007389,TR-0654,03/02/2023,USD,71594.91,4166.35,4179.29,71594.91
PT003645,TR-0324,14/03/2024,USD,463519.43,50432.76,41052.76,463519.43
PT006439,TR-0568,23/05/2026,INR,9879042.05,1095148.38,2571027.73,9879042.05
PT002076,TR-0186,22/05/2023,EUR,745759.29,48212.9,230272.7,745759.29
PT004459,TR-0396,11/07/2022,USD,239845.45,13220.92,53238.95,239845.45
PT005725,TR-0506,19/11/2021,EUR,39922.23,4382.82,9742.16,39922.23
PT002905,TR-0258,26/01/2023,USD,575297.25,50646.06,59184.28,575297.25
PT001398,TR-0127,05/11/2023,USD,387593.45,24881.69,43903.99,387593.45
PT006422,TR-0567,16/02/2025,INR,7158474.23,624165.29,2035211.26,7158474.23
PT006849,TR-0607,03/12/2025,EUR,237190.7,24068.51,14795.82,237190.7
PT003911,TR-0347,07/02/2025,EUR,71924.04,8496.24,11945.97,71924.04
PT005286,TR-0469,05/09/2024,USD,25087.82,2721.06,1601.7,25087.82
PT005162,TR-0458,17/05/2021,USD,84272.84,8772.44,22733.1,84272.84
PT004285,TR-0381,15/03/2024,USD,196717.43,18224.67,21941.46,196717.43
PT007713,TR-0683,20/09/2025,USD,91024.39,4803.71,4908.81,91024.39
PT001390,TR-0126,24/07/2023,USD,67627.15,4116.99,6135.2,67627.15
PT004787,TR-0424,06/05/2024,USD,348422.41,24441.94,33784.6,348422.41
PT002498,TR-0222,24/11/2025,EUR,81317.17,7543.56,15731.18,81317.17
PT004674,TR-0414,15/11/2025,USD,62180.47,4664.26,19590.88,62180.47
PT005884,TR-0520,02/07/2024,EUR,97047.02,9960.27,5087.21,97047.02
PT002327,TR-0208,25/01/2025,USD,177433.96,9587.12,56726.86,177433.96
PT005785,TR-0511,21/02/2022,USD,334493.39,22458.58,77322.03,334493.39
PT003919,TR-0348,08/06/2024,USD,53506.37,6190.83,14710.6,53506.37
PT000314,TR-0028,11/03/2026,USD,74814.37,8319.51,5004.79,74814.37
PT006421,TR-0567,16/01/2025,INR,7158474.23,624165.29,2035211.26,7158474.23
PT003507,TR-0310,14/04/2026,USD,160563.84,8827.18,42357.17,160563.84
PT002418,TR-0216,28/12/2023,USD,61875.35,3459.68,11119.3,61875.35
PT003030,TR-0269,12/05/2025,USD,100980.51,5635.27,25218.16,100980.51
PT000756,TR-0069,15/10/2025,USD,42534.31,4242.26,3766.99,42534.31
PT002713,TR-0241,30/03/2024,USD,110607.31,12757.14,16933.35,110607.31
PT006968,TR-0617,10/07/2023,INR,3201921.3,368488.81,992749.53,3201921.3
PT005358,TR-0475,21/08/2024,USD,196540.51,14768.63,33688.16,196540.51
PT003635,TR-0323,08/02/2024,USD,87122.53,10056.82,9355.37,87122.53
PT004159,TR-0369,11/05/2024,USD,179253.01,13824.9,48744.52,179253.01
PT002719,TR-0242,27/04/2024,USD,219074.17,21806.13,50070.66,219074.17
PT005912,TR-0523,10/10/2025,EUR,111544.57,10596.98,12681.6,111544.57
PT005675,TR-0502,05/05/2024,INR,2042287.14,108783.0,395944.59,2042287.14
PT006127,TR-0542,29/11/2021,USD,73713.82,5705.23,22902.55,73713.82
PT007537,TR-0668,19/02/2025,INR,7953107.34,925935.44,809200.6,7953107.34
PT005796,TR-0512,07/08/2023,EUR,106049.68,10330.07,9630.48,106049.68
PT007412,TR-0656,30/10/2022,USD,104895.23,10394.92,18702.49,104895.23
PT000127,TR-0012,21/03/2025,USD,126104.76,10667.19,23959.09,126104.76
PT005724,TR-0506,19/10/2021,EUR,39922.23,4382.82,9742.16,39922.23
PT007598,TR-0673,09/02/2024,EUR,126367.22,10094.72,12157.89,126367.22
PT004531,TR-0402,15/10/2024,INR,10115278.79,773680.46,1183805.95,10115278.79
PT005020,TR-0445,07/06/2026,USD,93188.91,9260.04,7978.21,93188.91
PT000439,TR-0039,05/11/2022,USD,120590.09,12431.58,12155.95,120590.09
PT002223,TR-0198,08/03/2026,USD,103454.16,7717.55,5920.95,103454.16
PT003124,TR-0276,15/08/2025,USD,391095.49,24727.88,114385.11,391095.49
PT004905,TR-0434,28/09/2023,EUR,104107.79,9207.28,11537.17,104107.79
PT006018,TR-0532,01/08/2024,EUR,72709.64,6180.66,5864.27,72709.64
PT001273,TR-0115,21/07/2026,USD,74452.3,4413.38,17273.76,74452.3
PT000286,TR-0025,16/05/2024,USD,89604.85,10744.7,21394.0,89604.85
PT002144,TR-0192,25/10/2024,USD,192417.02,18278.9,51344.66,192417.02
PT006328,TR-0559,28/02/2026,USD,327613.36,28850.88,38905.51,327613.36
PT003325,TR-0293,05/01/2022,EUR,178537.8,12617.79,55020.34,178537.8
PT001229,TR-0111,08/01/2023,EUR,100126.81,9621.55,18874.87,100126.81
PT006308,TR-0558,14/01/2021,USD,100485.76,10623.18,28727.27,100485.76
PT006911,TR-0612,15/01/2023,USD,251024.5,16010.59,17141.95,251024.5
PT002032,TR-0182,28/06/2026,USD,97280.01,7935.74,7896.02,97280.01
PT005234,TR-0465,22/05/2025,INR,8470587.64,557084.81,2288865.26,8470587.64
PT002013,TR-0181,27/05/2024,USD,69970.88,6168.94,22359.58,69970.88
PT002925,TR-0260,17/10/2022,USD,215371.07,14164.38,50707.93,215371.07
PT007592,TR-0672,26/12/2022,USD,378300.57,22626.57,103441.96,378300.57
PT000172,TR-0016,16/03/2025,USD,441126.28,40165.06,137062.51,441126.28
PT800000,TR-9000,01/08/2026,USD,40602.46,2762.86,2712.89,40602.46
PT006128,TR-0542,29/12/2021,USD,73713.82,5705.23,22902.55,73713.82
PT004369,TR-0388,09/11/2024,USD,586856.36,60291.16,63713.64,586856.36
PT006345,TR-0561,18/10/2022,USD,81274.19,5787.51,18098.87,81274.19
PT002054,TR-0184,28/12/2025,EUR,82868.27,7002.26,9286.65,82868.27
PT002985,TR-0265,23/10/2021,USD,157995.05,7944.03,10333.41,157995.05
PT004748,TR-0421,12/02/2023,USD,94269.31,5440.4,7802.29,94269.31
PT005681,TR-0503,10/12/2025,USD,95548.2,6810.41,25506.07,95548.2
PT002504,TR-0223,23/07/2022,USD,86406.57,9879.39,7064.0,86406.57
PT000251,TR-0022,14/08/2025,INR,11939174.62,1369770.96,1841509.8,11939174.62
PT001668,TR-0150,24/02/2023,USD,340211.84,36441.14,78765.37,340211.84
PT004148,TR-0368,08/01/2024,GBP,72983.35,5147.97,22524.26,72983.35
PT002090,TR-0187,19/12/2025,INR,9029511.21,986420.02,912510.96,9029511.21
PT000049,TR-0005,11/09/2026,USD,64093.86,3436.46,15371.02,40592.78
PT000112,TR-0011,04/04/2022,EUR,145170.95,11642.6,15260.41,145170.95
PT000459,TR-0040,09/08/2025,USD,71386.65,4315.76,5543.21,71386.65
PT006321,TR-0559,29/07/2025,USD,327613.36,28850.88,38905.51,327613.36
PT005360,TR-0475,21/10/2024,USD,196540.51,14768.63,33688.16,196540.51
PT001465,TR-0133,05/08/2025,INR,3085858.7,303972.08,287929.88,3085858.7
PT004208,TR-0373,20/07/2026,USD,81218.91,6818.1,25013.61,81218.91
PT000613,TR-0056,19/03/2025,USD,62766.84,3225.19,6071.08,62766.84
PT005448,TR-0483,20/05/2025,USD,38196.24,2004.43,2501.49,38196.24
PT002115,TR-0189,02/06/2025,USD,50169.19,4165.63,4665.72,50169.19
PT007270,TR-0644,30/03/2025,USD,74853.06,4125.74,14760.53,74853.06
PT004131,TR-0366,09/07/2025,USD,244109.16,19467.39,14871.27,244109.16
PT002752,TR-0245,17/12/2021,EUR,21180.19,2047.86,5414.33,21180.19
PT000673,TR-0061,16/03/2023,USD,79148.07,8247.51,8375.9,79148.07
PT000882,TR-0080,24/07/2025,EUR,134471.76,10248.43,21432.17,134471.76
PT006863,TR-0608,20/03/2024,USD,82680.31,6098.48,22186.43,82680.31
PT007020,TR-0622,05/03/2023,INR,12205529.65,950620.04,3709117.37,12205529.65
PT005199,TR-0462,12/11/2024,GBP,283250.14,16551.36,14363.51,283250.14
PT001233,TR-0111,08/05/2023,EUR,100126.81,9621.55,18874.87,100126.81
PT001159,TR-0105,22/09/2023,USD,142898.06,11784.51,32834.94,142898.06
PT004697,TR-0416,30/01/2023,USD,31871.84,3672.14,3261.3,31871.84
PT006191,TR-0548,26/03/2021,USD,48588.3,3167.63,14186.25,48588.3
PT002754,TR-0245,17/02/2022,EUR,21180.19,2047.86,5414.33,21180.19
PT900039,TR-0189,02/06/2025,USD,50169.19,4165.63,4665.72,50169.19
PT002085,TR-0187,19/07/2025,INR,9029511.21,986420.02,912510.96,9029511.21
PT001309,TR-0118,19/12/2024,USD,296970.76,29038.15,17656.57,296970.76
PT001603,TR-0145,02/10/2023,USD,18666.19,1592.14,4153.61,18666.19
PT005159,TR-0458,17/02/2021,USD,84272.84,8772.44,22733.1,84272.84
PT006845,TR-0607,03/08/2025,EUR,237190.7,24068.51,14795.82,237190.7
PT007170,TR-0636,19/06/2022,EUR,76004.03,6528.56,21156.22,76004.03
PT003475,TR-0307,21/08/2026,USD,117182.12,13660.29,8467.45,117182.12
PT004186,TR-0371,05/03/2023,USD,56644.81,6315.15,17496.38,56644.81
PT003815,TR-0339,08/03/2024,EUR,36809.39,3169.33,9613.35,36809.39
PT004360,TR-0387,07/04/2023,USD,35087.28,3137.78,9668.7,35087.28
PT005094,TR-0452,28/06/2026,USD,62409.29,6822.24,18989.66,62409.29
PT002289,TR-0204,18/02/2026,USD,117742.81,9445.05,29681.04,117742.81
PT001441,TR-0130,31/10/2023,USD,79586.62,4046.47,4078.84,79586.62
PT001338,TR-0122,26/07/2024,USD,169933.52,18604.51,19271.38,169933.52
PT006925,TR-0613,01/07/2026,USD,69722.78,6874.33,20542.69,69722.78
PT000960,TR-0087,20/04/2025,USD,135638.47,10215.2,11115.34,135638.47
PT003857,TR-0342,06/01/2023,EUR,222083.21,22385.9,59817.48,222083.21
PT007323,TR-0648,22/04/2024,EUR,303418.56,29478.69,95550.45,303418.56
PT003204,TR-0283,22/09/2022,EUR,1213009.89,83639.3,122035.32,1213009.89
PT004192,TR-0372,07/03/2025,EUR,581947.26,62293.47,44878.32,581947.26
PT004640,TR-0412,20/05/2023,EUR,63811.93,4774.78,15322.55,63811.93
PT000883,TR-0080,24/08/2025,EUR,134471.76,10248.43,21432.17,134471.76
PT002887,TR-0257,11/08/2025,USD,128661.19,10905.21,12240.97,128661.19
PT000568,TR-0050,12/11/2023,EUR,108578.56,7353.26,17174.83,108578.56
PT003218,TR-0284,11/05/2025,EUR,1166895.94,123284.79,114345.83,1166895.94
PT004880,TR-0432,06/12/2023,INR,13961054.36,876627.69,1265269.12,13961054.36
PT007002,TR-0620,17/08/2026,USD,91719.89,8938.15,25809.48,91719.89
PT007877,TR-0698,14/02/2023,USD,38307.16,2839.08,9651.25,38307.16
PT003907,TR-0347,07/10/2024,EUR,71924.04,8496.24,11945.97,71924.04
PT002583,TR-0230,25/12/2021,USD,550925.07,29095.85,65516.53,550925.07
PT000503,TR-0044,13/07/2022,USD,167426.07,10739.74,38489.99,167426.07
PT000345,TR-0031,31/03/2023,INR,7894076.46,624916.2,2287853.13,7894076.46
PT005068,TR-0450,06/01/2025,USD,1740983.88,102684.64,510880.2,1740983.88
PT005498,TR-0487,27/07/2025,USD,124090.11,7159.15,8210.18,124090.11
PT005928,TR-0524,26/08/2025,USD,89971.66,7949.52,28585.0,89971.66
PT000573,TR-0050,12/04/2024,EUR,108578.56,7353.26,17174.83,108578.56
PT006475,TR-0571,22/08/2024,USD,36495.53,3294.75,2227.51,36495.53
PT004198,TR-0372,07/09/2025,EUR,581947.26,62293.47,44878.32,581947.26
PT004508,TR-0400,26/07/2026,USD,374847.6,29937.0,110644.75,374847.6
PT006489,TR-0573,09/09/2026,USD,276616.98,32365.66,16655.81,193631.89
PT002467,TR-0220,19/08/2025,EUR,34448.86,3610.19,3860.31,34448.86
PT006071,TR-0536,08/07/2026,USD,182296.07,13374.97,19208.55,182296.07
PT001988,TR-0179,11/10/2024,USD,239867.29,16929.17,61772.5,239867.29
PT006859,TR-0608,20/11/2023,USD,82680.31,6098.48,22186.43,82680.31
PT006208,TR-0549,31/03/2026,USD,48465.38,3129.5,15295.14,48465.38
PT900084,TR-0372,07/06/2025,EUR,581947.26,62293.47,44878.32,581947.26
PT003191,TR-0282,14/12/2022,USD,121339.65,9726.82,19035.5,121339.65
PT900011,TR-0040,09/06/2025,USD,71386.65,4315.76,5543.21,71386.65
PT006999,TR-0619,04/03/2023,USD,96206.91,8269.65,23232.23,96206.91
PT007038,TR-0624,05/10/2023,USD,36199.0,3589.73,9988.47,36199.0
PT006545,TR-0579,07/04/2026,USD,81622.23,5876.12,23199.14,81622.23
PT003967,TR-0352,29/11/2023,USD,463761.29,33137.43,51590.11,463761.29
PT003578,TR-0317,22/08/2022,USD,151237.27,12948.26,43182.88,151237.27
PT000930,TR-0084,30/06/2023,USD,167829.37,18999.84,53012.39,167829.37
PT007318,TR-0648,22/11/2023,EUR,303418.56,29478.69,95550.45,303418.56
PT000749,TR-0068,03/02/2022,USD,277413.18,21500.71,26561.7,277413.18
PT001789,TR-0161,05/12/2021,EUR,42754.72,3628.16,2763.12,42754.72
PT002672,TR-0238,29/05/2023,USD,34833.41,3472.71,8151.64,34833.41
PT007646,TR-0677,05/02/2023,USD,100715.03,6782.36,22735.4,100715.03
PT003327,TR-0293,05/03/2022,EUR,178537.8,12617.79,55020.34,178537.8
PT004231,TR-0376,28/10/2022,USD,62508.05,4156.54,14744.08,62508.05
PT004934,TR-0437,31/12/2021,USD,104966.16,10922.64,5671.7,104966.16
PT002703,TR-0240,21/07/2024,EUR,160571.49,13415.04,18889.76,160571.49
PT002216,TR-0198,08/08/2025,USD,103454.16,7717.55,5920.95,103454.16
PT001065,TR-0097,26/04/2025,EUR,39571.24,4060.98,3273.49,39571.24
PT001382,TR-0125,30/01/2025,USD,409877.35,42280.44,95387.72,409877.35
PT004524,TR-0402,15/03/2024,INR,10115278.79,773680.46,1183805.95,10115278.79
PT000518,TR-0045,15/01/2024,USD,147873.25,10444.91,8539.45,147873.25
PT004085,TR-0363,12/07/2022,EUR,468561.26,47361.12,38602.0,468561.26
PT004028,TR-0357,18/05/2023,INR,29280238.46,2167566.87,7200844.54,29280238.46
PT003171,TR-0280,29/11/2025,USD,59622.21,3905.8,18841.97,59622.21
PT000230,TR-0021,25/08/2023,USD,142515.67,8361.52,26605.92,142515.67
PT002576,TR-0230,25/05/2021,USD,550925.07,29095.85,65516.53,550925.07
PT005487,TR-0486,11/10/2024,USD,67621.99,7385.43,5034.98,67621.99
PT002176,TR-0194,21/06/2026,EUR,75428.33,5207.81,16614.65,75428.33
PT003369,TR-0298,31/10/2025,EUR,72094.16,8296.87,16959.91,72094.16
PT007518,TR-0665,18/08/2024,USD,99102.04,10349.65,8816.75,99102.04
PT000802,TR-0073,19/04/2021,EUR,751256.97,43627.63,232015.61,751256.97
PT007634,TR-0676,07/12/2021,USD,84894.67,4885.43,4275.73,84894.67
PT004284,TR-0380,21/02/2022,EUR,157199.35,15851.36,10445.3,157199.35
PT002078,TR-0186,22/07/2023,EUR,745759.29,48212.9,230272.7,745759.29
PT006299,TR-0557,14/10/2025,EUR,82994.87,6685.17,26334.78,82994.87
PT003613,TR-0321,11/09/2025,USD,161742.36,8935.38,39083.25,161742.36
PT007094,TR-0629,23/03/2025,USD,41059.38,2503.05,4225.65,41059.38
PT900112,TR-0526,04/06/2025,EUR,98010.35,8283.35,5985.21,98010.35
PT002643,TR-0235,18/03/2023,USD,69568.86,8124.78,4278.33,69568.86
PT005336,TR-0473,06/03/2025,GBP,111235.9,8352.91,11827.67,111235.9
PT005747,TR-0508,23/07/2025,USD,44656.27,4798.38,5261.57,44656.27
PT005967,TR-0527,30/03/2026,EUR,127908.47,10888.38,20260.29,127908.47
PT006802,TR-0602,13/01/2026,USD,153793.21,10283.35,36172.72,153793.21
PT001363,TR-0124,23/04/2025,USD,242444.09,21410.19,46045.57,242444.09
PT004008,TR-0355,19/08/2025,USD,179347.12,14339.27,12695.21,179347.12
PT001255,TR-0113,11/03/2023,INR,6186183.55,616769.81,1843031.07,6186183.55
PT004072,TR-0361,20/05/2021,USD,55805.28,6687.45,12734.32,55805.28
PT004259,TR-0378,27/06/2026,INR,2503902.79,143265.71,627778.79,2503902.79
PT004048,TR-0359,23/07/2024,USD,54453.25,6494.14,13962.4,54453.25
PT000007,TR-0001,15/11/2024,USD,239587.15,17252.86,24767.86,239587.15
PT003243,TR-0286,19/03/2023,EUR,237643.99,27673.1,23126.02,237643.99
PT005327,TR-0473,06/06/2024,GBP,111235.9,8352.91,11827.67,111235.9
PT006575,TR-0582,21/09/2023,EUR,87711.45,4505.61,6188.16,87711.45
PT002858,TR-0254,21/01/2024,USD,109602.92,8849.87,32804.38,109602.92
PT001581,TR-0143,15/07/2025,USD,122124.19,7498.42,12206.44,122124.19
PT005375,TR-0477,15/10/2022,EUR,68632.81,5825.74,16119.89,68632.81
PT003463,TR-0306,17/07/2026,USD,173914.37,19838.91,17363.62,173914.37
PT003710,TR-0330,30/11/2024,USD,30616.55,3130.91,3198.85,30616.55
PT002923,TR-0260,17/08/2022,USD,215371.07,14164.38,50707.93,215371.07
PT006689,TR-0592,09/04/2026,USD,61549.16,6387.86,4467.53,61549.16
PT000281,TR-0025,16/12/2023,USD,89604.85,10744.7,21394.0,89604.85
PT003061,TR-0271,04/07/2024,EUR,128391.7,13051.02,39523.01,128391.7
PT002780,TR-0247,14/07/2023,GBP,104492.33,6707.1,17171.98,104492.33
PT004300,TR-0382,19/11/2024,EUR,69847.5,4421.82,19032.01,69847.5
PT006537,TR-0577,05/07/2026,EUR,515142.53,61552.13,127897.05,515142.53
PT004068,TR-0360,31/03/2025,USD,112545.98,11216.21,18415.27,112545.98
PT006818,TR-0604,27/09/2022,EUR,54364.47,4042.04,16574.27,54364.47
PT001130,TR-0102,06/05/2023,USD,83603.64,6696.4,20359.63,83603.64
PT004971,TR-0440,24/04/2024,USD,108262.16,6801.01,10566.85,108262.16
PT007617,TR-0674,15/11/2021,EUR,40862.04,2485.07,2787.62,40862.04
PT004080,TR-0361,20/01/2022,USD,55805.28,6687.45,12734.32,55805.28
PT002218,TR-0198,08/10/2025,USD,103454.16,7717.55,5920.95,103454.16
PT002514,TR-0224,23/07/2025,USD,417953.99,48966.05,108261.62,417953.99
PT001703,TR-0154,27/03/2026,USD,105191.91,8101.3,26265.04,105191.91
PT007506,TR-0664,16/08/2022,USD,213681.59,21285.6,24773.7,213681.59
PT900114,TR-0550,19/06/2025,USD,70481.65,5886.74,19550.06,70481.65
PT000181,TR-0016,16/12/2025,USD,441126.28,40165.06,137062.51,441126.28
PT004282,TR-0380,21/12/2021,EUR,157199.35,15851.36,10445.3,157199.35
PT003114,TR-0276,15/10/2024,USD,391095.49,24727.88,114385.11,391095.49
PT006355,TR-0561,18/08/2023,USD,81274.19,5787.51,18098.87,81274.19
PT003330,TR-0294,02/08/2026,EUR,436454.43,25786.15,33920.24,436454.43
PT004475,TR-0398,17/12/2024,EUR,96270.43,9614.88,23450.44,96270.43
PT001783,TR-0161,05/06/2021,EUR,42754.72,3628.16,2763.12,42754.72
PT000432,TR-0038,03/07/2025,USD,98184.07,10656.62,6935.02,98184.07
PT003747,TR-0333,19/02/2022,USD,311979.04,22071.62,55779.26,311979.04
PT000570,TR-0050,12/01/2024,EUR,108578.56,7353.26,17174.83,108578.56
PT007464,TR-0661,06/10/2025,EUR,122966.62,14533.03,14255.91,122966.62
PT000088,TR-0009,02/08/2023,USD,289009.6,16862.33,22624.37,289009.6
PT004921,TR-0436,06/02/2025,USD,143833.62,15790.95,42423.4,143833.62
PT003522,TR-0311,26/08/2025,INR,13837771.97,1137026.21,710686.25,13837771.97
PT003274,TR-0289,04/05/2025,USD,150696.38,16082.38,25618.89,150696.38
PT004517,TR-0401,26/01/2025,USD,99938.38,11119.84,25263.23,99938.38
PT007351,TR-0651,14/04/2025,USD,31970.25,2906.77,2027.68,31970.25
PT006725,TR-0595,26/03/2025,EUR,81832.23,6296.99,15115.38,81832.23
PT005460,TR-0484,10/04/2024,EUR,322291.88,37965.61,35034.45,322291.88
PT001950,TR-0175,10/11/2021,USD,104485.16,10219.8,11217.69,104485.16
PT001826,TR-0164,26/01/2025,EUR,109259.88,10703.65,16671.69,109259.88
PT006046,TR-0534,21/04/2025,USD,70945.67,5335.38,16487.07,70945.67
PT004473,TR-0398,17/10/2024,EUR,96270.43,9614.88,23450.44,96270.43
PT005592,TR-0495,11/01/2026,INR,22888129.72,1691128.75,2551157.84,22888129.72
PT004550,TR-0404,31/05/2023,USD,381386.18,26932.9,35947.96,381386.18
PT005605,TR-0496,05/11/2025,USD,121892.83,13916.04,32505.24,121892.83
PT007263,TR-0643,27/01/2026,EUR,171145.2,9877.78,15839.5,171145.2
PT004291,TR-0381,15/09/2024,USD,196717.43,18224.67,21941.46,196717.43
PT007626,TR-0675,14/01/2022,USD,108287.57,6901.07,12510.11,108287.57
PT001700,TR-0154,27/12/2025,USD,105191.91,8101.3,26265.04,105191.91
PT004277,TR-0380,21/07/2021,EUR,157199.35,15851.36,10445.3,157199.35
PT007235,TR-0641,13/01/2023,USD,59408.06,7018.04,15060.22,59408.06
PT005868,TR-0519,14/06/2024,EUR,28723.2,2923.81,7213.51,28723.2
PT004288,TR-0381,15/06/2024,USD,196717.43,18224.67,21941.46,196717.43
PT007432,TR-0658,06/12/2025,USD,53544.93,5888.74,3010.12,53544.93
PT005395,TR-0478,04/09/2023,USD,95633.43,6439.71,29130.43,95633.43
PT003250,TR-0287,02/08/2022,EUR,148591.62,17341.39,34347.27,148591.62
PT007417,TR-0656,30/03/2023,USD,104895.23,10394.92,18702.49,104895.23
PT001784,TR-0161,05/07/2021,EUR,42754.72,3628.16,2763.12,42754.72
PT003415,TR-0302,06/07/2024,EUR,63291.83,7448.02,7388.65,63291.83
PT000856,TR-0078,08/05/2024,INR,35903508.55,3505235.0,6424892.51,35903508.55
PT000265,TR-0023,13/11/2024,INR,4035993.02,215632.85,410703.47,4035993.02
PT006437,TR-0568,23/03/2026,INR,9879042.05,1095148.38,2571027.73,9879042.05
PT003336,TR-0295,03/09/2023,USD,164154.4,9085.18,14204.63,164154.4
PT005679,TR-0502,05/09/2024,INR,2042287.14,108783.0,395944.59,2042287.14
PT007473,TR-0661,06/07/2026,EUR,122966.62,14533.03,14255.91,122966.62
PT000487,TR-0043,23/12/2023,EUR,147379.83,11260.47,17018.94,147379.83
PT004552,TR-0404,31/07/2023,USD,381386.18,26932.9,35947.96,381386.18
PT007719,TR-0683,20/03/2026,USD,91024.39,4803.71,4908.81,91024.39
PT004984,TR-0441,26/06/2026,USD,106504.94,7112.19,6390.39,106504.94
PT001585,TR-0143,15/11/2025,USD,122124.19,7498.42,12206.44,122124.19
PT001375,TR-0125,30/06/2024,USD,409877.35,42280.44,95387.72,409877.35
PT003434,TR-0303,18/08/2025,USD,30881.94,2451.29,1935.39,30881.94
PT002475,TR-0220,19/04/2026,EUR,34448.86,3610.19,3860.31,34448.86
PT002429,TR-0217,01/06/2021,EUR,110293.09,6221.54,32669.62,110293.09
PT004842,TR-0428,18/03/2026,USD,187489.03,16352.03,58407.73,187489.03
PT006793,TR-0602,13/04/2025,USD,153793.21,10283.35,36172.72,153793.21
PT004279,TR-0380,21/09/2021,EUR,157199.35,15851.36,10445.3,157199.35
PT000638,TR-0058,07/05/2026,USD,18286.12,1426.4,4609.0,18286.12
PT005415,TR-0480,11/08/2023,EUR,54153.3,5884.93,2992.31,54153.3
PT004094,TR-0363,12/04/2023,EUR,468561.26,47361.12,38602.0,468561.26
PT002355,TR-0210,13/08/2022,USD,54762.14,3534.05,5411.03,54762.14
PT002865,TR-0255,18/02/2024,INR,4509186.77,490070.37,403575.53,4509186.77
PT007023,TR-0622,05/06/2023,INR,12205529.65,950620.04,3709117.37,12205529.65
PT000842,TR-0077,18/07/2023,USD,112906.87,7679.88,29232.68,112906.87
PT900060,TR-0275,22/06/2025,USD,100845.39,10385.5,11832.39,100845.39
PT001904,TR-0171,30/01/2023,USD,28457.63,2732.31,2228.21,28457.63
PT004099,TR-0364,28/08/2023,EUR,135352.14,11510.68,6918.41,135352.14
PT002841,TR-0253,08/02/2024,USD,33238.01,3761.25,3482.01,33238.01
PT007029,TR-0623,27/06/2026,USD,82546.71,4670.13,15920.29,82546.71
PT002180,TR-0195,03/04/2024,INR,14980881.59,944789.48,3557926.18,14980881.59
PT004056,TR-0359,23/03/2025,USD,54453.25,6494.14,13962.4,54453.25
PT005192,TR-0460,01/02/2025,EUR,201374.05,11594.34,23460.56,201374.05
PT005367,TR-0476,15/03/2022,EUR,62924.0,5837.23,6315.18,62924.0
PT001638,TR-0148,20/05/2023,INR,7799708.38,618064.73,568961.74,7799708.38
PT002294,TR-0205,07/01/2024,USD,189934.44,17759.27,44138.05,189934.44
PT002225,TR-0198,08/05/2026,USD,103454.16,7717.55,5920.95,103454.16
PT004755,TR-0421,12/09/2023,USD,94269.31,5440.4,7802.29,94269.31
PT002895,TR-0257,11/04/2026,USD,128661.19,10905.21,12240.97,128661.19
PT006414,TR-0566,08/08/2023,EUR,154167.83,10590.77,27551.88,154167.83
PT002361,TR-0211,13/10/2024,USD,65590.84,4581.66,14503.36,65590.84
PT005979,TR-0528,08/09/2022,USD,28430.93,1451.35,4961.04,28430.93
PT001768,TR-0160,07/06/2024,USD,186346.27,19284.1,29635.64,186346.27
PT001292,TR-0117,02/02/2023,USD,179453.58,17626.49,54848.37,179453.58
PT900094,TR-0436,06/06/2025,USD,143833.62,15790.95,42423.4,143833.62
PT005769,TR-0510,08/12/2022,USD,93349.78,5357.56,21604.83,93349.78
PT001991,TR-0179,11/01/2025,USD,239867.29,16929.17,61772.5,239867.29
PT000566,TR-0050,12/09/2023,EUR,108578.56,7353.26,17174.83,108578.56
PT003180,TR-0281,06/09/2022,EUR,95739.04,6880.49,4891.37,95739.04
PT003136,TR-0277,10/01/2022,USD,117094.62,12012.95,10047.56,117094.62
PT007883,TR-0699,13/03/2024,USD,324235.24,22202.35,30298.2,324235.24
PT004831,TR-0428,18/04/2025,USD,187489.03,16352.03,58407.73,187489.03
PT001678,TR-0151,06/05/2023,USD,217258.83,17594.91,51837.4,217258.83
PT001459,TR-0132,28/06/2026,USD,22783.62,1489.38,2308.41,22783.62
PT000119,TR-0011,04/11/2022,EUR,145170.95,11642.6,15260.41,145170.95
PT003803,TR-0338,29/05/2025,USD,196109.37,21559.02,32922.82,196109.37
PT004250,TR-0377,31/03/2024,USD,62327.17,5145.55,5656.3,62327.17
PT004725,TR-0419,24/07/2021,USD,22504.6,1617.69,1774.43,22504.6
PT007225,TR-0640,10/12/2025,EUR,612028.73,39285.66,189968.94,612028.73
PT006549,TR-0579,07/08/2026,USD,81622.23,5876.12,23199.14,81622.23
PT005958,TR-0526,04/09/2025,EUR,98010.35,8283.35,5985.21,98010.35
PT004864,TR-0431,04/05/2021,USD,192633.15,19224.48,11158.32,192633.15
PT005617,TR-0497,09/09/2024,USD,219507.59,13328.2,23851.38,219507.59
PT004528,TR-0402,15/07/2024,INR,10115278.79,773680.46,1183805.95,10115278.79
PT001852,TR-0167,24/08/2023,USD,-232594.41,-24529.16,-36330.38,-232594.41
PT002932,TR-0260,17/05/2023,USD,215371.07,14164.38,50707.93,215371.07
PT000589,TR-0054,27/08/2024,EUR,157527.59,12834.45,28970.06,157527.59
PT005642,TR-0499,28/10/2022,EUR,58702.63,4585.05,17935.48,58702.63
PT004929,TR-0436,06/10/2025,USD,143833.62,15790.95,42423.4,143833.62
PT002531,TR-0225,12/10/2024,EUR,37988.31,3099.5,2578.0,37988.31
PT001611,TR-0146,04/12/2025,EUR,127510.43,7217.59,13573.22,127510.43
PT001630,TR-0147,05/09/2022,USD,63597.51,5023.72,17822.63,63597.51
PT004920,TR-0436,06/01/2025,USD,143833.62,15790.95,42423.4,143833.62
PT007901,TR-0700,06/05/2026,EUR,34424.68,4041.34,2782.24,34424.68
PT000682,TR-0063,13/06/2024,EUR,29086.62,3489.22,8005.18,29086.62
PT000709,TR-0065,27/08/2023,INR,8489254.35,741695.98,481567.1,8489254.35
PT007605,TR-0673,09/09/2024,EUR,126367.22,10094.72,12157.89,126367.22
PT900068,TR-0291,11/06/2025,USD,241151.35,21511.67,17898.27,241151.35
PT004693,TR-0416,30/09/2022,USD,31871.84,3672.14,3261.3,31871.84
PT002461,TR-0219,08/05/2023,USD,29945.05,3434.69,4499.22,29945.05
PT002503,TR-0223,23/06/2022,USD,86406.57,9879.39,7064.0,86406.57
PT001707,TR-0154,27/07/2026,USD,105191.91,8101.3,26265.04,105191.91
PT001400,TR-0127,05/01/2024,USD,387593.45,24881.69,43903.99,387593.45
PT900095,TR-0438,21/06/2025,USD,162177.65,8887.21,16775.18,162177.65
PT000978,TR-0088,26/01/2022,USD,58920.03,3848.02,9302.07,58920.03
PT005479,TR-0485,03/05/2026,EUR,448470.0,52722.3,85119.97,448470.0
PT001547,TR-0140,19/09/2021,EUR,177138.64,12322.49,28863.29,177138.64
PT005450,TR-0483,20/07/2025,USD,38196.24,2004.43,2501.49,38196.24
PT005690,TR-0503,10/09/2026,USD,95548.2,6810.41,25506.07,63698.8
PT004576,TR-0406,08/02/2026,GBP,76219.51,5127.51,23789.87,76219.51
PT900093,TR-0428,18/06/2025,USD,187489.03,16352.03,58407.73,187489.03
PT005317,TR-0472,02/05/2024,USD,77485.97,4901.1,24461.46,77485.97
PT005758,TR-0509,06/12/2022,USD,107584.35,11429.17,32962.22,107584.35
PT005348,TR-0474,19/06/2022,USD,223220.23,21354.72,64495.84,223220.23
PT005577,TR-0494,04/01/2026,GBP,64363.54,6142.65,15413.02,64363.54
PT007251,TR-0642,29/12/2022,EUR,386250.35,44210.87,40499.59,386250.35
PT004851,TR-0430,15/07/2023,USD,229479.12,21235.7,21781.06,229479.12
PT900108,TR-0508,23/06/2025,USD,44656.27,4798.38,5261.57,44656.27
PT001144,TR-0103,10/06/2026,EUR,106843.15,6897.78,12776.89,106843.15
PT002537,TR-0226,26/09/2024,USD,138385.55,12167.09,35028.86,138385.55
PT005233,TR-0465,22/04/2025,INR,8470587.64,557084.81,2288865.26,8470587.64
PT002666,TR-0237,30/03/2025,USD,198812.87,19628.43,45755.49,198812.87
PT003620,TR-0322,24/07/2023,USD,28957.8,1472.65,2894.92,28957.8
PT000357,TR-0032,01/03/2025,USD,97537.25,7078.7,10620.27,97537.25
PT005059,TR-0448,01/08/2025,EUR,64220.71,5761.78,4905.79,64220.71
PT001324,TR-0120,14/08/2026,EUR,129208.41,10923.98,10816.22,129208.41
PT006507,TR-0575,23/08/2025,USD,30879.36,2238.49,3206.94,30879.36
PT004461,TR-0396,11/09/2022,USD,239845.45,13220.92,53238.95,239845.45
PT001833,TR-0165,31/01/2024,EUR,85843.2,7910.31,6485.74,85843.2
PT003355,TR-0296,08/08/2023,USD,82085.09,6786.2,22829.89,82085.09
PT001460,TR-0133,05/03/2025,INR,3085858.7,303972.08,287929.88,3085858.7
PT007190,TR-0637,03/12/2025,USD,18095.48,1199.29,2932.54,18095.48
PT003693,TR-0329,20/12/2024,USD,84586.82,7675.4,26351.14,84586.82
PT001470,TR-0133,05/01/2026,INR,3085858.7,303972.08,287929.88,3085858.7
PT001816,TR-0164,26/03/2024,EUR,109259.88,10703.65,16671.69,109259.88
PT004650,TR-0412,20/03/2024,EUR,63811.93,4774.78,15322.55,63811.93
PT005862,TR-0518,10/11/2023,USD,343687.21,28214.64,94743.22,343687.21
PT003992,TR-0354,13/09/2022,USD,283479.26,27441.07,31130.81,283479.26
PT004821,TR-0427,21/11/2025,USD,351033.15,29580.52,102394.92,351033.15
PT004398,TR-0391,02/07/2025,INR,3533990.66,397928.23,383247.54,3533990.66
PT007024,TR-0622,05/07/2023,INR,12205529.65,950620.04,3709117.37,12205529.65
PT004569,TR-0406,08/07/2025,GBP,76219.51,5127.51,23789.87,76219.51
PT000400,TR-0035,29/07/2026,USD,117807.8,8516.08,23471.14,117807.8
PT000639,TR-0058,07/06/2026,USD,18286.12,1426.4,4609.0,18286.12
PT002119,TR-0189,02/10/2025,USD,50169.19,4165.63,4665.72,50169.19
PT006517,TR-0576,03/07/2021,USD,39886.88,3832.07,4052.85,39886.88
PT005066,TR-0449,07/09/2026,INR,20318234.99,2183286.93,6224694.61,15577313.49
PT001262,TR-0114,14/03/2025,USD,588038.38,35206.98,62815.83,588038.38
PT000581,TR-0051,01/08/2026,USD,177057.15,18044.43,21105.61,177057.15
PT002633,TR-0235,18/05/2022,USD,69568.86,8124.78,4278.33,69568.86
PT002646,TR-0236,28/10/2023,USD,55405.03,6180.97,9851.62,55405.03
PT000918,TR-0083,12/11/2022,INR,18267778.74,1746707.69,5749454.17,18267778.74
PT004661,TR-0413,23/07/2026,GBP,118388.37,7143.88,9802.34,118388.37
PT007187,TR-0637,03/09/2025,USD,18095.48,1199.29,2932.54,18095.48
PT004630,TR-0411,21/06/2022,EUR,132375.78,10915.68,41436.03,132375.78
PT003778,TR-0336,05/12/2022,USD,70274.21,5951.93,11520.11,70274.21
PT005628,TR-0498,23/09/2024,USD,124266.44,12509.4,30737.92,124266.44
PT000888,TR-0080,24/01/2026,EUR,134471.76,10248.43,21432.17,134471.76
PT003140,TR-0278,13/07/2022,USD,182548.19,15677.0,46128.46,182548.19
PT002055,TR-0184,28/01/2026,EUR,82868.27,7002.26,9286.65,82868.27
PT005918,TR-0523,10/04/2026,EUR,111544.57,10596.98,12681.6,111544.57
PT003321,TR-0293,05/09/2021,EUR,178537.8,12617.79,55020.34,178537.8
PT000268,TR-0024,11/08/2025,USD,146627.78,16084.29,14224.79,146627.78
PT002882,TR-0256,14/04/2026,USD,85424.88,5043.45,4286.06,85424.88
PT001500,TR-0136,17/04/2024,USD,89893.73,7367.54,23136.11,89893.73
PT001314,TR-0119,03/11/2023,USD,41475.8,3445.76,10107.91,41475.8
PT002372,TR-0211,13/09/2025,USD,65590.84,4581.66,14503.36,65590.84
PT000301,TR-0026,21/09/2023,USD,196819.9,14874.96,33384.29,196819.9
PT003854,TR-0342,06/10/2022,EUR,222083.21,22385.9,59817.48,222083.21
PT004412,TR-0392,25/08/2021,USD,313220.46,37393.51,79080.4,313220.46
PT007081,TR-0628,08/07/2026,EUR,653823.98,64868.42,110928.65,653823.98
PT007192,TR-0638,20/07/2024,USD,92930.78,5137.75,18422.03,92930.78
PT005558,TR-0492,17/07/2023,USD,222805.42,22886.05,59329.1,222805.42
PT001748,TR-0158,23/08/2025,USD,48036.85,4454.77,5670.51,48036.85
PT002701,TR-0240,21/05/2024,EUR,160571.49,13415.04,18889.76,160571.49
PT002567,TR-0229,01/08/2022,USD,45460.25,4548.06,11420.08,45460.25
PT004263,TR-0379,01/12/2025,USD,36976.93,3564.76,2763.03,36976.93
PT900080,TR-0356,18/06/2025,USD,244134.22,14746.53,40828.59,244134.22
PT000793,TR-0072,22/11/2024,USD,41079.98,4527.82,3269.61,41079.98
PT006704,TR-0593,11/01/2024,USD,284389.73,16967.92,83218.37,284389.73
PT002566,TR-0229,01/07/2022,USD,45460.25,4548.06,11420.08,45460.25
PT007092,TR-0629,23/01/2025,USD,41059.38,2503.05,4225.65,41059.38
PT004604,TR-0409,01/07/2025,EUR,51017.36,3678.29,15736.3,51017.36
PT001374,TR-0125,30/05/2024,USD,409877.35,42280.44,95387.72,409877.35
PT004753,TR-0421,12/07/2023,USD,94269.31,5440.4,7802.29,94269.31
PT005994,TR-0529,23/05/2026,USD,931509.25,110697.38,57160.07,931509.25
PT002863,TR-0255,18/12/2023,INR,4509186.77,490070.37,403575.53,4509186.77
PT000645,TR-0059,09/03/2023,USD,231399.98,26353.46,21810.41,231399.98
PT005970,TR-0527,30/06/2026,EUR,127908.47,10888.38,20260.29,127908.47
PT007061,TR-0626,06/02/2023,EUR,91882.43,8400.04,16020.2,91882.43
PT002282,TR-0204,18/07/2025,USD,117742.81,9445.05,29681.04,117742.81
PT007140,TR-0633,01/03/2026,USD,101645.68,10260.41,6933.47,101645.68
PT000052,TR-0006,02/03/2022,USD,16666.67,1068.75,4953.51,16666.67
PT005040,TR-0447,24/10/2025,EUR,397459.7,28174.4,114735.65,397459.7
PT002411,TR-0215,14/06/2025,USD,553151.55,39643.29,130562.47,553151.55
PT004113,TR-0365,13/11/2025,EUR,200113.61,22738.53,15804.8,200113.61
PT001896,TR-0170,22/06/2026,USD,92450.42,7451.41,10815.59,92450.42
PT002560,TR-0229,01/01/2022,USD,45460.25,4548.06,11420.08,45460.25
PT004215,TR-0374,11/03/2026,EUR,77764.01,8560.57,18303.59,77764.01
PT007143,TR-0633,01/06/2026,USD,101645.68,10260.41,6933.47,101645.68
PT001779,TR-0160,07/05/2025,USD,186346.27,19284.1,29635.64,186346.27
PT002056,TR-0184,28/02/2026,EUR,82868.27,7002.26,9286.65,82868.27
PT000675,TR-0062,03/03/2026,USD,53697.94,5657.17,16823.03,53697.94
PT005593,TR-0495,11/02/2026,INR,22888129.72,1691128.75,2551157.84,22888129.72
PT900004,TR-0022,14/06/2025,INR,11939174.62,1369770.96,1841509.8,11939174.62
PT002699,TR-0240,21/03/2024,EUR,160571.49,13415.04,18889.76,160571.49
PT006652,TR-0589,17/06/2025,EUR,55051.22,2786.14,6413.17,55051.22
PT000213,TR-0019,12/02/2025,USD,60862.42,3074.28,19034.48,60862.42
PT900031,TR-0168,16/06/2025,USD,132540.71,11146.42,41511.01,132540.71
PT003324,TR-0293,05/12/2021,EUR,178537.8,12617.79,55020.34,178537.8
PT003188,TR-0282,14/09/2022,USD,121339.65,9726.82,19035.5,121339.65
PT001628,TR-0147,05/07/2022,USD,63597.51,5023.72,17822.63,63597.51
PT006263,TR-0554,17/04/2022,EUR,15432.1,1553.67,1598.5,15432.1
PT002227,TR-0198,08/07/2026,USD,103454.16,7717.55,5920.95,103454.16
PT002109,TR-0189,02/12/2024,USD,50169.19,4165.63,4665.72,50169.19
PT005039,TR-0447,24/09/2025,EUR,397459.7,28174.4,114735.65,397459.7
PT006892,TR-0611,03/04/2023,USD,23524.14,1352.52,1291.25,23524.14
PT007096,TR-0630,06/04/2022,USD,82243.7,5508.43,6925.59,82243.7
PT006359,TR-0562,07/01/2024,USD,71602.38,7690.42,19204.19,71602.38
PT000397,TR-0035,29/04/2026,USD,117807.8,8516.08,23471.14,117807.8
PT000279,TR-0025,16/10/2023,USD,89604.85,10744.7,21394.0,89604.85
PT004523,TR-0402,15/02/2024,INR,10115278.79,773680.46,1183805.95,10115278.79
PT006594,TR-0584,01/11/2024,USD,16666.67,1648.01,2986.37,16666.67
PT004049,TR-0359,23/08/2024,USD,54453.25,6494.14,13962.4,54453.25
PT006504,TR-0575,23/05/2025,USD,30879.36,2238.49,3206.94,30879.36
PT004684,TR-0415,14/02/2024,INR,17823594.36,1912634.37,1052331.63,17823594.36
PT003962,TR-0351,15/02/2024,INR,15711889.5,956811.08,4111380.8,15711889.5
PT000423,TR-0037,14/05/2025,EUR,109137.11,13043.62,29546.61,109137.11
PT001061,TR-0096,01/09/2023,EUR,33626.26,2813.8,8434.59,33626.26
PT900100,TR-0462,12/06/2025,GBP,283250.14,16551.36,14363.51,283250.14
PT000662,TR-0061,16/04/2022,USD,79148.07,8247.51,8375.9,79148.07
PT002967,TR-0263,30/08/2026,EUR,38545.79,2126.18,2619.85,38545.79
PT006484,TR-0572,08/12/2025,EUR,91897.18,5183.27,9891.45,91897.18
PT005262,TR-0467,03/02/2023,EUR,231313.34,12677.7,55121.71,231313.34
PT005155,TR-0457,05/05/2023,USD,72334.97,5795.18,5924.37,72334.97
PT000063,TR-0007,19/08/2025,USD,57256.0,3081.23,13701.6,57256.0
PT007612,TR-0674,15/06/2021,EUR,40862.04,2485.07,2787.62,40862.04
PT002658,TR-0237,30/07/2024,USD,198812.87,19628.43,45755.49,198812.87
PT001272,TR-0115,21/06/2026,USD,74452.3,4413.38,17273.76,74452.3
PT005331,TR-0473,06/10/2024,GBP,111235.9,8352.91,11827.67,111235.9
PT000078,TR-0008,11/12/2025,USD,24607.49,2216.37,7825.25,24607.49
PT000540,TR-0047,30/09/2022,USD,89508.76,9237.4,6801.56,89508.76
PT001257,TR-0113,11/05/2023,INR,6186183.55,616769.81,1843031.07,6186183.55
PT001047,TR-0095,29/06/2026,USD,99203.62,11090.75,23356.73,99203.62
PT000824,TR-0075,21/05/2026,USD,125568.39,11458.52,29232.98,125568.39
PT003039,TR-0269,12/02/2026,USD,100980.51,5635.27,25218.16,100980.51
PT002939,TR-0261,18/03/2025,EUR,624324.45,66139.38,171888.92,624324.45
PT002744,TR-0244,21/04/2026,USD,154510.56,14102.76,36427.43,154510.56
PT004504,TR-0400,26/03/2026,USD,374847.6,29937.0,110644.75,374847.6
PT000805,TR-0073,19/07/2021,EUR,751256.97,43627.63,232015.61,751256.97
PT007007,TR-0621,27/07/2021,EUR,133093.9,7467.9,38732.35,133093.9
PT002235,TR-0199,16/04/2025,INR,4505630.51,422959.87,1025093.75,4505630.51
PT004734,TR-0419,24/04/2022,USD,22504.6,1617.69,1774.43,22504.6
PT003748,TR-0333,19/03/2022,USD,311979.04,22071.62,55779.26,311979.04
PT005320,TR-0472,02/08/2024,USD,77485.97,4901.1,24461.46,77485.97
PT000547,TR-0048,10/07/2026,EUR,89187.7,8893.54,27170.84,89187.7
PT005297,TR-0470,01/06/2026,EUR,546672.77,56518.84,63765.83,546672.77
PT006337,TR-0560,26/10/2024,INR,10392805.44,719820.76,569301.43,10392805.44
PT004449,TR-0395,20/04/2025,USD,19261.0,1427.54,2150.01,19261.0
PT002736,TR-0243,06/08/2026,USD,309912.87,23450.53,16064.06,309912.87
PT006311,TR-0558,14/04/2021,USD,100485.76,10623.18,28727.27,100485.76
PT002929,TR-0260,17/02/2023,USD,215371.07,14164.38,50707.93,215371.07
PT004854,TR-0430,15/10/2023,USD,229479.12,21235.7,21781.06,229479.12
PT000768,TR-0070,15/09/2024,USD,105633.2,9140.89,8131.21,105633.2
PT007407,TR-0655,02/04/2023,EUR,81858.6,7338.19,6437.35,81858.6
PT006331,TR-0559,29/05/2026,USD,327613.36,28850.88,38905.51,327613.36
PT007390,TR-0654,03/03/2023,USD,71594.91,4166.35,4179.29,71594.91
PT003398,TR-0300,24/09/2025,USD,323465.09,23267.74,58876.71,323465.09
PT003610,TR-0321,11/06/2025,USD,161742.36,8935.38,39083.25,161742.36
PT000263,TR-0023,13/09/2024,INR,4035993.02,215632.85,410703.47,4035993.02
PT004064,TR-0360,30/11/2024,USD,112545.98,11216.21,18415.27,112545.98
PT000952,TR-0086,16/02/2024,USD,160730.09,17511.68,29798.1,160730.09
PT002766,TR-0246,10/03/2025,EUR,268977.84,29550.3,76589.04,268977.84
PT005932,TR-0524,26/12/2025,USD,89971.66,7949.52,28585.0,89971.66
PT001013,TR-0091,04/11/2024,USD,235117.14,20306.71,55696.27,235117.14
PT003735,TR-0332,24/11/2021,EUR,105423.26,6649.28,6956.94,105423.26
PT900123,TR-0575,23/06/2025,USD,30879.36,2238.49,3206.94,30879.36
PT000737,TR-0067,27/07/2024,INR,29066660.44,1877315.43,8575437.97,29066660.44
PT006975,TR-0617,10/02/2024,INR,3201921.3,368488.81,992749.53,3201921.3
PT003424,TR-0303,18/10/2024,USD,30881.94,2451.29,1935.39,30881.94
PT006117,TR-0542,29/01/2021,USD,73713.82,5705.23,22902.55,73713.82
PT000361,TR-0032,01/07/2025,USD,97537.25,7078.7,10620.27,97537.25
PT007272,TR-0644,30/05/2025,USD,74853.06,4125.74,14760.53,74853.06
PT001558,TR-0141,12/01/2025,USD,354720.62,34491.93,91937.83,354720.62
PT006267,TR-0554,17/08/2022,EUR,15432.1,1553.67,1598.5,15432.1
PT003007,TR-0267,28/04/2022,USD,242972.79,13958.11,23585.56,242972.79
PT000585,TR-0052,15/08/2026,USD,63690.42,5137.22,17977.95,63690.42
PT001906,TR-0171,30/03/2023,USD,28457.63,2732.31,2228.21,28457.63
PT004930,TR-0436,06/11/2025,USD,143833.62,15790.95,42423.4,143833.62
PT002911,TR-0259,04/03/2025,EUR,582471.98,31110.16,134468.7,582471.98
PT004706,TR-0417,06/01/2025,EUR,453408.93,47939.11,24422.49,453408.93
PT005568,TR-0493,22/08/2022,USD,249402.1,26317.88,70481.55,249402.1
PT006858,TR-0608,20/10/2023,USD,82680.31,6098.48,22186.43,82680.31
PT007835,TR-0694,07/10/2025,USD,246554.18,22639.45,14915.53,246554.18
PT004097,TR-0364,28/06/2023,EUR,135352.14,11510.68,6918.41,135352.14
PT006617,TR-0586,24/02/2024,EUR,22277.59,1315.46,5002.53,22277.59
PT000668,TR-0061,16/10/2022,USD,79148.07,8247.51,8375.9,79148.07
PT002928,TR-0260,17/01/2023,USD,215371.07,14164.38,50707.93,215371.07
PT004656,TR-0413,23/02/2026,GBP,118388.37,7143.88,9802.34,118388.37
PT005722,TR-0506,19/08/2021,EUR,39922.23,4382.82,9742.16,39922.23
PT006861,TR-0608,20/01/2024,USD,82680.31,6098.48,22186.43,82680.31
PT004437,TR-0394,01/02/2023,USD,119799.86,13253.69,6016.89,119799.86
PT007334,TR-0649,01/04/2024,USD,336774.22,25578.56,99427.49,336774.22
PT005056,TR-0448,01/05/2025,EUR,64220.71,5761.78,4905.79,64220.71
PT003754,TR-0334,28/07/2023,USD,119582.26,13029.32,20217.47,119582.26
PT004535,TR-0403,25/02/2026,USD,54050.68,4910.21,14314.55,54050.68
PT007894,TR-0700,06/10/2025,EUR,34424.68,4041.34,2782.24,34424.68
PT003241,TR-0286,19/01/2023,EUR,237643.99,27673.1,23126.02,237643.99
PT007886,TR-0699,13/06/2024,USD,324235.24,22202.35,30298.2,324235.24
PT000424,TR-0037,14/06/2025,EUR,109137.11,13043.62,29546.61,109137.11
PT007675,TR-0680,21/07/2022,USD,164633.16,18206.15,15241.0,164633.16
PT000140,TR-0013,27/04/2026,USD,91469.85,6957.04,22994.54,91469.85
PT005503,TR-0487,27/12/2025,USD,124090.11,7159.15,8210.18,124090.11
PT000415,TR-0037,14/09/2024,EUR,109137.11,13043.62,29546.61,109137.11
PT004505,TR-0400,26/04/2026,USD,374847.6,29937.0,110644.75,374847.6
PT003557,TR-0315,01/09/2023,USD,58673.31,6941.79,16238.13,58673.31
PT001424,TR-0129,08/07/2024,USD,47242.56,2502.85,3933.02,47242.56
PT003624,TR-0322,24/11/2023,USD,28957.8,1472.65,2894.92,28957.8
PT006971,TR-0617,10/10/2023,INR,3201921.3,368488.81,992749.53,3201921.3
PT006716,TR-0595,26/06/2024,EUR,81832.23,6296.99,15115.38,81832.23
PT004301,TR-0382,19/12/2024,EUR,69847.5,4421.82,19032.01,69847.5
PT007312,TR-0648,22/05/2023,EUR,303418.56,29478.69,95550.45,303418.56
PT006115,TR-0541,12/03/2022,USD,196205.65,14162.1,62173.92,196205.65
PT007343,TR-0650,28/11/2023,USD,57512.38,5066.35,17936.64,57512.38
PT002300,TR-0205,07/07/2024,USD,189934.44,17759.27,44138.05,189934.44
PT005788,TR-0512,07/12/2022,EUR,106049.68,10330.07,9630.48,106049.68
PT003506,TR-0310,14/03/2026,USD,160563.84,8827.18,42357.17,160563.84
PT900078,TR-0338,29/06/2025,USD,196109.37,21559.02,32922.82,196109.37
PT003121,TR-0276,15/05/2025,USD,391095.49,24727.88,114385.11,391095.49
PT003493,TR-0309,15/06/2021,EUR,31671.91,2635.39,1657.83,31671.91
PT002509,TR-0223,23/12/2022,USD,86406.57,9879.39,7064.0,86406.57
PT000157,TR-0014,08/10/2022,USD,16666.67,1581.04,2759.14,16666.67
PT006221,TR-0550,19/11/2025,USD,70481.65,5886.74,19550.06,70481.65
PT007836,TR-0694,07/11/2025,USD,246554.18,22639.45,14915.53,246554.18
PT007615,TR-0674,15/09/2021,EUR,40862.04,2485.07,2787.62,40862.04
PT002541,TR-0226,26/01/2025,USD,138385.55,12167.09,35028.86,138385.55
PT000670,TR-0061,16/12/2022,USD,79148.07,8247.51,8375.9,79148.07
PT004007,TR-0355,19/07/2025,USD,179347.12,14339.27,12695.21,179347.12
PT003562,TR-0316,29/01/2022,USD,90076.31,4710.36,25250.23,90076.31
PT002770,TR-0246,10/07/2025,EUR,268977.84,29550.3,76589.04,268977.84
PT003617,TR-0322,24/04/2023,USD,28957.8,1472.65,2894.92,28957.8
PT001125,TR-0102,06/12/2022,USD,83603.64,6696.4,20359.63,83603.64
PT006953,TR-0616,07/04/2024,EUR,66907.82,6243.62,18892.29,66907.82
PT002321,TR-0207,30/12/2022,EUR,211083.13,11860.92,49531.65,211083.13
PT002117,TR-0189,02/08/2025,USD,50169.19,4165.63,4665.72,50169.19
PT000941,TR-0085,28/03/2026,INR,17957351.61,1457259.26,1611158.15,17957351.61
PT007824,TR-0693,07/01/2022,USD,42620.19,2540.92,12492.82,42620.19
PT000884,TR-0080,24/09/2025,EUR,134471.76,10248.43,21432.17,134471.76
PT005718,TR-0506,19/04/2021,EUR,39922.23,4382.82,9742.16,39922.23
PT005909,TR-0522,06/05/2022,USD,26140.4,2972.12,1337.81,26140.4
PT002562,TR-0229,01/03/2022,USD,45460.25,4548.06,11420.08,45460.25
PT005449,TR-0483,20/06/2025,USD,38196.24,2004.43,2501.49,38196.24
PT003656,TR-0326,23/12/2022,USD,47847.46,4589.37,8420.16,47847.46
PT000669,TR-0061,16/11/2022,USD,79148.07,8247.51,8375.9,79148.07
PT007200,TR-0638,20/03/2025,USD,92930.78,5137.75,18422.03,92930.78
PT002609,TR-0233,05/01/2025,USD,205917.56,21692.47,11670.32,205917.56
PT004551,TR-0404,30/06/2023,USD,381386.18,26932.9,35947.96,381386.18
PT001910,TR-0171,30/07/2023,USD,28457.63,2732.31,2228.21,28457.63
PT001112,TR-0101,29/02/2024,USD,186388.62,11823.47,42085.53,186388.62
PT007298,TR-0646,02/04/2026,EUR,155116.13,9460.16,28938.56,155116.13
PT001877,TR-0169,14/09/2024,EUR,50990.54,2794.46,9599.79,50990.54
PT003346,TR-0296,08/11/2022,USD,82085.09,6786.2,22829.89,82085.09
PT005522,TR-0489,29/03/2023,EUR,254828.99,25710.6,17808.63,254828.99
PT007727,TR-0684,17/09/2025,USD,126599.55,11035.73,19786.65,126599.55
PT002452,TR-0219,08/08/2022,USD,29945.05,3434.69,4499.22,29945.05
PT006255,TR-0553,21/09/2025,USD,377837.2,30062.44,115287.92,377837.2
PT003407,TR-0301,23/12/2025,USD,21863.27,1654.41,1490.77,21863.27
PT004411,TR-0392,25/07/2021,USD,313220.46,37393.51,79080.4,313220.46
PT000076,TR-0008,11/10/2025,USD,24607.49,2216.37,7825.25,24607.49
PT002450,TR-0218,12/10/2024,EUR,15432.1,1179.93,1059.96,15432.1
PT003055,TR-0271,04/01/2024,EUR,128391.7,13051.02,39523.01,128391.7
PT900049,TR-0221,24/06/2025,USD,139529.4,11332.89,36862.29,139529.4
PT006942,TR-0615,10/06/2021,EUR,241995.95,14635.49,69188.99,241995.95
PT006995,TR-0619,04/11/2022,USD,96206.91,8269.65,23232.23,96206.91
PT001494,TR-0136,17/10/2023,USD,89893.73,7367.54,23136.11,89893.73
PT005659,TR-0501,27/12/2025,USD,76078.73,3869.15,18723.02,76078.73
PT003810,TR-0339,08/10/2023,EUR,36809.39,3169.33,9613.35,36809.39
PT003951,TR-0351,15/03/2023,INR,15711889.5,956811.08,4111380.8,15711889.5
PT001646,TR-0149,07/11/2022,USD,74747.37,8122.76,7843.28,74747.37
PT001737,TR-0157,11/11/2024,USD,59405.32,4717.71,6547.9,59405.32
PT001880,TR-0169,14/12/2024,EUR,50990.54,2794.46,9599.79,50990.54
PT000599,TR-0054,27/06/2025,EUR,157527.59,12834.45,28970.06,157527.59
PT004016,TR-0356,18/11/2025,USD,244134.22,14746.53,40828.59,244134.22
PT001259,TR-0114,14/12/2024,USD,588038.38,35206.98,62815.83,588038.38
PT003481,TR-0308,03/10/2023,USD,78800.94,6297.77,7973.06,78800.94
PT007125,TR-0632,15/04/2023,USD,74592.96,4667.86,8593.77,74592.96
PT003316,TR-0292,17/02/2023,EUR,82391.95,7863.25,6986.54,82391.95
PT004649,TR-0412,20/02/2024,EUR,63811.93,4774.78,15322.55,63811.93
PT004189,TR-0371,05/06/2023,USD,56644.81,6315.15,17496.38,56644.81
PT005966,TR-0527,28/02/2026,EUR,127908.47,10888.38,20260.29,127908.47
PT003306,TR-0292,17/04/2022,EUR,82391.95,7863.25,6986.54,82391.95
PT007142,TR-0633,01/05/2026,USD,101645.68,10260.41,6933.47,101645.68
PT002020,TR-0181,27/12/2024,USD,69970.88,6168.94,22359.58,69970.88
PT005795,TR-0512,07/07/2023,EUR,106049.68,10330.07,9630.48,106049.68
PT004770,TR-0422,11/05/2023,USD,456262.98,32597.36,31810.22,456262.98
PT004923,TR-0436,06/04/2025,USD,143833.62,15790.95,42423.4,143833.62
PT000790,TR-0072,22/08/2024,USD,41079.98,4527.82,3269.61,41079.98
PT002881,TR-0256,14/03/2026,USD,85424.88,5043.45,4286.06,85424.88
PT007777,TR-0689,24/08/2022,GBP,380970.84,27870.26,42659.58,380970.84
PT005580,TR-0494,04/04/2026,GBP,64363.54,6142.65,15413.02,64363.54
PT000295,TR-0026,21/03/2023,USD,196819.9,14874.96,33384.29,196819.9
PT002958,TR-0262,04/05/2025,EUR,284184.33,23815.66,30366.04,284184.33
PT005915,TR-0523,10/01/2026,EUR,111544.57,10596.98,12681.6,111544.57
PT001633,TR-0148,20/12/2022,INR,7799708.38,618064.73,568961.74,7799708.38
PT002676,TR-0238,29/09/2023,USD,34833.41,3472.71,8151.64,34833.41
PT005302,TR-0471,18/07/2025,EUR,77216.42,6751.51,19626.13,77216.42
PT002474,TR-0220,19/03/2026,EUR,34448.86,3610.19,3860.31,34448.86
PT004846,TR-0429,10/08/2026,USD,84000.18,8032.04,22084.92,84000.18
PT007749,TR-0686,21/12/2025,USD,93492.9,6441.59,10100.38,93492.9
PT000937,TR-0085,28/11/2025,INR,17957351.61,1457259.26,1611158.15,17957351.61
PT001352,TR-0123,03/12/2022,USD,115963.04,13371.16,36995.43,115963.04
PT003174,TR-0281,06/03/2022,EUR,95739.04,6880.49,4891.37,95739.04
PT006182,TR-0547,17/05/2024,EUR,38547.45,3503.25,8962.53,38547.45
PT005693,TR-0504,25/01/2022,USD,291083.73,34774.85,51127.72,291083.73
PT004039,TR-0358,30/03/2026,USD,192784.05,10605.26,46450.02,192784.05
PT003837,TR-0341,09/01/2026,USD,64585.74,3636.43,16257.01,64585.74
PT004906,TR-0434,28/10/2023,EUR,104107.79,9207.28,11537.17,104107.79
PT003085,TR-0273,14/12/2023,EUR,66011.95,4008.05,20353.76,66011.95
PT007568,TR-0670,27/02/2026,USD,142868.22,15815.05,41960.71,142868.22
PT002121,TR-0190,26/06/2023,USD,60568.52,6162.37,3679.2,60568.52
PT002921,TR-0259,04/01/2026,EUR,582471.98,31110.16,134468.7,582471.98
PT005141,TR-0456,16/06/2024,USD,805192.2,48586.1,87380.93,805192.2
PT007108,TR-0631,10/09/2022,USD,36017.19,2058.13,2236.99,36017.19
PT001146,TR-0104,21/02/2021,USD,29416.17,2892.44,7046.63,29416.17
PT001961,TR-0176,13/09/2022,USD,82816.94,4701.74,15082.28,82816.94
PT007069,TR-0627,16/12/2024,USD,96234.84,7577.87,25907.27,96234.84
PT004995,TR-0443,27/04/2024,USD,174851.14,14433.96,20927.38,174851.14
PT000003,TR-0001,15/07/2024,USD,239587.15,17252.86,24767.86,239587.15
PT005730,TR-0507,19/08/2022,USD,94073.51,8763.93,24818.27,94073.51
PT005590,TR-0495,11/11/2025,INR,22888129.72,1691128.75,2551157.84,22888129.72
PT006740,TR-0597,14/06/2026,USD,136054.4,15710.8,11676.07,136054.4
PT000965,TR-0087,20/09/2025,USD,135638.47,10215.2,11115.34,135638.47
PT900115,TR-0552,13/06/2025,USD,62952.26,4906.56,4160.65,62952.26
PT007328,TR-0649,01/10/2023,USD,336774.22,25578.56,99427.49,336774.22
PT007801,TR-0691,10/09/2026,USD,110922.14,11699.3,12913.46,73948.09
PT000654,TR-0059,09/12/2023,USD,231399.98,26353.46,21810.41,231399.98
PT004299,TR-0382,19/10/2024,EUR,69847.5,4421.82,19032.01,69847.5
PT003351,TR-0296,08/04/2023,USD,82085.09,6786.2,22829.89,82085.09
PT007535,TR-0667,02/08/2026,USD,69632.32,7546.75,8198.13,69632.32
PT003303,TR-0291,11/09/2025,USD,241151.35,21511.67,17898.27,241151.35
PT002380,TR-0212,03/10/2025,EUR,284875.06,17375.04,32457.72,284875.06
PT003979,TR-0353,27/06/2024,USD,128986.64,13105.12,39658.69,128986.64
PT004834,TR-0428,18/07/2025,USD,187489.03,16352.03,58407.73,187489.03
PT002888,TR-0257,11/09/2025,USD,128661.19,10905.21,12240.97,128661.19
PT006527,TR-0577,05/09/2025,EUR,515142.53,61552.13,127897.05,515142.53
PT007772,TR-0688,16/07/2026,GBP,94348.91,8653.43,10439.27,94348.91
PT005697,TR-0504,25/05/2022,USD,291083.73,34774.85,51127.72,291083.73
PT005563,TR-0493,22/03/2022,USD,249402.1,26317.88,70481.55,249402.1
PT000745,TR-0068,03/10/2021,USD,277413.18,21500.71,26561.7,277413.18
PT003677,TR-0327,25/12/2025,INR,4965231.55,507095.28,1212896.33,4965231.55
PT000260,TR-0023,13/06/2024,INR,4035993.02,215632.85,410703.47,4035993.02
PT006783,TR-0601,23/12/2025,EUR,383225.56,42324.93,105000.69,383225.56
PT002590,TR-0231,14/07/2021,USD,222276.24,13343.45,52763.42,222276.24
PT003993,TR-0354,13/10/2022,USD,283479.26,27441.07,31130.81,283479.26
PT002937,TR-0261,18/01/2025,EUR,624324.45,66139.38,171888.92,624324.45
PT000534,TR-0047,30/03/2022,USD,89508.76,9237.4,6801.56,89508.76
PT002617,TR-0233,05/09/2025,USD,205917.56,21692.47,11670.32,205917.56
PT000634,TR-0058,07/01/2026,USD,18286.12,1426.4,4609.0,18286.12
PT000557,TR-0049,31/10/2023,USD,182970.01,15432.16,57452.93,182970.01
PT002969,TR-0264,03/08/2023,EUR,185457.67,13531.92,13071.36,185457.67
PT003505,TR-0310,14/02/2026,USD,160563.84,8827.18,42357.17,160563.84
PT007496,TR-0664,16/10/2021,USD,213681.59,21285.6,24773.7,213681.59
PT000591,TR-0054,27/10/2024,EUR,157527.59,12834.45,28970.06,157527.59
PT004018,TR-0356,18/01/2026,USD,244134.22,14746.53,40828.59,244134.22
PT004537,TR-0403,25/04/2026,USD,54050.68,4910.21,14314.55,54050.68
PT000887,TR-0080,24/12/2025,EUR,134471.76,10248.43,21432.17,134471.76
PT006590,TR-0584,01/07/2024,USD,16666.67,1648.01,2986.37,16666.67
PT003220,TR-0284,11/07/2025,EUR,1166895.94,123284.79,114345.83,1166895.94
PT005880,TR-0520,02/03/2024,EUR,97047.02,9960.27,5087.21,97047.02
PT000496,TR-0043,23/09/2024,EUR,147379.83,11260.47,17018.94,147379.83
PT004544,TR-0404,30/11/2022,USD,381386.18,26932.9,35947.96,381386.18
PT004237,TR-0376,28/04/2023,USD,62508.05,4156.54,14744.08,62508.05
PT000363,TR-0032,01/09/2025,USD,97537.25,7078.7,10620.27,97537.25
PT002028,TR-0182,28/02/2026,USD,97280.01,7935.74,7896.02,97280.01
PT005652,TR-0500,11/05/2025,USD,329498.64,36506.79,80622.15,329498.64
PT001151,TR-0104,21/07/2021,USD,29416.17,2892.44,7046.63,29416.17
PT000829,TR-0076,12/11/2023,EUR,114451.19,11000.22,19051.9,114451.19
PT003726,TR-0332,24/02/2021,EUR,105423.26,6649.28,6956.94,105423.26
PT003086,TR-0273,14/01/2024,EUR,66011.95,4008.05,20353.76,66011.95
PT000644,TR-0059,09/02/2023,USD,231399.98,26353.46,21810.41,231399.98
PT006871,TR-0609,10/02/2023,USD,57524.85,5486.44,14486.98,57524.85
PT007816,TR-0693,07/05/2021,USD,42620.19,2540.92,12492.82,42620.19
PT000318,TR-0028,11/07/2026,USD,74814.37,8319.51,5004.79,74814.37
PT001017,TR-0092,01/05/2026,EUR,37417.56,4441.36,2467.98,37417.56
PT000663,TR-0061,16/05/2022,USD,79148.07,8247.51,8375.9,79148.07
PT000994,TR-0090,16/09/2025,USD,340739.27,29928.28,89881.62,340739.27
PT000649,TR-0059,09/07/2023,USD,231399.98,26353.46,21810.41,231399.98
PT002083,TR-0186,22/12/2023,EUR,745759.29,48212.9,230272.7,745759.29
PT002168,TR-0194,21/10/2025,EUR,75428.33,5207.81,16614.65,75428.33
PT001713,TR-0155,30/09/2024,USD,58436.4,6643.39,6874.12,58436.4
PT000071,TR-0007,19/04/2026,USD,57256.0,3081.23,13701.6,57256.0
PT006464,TR-0571,22/09/2023,USD,36495.53,3294.75,2227.51,36495.53
PT006792,TR-0602,13/03/2025,USD,153793.21,10283.35,36172.72,153793.21
PT004385,TR-0389,29/09/2026,USD,291540.12,25853.3,20838.81,9718.0
PT003409,TR-0301,23/02/2026,USD,21863.27,1654.41,1490.77,21863.27
PT002627,TR-0234,13/04/2026,USD,59490.81,3553.41,14719.49,59490.81
PT001597,TR-0144,05/03/2023,USD,264856.71,13851.13,59316.25,264856.71
PT007157,TR-0635,20/01/2025,EUR,68210.38,3621.52,11112.86,68210.38
PT001687,TR-0153,23/07/2023,USD,155105.71,8776.11,35164.88,155105.71
PT004559,TR-0405,29/04/2024,USD,221221.42,16142.54,25275.87,221221.42
PT003307,TR-0292,17/05/2022,EUR,82391.95,7863.25,6986.54,82391.95
PT003154,TR-0279,14/03/2025,EUR,73796.66,7605.59,13993.42,73796.66
PT003802,TR-0338,29/04/2025,USD,196109.37,21559.02,32922.82,196109.37
PT003197,TR-0283,22/02/2022,EUR,1213009.89,83639.3,122035.32,1213009.89
PT001313,TR-0119,03/10/2023,USD,41475.8,3445.76,10107.91,41475.8
PT004540,TR-0403,25/07/2026,USD,54050.68,4910.21,14314.55,54050.68
PT006966,TR-0617,10/05/2023,INR,3201921.3,368488.81,992749.53,3201921.3
PT006854,TR-0607,03/05/2026,EUR,237190.7,24068.51,14795.82,237190.7
PT002222,TR-0198,08/02/2026,USD,103454.16,7717.55,5920.95,103454.16
PT004287,TR-0381,15/05/2024,USD,196717.43,18224.67,21941.46,196717.43
PT000907,TR-0082,25/07/2025,USD,160606.71,8481.1,12265.76,160606.71
PT800001,TR-9001,21/12/2022,USD,196819.9,14874.96,33384.29,196819.9
PT002290,TR-0205,07/09/2023,USD,189934.44,17759.27,44138.05,189934.44
PT006398,TR-0565,27/10/2025,USD,73299.9,7460.78,21673.63,73299.9
PT006714,TR-0594,26/08/2026,EUR,75326.19,3779.91,21859.38,75326.19
PT006734,TR-0596,03/05/2026,EUR,157715.16,12552.48,46711.47,157715.16
PT005106,TR-0453,08/03/2022,USD,905854.14,101181.38,54066.76,905854.14
PT005983,TR-0528,08/01/2023,USD,28430.93,1451.35,4961.04,28430.93
PT003699,TR-0329,20/06/2025,USD,84586.82,7675.4,26351.14,84586.82
PT007879,TR-0699,13/11/2023,USD,324235.24,22202.35,30298.2,324235.24
PT006023,TR-0532,01/01/2025,EUR,72709.64,6180.66,5864.27,72709.64
PT007896,TR-0700,06/12/2025,EUR,34424.68,4041.34,2782.24,34424.68
PT006536,TR-0577,05/06/2026,EUR,515142.53,61552.13,127897.05,515142.53
PT005551,TR-0492,17/12/2022,USD,222805.42,22886.05,59329.1,222805.42
PT005775,TR-0511,21/04/2021,USD,334493.39,22458.58,77322.03,334493.39
PT006014,TR-0532,01/04/2024,EUR,72709.64,6180.66,5864.27,72709.64
PT002444,TR-0218,12/04/2024,EUR,15432.1,1179.93,1059.96,15432.1
PT003413,TR-0302,06/05/2024,EUR,63291.83,7448.02,7388.65,63291.83
PT006167,TR-0546,15/04/2025,USD,124484.55,9552.24,19203.59,124484.55
PT000010,TR-0001,15/02/2025,USD,239587.15,17252.86,24767.86,239587.15
PT007009,TR-0621,27/09/2021,EUR,133093.9,7467.9,38732.35,133093.9
PT002454,TR-0219,08/10/2022,USD,29945.05,3434.69,4499.22,29945.05
PT000874,TR-0079,24/11/2025,USD,21059.12,1885.96,2348.38,21059.12
PT900139,TR-0644,30/06/2025,USD,74853.06,4125.74,14760.53,74853.06
PT006116,TR-0541,12/04/2022,USD,196205.65,14162.1,62173.92,196205.65
PT003066,TR-0272,20/02/2024,USD,382220.9,21579.44,107600.37,382220.9
PT004415,TR-0392,25/11/2021,USD,313220.46,37393.51,79080.4,313220.46
PT007715,TR-0683,20/11/2025,USD,91024.39,4803.71,4908.81,91024.39
PT007743,TR-0685,28/10/2025,EUR,187114.9,16786.77,53131.96,187114.9
PT006868,TR-0609,10/11/2022,USD,57524.85,5486.44,14486.98,57524.85
PT004742,TR-0420,17/01/2024,EUR,108514.56,6281.92,17660.21,108514.56
PT004882,TR-0432,06/02/2024,INR,13961054.36,876627.69,1265269.12,13961054.36
PT007643,TR-0676,07/09/2022,USD,84894.67,4885.43,4275.73,84894.67
PT007324,TR-0649,01/06/2023,USD,336774.22,25578.56,99427.49,336774.22
PT006339,TR-0560,26/12/2024,INR,10392805.44,719820.76,569301.43,10392805.44
PT006959,TR-0616,07/10/2024,EUR,66907.82,6243.62,18892.29,66907.82
PT007761,TR-0687,28/06/2022,USD,369973.65,33132.9,96139.32,369973.65
PT002731,TR-0243,06/03/2026,USD,309912.87,23450.53,16064.06,309912.87
PT007460,TR-0660,17/06/2026,USD,144045.95,10305.83,16655.64,144045.95
PT006327,TR-0559,29/01/2026,USD,327613.36,28850.88,38905.51,327613.36
PT004152,TR-0368,08/05/2024,GBP,72983.35,5147.97,22524.26,72983.35
PT005353,TR-0475,21/03/2024,USD,196540.51,14768.63,33688.16,196540.51
PT004663,TR-0414,15/12/2024,USD,62180.47,4664.26,19590.88,62180.47
PT000285,TR-0025,16/04/2024,USD,89604.85,10744.7,21394.0,89604.85
PT003418,TR-0302,06/10/2024,EUR,63291.83,7448.02,7388.65,63291.83
PT002037,TR-0183,02/04/2025,USD,100544.26,7921.3,23011.91,100544.26
PT000821,TR-0074,17/09/2026,USD,349428.89,31581.48,25394.94,151419.19
PT007425,TR-0657,11/11/2024,USD,134067.74,14448.71,21246.07,134067.74
PT005046,TR-0447,24/04/2026,EUR,397459.7,28174.4,114735.65,397459.7
PT005844,TR-0517,14/05/2024,EUR,31347.56,1696.38,9673.78,31347.56
PT005803,TR-0513,11/01/2025,USD,206673.62,13315.27,61875.66,206673.62
PT000525,TR-0046,26/03/2026,EUR,42010.54,4587.79,6941.12,42010.54
PT001898,TR-0170,22/08/2026,USD,92450.42,7451.41,10815.59,92450.42
PT003899,TR-0346,18/06/2026,EUR,113589.28,7125.12,33279.6,113589.28
PT007173,TR-0636,19/09/2022,EUR,76004.03,6528.56,21156.22,76004.03
PT000327,TR-0029,26/08/2025,USD,101233.74,6373.93,10834.51,101233.74
PT004117,TR-0365,13/03/2026,EUR,200113.61,22738.53,15804.8,200113.61
PT004491,TR-0399,28/11/2021,USD,191901.87,16437.79,13105.15,191901.87
PT900067,TR-0289,04/06/2025,USD,150696.38,16082.38,25618.89,150696.38
PT006171,TR-0546,15/08/2025,USD,124484.55,9552.24,19203.59,124484.55
PT002197,TR-0196,17/08/2022,EUR,21307.55,1848.57,2362.54,21307.55
PT005344,TR-0474,19/02/2022,USD,223220.23,21354.72,64495.84,223220.23
PT003193,TR-0282,14/02/2023,USD,121339.65,9726.82,19035.5,121339.65
PT002943,TR-0261,18/07/2025,EUR,624324.45,66139.38,171888.92,624324.45
PT002957,TR-0262,04/04/2025,EUR,284184.33,23815.66,30366.04,284184.33
PT002311,TR-0206,14/10/2022,INR,5990077.77,529984.94,1634715.82,5990077.77
PT000499,TR-0044,13/03/2022,USD,167426.07,10739.74,38489.99,167426.07
PT007885,TR-0699,13/05/2024,USD,324235.24,22202.35,30298.2,324235.24
PT002547,TR-0226,26/07/2025,USD,138385.55,12167.09,35028.86,138385.55
PT002783,TR-0247,14/10/2023,GBP,104492.33,6707.1,17171.98,104492.33
PT002406,TR-0215,14/01/2025,USD,553151.55,39643.29,130562.47,553151.55
PT004668,TR-0414,15/05/2025,USD,62180.47,4664.26,19590.88,62180.47
PT003760,TR-0334,28/01/2024,USD,119582.26,13029.32,20217.47,119582.26
PT003709,TR-0330,31/10/2024,USD,30616.55,3130.91,3198.85,30616.55
PT000380,TR-0033,01/04/2025,USD,148341.91,8852.21,27528.98,148341.91
PT003049,TR-0270,26/12/2025,GBP,54772.68,3231.65,15771.52,54772.68
PT007153,TR-0634,17/07/2025,USD,86475.79,6479.81,5506.45,86475.79
PT007304,TR-0647,29/12/2022,USD,197134.2,16814.11,18042.62,197134.2
PT004081,TR-0361,20/02/2022,USD,55805.28,6687.45,12734.32,55805.28
PT007582,TR-0671,30/12/2023,USD,90526.2,10551.45,10506.35,90526.2
PT006781,TR-0601,23/10/2025,EUR,383225.56,42324.93,105000.69,383225.56
PT007186,TR-0637,03/08/2025,USD,18095.48,1199.29,2932.54,18095.48
PT001053,TR-0096,01/01/2023,EUR,33626.26,2813.8,8434.59,33626.26
PT000191,TR-0017,28/03/2023,EUR,53520.5,3944.03,2893.72,53520.5
PT002789,TR-0248,16/08/2026,USD,202308.3,11174.44,64214.87,202308.3
PT007279,TR-0645,17/05/2023,EUR,63107.84,5661.9,4257.57,63107.84
PT002388,TR-0213,23/06/2026,USD,66395.1,5986.79,10812.94,66395.1
PT001721,TR-0156,27/01/2024,USD,268263.15,26998.06,27525.51,268263.15
PT004735,TR-0420,17/06/2023,EUR,108514.56,6281.92,17660.21,108514.56
PT004757,TR-0421,12/11/2023,USD,94269.31,5440.4,7802.29,94269.31
PT000021,TR-0003,09/05/2021,EUR,90737.65,7449.41,26187.76,90737.65
PT003446,TR-0304,24/06/2024,USD,86092.33,7559.76,5957.09,86092.33
PT006897,TR-0611,03/09/2023,USD,23524.14,1352.52,1291.25,23524.14
PT005757,TR-0509,06/11/2022,USD,107584.35,11429.17,32962.22,107584.35
PT005519,TR-0489,29/12/2022,EUR,254828.99,25710.6,17808.63,254828.99
PT002535,TR-0225,12/02/2025,EUR,37988.31,3099.5,2578.0,37988.31
PT002867,TR-0255,18/04/2024,INR,4509186.77,490070.37,403575.53,4509186.77
PT007564,TR-0670,27/10/2025,USD,142868.22,15815.05,41960.71,142868.22
PT007790,TR-0690,21/09/2024,USD,57917.12,5125.0,13770.79,57917.12
PT007640,TR-0676,07/06/2022,USD,84894.67,4885.43,4275.73,84894.67
PT002021,TR-0181,27/01/2025,USD,69970.88,6168.94,22359.58,69970.88
PT007800,TR-0691,10/08/2026,USD,110922.14,11699.3,12913.46,110922.14
PT004875,TR-0432,06/07/2023,INR,13961054.36,876627.69,1265269.12,13961054.36
PT005588,TR-0495,11/09/2025,INR,22888129.72,1691128.75,2551157.84,22888129.72
PT005990,TR-0529,23/01/2026,USD,931509.25,110697.38,57160.07,931509.25
PT000209,TR-0019,12/10/2024,USD,60862.42,3074.28,19034.48,60862.42
PT006425,TR-0567,16/05/2025,INR,7158474.23,624165.29,2035211.26,7158474.23
PT007452,TR-0659,10/10/2023,EUR,37211.01,3403.61,3918.42,37211.01
PT000190,TR-0017,28/02/2023,EUR,53520.5,3944.03,2893.72,53520.5
PT005619,TR-0497,09/11/2024,USD,219507.59,13328.2,23851.38,219507.59
PT005891,TR-0521,03/01/2025,USD,192812.14,14528.12,42703.02,192812.14
PT000151,TR-0014,08/04/2022,USD,16666.67,1581.04,2759.14,16666.67
PT000023,TR-0003,09/07/2021,EUR,90737.65,7449.41,26187.76,90737.65
PT006806,TR-0603,01/03/2025,INR,12289574.96,1115828.68,1398057.06,12289574.96
PT007863,TR-0697,17/07/2026,EUR,97668.62,10240.68,21953.75,97668.62
PT005452,TR-0483,20/09/2025,USD,38196.24,2004.43,2501.49,38196.24
PT001332,TR-0121,03/02/2024,USD,276582.4,16816.16,72794.98,276582.4
PT007338,TR-0650,28/06/2023,USD,57512.38,5066.35,17936.64,57512.38
PT000443,TR-0039,05/03/2023,USD,120590.09,12431.58,12155.95,120590.09
PT000658,TR-0060,01/06/2026,USD,40602.46,2762.86,2712.89,40602.46
PT002356,TR-0210,13/09/2022,USD,54762.14,3534.05,5411.03,54762.14
PT006388,TR-0564,15/03/2026,INR,23516127.75,2211072.71,2101638.06,23516127.75
PT001383,TR-0125,28/02/2025,USD,409877.35,42280.44,95387.72,409877.35
PT001808,TR-0163,03/07/2025,USD,256698.41,22686.78,13846.37,256698.41
PT004597,TR-0408,01/02/2026,USD,162808.34,14928.65,46526.66,162808.34
PT006213,TR-0550,19/03/2025,USD,70481.65,5886.74,19550.06,70481.65
PT002799,TR-0249,05/07/2025,USD,252877.99,21600.4,21776.06,252877.99
PT001963,TR-0176,13/11/2022,USD,82816.94,4701.74,15082.28,82816.94
PT007868,TR-0698,14/05/2022,USD,38307.16,2839.08,9651.25,38307.16
PT004054,TR-0359,23/01/2025,USD,54453.25,6494.14,13962.4,54453.25
PT000551,TR-0049,30/04/2023,USD,182970.01,15432.16,57452.93,182970.01
PT004024,TR-0357,18/01/2023,INR,29280238.46,2167566.87,7200844.54,29280238.46
PT005897,TR-0521,03/07/2025,USD,192812.14,14528.12,42703.02,192812.14
PT007373,TR-0653,30/11/2021,USD,200045.25,11619.93,32003.36,200045.25
PT003869,TR-0343,01/03/2025,USD,118599.13,14150.09,11941.45,118599.13
PT007793,TR-0690,21/12/2024,USD,57917.12,5125.0,13770.79,57917.12
PT004761,TR-0422,11/08/2022,USD,456262.98,32597.36,31810.22,456262.98
PT007303,TR-0647,29/11/2022,USD,197134.2,16814.11,18042.62,197134.2
PT000940,TR-0085,28/02/2026,INR,17957351.61,1457259.26,1611158.15,17957351.61
PT002470,TR-0220,19/11/2025,EUR,34448.86,3610.19,3860.31,34448.86
PT005922,TR-0523,10/08/2026,EUR,111544.57,10596.98,12681.6,111544.57
PT002818,TR-0251,10/02/2023,EUR,170847.05,11507.08,51623.37,170847.05
PT005455,TR-0483,20/12/2025,USD,38196.24,2004.43,2501.49,38196.24
PT004986,TR-0441,26/08/2026,USD,106504.94,7112.19,6390.39,106504.94
PT005962,TR-0527,30/10/2025,EUR,127908.47,10888.38,20260.29,127908.47
PT005477,TR-0485,03/03/2026,EUR,448470.0,52722.3,85119.97,448470.0
PT005465,TR-0484,10/09/2024,EUR,322291.88,37965.61,35034.45,322291.88
PT006972,TR-0617,10/11/2023,INR,3201921.3,368488.81,992749.53,3201921.3
PT002899,TR-0258,26/07/2022,USD,575297.25,50646.06,59184.28,575297.25
PT002104,TR-0188,30/04/2026,USD,29736.13,2312.24,1707.33,29736.13
PT001528,TR-0139,19/08/2021,EUR,42016.75,4881.47,3497.53,42016.75
PT000341,TR-0030,13/06/2025,USD,81309.53,4438.45,4651.73,81309.53
PT002415,TR-0215,14/10/2025,USD,553151.55,39643.29,130562.47,553151.55
PT004333,TR-0385,23/12/2024,USD,378653.5,24852.01,94448.41,378653.5
PT006756,TR-0599,05/11/2024,USD,18411.08,1330.09,4802.26,18411.08
PT006257,TR-0553,21/11/2025,USD,377837.2,30062.44,115287.92,377837.2
PT003998,TR-0354,13/03/2023,USD,283479.26,27441.07,31130.81,283479.26
PT000421,TR-0037,14/03/2025,EUR,109137.11,13043.62,29546.61,109137.11
PT000762,TR-0069,15/04/2026,USD,42534.31,4242.26,3766.99,42534.31
PT003516,TR-0311,26/02/2025,INR,13837771.97,1137026.21,710686.25,13837771.97
PT002390,TR-0213,23/08/2026,USD,66395.1,5986.79,10812.94,66395.1
PT004201,TR-0372,07/12/2025,EUR,581947.26,62293.47,44878.32,581947.26
PT004817,TR-0426,06/12/2024,USD,65750.67,3877.41,14588.43,65750.67
PT000865,TR-0079,24/02/2025,USD,21059.12,1885.96,2348.38,21059.12
PT001869,TR-0168,16/09/2025,USD,132540.71,11146.42,41511.01,132540.71
PT002389,TR-0213,23/07/2026,USD,66395.1,5986.79,10812.94,66395.1
PT000504,TR-0044,13/08/2022,USD,167426.07,10739.74,38489.99,167426.07
PT003442,TR-0304,24/02/2024,USD,86092.33,7559.76,5957.09,86092.33
PT005301,TR-0471,18/06/2025,EUR,77216.42,6751.51,19626.13,77216.42
PT004483,TR-0398,17/08/2025,EUR,96270.43,9614.88,23450.44,96270.43
PT006088,TR-0538,15/08/2023,USD,524519.39,52489.55,54640.59,524519.39
PT000770,TR-0070,15/11/2024,USD,105633.2,9140.89,8131.21,105633.2
PT000885,TR-0080,24/10/2025,EUR,134471.76,10248.43,21432.17,134471.76
PT006151,TR-0544,01/11/2021,USD,527092.34,62504.8,117398.4,527092.34
PT006852,TR-0607,03/03/2026,EUR,237190.7,24068.51,14795.82,237190.7
PT004337,TR-0385,23/04/2025,USD,378653.5,24852.01,94448.41,378653.5
PT006736,TR-0596,03/07/2026,EUR,157715.16,12552.48,46711.47,157715.16
PT005362,TR-0476,15/10/2021,EUR,62924.0,5837.23,6315.18,62924.0
PT002527,TR-0225,12/06/2024,EUR,37988.31,3099.5,2578.0,37988.31
PT007238,TR-0641,13/04/2023,USD,59408.06,7018.04,15060.22,59408.06
PT006002,TR-0531,01/07/2023,EUR,24995.64,1818.01,6036.5,24995.64
PT001287,TR-0116,14/12/2025,INR,8999544.15,556891.68,667986.37,8999544.15
PT004717,TR-0418,16/11/2021,USD,66109.2,5957.54,10340.44,66109.2
PT007327,TR-0649,01/09/2023,USD,336774.22,25578.56,99427.49,336774.22
PT002980,TR-0264,03/07/2024,EUR,185457.67,13531.92,13071.36,185457.67
PT003594,TR-0319,14/08/2026,USD,37176.26,3981.03,3190.75,37176.26
PT000711,TR-0065,27/10/2023,INR,8489254.35,741695.98,481567.1,8489254.35
PT007524,TR-0666,07/05/2024,GBP,148673.21,17424.74,10431.36,148673.21
PT007502,TR-0664,16/04/2022,USD,213681.59,21285.6,24773.7,213681.59
PT000099,TR-0010,12/09/2023,USD,154845.94,8133.16,14119.08,154845.94
PT003530,TR-0313,26/06/2026,USD,221576.51,24043.7,59675.98,221576.51
PT000891,TR-0081,29/05/2024,EUR,15432.1,1676.55,899.51,15432.1
PT003416,TR-0302,06/08/2024,EUR,63291.83,7448.02,7388.65,63291.83
PT003219,TR-0284,11/06/2025,EUR,1166895.94,123284.79,114345.83,1166895.94
PT005662,TR-0501,27/03/2026,USD,76078.73,3869.15,18723.02,76078.73
PT001983,TR-0178,29/05/2026,USD,120341.02,9195.22,14087.9,120341.02
PT003862,TR-0343,01/08/2024,USD,118599.13,14150.09,11941.45,118599.13
PT004689,TR-0416,30/05/2022,USD,31871.84,3672.14,3261.3,31871.84
PT900085,TR-0382,19/06/2025,EUR,69847.5,4421.82,19032.01,69847.5
PT001040,TR-0095,29/11/2025,USD,99203.62,11090.75,23356.73,99203.62
PT900101,TR-0465,22/06/2025,INR,8470587.64,557084.81,2288865.26,8470587.64
PT007438,TR-0658,06/06/2026,USD,53544.93,5888.74,3010.12,53544.93
PT002596,TR-0232,11/11/2021,USD,57905.35,5981.94,3276.69,57905.35
PT004801,TR-0425,25/09/2022,USD,112754.78,7016.49,32364.73,112754.78
PT007880,TR-0699,13/12/2023,USD,324235.24,22202.35,30298.2,324235.24
PT001063,TR-0097,26/02/2025,EUR,39571.24,4060.98,3273.49,39571.24
PT003334,TR-0295,03/07/2023,USD,164154.4,9085.18,14204.63,164154.4
PT004278,TR-0380,21/08/2021,EUR,157199.35,15851.36,10445.3,157199.35
PT004160,TR-0369,11/06/2024,USD,179253.01,13824.9,48744.52,179253.01
PT001251,TR-0113,11/11/2022,INR,6186183.55,616769.81,1843031.07,6186183.55
PT005022,TR-0445,07/08/2026,USD,93188.91,9260.04,7978.21,93188.91
PT001466,TR-0133,05/09/2025,INR,3085858.7,303972.08,287929.88,3085858.7
PT005294,TR-0470,01/03/2026,EUR,546672.77,56518.84,63765.83,546672.77
PT004944,TR-0438,21/08/2024,USD,162177.65,8887.21,16775.18,162177.65
PT001992,TR-0179,11/02/2025,USD,239867.29,16929.17,61772.5,239867.29
PT007762,TR-0687,28/07/2022,USD,369973.65,33132.9,96139.32,369973.65
PT005371,TR-0476,15/07/2022,EUR,62924.0,5837.23,6315.18,62924.0
PT001399,TR-0127,05/12/2023,USD,387593.45,24881.69,43903.99,387593.45
PT006816,TR-0604,27/07/2022,EUR,54364.47,4042.04,16574.27,54364.47
PT000671,TR-0061,16/01/2023,USD,79148.07,8247.51,8375.9,79148.07
PT001263,TR-0114,14/04/2025,USD,588038.38,35206.98,62815.83,588038.38
PT005993,TR-0529,23/04/2026,USD,931509.25,110697.38,57160.07,931509.25
PT002762,TR-0246,10/11/2024,EUR,268977.84,29550.3,76589.04,268977.84
PT004197,TR-0372,07/08/2025,EUR,581947.26,62293.47,44878.32,581947.26
PT000385,TR-0034,25/02/2023,USD,32386.44,3553.96,3545.04,32386.44
PT006928,TR-0614,03/08/2022,USD,23917.34,1245.1,2820.72,23917.34
PT002023,TR-0181,27/03/2025,USD,69970.88,6168.94,22359.58,69970.88
PT001197,TR-0108,14/12/2022,USD,293289.08,30048.84,29954.78,293289.08
PT000417,TR-0037,14/11/2024,EUR,109137.11,13043.62,29546.61,109137.11
PT006563,TR-0581,14/05/2022,USD,185251.07,16023.59,13846.27,185251.07
PT005941,TR-0525,25/06/2023,USD,488093.4,37210.4,132027.91,488093.4
PT004709,TR-0417,06/04/2025,EUR,453408.93,47939.11,24422.49,453408.93
PT006231,TR-0551,06/10/2021,EUR,262779.64,19346.78,64920.23,262779.64
PT000849,TR-0077,18/02/2024,USD,112906.87,7679.88,29232.68,112906.87
PT006318,TR-0558,14/11/2021,USD,100485.76,10623.18,28727.27,100485.76
PT006958,TR-0616,07/09/2024,EUR,66907.82,6243.62,18892.29,66907.82
PT007578,TR-0671,30/08/2023,USD,90526.2,10551.45,10506.35,90526.2
PT007271,TR-0644,30/04/2025,USD,74853.06,4125.74,14760.53,74853.06
PT007509,TR-0665,18/11/2023,USD,99102.04,10349.65,8816.75,99102.04
PT003452,TR-0305,22/08/2024,USD,194597.27,17781.41,59078.2,194597.27
PT004608,TR-0409,01/11/2025,EUR,51017.36,3678.29,15736.3,51017.36
PT001012,TR-0091,04/10/2024,USD,235117.14,20306.71,55696.27,235117.14
PT004769,TR-0422,11/04/2023,USD,-456262.98,-32597.36,-31810.22,-456262.98
PT002644,TR-0236,28/08/2023,USD,55405.03,6180.97,9851.62,55405.03
PT005712,TR-0505,04/04/2024,USD,707427.8,61022.31,47587.06,707427.8
PT005651,TR-0500,11/04/2025,USD,329498.64,36506.79,80622.15,329498.64
PT003984,TR-0353,27/11/2024,USD,128986.64,13105.12,39658.69,128986.64
PT005513,TR-0488,11/07/2026,USD,499574.73,38234.1,42785.9,499574.73
PT006555,TR-0580,28/06/2026,EUR,159740.53,18120.18,13377.91,159740.53
PT001237,TR-0112,01/02/2023,USD,73860.72,8579.69,3852.76,73860.72
PT003723,TR-0331,26/08/2024,USD,70372.5,4784.72,16632.04,70372.5
PT002412,TR-0215,14/07/2025,USD,553151.55,39643.29,130562.47,553151.55
PT001704,TR-0154,27/04/2026,USD,105191.91,8101.3,26265.04,105191.91
PT004359,TR-0387,07/03/2023,USD,35087.28,3137.78,9668.7,35087.28
PT000899,TR-0081,29/01/2025,EUR,15432.1,1676.55,899.51,15432.1
PT007240,TR-0642,29/01/2022,EUR,386250.35,44210.87,40499.59,386250.35
PT004699,TR-0417,06/06/2024,EUR,453408.93,47939.11,24422.49,453408.93
PT006050,TR-0535,11/02/2024,USD,193583.04,18712.19,14697.39,193583.04
PT003447,TR-0304,24/07/2024,USD,86092.33,7559.76,5957.09,86092.33
PT000201,TR-0018,16/02/2026,USD,657952.79,37732.66,48584.13,657952.79
PT001728,TR-0156,27/08/2024,USD,268263.15,26998.06,27525.51,268263.15
PT006650,TR-0589,17/04/2025,EUR,55051.22,2786.14,6413.17,55051.22
PT900142,TR-0652,30/06/2025,INR,17272538.34,1481052.33,1675932.44,17272538.34
PT006059,TR-0535,11/11/2024,USD,193583.04,18712.19,14697.39,193583.04
PT001843,TR-0166,14/02/2026,USD,31177.28,1715.7,9235.49,31177.28
PT006506,TR-0575,23/07/2025,USD,30879.36,2238.49,3206.94,30879.36
PT000735,TR-0067,27/05/2024,INR,29066660.44,1877315.43,8575437.97,29066660.44
PT005751,TR-0509,06/05/2022,USD,107584.35,11429.17,32962.22,107584.35
PT002740,TR-0244,21/12/2025,USD,154510.56,14102.76,36427.43,154510.56
PT001207,TR-0109,23/12/2022,USD,105427.91,10274.8,7092.21,105427.91
PT001696,TR-0154,27/08/2025,USD,105191.91,8101.3,26265.04,105191.91
PT002320,TR-0207,30/11/2022,EUR,211083.13,11860.92,49531.65,211083.13
PT003666,TR-0327,25/01/2025,INR,4965231.55,507095.28,1212896.33,4965231.55
PT003278,TR-0289,04/09/2025,USD,150696.38,16082.38,25618.89,150696.38
PT003065,TR-0272,20/01/2024,USD,382220.9,21579.44,107600.37,382220.9
PT000600,TR-0054,27/07/2025,EUR,157527.59,12834.45,28970.06,157527.59
PT006001,TR-0531,01/06/2023,EUR,24995.64,1818.01,6036.5,24995.64
PT003352,TR-0296,08/05/2023,USD,82085.09,6786.2,22829.89,82085.09
PT007050,TR-0625,10/03/2026,EUR,15432.1,1538.44,2593.69,15432.1
PT003545,TR-0314,05/01/2022,USD,60214.64,3811.84,18101.91,60214.64
PT003512,TR-0310,14/09/2026,USD,160563.84,8827.18,42357.17,85634.05
PT000401,TR-0035,29/08/2026,USD,117807.8,8516.08,23471.14,117807.8
PT004061,TR-0360,31/08/2024,USD,112545.98,11216.21,18415.27,112545.98
PT006168,TR-0546,15/05/2025,USD,124484.55,9552.24,19203.59,124484.55
PT001777,TR-0160,07/03/2025,USD,186346.27,19284.1,29635.64,186346.27
PT007048,TR-0625,10/01/2026,EUR,15432.1,1538.44,2593.69,15432.1
PT000515,TR-0045,15/10/2023,USD,147873.25,10444.91,8539.45,147873.25
PT006236,TR-0551,06/03/2022,EUR,262779.64,19346.78,64920.23,262779.64
PT005258,TR-0467,03/10/2022,EUR,231313.34,12677.7,55121.71,231313.34
PT005858,TR-0518,10/07/2023,USD,343687.21,28214.64,94743.22,343687.21
PT004764,TR-0422,11/11/2022,USD,456262.98,32597.36,31810.22,456262.98
PT005826,TR-0515,12/08/2026,EUR,75606.56,6304.81,17660.07,75606.56
PT002545,TR-0226,26/05/2025,USD,138385.55,12167.09,35028.86,138385.55
PT007113,TR-0631,10/02/2023,USD,36017.19,2058.13,2236.99,36017.19
PT004980,TR-0441,26/02/2026,USD,106504.94,7112.19,6390.39,106504.94
PT006561,TR-0581,14/03/2022,USD,185251.07,16023.59,13846.27,185251.07
PT000815,TR-0074,17/03/2026,USD,349428.89,31581.48,25394.94,349428.89
PT007571,TR-0670,27/05/2026,USD,142868.22,15815.05,41960.71,142868.22
PT006146,TR-0544,01/06/2021,USD,527092.34,62504.8,117398.4,527092.34
PT002207,TR-0197,03/12/2021,USD,45335.18,4803.98,13035.43,45335.18
PT002753,TR-0245,17/01/2022,EUR,21180.19,2047.86,5414.33,21180.19
PT000892,TR-0081,29/06/2024,EUR,15432.1,1676.55,899.51,15432.1
PT900061,TR-0276,15/06/2025,USD,391095.49,24727.88,114385.11,391095.49
PT001506,TR-0137,01/07/2023,USD,94166.78,10920.36,7485.28,94166.78
PT006836,TR-0605,07/09/2026,USD,115273.31,6184.99,33746.92,88376.2
PT006020,TR-0532,01/10/2024,EUR,72709.64,6180.66,5864.27,72709.64
PT007337,TR-0650,28/05/2023,USD,57512.38,5066.35,17936.64,57512.38
PT004267,TR-0379,01/04/2026,USD,36976.93,3564.76,2763.03,36976.93
PT001036,TR-0094,03/08/2026,EUR,52282.64,3094.13,4296.57,52282.64
PT004981,TR-0441,26/03/2026,USD,106504.94,7112.19,6390.39,106504.94
PT000220,TR-0020,16/11/2024,USD,363245.55,40202.6,42654.03,363245.55
PT002266,TR-0203,12/12/2024,INR,6759740.53,616133.69,2019094.71,6759740.53
PT005011,TR-0444,23/02/2026,USD,162995.78,16957.19,9661.02,162995.78
PT003549,TR-0315,01/01/2023,USD,58673.31,6941.79,16238.13,58673.31
PT005981,TR-0528,08/11/2022,USD,28430.93,1451.35,4961.04,28430.93
PT007290,TR-0646,02/08/2025,EUR,155116.13,9460.16,28938.56,155116.13
PT005339,TR-0474,19/09/2021,USD,223220.23,21354.72,64495.84,223220.23
PT007168,TR-0636,19/04/2022,EUR,76004.03,6528.56,21156.22,76004.03
PT005120,TR-0454,19/04/2024,USD,111399.74,11630.42,18228.16,111399.74
PT004176,TR-0370,03/06/2025,EUR,147697.81,9711.38,11456.69,147697.81
PT000134,TR-0013,27/10/2025,USD,91469.85,6957.04,22994.54,91469.85
PT900048,TR-0220,19/06/2025,EUR,34448.86,3610.19,3860.31,34448.86
PT007086,TR-0629,23/07/2024,USD,41059.38,2503.05,4225.65,41059.38
PT003644,TR-0324,14/02/2024,USD,463519.43,50432.76,41052.76,463519.43
PT002322,TR-0207,30/01/2023,EUR,211083.13,11860.92,49531.65,211083.13
PT002787,TR-0248,16/06/2026,USD,202308.3,11174.44,64214.87,202308.3
PT006436,TR-0568,23/02/2026,INR,9879042.05,1095148.38,2571027.73,9879042.05
PT000822,TR-0075,21/03/2026,USD,125568.39,11458.52,29232.98,125568.39
PT004353,TR-0386,25/08/2024,EUR,181257.15,14345.04,40811.49,181257.15
PT004328,TR-0384,23/07/2023,EUR,170411.49,12123.68,47760.22,170411.49
PT007830,TR-0694,07/05/2025,USD,246554.18,22639.45,14915.53,246554.18
PT001510,TR-0137,01/11/2023,USD,94166.78,10920.36,7485.28,94166.78
PT001415,TR-0128,24/07/2024,EUR,43709.17,4362.12,2872.09,43709.17
PT000517,TR-0045,15/12/2023,USD,147873.25,10444.91,8539.45,147873.25
PT006715,TR-0594,26/09/2026,EUR,75326.19,3779.91,21859.38,10043.49
PT006052,TR-0535,11/04/2024,USD,193583.04,18712.19,14697.39,193583.04
PT900023,TR-0114,14/06/2025,USD,588038.38,35206.98,62815.83,588038.38
PT003672,TR-0327,25/07/2025,INR,4965231.55,507095.28,1212896.33,4965231.55
PT002049,TR-0184,28/07/2025,EUR,82868.27,7002.26,9286.65,82868.27
PT007311,TR-0647,29/07/2023,USD,197134.2,16814.11,18042.62,197134.2
PT004574,TR-0406,08/12/2025,GBP,76219.51,5127.51,23789.87,76219.51
PT007450,TR-0659,10/08/2023,EUR,37211.01,3403.61,3918.42,37211.01
PT005090,TR-0451,18/08/2023,USD,24037.28,1726.09,6748.19,24037.28
PT006568,TR-0581,14/10/2022,USD,185251.07,16023.59,13846.27,185251.07
PT000601,TR-0055,21/04/2026,USD,77397.09,6627.16,19862.69,77397.09
PT002750,TR-0245,17/10/2021,EUR,21180.19,2047.86,5414.33,21180.19
PT007696,TR-0681,08/08/2026,USD,137611.6,11597.82,7220.88,137611.6
PT003256,TR-0287,02/02/2023,EUR,148591.62,17341.39,34347.27,148591.62
PT000218,TR-0020,16/09/2024,USD,363245.55,40202.6,42654.03,363245.55
PT006899,TR-0611,03/11/2023,USD,23524.14,1352.52,1291.25,23524.14
PT002840,TR-0253,08/01/2024,USD,33238.01,3761.25,3482.01,33238.01
PT004512,TR-0401,26/08/2024,USD,99938.38,11119.84,25263.23,99938.38
PT003236,TR-0286,19/08/2022,EUR,237643.99,27673.1,23126.02,237643.99
PT005354,TR-0475,21/04/2024,USD,196540.51,14768.63,33688.16,196540.51
PT006541,TR-0579,07/12/2025,USD,81622.23,5876.12,23199.14,81622.23
PT003840,TR-0341,09/04/2026,USD,64585.74,3636.43,16257.01,64585.74
PT006240,TR-0552,13/12/2024,USD,62952.26,4906.56,4160.65,62952.26
PT004646,TR-0412,20/11/2023,EUR,63811.93,4774.78,15322.55,63811.93
PT007870,TR-0698,14/07/2022,USD,38307.16,2839.08,9651.25,38307.16
PT003037,TR-0269,12/12/2025,USD,100980.51,5635.27,25218.16,100980.51
PT000855,TR-0078,08/04/2024,INR,35903508.55,3505235.0,6424892.51,35903508.55
PT000488,TR-0043,23/01/2024,EUR,147379.83,11260.47,17018.94,147379.83
PT006206,TR-0549,31/01/2026,USD,48465.38,3129.5,15295.14,48465.38
PT003509,TR-0310,14/06/2026,USD,160563.84,8827.18,42357.17,160563.84
PT006455,TR-0570,11/07/2023,INR,20031946.79,1401308.96,5385091.88,20031946.79
PT000593,TR-0054,27/12/2024,EUR,157527.59,12834.45,28970.06,157527.59
PT007516,TR-0665,18/06/2024,USD,99102.04,10349.65,8816.75,99102.04
PT001609,TR-0145,02/04/2024,USD,18666.19,1592.14,4153.61,18666.19
PT006759,TR-0599,05/02/2025,USD,18411.08,1330.09,4802.26,18411.08
PT004092,TR-0363,12/02/2023,EUR,468561.26,47361.12,38602.0,468561.26
PT001735,TR-0157,11/09/2024,USD,59405.32,4717.71,6547.9,59405.32
PT000100,TR-0010,12/10/2023,USD,154845.94,8133.16,14119.08,154845.94
PT007803,TR-0692,11/12/2023,EUR,81710.65,9521.23,8211.41,81710.65
PT006099,TR-0540,27/05/2024,USD,157852.37,10641.33,14161.75,157852.37
PT002133,TR-0191,14/05/2022,USD,125958.71,6581.4,25109.52,125958.71
PT002075,TR-0186,22/04/2023,EUR,745759.29,48212.9,230272.7,745759.29
PT004973,TR-0440,24/06/2024,USD,108262.16,6801.01,10566.85,108262.16
PT000414,TR-0036,07/06/2023,USD,218838.27,22255.99,55726.7,218838.27
PT000358,TR-0032,01/04/2025,USD,97537.25,7078.7,10620.27,97537.25
PT007135,TR-0633,01/10/2025,USD,101645.68,10260.41,6933.47,101645.68
PT007554,TR-0669,10/07/2022,USD,107508.6,10354.64,29073.6,107508.6
PT003366,TR-0298,31/07/2025,EUR,72094.16,8296.87,16959.91,72094.16
PT004114,TR-0365,13/12/2025,EUR,200113.61,22738.53,15804.8,200113.61
PT005989,TR-0529,23/12/2025,USD,931509.25,110697.38,57160.07,931509.25
PT003315,TR-0292,17/01/2023,EUR,82391.95,7863.25,6986.54,82391.95
PT003237,TR-0286,19/09/2022,EUR,237643.99,27673.1,23126.02,237643.99
PT003131,TR-0277,10/08/2021,USD,117094.62,12012.95,10047.56,117094.62
PT000254,TR-0023,13/12/2023,INR,4035993.02,215632.85,410703.47,4035993.02
PT000016,TR-0002,30/06/2026,GBP,37358.05,4448.01,11716.01,37358.05
PT001962,TR-0176,13/10/2022,USD,82816.94,4701.74,15082.28,82816.94
PT000204,TR-0018,16/05/2026,USD,657952.79,37732.66,48584.13,657952.79
PT000037,TR-0004,13/08/2026,INR,12295671.24,1187736.41,3054132.15,12295671.24
PT003405,TR-0301,23/10/2025,USD,21863.27,1654.41,1490.77,21863.27
PT000436,TR-0038,03/11/2025,USD,98184.07,10656.62,6935.02,98184.07
PT000590,TR-0054,27/09/2024,EUR,157527.59,12834.45,28970.06,157527.59
PT001966,TR-0177,13/03/2022,USD,42468.93,2572.32,3217.72,42468.93
PT003123,TR-0276,15/07/2025,USD,391095.49,24727.88,114385.11,391095.49
PT000271,TR-0024,11/11/2025,USD,146627.78,16084.29,14224.79,146627.78
PT005671,TR-0502,05/01/2024,INR,2042287.14,108783.0,395944.59,2042287.14
PT002707,TR-0241,30/09/2023,USD,110607.31,12757.14,16933.35,110607.31
PT004611,TR-0409,01/02/2026,EUR,51017.36,3678.29,15736.3,51017.36
PT005840,TR-0517,14/01/2024,EUR,31347.56,1696.38,9673.78,31347.56
PT005133,TR-0455,18/09/2024,USD,111249.39,5920.2,11943.51,111249.39
PT000013,TR-0002,30/03/2026,GBP,37358.05,4448.01,11716.01,37358.05
PT006775,TR-0600,15/07/2025,USD,133469.55,10158.65,8364.09,133469.55
PT007561,TR-0670,27/07/2025,USD,142868.22,15815.05,41960.71,142868.22
PT001449,TR-0132,28/08/2025,USD,22783.62,1489.38,2308.41,22783.62
PT003804,TR-0338,29/06/2025,USD,196109.37,21559.02,32922.82,196109.37
PT900052,TR-0226,26/06/2025,USD,138385.55,12167.09,35028.86,138385.55
PT001023,TR-0093,19/02/2023,USD,88465.05,6576.24,8373.71,88465.05
PT006514,TR-0576,03/04/2021,USD,39886.88,3832.07,4052.85,39886.88
PT001531,TR-0139,19/11/2021,EUR,42016.75,4881.47,3497.53,42016.75
PT000541,TR-0047,30/10/2022,USD,89508.76,9237.4,6801.56,89508.76
PT003263,TR-0288,01/07/2025,USD,84838.55,5754.94,10102.78,84838.55
PT004245,TR-0377,31/10/2023,USD,62327.17,5145.55,5656.3,62327.17
PT004466,TR-0396,11/02/2023,USD,239845.45,13220.92,53238.95,239845.45
PT006446,TR-0569,16/09/2023,USD,252654.55,20173.13,74045.68,252654.55
PT003580,TR-0317,22/10/2022,USD,151237.27,12948.26,43182.88,151237.27
PT800004,TR-9004,02/04/2026,EUR,155116.13,9460.16,28938.56,155116.13
PT006503,TR-0575,23/04/2025,USD,30879.36,2238.49,3206.94,30879.36
PT005529,TR-0490,14/01/2026,EUR,73331.74,6089.76,5351.2,73331.74
PT006624,TR-0586,24/09/2024,EUR,22277.59,1315.46,5002.53,22277.59
PT004121,TR-0366,09/09/2024,USD,244109.16,19467.39,14871.27,244109.16
PT001496,TR-0136,17/12/2023,USD,89893.73,7367.54,23136.11,89893.73
PT007231,TR-0641,13/09/2022,USD,59408.06,7018.04,15060.22,59408.06
PT007440,TR-0658,06/08/2026,USD,53544.93,5888.74,3010.12,53544.93
PT005219,TR-0463,07/06/2026,USD,312251.87,18928.08,60551.61,312251.87
PT006239,TR-0552,13/11/2024,USD,62952.26,4906.56,4160.65,62952.26
PT004252,TR-0377,31/05/2024,USD,62327.17,5145.55,5656.3,62327.17
PT007756,TR-0686,21/07/2026,USD,93492.9,6441.59,10100.38,93492.9
PT002528,TR-0225,12/07/2024,EUR,37988.31,3099.5,2578.0,37988.31
PT900075,TR-0321,11/06/2025,USD,161742.36,8935.38,39083.25,161742.36
PT005731,TR-0507,19/09/2022,USD,94073.51,8763.93,24818.27,94073.51
PT000288,TR-0025,16/07/2024,USD,89604.85,10744.7,21394.0,89604.85
PT005402,TR-0479,06/01/2026,GBP,34475.22,2895.5,2075.94,34475.22
PT001388,TR-0126,24/05/2023,USD,67627.15,4116.99,6135.2,67627.15
PT005101,TR-0453,08/10/2021,USD,905854.14,101181.38,54066.76,905854.14
PT007529,TR-0666,07/10/2024,GBP,148673.21,17424.74,10431.36,148673.21
PT002202,TR-0196,17/01/2023,EUR,21307.55,1848.57,2362.54,21307.55
PT004214,TR-0374,11/02/2026,EUR,77764.01,8560.57,18303.59,77764.01
PT006803,TR-0602,13/02/2026,USD,153793.21,10283.35,36172.72,153793.21
PT003149,TR-0279,14/10/2024,EUR,73796.66,7605.59,13993.42,73796.66
PT004224,TR-0375,15/04/2026,USD,70907.72,4726.26,6975.85,70907.72
PT006324,TR-0559,29/10/2025,USD,327613.36,28850.88,38905.51,327613.36
PT004206,TR-0373,20/05/2026,USD,81218.91,6818.1,25013.61,81218.91
PT003170,TR-0280,29/10/2025,USD,59622.21,3905.8,18841.97,59622.21
PT002308,TR-0206,14/07/2022,INR,5990077.77,529984.94,1634715.82,5990077.77
PT001969,TR-0177,13/06/2022,USD,42468.93,2572.32,3217.72,42468.93
PT000706,TR-0065,27/05/2023,INR,8489254.35,741695.98,481567.1,8489254.35
PT001845,TR-0166,14/04/2026,USD,31177.28,1715.7,9235.49,31177.28
PT006628,TR-0587,27/12/2023,EUR,79479.1,8893.29,14035.8,79479.1
PT900130,TR-0603,01/06/2025,INR,12289574.96,1115828.68,1398057.06,12289574.96
PT001981,TR-0178,29/03/2026,USD,120341.02,9195.22,14087.9,120341.02
PT000440,TR-0039,05/12/2022,USD,120590.09,12431.58,12155.95,120590.09
PT004571,TR-0406,08/09/2025,GBP,76219.51,5127.51,23789.87,76219.51
PT005231,TR-0464,03/05/2023,USD,497387.85,39696.85,158870.18,497387.85
PT002118,TR-0189,02/09/2025,USD,50169.19,4165.63,4665.72,50169.19
PT002640,TR-0235,18/12/2022,USD,69568.86,8124.78,4278.33,69568.86
PT004946,TR-0438,21/10/2024,USD,162177.65,8887.21,16775.18,162177.65
PT000925,TR-0084,30/01/2023,USD,167829.37,18999.84,53012.39,167829.37
PT006086,TR-0538,15/06/2023,USD,524519.39,52489.55,54640.59,524519.39
PT003715,TR-0331,26/12/2023,USD,70372.5,4784.72,16632.04,70372.5
PT001689,TR-0153,23/09/2023,USD,155105.71,8776.11,35164.88,155105.71
PT003322,TR-0293,05/10/2021,EUR,178537.8,12617.79,55020.34,178537.8
PT001690,TR-0153,23/10/2023,USD,155105.71,8776.11,35164.88,155105.71
PT003649,TR-0324,14/07/2024,USD,463519.43,50432.76,41052.76,463519.43
PT007726,TR-0684,17/08/2025,USD,-126599.55,-11035.73,-19786.65,-126599.55
PT004303,TR-0382,19/02/2025,EUR,69847.5,4421.82,19032.01,69847.5
PT005771,TR-0510,08/02/2023,USD,93349.78,5357.56,21604.83,93349.78
PT000903,TR-0082,25/03/2025,USD,160606.71,8481.1,12265.76,160606.71
PT001135,TR-0103,10/09/2025,EUR,106843.15,6897.78,12776.89,106843.15
PT005533,TR-0490,14/05/2026,EUR,73331.74,6089.76,5351.2,73331.74
PT001109,TR-0100,17/08/2022,USD,220557.92,15166.88,15881.13,220557.92
PT005342,TR-0474,19/12/2021,USD,223220.23,21354.72,64495.84,223220.23
PT003060,TR-0271,04/06/2024,EUR,128391.7,13051.02,39523.01,128391.7
PT003048,TR-0270,26/11/2025,GBP,54772.68,3231.65,15771.52,54772.68
PT007110,TR-0631,10/11/2022,USD,36017.19,2058.13,2236.99,36017.19
PT006485,TR-0572,08/01/2026,EUR,91897.18,5183.27,9891.45,91897.18
PT006996,TR-0619,04/12/2022,USD,96206.91,8269.65,23232.23,96206.91
PT900119,TR-0565,27/06/2025,USD,73299.9,7460.78,21673.63,73299.9
PT007013,TR-0621,27/01/2022,EUR,133093.9,7467.9,38732.35,133093.9
PT002636,TR-0235,18/08/2022,USD,69568.86,8124.78,4278.33,69568.86
PT900116,TR-0553,21/06/2025,USD,377837.2,30062.44,115287.92,377837.2
PT000769,TR-0070,15/10/2024,USD,105633.2,9140.89,8131.21,105633.2
PT004565,TR-0405,29/10/2024,USD,221221.42,16142.54,25275.87,221221.42
PT006927,TR-0613,01/09/2026,USD,69722.78,6874.33,20542.69,67398.69
PT007778,TR-0689,24/09/2022,GBP,380970.84,27870.26,42659.58,380970.84
PT004676,TR-0415,14/06/2023,INR,17823594.36,1912634.37,1052331.63,17823594.36
PT000618,TR-0056,19/08/2025,USD,62766.84,3225.19,6071.08,62766.84
PT001920,TR-0172,02/05/2026,EUR,51744.13,3390.36,15900.9,51744.13
PT002139,TR-0191,14/11/2022,USD,125958.71,6581.4,25109.52,125958.71
PT006096,TR-0540,27/02/2024,USD,157852.37,10641.33,14161.75,157852.37
PT003964,TR-0352,29/08/2023,USD,463761.29,33137.43,51590.11,463761.29
PT000796,TR-0072,22/02/2025,USD,41079.98,4527.82,3269.61,41079.98
PT004276,TR-0380,21/06/2021,EUR,157199.35,15851.36,10445.3,157199.35
PT003838,TR-0341,09/02/2026,USD,64585.74,3636.43,16257.01,64585.74
PT006401,TR-0565,27/01/2026,USD,73299.9,7460.78,21673.63,73299.9
PT004641,TR-0412,20/06/2023,EUR,63811.93,4774.78,15322.55,63811.93
PT006627,TR-0587,27/11/2023,EUR,79479.1,8893.29,14035.8,79479.1
PT007472,TR-0661,06/06/2026,EUR,122966.62,14533.03,14255.91,122966.62
PT005800,TR-0513,11/10/2024,USD,206673.62,13315.27,61875.66,206673.62
PT003841,TR-0341,09/05/2026,USD,64585.74,3636.43,16257.01,64585.74
PT004573,TR-0406,08/11/2025,GBP,76219.51,5127.51,23789.87,76219.51
PT001326,TR-0121,03/08/2023,USD,276582.4,16816.16,72794.98,276582.4
PT002165,TR-0193,29/07/2023,USD,348250.65,26073.42,111122.34,348250.65
PT004403,TR-0391,02/12/2025,INR,3533990.66,397928.23,383247.54,3533990.66
PT003757,TR-0334,28/10/2023,USD,119582.26,13029.32,20217.47,119582.26
PT900109,TR-0513,11/06/2025,USD,206673.62,13315.27,61875.66,206673.62
PT006187,TR-0547,17/10/2024,EUR,38547.45,3503.25,8962.53,38547.45
PT004078,TR-0361,20/11/2021,USD,55805.28,6687.45,12734.32,55805.28
PT004422,TR-0393,11/08/2023,USD,25086.23,1336.59,5830.42,25086.23
PT004393,TR-0390,21/02/2023,INR,13948835.13,751527.59,2245416.63,13948835.13
PT001570,TR-0142,21/11/2023,EUR,56454.58,4777.3,15648.93,56454.58
PT001238,TR-0112,01/03/2023,USD,73860.72,8579.69,3852.76,73860.72
PT006692,TR-0592,09/07/2026,USD,61549.16,6387.86,4467.53,61549.16
PT002305,TR-0206,14/04/2022,INR,5990077.77,529984.94,1634715.82,5990077.77
PT001604,TR-0145,02/11/2023,USD,18666.19,1592.14,4153.61,18666.19
PT004987,TR-0441,26/09/2026,USD,106504.94,7112.19,6390.39,14200.66
PT006468,TR-0571,22/01/2024,USD,36495.53,3294.75,2227.51,36495.53
PT005616,TR-0497,09/08/2024,USD,219507.59,13328.2,23851.38,219507.59
PT001540,TR-0140,19/02/2021,EUR,177138.64,12322.49,28863.29,177138.64
PT007663,TR-0678,07/03/2024,INR,18666790.64,1489528.56,2994127.15,18666790.64
PT000848,TR-0077,18/01/2024,USD,112906.87,7679.88,29232.68,112906.87
PT000462,TR-0040,09/11/2025,USD,71386.65,4315.76,5543.21,71386.65
PT006931,TR-0614,03/11/2022,USD,23917.34,1245.1,2820.72,23917.34
PT000814,TR-0074,17/02/2026,USD,349428.89,31581.48,25394.94,349428.89
PT001523,TR-0138,12/06/2026,USD,162801.26,9812.36,8622.64,162801.26
PT001055,TR-0096,01/03/2023,EUR,33626.26,2813.8,8434.59,33626.26
PT002219,TR-0198,08/11/2025,USD,103454.16,7717.55,5920.95,103454.16
PT001807,TR-0163,03/06/2025,USD,256698.41,22686.78,13846.37,256698.41
PT005714,TR-0505,04/06/2024,USD,707427.8,61022.31,47587.06,707427.8
PT006551,TR-0580,28/02/2026,EUR,159740.53,18120.18,13377.91,159740.53
PT003261,TR-0288,01/05/2025,USD,84838.55,5754.94,10102.78,84838.55
PT002158,TR-0193,29/12/2022,USD,348250.65,26073.42,111122.34,348250.65
PT007705,TR-0682,26/10/2022,USD,82125.15,4329.69,6520.91,82125.15
PT007307,TR-0647,29/03/2023,USD,197134.2,16814.11,18042.62,197134.2
PT005830,TR-0516,21/12/2023,USD,222239.07,18226.64,17889.86,222239.07
PT005081,TR-0451,18/11/2022,USD,24037.28,1726.09,6748.19,24037.28
PT004546,TR-0404,31/01/2023,USD,381386.18,26932.9,35947.96,381386.18
PT003599,TR-0320,25/07/2026,USD,61871.23,6125.3,6804.08,61871.23
PT001534,TR-0139,19/02/2022,EUR,42016.75,4881.47,3497.53,42016.75
PT002274,TR-0203,12/08/2025,INR,6759740.53,616133.69,2019094.71,6759740.53
PT003344,TR-0296,08/09/2022,USD,82085.09,6786.2,22829.89,82085.09
PT001943,TR-0175,10/04/2021,USD,104485.16,10219.8,11217.69,104485.16
PT001733,TR-0157,11/07/2024,USD,59405.32,4717.71,6547.9,59405.32
PT006954,TR-0616,07/05/2024,EUR,66907.82,6243.62,18892.29,66907.82
PT005982,TR-0528,08/12/2022,USD,28430.93,1451.35,4961.04,28430.93
PT005542,TR-0491,03/11/2024,USD,110583.03,5928.64,9812.9,110583.03
PT002166,TR-0193,29/08/2023,USD,348250.65,26073.42,111122.34,348250.65
PT900076,TR-0327,25/06/2025,INR,4965231.55,507095.28,1212896.33,4965231.55
PT000820,TR-0074,17/08/2026,USD,349428.89,31581.48,25394.94,349428.89
PT005527,TR-0489,29/08/2023,EUR,254828.99,25710.6,17808.63,254828.99
PT007882,TR-0699,13/02/2024,USD,324235.24,22202.35,30298.2,324235.24
PT005876,TR-0520,02/11/2023,EUR,97047.02,9960.27,5087.21,97047.02
PT000031,TR-0003,09/03/2022,EUR,90737.65,7449.41,26187.76,90737.65
PT004157,TR-0369,11/03/2024,USD,179253.01,13824.9,48744.52,179253.01
PT004014,TR-0356,18/09/2025,USD,244134.22,14746.53,40828.59,244134.22
PT007446,TR-0659,10/04/2023,EUR,37211.01,3403.61,3918.42,37211.01
PT006718,TR-0595,26/08/2024,EUR,81832.23,6296.99,15115.38,81832.23
PT007467,TR-0661,06/01/2026,EUR,122966.62,14533.03,14255.91,122966.62
PT006690,TR-0592,09/05/2026,USD,61549.16,6387.86,4467.53,61549.16
PT001227,TR-0111,08/11/2022,EUR,100126.81,9621.55,18874.87,100126.81
PT003279,TR-0289,04/10/2025,USD,150696.38,16082.38,25618.89,150696.38
PT003563,TR-0316,28/02/2022,USD,90076.31,4710.36,25250.23,90076.31
PT003800,TR-0338,28/02/2025,USD,196109.37,21559.02,32922.82,196109.37
PT006502,TR-0575,23/03/2025,USD,30879.36,2238.49,3206.94,30879.36
PT005112,TR-0454,19/08/2023,USD,111399.74,11630.42,18228.16,111399.74
PT000863,TR-0078,08/12/2024,INR,35903508.55,3505235.0,6424892.51,35903508.55
PT006920,TR-0613,01/02/2026,USD,69722.78,6874.33,20542.69,69722.78
PT007750,TR-0686,21/01/2026,USD,93492.9,6441.59,10100.38,93492.9
PT000451,TR-0040,09/12/2024,USD,71386.65,4315.76,5543.21,71386.65
PT007368,TR-0652,30/09/2025,INR,17272538.34,1481052.33,1675932.44,17272538.34
PT006155,TR-0545,19/05/2021,EUR,537323.12,33113.66,166553.66,537323.12
PT001120,TR-0101,29/10/2024,USD,186388.62,11823.47,42085.53,186388.62
PT001914,TR-0172,02/11/2025,EUR,51744.13,3390.36,15900.9,51744.13
PT001787,TR-0161,05/10/2021,EUR,42754.72,3628.16,2763.12,42754.72
PT007660,TR-0678,07/12/2023,INR,18666790.64,1489528.56,2994127.15,18666790.64
PT005315,TR-0472,02/03/2024,USD,77485.97,4901.1,24461.46,77485.97
PT007115,TR-0631,10/04/2023,USD,36017.19,2058.13,2236.99,36017.19
PT001354,TR-0123,03/02/2023,USD,115963.04,13371.16,36995.43,115963.04
PT006000,TR-0531,01/05/2023,EUR,24995.64,1818.01,6036.5,24995.64
PT007047,TR-0625,10/12/2025,EUR,15432.1,1538.44,2593.69,15432.1
PT000431,TR-0038,03/06/2025,USD,98184.07,10656.62,6935.02,98184.07
PT003155,TR-0279,14/04/2025,EUR,73796.66,7605.59,13993.42,73796.66
PT007428,TR-0657,11/02/2025,USD,134067.74,14448.71,21246.07,134067.74
PT005275,TR-0468,11/12/2021,USD,196119.25,10716.9,52787.65,196119.25
PT007359,TR-0651,14/12/2025,USD,31970.25,2906.77,2027.68,31970.25
PT006694,TR-0592,09/09/2026,USD,61549.16,6387.86,4467.53,43084.41
PT002063,TR-0185,19/07/2024,EUR,365810.37,32917.42,24137.46,365810.37
PT000410,TR-0036,07/02/2023,USD,218838.27,22255.99,55726.7,218838.27
PT000137,TR-0013,27/01/2026,USD,91469.85,6957.04,22994.54,91469.85
PT003678,TR-0328,08/06/2024,USD,59138.66,3765.18,16038.65,59138.66
PT002926,TR-0260,17/11/2022,USD,215371.07,14164.38,50707.93,215371.07
PT004460,TR-0396,11/08/2022,USD,239845.45,13220.92,53238.95,239845.45
PT900014,TR-0069,15/06/2025,USD,42534.31,4242.26,3766.99,42534.31
PT007421,TR-0657,11/07/2024,USD,134067.74,14448.71,21246.07,134067.74
PT006233,TR-0551,06/12/2021,EUR,262779.64,19346.78,64920.23,262779.64
PT002901,TR-0258,26/09/2022,USD,575297.25,50646.06,59184.28,575297.25
PT000533,TR-0047,28/02/2022,USD,89508.76,9237.4,6801.56,89508.76
PT002281,TR-0204,18/06/2025,USD,117742.81,9445.05,29681.04,117742.81
PT004712,TR-0418,16/06/2021,USD,66109.2,5957.54,10340.44,66109.2
PT005228,TR-0464,03/02/2023,USD,497387.85,39696.85,158870.18,497387.85
PT003892,TR-0345,15/09/2023,EUR,57092.55,5540.32,16430.69,57092.55
PT000340,TR-0030,13/05/2025,USD,81309.53,4438.45,4651.73,81309.53
PT003598,TR-0320,25/06/2026,USD,61871.23,6125.3,6804.08,61871.23
PT005866,TR-0519,14/04/2024,EUR,28723.2,2923.81,7213.51,28723.2
PT004898,TR-0434,28/02/2023,EUR,104107.79,9207.28,11537.17,104107.79
PT005707,TR-0505,04/11/2023,USD,707427.8,61022.31,47587.06,707427.8
PT000035,TR-0004,13/06/2026,INR,12295671.24,1187736.41,3054132.15,12295671.24
PT007405,TR-0655,02/02/2023,EUR,81858.6,7338.19,6437.35,81858.6
PT004600,TR-0408,01/05/2026,USD,162808.34,14928.65,46526.66,162808.34
PT001917,TR-0172,02/02/2026,EUR,51744.13,3390.36,15900.9,51744.13
PT004413,TR-0392,25/09/2021,USD,313220.46,37393.51,79080.4,313220.46
PT004238,TR-0376,28/05/2023,USD,62508.05,4156.54,14744.08,62508.05
PT006061,TR-0536,08/09/2025,USD,182296.07,13374.97,19208.55,182296.07
PT004324,TR-0384,23/03/2023,EUR,170411.49,12123.68,47760.22,170411.49
PT002838,TR-0252,11/05/2024,USD,111248.59,8184.22,8399.86,111248.59
PT003769,TR-0335,08/08/2024,USD,98458.37,7177.81,22103.33,98458.37
PT006984,TR-0618,08/07/2024,EUR,47369.19,3350.13,2384.21,47369.19
PT000498,TR-0043,23/11/2024,EUR,147379.83,11260.47,17018.94,147379.83
PT001860,TR-0167,24/04/2024,USD,232594.41,24529.16,36330.38,232594.41
PT002479,TR-0221,24/11/2024,USD,139529.4,11332.89,36862.29,139529.4
PT006520,TR-0576,03/10/2021,USD,39886.88,3832.07,4052.85,39886.88
PT005030,TR-0446,24/04/2026,USD,88269.93,6580.64,6268.7,88269.93
PT003080,TR-0273,14/07/2023,EUR,66011.95,4008.05,20353.76,66011.95
PT000998,TR-0090,16/01/2026,USD,340739.27,29928.28,89881.62,340739.27
PT003684,TR-0328,08/12/2024,USD,59138.66,3765.18,16038.65,59138.66
PT001663,TR-0150,24/09/2022,USD,340211.84,36441.14,78765.37,340211.84
PT003717,TR-0331,26/02/2024,USD,70372.5,4784.72,16632.04,70372.5
PT006480,TR-0572,08/08/2025,EUR,91897.18,5183.27,9891.45,91897.18
PT000235,TR-0021,25/01/2024,USD,142515.67,8361.52,26605.92,142515.67
PT003524,TR-0311,26/10/2025,INR,13837771.97,1137026.21,710686.25,13837771.97
PT002082,TR-0186,22/11/2023,EUR,745759.29,48212.9,230272.7,745759.29
PT005284,TR-0469,05/07/2024,USD,25087.82,2721.06,1601.7,25087.82
PT001118,TR-0101,29/08/2024,USD,186388.62,11823.47,42085.53,186388.62
PT004047,TR-0359,23/06/2024,USD,54453.25,6494.14,13962.4,54453.25
PT000199,TR-0018,16/12/2025,USD,657952.79,37732.66,48584.13,657952.79
PT006270,TR-0554,17/11/2022,EUR,15432.1,1553.67,1598.5,15432.1
PT005945,TR-0525,25/10/2023,USD,488093.4,37210.4,132027.91,488093.4
PT004836,TR-0428,18/09/2025,USD,187489.03,16352.03,58407.73,187489.03
PT003669,TR-0327,25/04/2025,INR,4965231.55,507095.28,1212896.33,4965231.55
PT000548,TR-0048,10/08/2026,EUR,89187.7,8893.54,27170.84,89187.7
PT005474,TR-0485,03/12/2025,EUR,448470.0,52722.3,85119.97,448470.0
PT004038,TR-0358,28/02/2026,USD,192784.05,10605.26,46450.02,192784.05
PT004638,TR-0411,21/02/2023,EUR,132375.78,10915.68,41436.03,132375.78
PT005377,TR-0477,15/12/2022,EUR,68632.81,5825.74,16119.89,68632.81
PT005957,TR-0526,04/08/2025,EUR,98010.35,8283.35,5985.21,98010.35
PT000565,TR-0050,12/08/2023,EUR,108578.56,7353.26,17174.83,108578.56
PT900042,TR-0203,12/06/2025,INR,6759740.53,616133.69,2019094.71,6759740.53
PT003162,TR-0280,28/02/2025,USD,59622.21,3905.8,18841.97,59622.21
PT002797,TR-0249,05/05/2025,USD,252877.99,21600.4,21776.06,252877.99
PT000238,TR-0021,25/04/2024,USD,142515.67,8361.52,26605.92,142515.67
PT001051,TR-0096,01/11/2022,EUR,33626.26,2813.8,8434.59,33626.26
PT007716,TR-0683,20/12/2025,USD,91024.39,4803.71,4908.81,91024.39
PT003396,TR-0300,24/07/2025,USD,323465.09,23267.74,58876.71,323465.09
PT006737,TR-0596,03/08/2026,EUR,157715.16,12552.48,46711.47,157715.16
PT003848,TR-0342,06/04/2022,EUR,222083.21,22385.9,59817.48,222083.21
PT000299,TR-0026,21/07/2023,USD,196819.9,14874.96,33384.29,196819.9
PT003558,TR-0316,29/09/2021,USD,90076.31,4710.36,25250.23,90076.31
PT001117,TR-0101,29/07/2024,USD,186388.62,11823.47,42085.53,186388.62
PT001804,TR-0163,03/03/2025,USD,256698.41,22686.78,13846.37,256698.41
PT006136,TR-0543,25/04/2026,USD,83089.93,7227.2,8874.83,83089.93
PT001439,TR-0130,31/08/2023,USD,79586.62,4046.47,4078.84,79586.62
PT002979,TR-0264,03/06/2024,EUR,185457.67,13531.92,13071.36,185457.67
PT006493,TR-0574,13/11/2023,EUR,69175.01,4721.66,20680.92,69175.01
PT006133,TR-0543,25/01/2026,USD,83089.93,7227.2,8874.83,83089.93
PT000456,TR-0040,09/05/2025,USD,71386.65,4315.76,5543.21,71386.65
PT006442,TR-0569,16/05/2023,USD,252654.55,20173.13,74045.68,252654.55
PT004451,TR-0395,20/06/2025,USD,19261.0,1427.54,2150.01,19261.0
PT006811,TR-0603,01/08/2025,INR,12289574.96,1115828.68,1398057.06,12289574.96
PT000106,TR-0010,12/04/2024,USD,154845.94,8133.16,14119.08,154845.94
PT001894,TR-0170,22/04/2026,USD,92450.42,7451.41,10815.59,92450.42
PT003379,TR-0299,03/06/2024,INR,9826186.48,1039145.41,624326.17,9826186.48
PT004765,TR-0422,11/12/2022,USD,456262.98,32597.36,31810.22,456262.98
PT005904,TR-0522,06/12/2021,USD,26140.4,2972.12,1337.81,26140.4
PT005552,TR-0492,17/01/2023,USD,222805.42,22886.05,59329.1,222805.42
PT000823,TR-0075,21/04/2026,USD,125568.39,11458.52,29232.98,125568.39
PT001006,TR-0091,04/04/2024,USD,235117.14,20306.71,55696.27,235117.14
PT007033,TR-0624,05/05/2023,USD,36199.0,3589.73,9988.47,36199.0
PT002654,TR-0236,28/06/2024,USD,55405.03,6180.97,9851.62,55405.03
PT006390,TR-0564,15/05/2026,INR,23516127.75,2211072.71,2101638.06,23516127.75
PT005553,TR-0492,17/02/2023,USD,222805.42,22886.05,59329.1,222805.42
PT007316,TR-0648,22/09/2023,EUR,303418.56,29478.69,95550.45,303418.56
PT007644,TR-0676,07/10/2022,USD,84894.67,4885.43,4275.73,84894.67
PT006471,TR-0571,22/04/2024,USD,36495.53,3294.75,2227.51,36495.53
PT000627,TR-0057,30/04/2026,EUR,26457.21,3008.79,6548.56,26457.21
PT001365,TR-0124,23/06/2025,USD,242444.09,21410.19,46045.57,242444.09
PT003830,TR-0340,03/04/2022,USD,104005.14,11392.65,5817.45,104005.14
PT000024,TR-0003,09/08/2021,EUR,90737.65,7449.41,26187.76,90737.65
PT007016,TR-0622,05/11/2022,INR,12205529.65,950620.04,3709117.37,12205529.65
PT007393,TR-0654,03/06/2023,USD,71594.91,4166.35,4179.29,71594.91
PT006352,TR-0561,18/05/2023,USD,81274.19,5787.51,18098.87,81274.19
PT000721,TR-0066,01/07/2021,USD,95475.14,8375.64,28863.35,95475.14
PT002844,TR-0253,08/05/2024,USD,33238.01,3761.25,3482.01,33238.01
PT007755,TR-0686,21/06/2026,USD,93492.9,6441.59,10100.38,93492.9
PT900047,TR-0215,14/06/2025,USD,553151.55,39643.29,130562.47,553151.55
PT002878,TR-0256,14/12/2025,USD,85424.88,5043.45,4286.06,85424.88
PT004168,TR-0370,03/10/2024,EUR,147697.81,9711.38,11456.69,147697.81
PT003910,TR-0347,07/01/2025,EUR,71924.04,8496.24,11945.97,71924.04
PT001211,TR-0110,15/06/2025,USD,221040.92,12503.52,40209.81,221040.92
PT000179,TR-0016,16/10/2025,USD,441126.28,40165.06,137062.51,441126.28
PT006641,TR-0588,03/04/2022,EUR,187361.8,10946.03,36106.87,187361.8
PT000620,TR-0057,30/09/2025,EUR,26457.21,3008.79,6548.56,26457.21
PT005238,TR-0465,22/09/2025,INR,8470587.64,557084.81,2288865.26,8470587.64
PT002624,TR-0234,13/01/2026,USD,59490.81,3553.41,14719.49,59490.81
PT007392,TR-0654,03/05/2023,USD,71594.91,4166.35,4179.29,71594.91
PT007076,TR-0627,16/07/2025,USD,96234.84,7577.87,25907.27,96234.84
PT006039,TR-0534,21/09/2024,USD,70945.67,5335.38,16487.07,70945.67
PT004190,TR-0371,05/07/2023,USD,56644.81,6315.15,17496.38,56644.81
PT007027,TR-0622,05/10/2023,INR,12205529.65,950620.04,3709117.37,12205529.65
PT004239,TR-0376,28/06/2023,USD,62508.05,4156.54,14744.08,62508.05
PT006336,TR-0560,26/09/2024,INR,10392805.44,719820.76,569301.43,10392805.44
PT006702,TR-0593,11/11/2023,USD,284389.73,16967.92,83218.37,284389.73
PT004458,TR-0396,11/06/2022,USD,239845.45,13220.92,53238.95,239845.45
PT006111,TR-0541,12/11/2021,USD,196205.65,14162.1,62173.92,196205.65
PT001933,TR-0173,15/10/2025,USD,68172.95,4091.09,5165.89,68172.95
PT007602,TR-0673,09/06/2024,EUR,126367.22,10094.72,12157.89,126367.22
PT006405,TR-0566,08/11/2022,EUR,154167.83,10590.77,27551.88,154167.83
PT900034,TR-0179,11/06/2025,USD,239867.29,16929.17,61772.5,239867.29
PT005385,TR-0478,04/11/2022,USD,95633.43,6439.71,29130.43,95633.43
PT007414,TR-0656,30/12/2022,USD,104895.23,10394.92,18702.49,104895.23
PT000041,TR-0005,11/01/2026,USD,64093.86,3436.46,15371.02,64093.86
PT007364,TR-0652,30/05/2025,INR,17272538.34,1481052.33,1675932.44,17272538.34
PT003133,TR-0277,10/10/2021,USD,117094.62,12012.95,10047.56,117094.62
PT005178,TR-0459,19/12/2025,USD,58540.51,3583.8,6023.75,58540.51
PT005988,TR-0529,23/11/2025,USD,931509.25,110697.38,57160.07,931509.25
PT005898,TR-0521,03/08/2025,USD,192812.14,14528.12,42703.02,192812.14
PT007082,TR-0628,08/08/2026,EUR,653823.98,64868.42,110928.65,653823.98
PT006501,TR-0574,13/07/2024,EUR,69175.01,4721.66,20680.92,69175.01
PT007855,TR-0696,21/11/2024,USD,195069.96,12102.09,13908.54,195069.96
PT000528,TR-0046,26/06/2026,EUR,42010.54,4587.79,6941.12,42010.54
PT003490,TR-0309,15/03/2021,EUR,31671.91,2635.39,1657.83,31671.91
PT003296,TR-0291,11/02/2025,USD,241151.35,21511.67,17898.27,241151.35
PT002319,TR-0207,30/10/2022,EUR,211083.13,11860.92,49531.65,211083.13
PT002692,TR-0240,21/08/2023,EUR,160571.49,13415.04,18889.76,160571.49
PT006790,TR-0601,23/07/2026,EUR,383225.56,42324.93,105000.69,383225.56
PT003972,TR-0352,29/04/2024,USD,463761.29,33137.43,51590.11,463761.29
PT000911,TR-0082,25/11/2025,USD,160606.71,8481.1,12265.76,160606.71
PT002542,TR-0226,26/02/2025,USD,138385.55,12167.09,35028.86,138385.55
PT002006,TR-0180,03/04/2025,EUR,67795.64,6608.84,3536.87,67795.64
PT000559,TR-0049,31/12/2023,USD,182970.01,15432.16,57452.93,182970.01
PT000125,TR-0012,21/01/2025,USD,126104.76,10667.19,23959.09,126104.76
PT001471,TR-0133,05/02/2026,INR,3085858.7,303972.08,287929.88,3085858.7
PT004907,TR-0434,28/11/2023,EUR,104107.79,9207.28,11537.17,104107.79
PT004871,TR-0431,04/12/2021,USD,192633.15,19224.48,11158.32,192633.15
PT005829,TR-0516,21/11/2023,USD,222239.07,18226.64,17889.86,222239.07
PT001775,TR-0160,07/01/2025,USD,186346.27,19284.1,29635.64,186346.27
PT001213,TR-0110,15/08/2025,USD,221040.92,12503.52,40209.81,221040.92
PT001184,TR-0107,04/08/2025,USD,222938.83,15919.17,67960.24,222938.83
PT000225,TR-0020,16/04/2025,USD,-363245.55,-40202.6,-42654.03,-363245.55
PT001952,TR-0175,10/01/2022,USD,104485.16,10219.8,11217.69,104485.16
PT004745,TR-0420,17/04/2024,EUR,108514.56,6281.92,17660.21,108514.56
PT000429,TR-0038,03/04/2025,USD,98184.07,10656.62,6935.02,98184.07
PT007895,TR-0700,06/11/2025,EUR,34424.68,4041.34,2782.24,34424.68
PT001372,TR-0124,23/01/2026,USD,242444.09,21410.19,46045.57,242444.09
PT007679,TR-0680,21/11/2022,USD,164633.16,18206.15,15241.0,164633.16
PT003252,TR-0287,02/10/2022,EUR,148591.62,17341.39,34347.27,148591.62
PT000828,TR-0075,21/09/2026,USD,125568.39,11458.52,29232.98,37670.52
PT003310,TR-0292,17/08/2022,EUR,82391.95,7863.25,6986.54,82391.95
PT003745,TR-0333,19/12/2021,USD,311979.04,22071.62,55779.26,311979.04
PT002526,TR-0225,12/05/2024,EUR,37988.31,3099.5,2578.0,37988.31
PT001672,TR-0151,06/11/2022,USD,217258.83,17594.91,51837.4,217258.83
PT002859,TR-0254,21/02/2024,USD,109602.92,8849.87,32804.38,109602.92
PT001278,TR-0116,14/03/2025,INR,8999544.15,556891.68,667986.37,8999544.15
PT000746,TR-0068,03/11/2021,USD,277413.18,21500.71,26561.7,277413.18
PT005935,TR-0524,26/03/2026,USD,89971.66,7949.52,28585.0,89971.66
PT000142,TR-0013,27/06/2026,USD,91469.85,6957.04,22994.54,91469.85
PT005791,TR-0512,07/03/2023,EUR,106049.68,10330.07,9630.48,106049.68
PT005145,TR-0456,16/10/2024,USD,805192.2,48586.1,87380.93,805192.2
PT002249,TR-0200,30/04/2026,USD,942775.26,59269.05,63291.85,942775.26
PT000455,TR-0040,09/04/2025,USD,71386.65,4315.76,5543.21,71386.65
PT000507,TR-0044,13/11/2022,USD,167426.07,10739.74,38489.99,167426.07
PT900053,TR-0233,05/06/2025,USD,205917.56,21692.47,11670.32,205917.56
PT000441,TR-0039,05/01/2023,USD,120590.09,12431.58,12155.95,120590.09
PT003251,TR-0287,02/09/2022,EUR,148591.62,17341.39,34347.27,148591.62
PT001828,TR-0165,31/08/2023,EUR,85843.2,7910.31,6485.74,85843.2
PT000111,TR-0011,04/03/2022,EUR,145170.95,11642.6,15260.41,145170.95
PT004778,TR-0423,23/04/2026,USD,320347.69,24300.72,22697.03,320347.69
PT002997,TR-0266,02/08/2022,USD,161795.9,11720.64,49999.11,161795.9
PT004644,TR-0412,20/09/2023,EUR,63811.93,4774.78,15322.55,63811.93
PT005532,TR-0490,14/04/2026,EUR,73331.74,6089.76,5351.2,73331.74
PT007864,TR-0697,17/08/2026,EUR,97668.62,10240.68,21953.75,97668.62
PT000985,TR-0089,10/02/2026,USD,88582.45,5680.86,21216.6,88582.45
PT006407,TR-0566,08/01/2023,EUR,154167.83,10590.77,27551.88,154167.83
PT001746,TR-0158,23/06/2025,USD,48036.85,4454.77,5670.51,48036.85
PT001583,TR-0143,15/09/2025,USD,122124.19,7498.42,12206.44,122124.19
PT002448,TR-0218,12/08/2024,EUR,15432.1,1179.93,1059.96,15432.1
PT005210,TR-0463,07/09/2025,USD,312251.87,18928.08,60551.61,312251.87
PT003099,TR-0274,23/11/2023,EUR,50980.77,5410.39,5590.17,50980.77
PT006382,TR-0564,15/09/2025,INR,23516127.75,2211072.71,2101638.06,23516127.75
PT000377,TR-0033,01/01/2025,USD,148341.91,8852.21,27528.98,148341.91
PT007520,TR-0666,07/01/2024,GBP,148673.21,17424.74,10431.36,148673.21
PT000206,TR-0019,12/07/2024,USD,60862.42,3074.28,19034.48,60862.42
PT002195,TR-0196,17/06/2022,EUR,21307.55,1848.57,2362.54,21307.55
PT004948,TR-0438,21/12/2024,USD,162177.65,8887.21,16775.18,162177.65
PT004829,TR-0427,21/07/2026,USD,351033.15,29580.52,102394.92,351033.15
PT005978,TR-0528,08/08/2022,USD,28430.93,1451.35,4961.04,28430.93
PT002179,TR-0194,21/09/2026,EUR,75428.33,5207.81,16614.65,22628.5
PT003702,TR-0330,31/03/2024,USD,30616.55,3130.91,3198.85,30616.55
PT003529,TR-0312,11/09/2026,USD,77520.44,4567.27,7424.84,49096.28
PT000419,TR-0037,14/01/2025,EUR,109137.11,13043.62,29546.61,109137.11
PT000284,TR-0025,16/03/2024,USD,89604.85,10744.7,21394.0,89604.85
PT003551,TR-0315,01/03/2023,USD,58673.31,6941.79,16238.13,58673.31
PT004075,TR-0361,20/08/2021,USD,55805.28,6687.45,12734.32,55805.28
PT000872,TR-0079,24/09/2025,USD,21059.12,1885.96,2348.38,21059.12
PT002146,TR-0192,25/12/2024,USD,192417.02,18278.9,51344.66,192417.02
PT005288,TR-0469,05/11/2024,USD,25087.82,2721.06,1601.7,25087.82
PT000355,TR-0031,31/01/2024,INR,7894076.46,624916.2,2287853.13,7894076.46
PT006279,TR-0555,07/05/2026,USD,43206.08,5047.19,4606.21,43206.08
PT006992,TR-0619,04/08/2022,USD,96206.91,8269.65,23232.23,96206.91
PT006535,TR-0577,05/05/2026,EUR,515142.53,61552.13,127897.05,515142.53
PT006864,TR-0608,20/04/2024,USD,82680.31,6098.48,22186.43,82680.31
PT004837,TR-0428,18/10/2025,USD,187489.03,16352.03,58407.73,187489.03
PT001141,TR-0103,10/03/2026,EUR,106843.15,6897.78,12776.89,106843.15
PT007699,TR-0682,26/04/2022,USD,82125.15,4329.69,6520.91,82125.15
PT004187,TR-0371,05/04/2023,USD,56644.81,6315.15,17496.38,56644.81
PT002024,TR-0182,28/10/2025,USD,97280.01,7935.74,7896.02,97280.01
PT006615,TR-0586,24/12/2023,EUR,22277.59,1315.46,5002.53,22277.59
PT001639,TR-0148,20/06/2023,INR,7799708.38,618064.73,568961.74,7799708.38
PT000779,TR-0071,03/02/2025,EUR,107052.24,12363.24,30470.18,107052.24
PT005873,TR-0519,14/11/2024,EUR,28723.2,2923.81,7213.51,28723.2
PT000376,TR-0033,01/12/2024,USD,148341.91,8852.21,27528.98,148341.91
PT002423,TR-0216,28/05/2024,USD,61875.35,3459.68,11119.3,61875.35
PT004434,TR-0394,01/11/2022,USD,119799.86,13253.69,6016.89,119799.86
PT006259,TR-0553,21/01/2026,USD,377837.2,30062.44,115287.92,377837.2
PT004547,TR-0404,28/02/2023,USD,381386.18,26932.9,35947.96,381386.18
PT004414,TR-0392,25/10/2021,USD,313220.46,37393.51,79080.4,313220.46
PT003347,TR-0296,08/12/2022,USD,82085.09,6786.2,22829.89,82085.09
PT001169,TR-0105,22/07/2024,USD,142898.06,11784.51,32834.94,142898.06
PT005719,TR-0506,19/05/2021,EUR,39922.23,4382.82,9742.16,39922.23
PT001903,TR-0171,30/12/2022,USD,28457.63,2732.31,2228.21,28457.63
PT000631,TR-0058,07/10/2025,USD,18286.12,1426.4,4609.0,18286.12
PT004330,TR-0384,23/09/2023,EUR,170411.49,12123.68,47760.22,170411.49
PT003209,TR-0284,11/08/2024,EUR,1166895.94,123284.79,114345.83,1166895.94
PT002595,TR-0231,14/12/2021,USD,222276.24,13343.45,52763.42,222276.24
PT007763,TR-0687,28/08/2022,USD,369973.65,33132.9,96139.32,369973.65
PT005946,TR-0525,25/11/2023,USD,488093.4,37210.4,132027.91,488093.4
PT003898,TR-0346,18/05/2026,EUR,113589.28,7125.12,33279.6,113589.28
PT007645,TR-0677,05/01/2023,USD,100715.03,6782.36,22735.4,100715.03
PT007581,TR-0671,30/11/2023,USD,90526.2,10551.45,10506.35,90526.2
PT005760,TR-0509,06/02/2023,USD,107584.35,11429.17,32962.22,107584.35
PT003934,TR-0349,19/03/2022,USD,227434.56,21696.32,56063.1,227434.56
PT001551,TR-0141,12/06/2024,USD,354720.62,34491.93,91937.83,354720.62
PT900141,TR-0651,14/06/2025,USD,31970.25,2906.77,2027.68,31970.25
PT006603,TR-0585,22/02/2025,EUR,79203.98,5236.55,20211.26,79203.98
PT000126,TR-0012,21/02/2025,USD,126104.76,10667.19,23959.09,126104.76
PT003782,TR-0336,05/04/2023,USD,70274.21,5951.93,11520.11,70274.21
PT003367,TR-0298,31/08/2025,EUR,72094.16,8296.87,16959.91,72094.16
PT001600,TR-0145,02/07/2023,USD,18666.19,1592.14,4153.61,18666.19
PT001503,TR-0137,01/04/2023,USD,94166.78,10920.36,7485.28,94166.78
PT006072,TR-0537,04/05/2026,USD,79323.94,8994.41,14174.8,79323.94
PT002015,TR-0181,27/07/2024,USD,69970.88,6168.94,22359.58,69970.88
PT003206,TR-0283,22/11/2022,EUR,1213009.89,83639.3,122035.32,1213009.89
PT004485,TR-0399,28/05/2021,USD,191901.87,16437.79,13105.15,191901.87
PT006747,TR-0598,04/06/2024,USD,101343.27,5236.04,20253.04,101343.27
PT002440,TR-0218,12/12/2023,EUR,15432.1,1179.93,1059.96,15432.1
PT005535,TR-0490,14/07/2026,EUR,73331.74,6089.76,5351.2,73331.74
PT001417,TR-0128,24/09/2024,EUR,43709.17,4362.12,2872.09,43709.17
PT006711,TR-0594,26/05/2026,EUR,75326.19,3779.91,21859.38,75326.19
PT001416,TR-0128,24/08/2024,EUR,43709.17,4362.12,2872.09,43709.17
PT004332,TR-0384,23/11/2023,EUR,170411.49,12123.68,47760.22,170411.49
PT004397,TR-0390,21/06/2023,INR,13948835.13,751527.59,2245416.63,13948835.13
PT002741,TR-0244,21/01/2026,USD,154510.56,14102.76,36427.43,154510.56
PT007189,TR-0637,03/11/2025,USD,18095.48,1199.29,2932.54,18095.48
PT006724,TR-0595,26/02/2025,EUR,81832.23,6296.99,15115.38,81832.23
PT007584,TR-0671,29/02/2024,USD,90526.2,10551.45,10506.35,90526.2
PT005650,TR-0500,11/03/2025,USD,329498.64,36506.79,80622.15,329498.64
PT006479,TR-0572,08/07/2025,EUR,91897.18,5183.27,9891.45,91897.18
PT005895,TR-0521,03/05/2025,USD,192812.14,14528.12,42703.02,192812.14
PT006238,TR-0552,13/10/2024,USD,62952.26,4906.56,4160.65,62952.26
PT000936,TR-0084,30/12/2023,USD,167829.37,18999.84,53012.39,167829.37
PT004737,TR-0420,17/08/2023,EUR,108514.56,6281.92,17660.21,108514.56
PT005213,TR-0463,07/12/2025,USD,312251.87,18928.08,60551.61,312251.87
PT002746,TR-0244,21/06/2026,USD,154510.56,14102.76,36427.43,154510.56
PT006091,TR-0539,23/08/2026,USD,311367.34,23344.91,27556.83,311367.34
PT001934,TR-0173,15/11/2025,USD,68172.95,4091.09,5165.89,68172.95
PT004555,TR-0405,29/12/2023,USD,221221.42,16142.54,25275.87,221221.42
PT005333,TR-0473,06/12/2024,GBP,111235.9,8352.91,11827.67,111235.9
PT000929,TR-0084,30/05/2023,USD,167829.37,18999.84,53012.39,167829.37
PT005048,TR-0448,01/09/2024,EUR,64220.71,5761.78,4905.79,64220.71
PT003863,TR-0343,01/09/2024,USD,118599.13,14150.09,11941.45,118599.13
PT004378,TR-0388,09/08/2025,USD,586856.36,60291.16,63713.64,586856.36
PT006813,TR-0603,01/10/2025,INR,12289574.96,1115828.68,1398057.06,12289574.96
PT003002,TR-0266,02/01/2023,USD,161795.9,11720.64,49999.11,161795.9
PT007846,TR-0695,05/09/2025,EUR,110821.3,6241.81,28674.14,110821.3
PT001579,TR-0143,15/05/2025,USD,122124.19,7498.42,12206.44,122124.19
PT004436,TR-0394,01/01/2023,USD,119799.86,13253.69,6016.89,119799.86
PT002510,TR-0223,23/01/2023,USD,86406.57,9879.39,7064.0,86406.57
PT000898,TR-0081,29/12/2024,EUR,15432.1,1676.55,899.51,15432.1
PT005137,TR-0456,16/02/2024,USD,805192.2,48586.1,87380.93,805192.2
PT003957,TR-0351,15/09/2023,INR,15711889.5,956811.08,4111380.8,15711889.5
PT004275,TR-0380,21/05/2021,EUR,157199.35,15851.36,10445.3,157199.35
PT006122,TR-0542,29/06/2021,USD,73713.82,5705.23,22902.55,73713.82
PT005416,TR-0480,11/09/2023,EUR,54153.3,5884.93,2992.31,54153.3
PT003019,TR-0268,11/05/2023,USD,62056.41,6646.76,18645.13,62056.41
PT000803,TR-0073,19/05/2021,EUR,751256.97,43627.63,232015.61,751256.97
PT001919,TR-0172,02/04/2026,EUR,51744.13,3390.36,15900.9,51744.13
PT004870,TR-0431,04/11/2021,USD,192633.15,19224.48,11158.32,192633.15
PT000207,TR-0019,12/08/2024,USD,60862.42,3074.28,19034.48,60862.42
PT003100,TR-0274,23/12/2023,EUR,50980.77,5410.39,5590.17,50980.77
PT002988,TR-0265,23/01/2022,USD,157995.05,7944.03,10333.41,157995.05
PT000070,TR-0007,19/03/2026,USD,57256.0,3081.23,13701.6,57256.0
PT002386,TR-0213,23/04/2026,USD,66395.1,5986.79,10812.94,66395.1
PT006723,TR-0595,26/01/2025,EUR,81832.23,6296.99,15115.38,81832.23
PT005000,TR-0443,27/09/2024,USD,174851.14,14433.96,20927.38,174851.14
PT000993,TR-0090,16/08/2025,USD,340739.27,29928.28,89881.62,340739.27
PT003320,TR-0293,05/08/2021,EUR,178537.8,12617.79,55020.34,178537.8
PT003374,TR-0298,31/03/2026,EUR,72094.16,8296.87,16959.91,72094.16
PT003665,TR-0326,23/09/2023,USD,47847.46,4589.37,8420.16,47847.46
PT002167,TR-0193,29/09/2023,USD,348250.65,26073.42,111122.34,348250.65
PT004031,TR-0357,18/08/2023,INR,29280238.46,2167566.87,7200844.54,29280238.46
PT000859,TR-0078,08/08/2024,INR,35903508.55,3505235.0,6424892.51,35903508.55
PT000466,TR-0041,01/03/2023,USD,152899.67,15470.31,44853.04,152899.67
PT000297,TR-0026,21/05/2023,USD,196819.9,14874.96,33384.29,196819.9
PT005572,TR-0493,22/12/2022,USD,249402.1,26317.88,70481.55,249402.1
PT001359,TR-0123,03/07/2023,USD,115963.04,13371.16,36995.43,115963.04
PT007806,TR-0692,11/03/2024,EUR,81710.65,9521.23,8211.41,81710.65
PT004522,TR-0402,15/01/2024,INR,10115278.79,773680.46,1183805.95,10115278.79
PT007753,TR-0686,21/04/2026,USD,93492.9,6441.59,10100.38,93492.9
PT005499,TR-0487,27/08/2025,USD,124090.11,7159.15,8210.18,124090.11
PT005462,TR-0484,10/06/2024,EUR,322291.88,37965.61,35034.45,322291.88
PT002544,TR-0226,26/04/2025,USD,138385.55,12167.09,35028.86,138385.55
PT004634,TR-0411,21/10/2022,EUR,132375.78,10915.68,41436.03,132375.78
PT002091,TR-0187,19/01/2026,INR,9029511.21,986420.02,912510.96,9029511.21
PT004833,TR-0428,18/06/2025,USD,187489.03,16352.03,58407.73,187489.03
PT001256,TR-0113,11/04/2023,INR,6186183.55,616769.81,1843031.07,6186183.55
PT002155,TR-0192,25/09/2025,USD,192417.02,18278.9,51344.66,192417.02
PT001288,TR-0117,02/10/2022,USD,179453.58,17626.49,54848.37,179453.58
PT002873,TR-0255,18/10/2024,INR,4509186.77,490070.37,403575.53,4509186.77
PT005259,TR-0467,03/11/2022,EUR,231313.34,12677.7,55121.71,231313.34
PT006630,TR-0587,27/02/2024,EUR,79479.1,8893.29,14035.8,79479.1
PT002184,TR-0195,03/08/2024,INR,14980881.59,944789.48,3557926.18,14980881.59
PT003026,TR-0268,11/12/2023,USD,62056.41,6646.76,18645.13,62056.41
PT006855,TR-0607,03/06/2026,EUR,237190.7,24068.51,14795.82,237190.7
PT005207,TR-0462,12/07/2025,GBP,283250.14,16551.36,14363.51,283250.14
PT005878,TR-0520,02/01/2024,EUR,97047.02,9960.27,5087.21,97047.02
PT004036,TR-0358,30/12/2025,USD,192784.05,10605.26,46450.02,192784.05
PT005144,TR-0456,16/09/2024,USD,805192.2,48586.1,87380.93,805192.2
PT005400,TR-0479,06/11/2025,GBP,34475.22,2895.5,2075.94,34475.22
PT003896,TR-0346,18/03/2026,EUR,113589.28,7125.12,33279.6,113589.28
PT000837,TR-0076,12/07/2024,EUR,114451.19,11000.22,19051.9,114451.19
PT000546,TR-0048,10/06/2026,EUR,89187.7,8893.54,27170.84,89187.7
PT002410,TR-0215,14/05/2025,USD,553151.55,39643.29,130562.47,553151.55
PT003210,TR-0284,11/09/2024,EUR,1166895.94,123284.79,114345.83,1166895.94
PT005744,TR-0508,23/04/2025,USD,44656.27,4798.38,5261.57,44656.27
PT000430,TR-0038,03/05/2025,USD,98184.07,10656.62,6935.02,98184.07
PT004814,TR-0426,06/09/2024,USD,65750.67,3877.41,14588.43,65750.67
PT007305,TR-0647,29/01/2023,USD,197134.2,16814.11,18042.62,197134.2
PT001980,TR-0178,28/02/2026,USD,120341.02,9195.22,14087.9,120341.02
PT005640,TR-0499,28/08/2022,EUR,58702.63,4585.05,17935.48,58702.63
PT005649,TR-0500,11/02/2025,USD,329498.64,36506.79,80622.15,329498.64
PT000269,TR-0024,11/09/2025,USD,146627.78,16084.29,14224.79,146627.78
PT003932,TR-0349,19/01/2022,USD,227434.56,21696.32,56063.1,227434.56
PT007466,TR-0661,06/12/2025,EUR,122966.62,14533.03,14255.91,122966.62
PT000018,TR-0002,30/08/2026,GBP,37358.05,4448.01,11716.01,37358.05
PT001152,TR-0104,21/08/2021,USD,29416.17,2892.44,7046.63,29416.17
PT000253,TR-0022,14/10/2025,INR,11939174.62,1369770.96,1841509.8,11939174.62
PT001505,TR-0137,01/06/2023,USD,94166.78,10920.36,7485.28,94166.78
PT003470,TR-0307,21/03/2026,USD,117182.12,13660.29,8467.45,117182.12
PT004193,TR-0372,07/04/2025,EUR,581947.26,62293.47,44878.32,581947.26
PT005604,TR-0496,05/10/2025,USD,121892.83,13916.04,32505.24,121892.83
PT004845,TR-0429,10/07/2026,USD,84000.18,8032.04,22084.92,84000.18
PT003536,TR-0314,05/04/2021,USD,60214.64,3811.84,18101.91,60214.64
PT002161,TR-0193,29/03/2023,USD,348250.65,26073.42,111122.34,348250.65
PT005811,TR-0514,06/01/2021,USD,94523.62,8172.93,18853.85,94523.62
PT005635,TR-0499,28/03/2022,EUR,58702.63,4585.05,17935.48,58702.63
PT000077,TR-0008,11/11/2025,USD,24607.49,2216.37,7825.25,24607.49
PT005323,TR-0472,02/11/2024,USD,77485.97,4901.1,24461.46,77485.97
PT005916,TR-0523,10/02/2026,EUR,111544.57,10596.98,12681.6,111544.57
PT003093,TR-0274,23/05/2023,EUR,50980.77,5410.39,5590.17,50980.77
PT003958,TR-0351,15/10/2023,INR,15711889.5,956811.08,4111380.8,15711889.5
PT005486,TR-0486,11/09/2024,USD,67621.99,7385.43,5034.98,67621.99
PT003500,TR-0309,15/01/2022,EUR,31671.91,2635.39,1657.83,31671.91
PT001080,TR-0098,29/09/2022,EUR,172133.26,19055.51,51005.76,172133.26
PT003915,TR-0348,08/02/2024,USD,53506.37,6190.83,14710.6,53506.37
PT004899,TR-0434,28/03/2023,EUR,104107.79,9207.28,11537.17,104107.79
PT007130,TR-0632,15/09/2023,USD,74592.96,4667.86,8593.77,74592.96
PT007014,TR-0621,27/02/2022,EUR,133093.9,7467.9,38732.35,133093.9
PT006369,TR-0563,14/10/2025,USD,165387.26,8835.02,18149.4,165387.26
PT003514,TR-0311,26/12/2024,INR,13837771.97,1137026.21,710686.25,13837771.97
PT004118,TR-0365,13/04/2026,EUR,200113.61,22738.53,15804.8,200113.61
PT004539,TR-0403,25/06/2026,USD,54050.68,4910.21,14314.55,54050.68
PT006795,TR-0602,13/06/2025,USD,153793.21,10283.35,36172.72,153793.21
PT006003,TR-0531,01/08/2023,EUR,24995.64,1818.01,6036.5,24995.64
PT005683,TR-0503,10/02/2026,USD,95548.2,6810.41,25506.07,95548.2
PT007676,TR-0680,21/08/2022,USD,164633.16,18206.15,15241.0,164633.16
PT000908,TR-0082,25/08/2025,USD,160606.71,8481.1,12265.76,160606.71
PT007208,TR-0639,15/11/2024,USD,158162.49,12047.65,42855.19,158162.49
PT007058,TR-0626,06/11/2022,EUR,91882.43,8400.04,16020.2,91882.43
PT007488,TR-0663,25/12/2024,EUR,336669.44,27421.9,23503.35,336669.44
PT007396,TR-0655,02/05/2022,EUR,81858.6,7338.19,6437.35,81858.6
PT003968,TR-0352,29/12/2023,USD,463761.29,33137.43,51590.11,463761.29
PT002229,TR-0199,16/10/2024,INR,4505630.51,422959.87,1025093.75,4505630.51
PT005271,TR-0468,11/08/2021,USD,196119.25,10716.9,52787.65,196119.25
PT007562,TR-0670,27/08/2025,USD,142868.22,15815.05,41960.71,142868.22
PT003280,TR-0289,04/11/2025,USD,150696.38,16082.38,25618.89,150696.38
PT007451,TR-0659,10/09/2023,EUR,37211.01,3403.61,3918.42,37211.01
PT003860,TR-0343,01/06/2024,USD,118599.13,14150.09,11941.45,118599.13
PT006204,TR-0549,30/11/2025,USD,48465.38,3129.5,15295.14,48465.38
PT005733,TR-0507,19/11/2022,USD,94073.51,8763.93,24818.27,94073.51
PT005063,TR-0449,07/06/2026,INR,20318234.99,2183286.93,6224694.61,20318234.99
PT007056,TR-0625,10/09/2026,EUR,15432.1,1538.44,2593.69,10288.07
PT001636,TR-0148,20/03/2023,INR,7799708.38,618064.73,568961.74,7799708.38
PT002062,TR-0185,19/06/2024,EUR,365810.37,32917.42,24137.46,365810.37
PT004154,TR-0368,08/07/2024,GBP,72983.35,5147.97,22524.26,72983.35
PT007770,TR-0688,16/05/2026,GBP,94348.91,8653.43,10439.27,94348.91
PT005180,TR-0459,19/02/2026,USD,58540.51,3583.8,6023.75,58540.51
PT002193,TR-0196,17/04/2022,EUR,21307.55,1848.57,2362.54,21307.55
PT001473,TR-0134,04/05/2021,USD,61558.27,5318.94,18182.9,61558.27
PT006242,TR-0552,13/02/2025,USD,62952.26,4906.56,4160.65,62952.26
PT001204,TR-0109,23/09/2022,USD,105427.91,10274.8,7092.21,105427.91
PT005856,TR-0518,10/05/2023,USD,343687.21,28214.64,94743.22,343687.21
PT006833,TR-0605,07/06/2026,USD,115273.31,6184.99,33746.92,115273.31
PT005905,TR-0522,06/01/2022,USD,26140.4,2972.12,1337.81,26140.4
PT003076,TR-0272,20/12/2024,USD,382220.9,21579.44,107600.37,382220.9
PT005591,TR-0495,11/12/2025,INR,22888129.72,1691128.75,2551157.84,22888129.72
PT003072,TR-0272,20/08/2024,USD,382220.9,21579.44,107600.37,382220.9
PT003603,TR-0321,11/11/2024,USD,161742.36,8935.38,39083.25,161742.36
PT006846,TR-0607,03/09/2025,EUR,237190.7,24068.51,14795.82,237190.7
PT001580,TR-0143,15/06/2025,USD,122124.19,7498.42,12206.44,122124.19
PT001305,TR-0118,19/08/2024,USD,296970.76,29038.15,17656.57,296970.76
PT000347,TR-0031,31/05/2023,INR,7894076.46,624916.2,2287853.13,7894076.46
PT004599,TR-0408,01/04/2026,USD,162808.34,14928.65,46526.66,162808.34
PT001644,TR-0148,20/11/2023,INR,7799708.38,618064.73,568961.74,7799708.38
PT002991,TR-0265,23/04/2022,USD,157995.05,7944.03,10333.41,157995.05
PT000834,TR-0076,12/04/2024,EUR,114451.19,11000.22,19051.9,114451.19
PT001165,TR-0105,22/03/2024,USD,142898.06,11784.51,32834.94,142898.06
PT006673,TR-0590,11/04/2022,USD,161416.74,9717.35,38102.17,161416.74
PT005392,TR-0478,04/06/2023,USD,95633.43,6439.71,29130.43,95633.43
PT001492,TR-0136,17/08/2023,USD,89893.73,7367.54,23136.11,89893.73
PT006444,TR-0569,16/07/2023,USD,252654.55,20173.13,74045.68,252654.55
PT003051,TR-0270,26/02/2026,GBP,54772.68,3231.65,15771.52,54772.68
PT006488,TR-0573,09/08/2026,USD,276616.98,32365.66,16655.81,276616.98
PT000264,TR-0023,13/10/2024,INR,4035993.02,215632.85,410703.47,4035993.02
PT000382,TR-0034,25/11/2022,USD,32386.44,3553.96,3545.04,32386.44
PT004500,TR-0400,26/11/2025,USD,374847.6,29937.0,110644.75,374847.6
PT000614,TR-0056,19/04/2025,USD,62766.84,3225.19,6071.08,62766.84
PT004135,TR-0367,03/04/2023,USD,153767.97,9037.38,15560.7,153767.97
PT000216,TR-0019,12/05/2025,USD,60862.42,3074.28,19034.48,60862.42
PT007071,TR-0627,16/02/2025,USD,96234.84,7577.87,25907.27,96234.84
PT006463,TR-0570,11/03/2024,INR,20031946.79,1401308.96,5385091.88,20031946.79
PT003427,TR-0303,18/01/2025,USD,30881.94,2451.29,1935.39,30881.94
PT002866,TR-0255,18/03/2024,INR,4509186.77,490070.37,403575.53,4509186.77
PT003387,TR-0299,03/02/2025,INR,9826186.48,1039145.41,624326.17,9826186.48
PT001113,TR-0101,29/03/2024,USD,186388.62,11823.47,42085.53,186388.62
PT003404,TR-0301,23/09/2025,USD,21863.27,1654.41,1490.77,21863.27
PT006451,TR-0569,16/02/2024,USD,252654.55,20173.13,74045.68,252654.55
PT006509,TR-0575,23/10/2025,USD,30879.36,2238.49,3206.94,30879.36
PT001694,TR-0153,23/02/2024,USD,155105.71,8776.11,35164.88,155105.71
PT007477,TR-0662,07/03/2026,USD,98240.33,8375.71,9439.69,98240.33
PT003056,TR-0271,04/02/2024,EUR,128391.7,13051.02,39523.01,128391.7
PT000033,TR-0004,13/04/2026,INR,12295671.24,1187736.41,3054132.15,12295671.24
PT000115,TR-0011,04/07/2022,EUR,145170.95,11642.6,15260.41,145170.95
PT005610,TR-0497,09/02/2024,USD,219507.59,13328.2,23851.38,219507.59
PT900033,TR-0173,15/06/2025,USD,68172.95,4091.09,5165.89,68172.95
PT003272,TR-0289,04/03/2025,USD,150696.38,16082.38,25618.89,150696.38
PT000587,TR-0053,13/08/2026,USD,93865.57,6790.32,22080.25,93865.57
PT001348,TR-0122,26/05/2025,USD,169933.52,18604.51,19271.38,169933.52
PT005283,TR-0469,05/06/2024,USD,25087.82,2721.06,1601.7,25087.82
PT001099,TR-0100,17/10/2021,USD,220557.92,15166.88,15881.13,220557.92
PT000394,TR-0035,29/01/2026,USD,117807.8,8516.08,23471.14,117807.8
PT900110,TR-0521,03/06/2025,USD,192812.14,14528.12,42703.02,192812.14
PT007165,TR-0635,20/09/2025,EUR,68210.38,3621.52,11112.86,68210.38
PT004687,TR-0416,30/03/2022,USD,31871.84,3672.14,3261.3,31871.84
PT002446,TR-0218,12/06/2024,EUR,15432.1,1179.93,1059.96,15432.1
PT003478,TR-0308,03/07/2023,USD,78800.94,6297.77,7973.06,78800.94
PT002329,TR-0208,25/03/2025,USD,177433.96,9587.12,56726.86,177433.96
PT004314,TR-0383,21/08/2022,USD,235819.9,15513.8,75436.23,235819.9
PT005855,TR-0518,10/04/2023,USD,343687.21,28214.64,94743.22,343687.21
PT001710,TR-0155,30/06/2024,USD,58436.4,6643.39,6874.12,58436.4
PT000984,TR-0089,10/01/2026,USD,88582.45,5680.86,21216.6,88582.45
PT004286,TR-0381,15/04/2024,USD,196717.43,18224.67,21941.46,196717.43
PT006732,TR-0596,03/03/2026,EUR,157715.16,12552.48,46711.47,157715.16
PT000554,TR-0049,31/07/2023,USD,182970.01,15432.16,57452.93,182970.01
PT006888,TR-0610,15/02/2023,USD,537001.73,30237.64,161334.18,537001.73
PT007664,TR-0678,07/04/2024,INR,18666790.64,1489528.56,2994127.15,18666790.64
PT003308,TR-0292,17/06/2022,EUR,82391.95,7863.25,6986.54,82391.95
PT006147,TR-0544,01/07/2021,USD,527092.34,62504.8,117398.4,527092.34
PT001254,TR-0113,11/02/2023,INR,6186183.55,616769.81,1843031.07,6186183.55
PT007295,TR-0646,02/01/2026,EUR,155116.13,9460.16,28938.56,155116.13
PT900091,TR-0409,01/06/2025,EUR,51017.36,3678.29,15736.3,51017.36
PT005692,TR-0504,25/12/2021,USD,291083.73,34774.85,51127.72,291083.73
PT002788,TR-0248,16/07/2026,USD,202308.3,11174.44,64214.87,202308.3
PT004886,TR-0433,07/08/2024,USD,50396.95,2574.16,15116.39,50396.95
PT005623,TR-0498,23/04/2024,USD,124266.44,12509.4,30737.92,124266.44
PT006976,TR-0618,08/11/2023,EUR,47369.19,3350.13,2384.21,47369.19
PT000667,TR-0061,16/09/2022,USD,79148.07,8247.51,8375.9,79148.07
PT005136,TR-0456,16/01/2024,USD,805192.2,48586.1,87380.93,805192.2
PT002680,TR-0239,31/05/2024,USD,298312.51,28039.4,66631.38,298312.51
PT001414,TR-0128,24/06/2024,EUR,43709.17,4362.12,2872.09,43709.17
PT005118,TR-0454,19/02/2024,USD,111399.74,11630.42,18228.16,111399.74
PT000529,TR-0046,26/07/2026,EUR,42010.54,4587.79,6941.12,42010.54
PT006248,TR-0552,13/08/2025,USD,62952.26,4906.56,4160.65,62952.26
PT007369,TR-0652,30/10/2025,INR,17272538.34,1481052.33,1675932.44,17272538.34
PT002061,TR-0185,19/05/2024,EUR,365810.37,32917.42,24137.46,365810.37
PT000486,TR-0042,27/08/2022,EUR,78219.92,5976.01,7982.5,78219.92
PT003592,TR-0318,24/02/2026,EUR,371927.95,20435.79,32414.62,371927.95
PT006162,TR-0545,19/12/2021,EUR,537323.12,33113.66,166553.66,537323.12
PT006658,TR-0589,17/12/2025,EUR,55051.22,2786.14,6413.17,55051.22
PT006077,TR-0538,15/09/2022,USD,524519.39,52489.55,54640.59,524519.39
PT005636,TR-0499,28/04/2022,EUR,58702.63,4585.05,17935.48,58702.63
PT002782,TR-0247,14/09/2023,GBP,104492.33,6707.1,17171.98,104492.33
PT006203,TR-0549,31/10/2025,USD,48465.38,3129.5,15295.14,48465.38
PT003864,TR-0343,01/10/2024,USD,118599.13,14150.09,11941.45,118599.13
PT002918,TR-0259,04/10/2025,EUR,582471.98,31110.16,134468.7,582471.98
PT006760,TR-0599,05/03/2025,USD,18411.08,1330.09,4802.26,18411.08
PT005952,TR-0526,04/03/2025,EUR,98010.35,8283.35,5985.21,98010.35
PT007439,TR-0658,06/07/2026,USD,53544.93,5888.74,3010.12,53544.93
PT001598,TR-0144,05/04/2023,USD,264856.71,13851.13,59316.25,264856.71
PT006788,TR-0601,23/05/2026,EUR,383225.56,42324.93,105000.69,383225.56
PT004255,TR-0378,27/02/2026,INR,2503902.79,143265.71,627778.79,2503902.79
PT001468,TR-0133,05/11/2025,INR,3085858.7,303972.08,287929.88,3085858.7
PT007587,TR-0672,26/07/2022,USD,378300.57,22626.57,103441.96,378300.57
PT003289,TR-0290,22/10/2023,USD,81373.4,6269.51,6981.14,81373.4
PT005055,TR-0448,01/04/2025,EUR,64220.71,5761.78,4905.79,64220.71
PT005567,TR-0493,22/07/2022,USD,249402.1,26317.88,70481.55,249402.1
PT005423,TR-0481,01/11/2022,USD,87754.02,9506.11,10306.4,87754.02
PT001124,TR-0102,06/11/2022,USD,83603.64,6696.4,20359.63,83603.64
PT007623,TR-0675,14/10/2021,USD,108287.57,6901.07,12510.11,108287.57
PT000227,TR-0020,16/06/2025,USD,363245.55,40202.6,42654.03,363245.55
PT001029,TR-0093,19/08/2023,USD,88465.05,6576.24,8373.71,88465.05
PT003670,TR-0327,25/05/2025,INR,4965231.55,507095.28,1212896.33,4965231.55
PT003904,TR-0347,07/07/2024,EUR,71924.04,8496.24,11945.97,71924.04
PT005082,TR-0451,18/12/2022,USD,24037.28,1726.09,6748.19,24037.28
PT007044,TR-0624,05/04/2024,USD,36199.0,3589.73,9988.47,36199.0
PT000556,TR-0049,30/09/2023,USD,182970.01,15432.16,57452.93,182970.01
PT002138,TR-0191,14/10/2022,USD,125958.71,6581.4,25109.52,125958.71
PT007798,TR-0690,21/05/2025,USD,57917.12,5125.0,13770.79,57917.12
PT007773,TR-0688,16/08/2026,GBP,94348.91,8653.43,10439.27,94348.91
PT003687,TR-0328,08/03/2025,USD,59138.66,3765.18,16038.65,59138.66
PT007093,TR-0629,23/02/2025,USD,41059.38,2503.05,4225.65,41059.38
PT007413,TR-0656,30/11/2022,USD,104895.23,10394.92,18702.49,104895.23
PT000708,TR-0065,27/07/2023,INR,8489254.35,741695.98,481567.1,8489254.35
PT006901,TR-0611,03/01/2024,USD,23524.14,1352.52,1291.25,23524.14
PT007507,TR-0664,16/09/2022,USD,213681.59,21285.6,24773.7,213681.59
PT006261,TR-0554,17/02/2022,EUR,15432.1,1553.67,1598.5,15432.1
PT003729,TR-0332,24/05/2021,EUR,105423.26,6649.28,6956.94,105423.26
PT004416,TR-0392,25/12/2021,USD,313220.46,37393.51,79080.4,313220.46
PT003659,TR-0326,23/03/2023,USD,47847.46,4589.37,8420.16,47847.46
PT000292,TR-0026,21/12/2022,USD,196819.9,14874.96,33384.29,196819.9
PT006646,TR-0588,03/09/2022,EUR,187361.8,10946.03,36106.87,187361.8
PT001172,TR-0106,11/07/2026,USD,149053.76,11617.8,34804.62,149053.76
PT003277,TR-0289,04/08/2025,USD,150696.38,16082.38,25618.89,150696.38
PT002777,TR-0247,14/04/2023,GBP,104492.33,6707.1,17171.98,104492.33
PT007668,TR-0678,07/08/2024,INR,18666790.64,1489528.56,2994127.15,18666790.64
PT005871,TR-0519,14/09/2024,EUR,28723.2,2923.81,7213.51,28723.2
PT002677,TR-0238,29/10/2023,USD,34833.41,3472.71,8151.64,34833.41
PT005620,TR-0497,09/12/2024,USD,219507.59,13328.2,23851.38,219507.59
PT005695,TR-0504,25/03/2022,USD,291083.73,34774.85,51127.72,291083.73
PT004423,TR-0393,11/09/2023,USD,25086.23,1336.59,5830.42,25086.23
PT004819,TR-0427,21/09/2025,USD,351033.15,29580.52,102394.92,351033.15
PT000477,TR-0042,27/11/2021,EUR,78219.92,5976.01,7982.5,78219.92
PT005224,TR-0464,03/10/2022,USD,497387.85,39696.85,158870.18,497387.85
PT006523,TR-0576,03/01/2022,USD,39886.88,3832.07,4052.85,39886.88
PT005221,TR-0464,03/07/2022,USD,497387.85,39696.85,158870.18,497387.85
PT002513,TR-0224,23/06/2025,USD,417953.99,48966.05,108261.62,417953.99
PT002066,TR-0185,19/10/2024,EUR,365810.37,32917.42,24137.46,365810.37
PT000104,TR-0010,12/02/2024,USD,154845.94,8133.16,14119.08,154845.94
PT004632,TR-0411,21/08/2022,EUR,132375.78,10915.68,41436.03,132375.78
PT006741,TR-0597,14/07/2026,USD,136054.4,15710.8,11676.07,136054.4
PT004635,TR-0411,21/11/2022,EUR,132375.78,10915.68,41436.03,132375.78
PT000524,TR-0046,26/02/2026,EUR,42010.54,4587.79,6941.12,42010.54
PT000067,TR-0007,19/12/2025,USD,57256.0,3081.23,13701.6,57256.0
PT007441,TR-0658,06/09/2026,USD,53544.93,5888.74,3010.12,42835.94
PT900137,TR-0640,10/06/2025,EUR,612028.73,39285.66,189968.94,612028.73
PT005435,TR-0482,18/07/2023,USD,151505.21,8151.24,26378.52,151505.21
PT004336,TR-0385,23/03/2025,USD,378653.5,24852.01,94448.41,378653.5
PT003900,TR-0346,18/07/2026,EUR,113589.28,7125.12,33279.6,113589.28
PT001940,TR-0174,03/09/2026,USD,548983.18,50839.24,165558.54,494084.86
PT002667,TR-0237,30/04/2025,USD,198812.87,19628.43,45755.49,198812.87
PT001397,TR-0126,24/02/2024,USD,67627.15,4116.99,6135.2,67627.15
PT002869,TR-0255,18/06/2024,INR,4509186.77,490070.37,403575.53,4509186.77
PT000752,TR-0069,15/06/2025,USD,42534.31,4242.26,3766.99,42534.31
PT005974,TR-0528,08/04/2022,USD,28430.93,1451.35,4961.04,28430.93
PT004585,TR-0407,28/03/2026,GBP,172344.19,12213.78,9128.0,172344.19
PT004066,TR-0360,31/01/2025,USD,112545.98,11216.21,18415.27,112545.98
PT004804,TR-0425,25/12/2022,USD,112754.78,7016.49,32364.73,112754.78
PT002107,TR-0188,30/07/2026,USD,29736.13,2312.24,1707.33,29736.13
PT007780,TR-0689,24/11/2022,GBP,380970.84,27870.26,42659.58,380970.84
PT005526,TR-0489,29/07/2023,EUR,254828.99,25710.6,17808.63,254828.99
PT007580,TR-0671,30/10/2023,USD,90526.2,10551.45,10506.35,90526.2
PT002004,TR-0180,03/02/2025,EUR,67795.64,6608.84,3536.87,67795.64
PT005639,TR-0499,28/07/2022,EUR,58702.63,4585.05,17935.48,58702.63
PT003556,TR-0315,01/08/2023,USD,58673.31,6941.79,16238.13,58673.31
PT000703,TR-0064,28/09/2026,USD,266916.23,28893.26,60094.03,17794.42
PT006416,TR-0567,16/08/2024,INR,7158474.23,624165.29,2035211.26,7158474.23
PT000011,TR-0001,15/03/2025,USD,239587.15,17252.86,24767.86,239587.15
PT004988,TR-0442,25/03/2026,USD,267250.86,28353.24,19939.36,267250.86
PT002201,TR-0196,17/12/2022,EUR,21307.55,1848.57,2362.54,21307.55
PT002098,TR-0188,30/10/2025,USD,29736.13,2312.24,1707.33,29736.13
PT002273,TR-0203,12/07/2025,INR,6759740.53,616133.69,2019094.71,6759740.53
PT000775,TR-0070,15/04/2025,USD,105633.2,9140.89,8131.21,105633.2
PT000760,TR-0069,15/02/2026,USD,42534.31,4242.26,3766.99,42534.31
PT005437,TR-0482,18/09/2023,USD,151505.21,8151.24,26378.52,151505.21
PT006487,TR-0572,08/03/2026,EUR,91897.18,5183.27,9891.45,91897.18
PT004207,TR-0373,20/06/2026,USD,81218.91,6818.1,25013.61,81218.91
PT006595,TR-0584,01/12/2024,USD,16666.67,1648.01,2986.37,16666.67
PT000491,TR-0043,23/04/2024,EUR,147379.83,11260.47,17018.94,147379.83
PT001191,TR-0108,14/06/2022,USD,293289.08,30048.84,29954.78,293289.08
PT004003,TR-0355,19/03/2025,USD,179347.12,14339.27,12695.21,179347.12
PT001090,TR-0099,28/02/2026,USD,81331.03,7301.23,6880.77,81331.03
PT004243,TR-0377,31/08/2023,USD,62327.17,5145.55,5656.3,62327.17
PT001480,TR-0134,04/12/2021,USD,61558.27,5318.94,18182.9,61558.27
PT003202,TR-0283,22/07/2022,EUR,1213009.89,83639.3,122035.32,1213009.89
PT007062,TR-0626,06/03/2023,EUR,91882.43,8400.04,16020.2,91882.43
PT002073,TR-0186,22/02/2023,EUR,745759.29,48212.9,230272.7,745759.29
PT000072,TR-0007,19/05/2026,USD,57256.0,3081.23,13701.6,57256.0
PT006948,TR-0615,10/12/2021,EUR,241995.95,14635.49,69188.99,241995.95
PT001853,TR-0167,24/09/2023,USD,232594.41,24529.16,36330.38,232594.41
PT002728,TR-0243,06/12/2025,USD,309912.87,23450.53,16064.06,309912.87
PT005026,TR-0446,24/12/2025,USD,88269.93,6580.64,6268.7,88269.93
PT007697,TR-0681,08/09/2026,USD,137611.6,11597.82,7220.88,100915.17
PT003849,TR-0342,06/05/2022,EUR,222083.21,22385.9,59817.48,222083.21
PT000825,TR-0075,21/06/2026,USD,125568.39,11458.52,29232.98,125568.39
PT000387,TR-0034,25/04/2023,USD,32386.44,3553.96,3545.04,32386.44
PT000348,TR-0031,30/06/2023,INR,7894076.46,624916.2,2287853.13,7894076.46
PT003673,TR-0327,25/08/2025,INR,4965231.55,507095.28,1212896.33,4965231.55
PT002808,TR-0250,16/12/2022,EUR,87580.61,6477.36,24698.01,87580.61
PT006042,TR-0534,21/12/2024,USD,70945.67,5335.38,16487.07,70945.67
PT000469,TR-0041,01/06/2023,USD,152899.67,15470.31,44853.04,152899.67
PT001419,TR-0128,24/11/2024,EUR,43709.17,4362.12,2872.09,43709.17
PT005613,TR-0497,09/05/2024,USD,219507.59,13328.2,23851.38,219507.59
PT004633,TR-0411,21/09/2022,EUR,132375.78,10915.68,41436.03,132375.78
PT000342,TR-0030,13/07/2025,USD,81309.53,4438.45,4651.73,81309.53
PT001300,TR-0118,19/03/2024,USD,296970.76,29038.15,17656.57,296970.76
PT002228,TR-0199,16/09/2024,INR,4505630.51,422959.87,1025093.75,4505630.51
PT001620,TR-0146,04/09/2026,EUR,127510.43,7217.59,13573.22,110509.04
PT005134,TR-0456,16/11/2023,USD,805192.2,48586.1,87380.93,805192.2
PT002491,TR-0222,24/04/2025,EUR,81317.17,7543.56,15731.18,81317.17
PT006093,TR-0540,27/11/2023,USD,157852.37,10641.33,14161.75,157852.37
PT003176,TR-0281,06/05/2022,EUR,95739.04,6880.49,4891.37,95739.04
PT005691,TR-0504,25/11/2021,USD,291083.73,34774.85,51127.72,291083.73
PT007335,TR-0649,01/05/2024,USD,336774.22,25578.56,99427.49,336774.22
PT001928,TR-0173,15/05/2025,USD,68172.95,4091.09,5165.89,68172.95
PT005146,TR-0457,05/08/2022,USD,72334.97,5795.18,5924.37,72334.97
PT000720,TR-0066,01/06/2021,USD,95475.14,8375.64,28863.35,95475.14
PT007265,TR-0644,30/10/2024,USD,74853.06,4125.74,14760.53,74853.06
PT007805,TR-0692,11/02/2024,EUR,81710.65,9521.23,8211.41,81710.65
PT004013,TR-0356,18/08/2025,USD,244134.22,14746.53,40828.59,244134.22
PT003181,TR-0281,06/10/2022,EUR,95739.04,6880.49,4891.37,95739.04
PT005253,TR-0466,29/05/2023,USD,152351.64,16896.07,11898.55,152351.64
PT001654,TR-0149,07/07/2023,USD,74747.37,8122.76,7843.28,74747.37
PT000750,TR-0068,03/03/2022,USD,277413.18,21500.71,26561.7,277413.18
PT000689,TR-0063,13/01/2025,EUR,29086.62,3489.22,8005.18,29086.62
PT006767,TR-0599,05/10/2025,USD,18411.08,1330.09,4802.26,18411.08
PT005341,TR-0474,19/11/2021,USD,223220.23,21354.72,64495.84,223220.23
PT003373,TR-0298,28/02/2026,EUR,72094.16,8296.87,16959.91,72094.16
PT003097,TR-0274,23/09/2023,EUR,50980.77,5410.39,5590.17,50980.77
PT001559,TR-0141,12/02/2025,USD,354720.62,34491.93,91937.83,354720.62
PT001082,TR-0098,29/11/2022,EUR,172133.26,19055.51,51005.76,172133.26
PT003472,TR-0307,21/05/2026,USD,117182.12,13660.29,8467.45,117182.12
PT001854,TR-0167,24/10/2023,USD,232594.41,24529.16,36330.38,232594.41
PT800005,TR-9005,13/12/2023,USD,324235.24,22202.35,30298.2,324235.24
PT007217,TR-0640,10/04/2025,EUR,612028.73,39285.66,189968.94,612028.73
PT007059,TR-0626,06/12/2022,EUR,91882.43,8400.04,16020.2,91882.43
PT006197,TR-0548,26/09/2021,USD,48588.3,3167.63,14186.25,48588.3
PT007204,TR-0639,15/07/2024,USD,158162.49,12047.65,42855.19,158162.49
PT007774,TR-0688,16/09/2026,GBP,94348.91,8653.43,10439.27,44029.49
PT002660,TR-0237,30/09/2024,USD,198812.87,19628.43,45755.49,198812.87
PT007808,TR-0692,11/05/2024,EUR,81710.65,9521.23,8211.41,81710.65
PT002190,TR-0195,03/02/2025,INR,14980881.59,944789.48,3557926.18,14980881.59
PT003990,TR-0354,13/07/2022,USD,283479.26,27441.07,31130.81,283479.26
PT001532,TR-0139,19/12/2021,EUR,42016.75,4881.47,3497.53,42016.75
PT005509,TR-0488,11/03/2026,USD,499574.73,38234.1,42785.9,499574.73
PT007783,TR-0689,24/02/2023,GBP,380970.84,27870.26,42659.58,380970.84
PT000339,TR-0030,13/04/2025,USD,81309.53,4438.45,4651.73,81309.53
PT002348,TR-0209,14/09/2026,USD,68828.83,6856.75,7557.92,36708.71
PT007874,TR-0698,14/11/2022,USD,38307.16,2839.08,9651.25,38307.16
PT001252,TR-0113,11/12/2022,INR,6186183.55,616769.81,1843031.07,6186183.55
PT001893,TR-0170,22/03/2026,USD,92450.42,7451.41,10815.59,92450.42
PT004053,TR-0359,23/12/2024,USD,54453.25,6494.14,13962.4,54453.25
PT003671,TR-0327,25/06/2025,INR,4965231.55,507095.28,1212896.33,4965231.55
PT000569,TR-0050,12/12/2023,EUR,108578.56,7353.26,17174.83,108578.56
PT003454,TR-0305,22/10/2024,USD,194597.27,17781.41,59078.2,194597.27
PT005781,TR-0511,21/10/2021,USD,334493.39,22458.58,77322.03,334493.39
PT000437,TR-0038,03/12/2025,USD,98184.07,10656.62,6935.02,98184.07
PT001560,TR-0141,12/03/2025,USD,354720.62,34491.93,91937.83,354720.62
PT006791,TR-0601,23/08/2026,EUR,383225.56,42324.93,105000.69,383225.56
PT000656,TR-0060,01/04/2026,USD,40602.46,2762.86,2712.89,40602.46
PT000555,TR-0049,31/08/2023,USD,182970.01,15432.16,57452.93,182970.01
PT004877,TR-0432,06/09/2023,INR,13961054.36,876627.69,1265269.12,13961054.36
PT007530,TR-0666,07/11/2024,GBP,148673.21,17424.74,10431.36,148673.21
PT002043,TR-0183,02/10/2025,USD,100544.26,7921.3,23011.91,100544.26
PT005273,TR-0468,11/10/2021,USD,196119.25,10716.9,52787.65,196119.25
PT005825,TR-0515,12/07/2026,EUR,75606.56,6304.81,17660.07,75606.56
PT005061,TR-0449,07/04/2026,INR,20318234.99,2183286.93,6224694.61,20318234.99
PT000603,TR-0055,21/06/2026,USD,77397.09,6627.16,19862.69,77397.09
PT000612,TR-0056,19/02/2025,USD,62766.84,3225.19,6071.08,62766.84
PT002358,TR-0210,13/11/2022,USD,54762.14,3534.05,5411.03,54762.14
PT004205,TR-0373,20/04/2026,USD,81218.91,6818.1,25013.61,81218.91
PT007721,TR-0683,20/05/2026,USD,91024.39,4803.71,4908.81,91024.39
PT004040,TR-0358,30/04/2026,USD,192784.05,10605.26,46450.02,192784.05
PT002472,TR-0220,19/01/2026,EUR,34448.86,3610.19,3860.31,34448.86
PT001734,TR-0157,11/08/2024,USD,59405.32,4717.71,6547.9,59405.32
PT007544,TR-0668,19/09/2025,INR,7953107.34,925935.44,809200.6,7953107.34
PT006189,TR-0548,26/01/2021,USD,48588.3,3167.63,14186.25,48588.3
PT000152,TR-0014,08/05/2022,USD,16666.67,1581.04,2759.14,16666.67
PT006293,TR-0556,07/08/2025,USD,46277.07,2384.49,4639.52,46277.07
PT005357,TR-0475,21/07/2024,USD,196540.51,14768.63,33688.16,196540.51
PT004266,TR-0379,01/03/2026,USD,36976.93,3564.76,2763.03,36976.93
PT002074,TR-0186,22/03/2023,EUR,745759.29,48212.9,230272.7,745759.29
PT000783,TR-0071,03/06/2025,EUR,107052.24,12363.24,30470.18,107052.24
PT004494,TR-0399,28/02/2022,USD,191901.87,16437.79,13105.15,191901.87
PT003054,TR-0271,04/12/2023,EUR,128391.7,13051.02,39523.01,128391.7
PT000167,TR-0015,21/02/2025,USD,205901.52,16755.69,56745.83,205901.52
PT003790,TR-0337,24/12/2022,USD,17939.99,1871.29,1982.58,17939.99
PT006019,TR-0532,01/09/2024,EUR,72709.64,6180.66,5864.27,72709.64
PT007332,TR-0649,01/02/2024,USD,336774.22,25578.56,99427.49,336774.22
PT006710,TR-0594,26/04/2026,EUR,75326.19,3779.91,21859.38,75326.19
PT005624,TR-0498,23/05/2024,USD,124266.44,12509.4,30737.92,124266.44
PT000143,TR-0013,27/07/2026,USD,91469.85,6957.04,22994.54,91469.85
PT001987,TR-0178,29/09/2026,USD,120341.02,9195.22,14087.9,4011.37
PT005399,TR-0479,06/10/2025,GBP,34475.22,2895.5,2075.94,34475.22
PT006497,TR-0574,13/03/2024,EUR,69175.01,4721.66,20680.92,69175.01
PT006779,TR-0600,15/11/2025,USD,133469.55,10158.65,8364.09,133469.55
PT004060,TR-0360,31/07/2024,USD,112545.98,11216.21,18415.27,112545.98
PT003444,TR-0304,24/04/2024,USD,86092.33,7559.76,5957.09,86092.33
PT003982,TR-0353,27/09/2024,USD,128986.64,13105.12,39658.69,128986.64
PT002694,TR-0240,21/10/2023,EUR,160571.49,13415.04,18889.76,160571.49
PT004334,TR-0385,23/01/2025,USD,378653.5,24852.01,94448.41,378653.5
PT000990,TR-0089,10/07/2026,USD,88582.45,5680.86,21216.6,88582.45
PT003423,TR-0302,06/03/2025,EUR,63291.83,7448.02,7388.65,63291.83
PT006930,TR-0614,03/10/2022,USD,23917.34,1245.1,2820.72,23917.34
PT001759,TR-0159,27/04/2021,EUR,57364.75,4171.85,18063.44,57364.75
PT002370,TR-0211,13/07/2025,USD,65590.84,4581.66,14503.36,65590.84
PT001022,TR-0093,19/01/2023,USD,88465.05,6576.24,8373.71,88465.05
PT006648,TR-0588,03/11/2022,EUR,187361.8,10946.03,36106.87,187361.8
PT000867,TR-0079,24/04/2025,USD,21059.12,1885.96,2348.38,21059.12
PT003021,TR-0268,11/07/2023,USD,62056.41,6646.76,18645.13,62056.41
PT007255,TR-0643,27/05/2025,EUR,171145.2,9877.78,15839.5,171145.2
PT007126,TR-0632,15/05/2023,USD,74592.96,4667.86,8593.77,74592.96
PT004949,TR-0438,21/01/2025,USD,162177.65,8887.21,16775.18,162177.65
PT005074,TR-0450,06/07/2025,USD,1740983.88,102684.64,510880.2,1740983.88
PT001698,TR-0154,27/10/2025,USD,105191.91,8101.3,26265.04,105191.91
PT005115,TR-0454,19/11/2023,USD,111399.74,11630.42,18228.16,111399.74
PT000328,TR-0029,26/09/2025,USD,101233.74,6373.93,10834.51,101233.74
PT005794,TR-0512,07/06/2023,EUR,106049.68,10330.07,9630.48,106049.68
PT000804,TR-0073,19/06/2021,EUR,751256.97,43627.63,232015.61,751256.97
PT005698,TR-0504,25/06/2022,USD,291083.73,34774.85,51127.72,291083.73
PT005581,TR-0494,04/05/2026,GBP,64363.54,6142.65,15413.02,64363.54
PT007694,TR-0681,08/06/2026,USD,137611.6,11597.82,7220.88,137611.6
PT002904,TR-0258,26/12/2022,USD,575297.25,50646.06,59184.28,575297.25
PT005500,TR-0487,27/09/2025,USD,124090.11,7159.15,8210.18,124090.11
PT005828,TR-0516,21/10/2023,USD,222239.07,18226.64,17889.86,222239.07
PT004162,TR-0369,11/08/2024,USD,179253.01,13824.9,48744.52,179253.01
PT005397,TR-0479,06/08/2025,GBP,34475.22,2895.5,2075.94,34475.22
PT000402,TR-0035,29/09/2026,USD,117807.8,8516.08,23471.14,3926.93
PT003414,TR-0302,06/06/2024,EUR,63291.83,7448.02,7388.65,63291.83
PT001347,TR-0122,26/04/2025,USD,169933.52,18604.51,19271.38,169933.52
PT002392,TR-0214,13/04/2024,USD,132904.93,12353.82,24281.1,132904.93
PT001268,TR-0114,14/09/2025,USD,588038.38,35206.98,62815.83,588038.38
PT007583,TR-0671,30/01/2024,USD,90526.2,10551.45,10506.35,90526.2
PT001444,TR-0130,31/01/2024,USD,79586.62,4046.47,4078.84,79586.62
PT006945,TR-0615,10/09/2021,EUR,241995.95,14635.49,69188.99,241995.95
PT000186,TR-0017,28/10/2022,EUR,53520.5,3944.03,2893.72,53520.5
PT005418,TR-0480,11/11/2023,EUR,54153.3,5884.93,2992.31,54153.3
PT002086,TR-0187,19/08/2025,INR,9029511.21,986420.02,912510.96,9029511.21
PT000097,TR-0009,02/05/2024,USD,289009.6,16862.33,22624.37,289009.6
PT005374,TR-0477,15/09/2022,EUR,68632.81,5825.74,16119.89,68632.81
PT007600,TR-0673,09/04/2024,EUR,126367.22,10094.72,12157.89,126367.22
PT002120,TR-0190,26/05/2023,USD,60568.52,6162.37,3679.2,60568.52
PT005203,TR-0462,12/03/2025,GBP,283250.14,16551.36,14363.51,283250.14
PT006292,TR-0556,07/07/2025,USD,46277.07,2384.49,4639.52,46277.07
PT004766,TR-0422,11/01/2023,USD,456262.98,32597.36,31810.22,456262.98
PT001753,TR-0158,23/01/2026,USD,48036.85,4454.77,5670.51,48036.85
PT000470,TR-0041,01/07/2023,USD,152899.67,15470.31,44853.04,152899.67
PT005181,TR-0459,19/03/2026,USD,58540.51,3583.8,6023.75,58540.51
PT006981,TR-0618,08/04/2024,EUR,47369.19,3350.13,2384.21,47369.19
PT001660,TR-0150,24/06/2022,USD,340211.84,36441.14,78765.37,340211.84
PT003763,TR-0335,08/02/2024,USD,98458.37,7177.81,22103.33,98458.37
PT003239,TR-0286,19/11/2022,EUR,237643.99,27673.1,23126.02,237643.99
PT003826,TR-0340,03/12/2021,USD,104005.14,11392.65,5817.45,104005.14
PT001477,TR-0134,04/09/2021,USD,61558.27,5318.94,18182.9,61558.27
PT007693,TR-0681,08/05/2026,USD,137611.6,11597.82,7220.88,137611.6
PT003159,TR-0279,14/08/2025,EUR,73796.66,7605.59,13993.42,73796.66
PT004026,TR-0357,18/03/2023,INR,29280238.46,2167566.87,7200844.54,29280238.46
PT005332,TR-0473,06/11/2024,GBP,111235.9,8352.91,11827.67,111235.9
PT007853,TR-0696,21/09/2024,USD,195069.96,12102.09,13908.54,195069.96
PT001378,TR-0125,30/09/2024,USD,409877.35,42280.44,95387.72,409877.35
PT003042,TR-0270,26/05/2025,GBP,54772.68,3231.65,15771.52,54772.68
PT001222,TR-0110,15/05/2026,USD,221040.92,12503.52,40209.81,221040.92
PT005197,TR-0462,12/09/2024,GBP,283250.14,16551.36,14363.51,283250.14
PT007375,TR-0653,30/01/2022,USD,200045.25,11619.93,32003.36,200045.25
PT800003,TR-9003,24/11/2023,USD,232594.41,24529.16,36330.38,232594.41
PT002213,TR-0197,03/06/2022,USD,45335.18,4803.98,13035.43,45335.18
PT004058,TR-0360,31/05/2024,USD,112545.98,11216.21,18415.27,112545.98
PT000944,TR-0085,28/06/2026,INR,17957351.61,1457259.26,1611158.15,17957351.61
PT004503,TR-0400,26/02/2026,USD,374847.6,29937.0,110644.75,374847.6
PT000242,TR-0022,14/11/2024,INR,11939174.62,1369770.96,1841509.8,11939174.62
PT001927,TR-0173,15/04/2025,USD,68172.95,4091.09,5165.89,68172.95
PT002604,TR-0232,11/07/2022,USD,57905.35,5981.94,3276.69,57905.35
PT000527,TR-0046,26/05/2026,EUR,42010.54,4587.79,6941.12,42010.54
PT003786,TR-0337,24/08/2022,USD,17939.99,1871.29,1982.58,17939.99
PT001160,TR-0105,22/10/2023,USD,142898.06,11784.51,32834.94,142898.06
PT005997,TR-0530,04/07/2026,USD,28789.83,3445.91,6971.98,28789.83
PT005627,TR-0498,23/08/2024,USD,124266.44,12509.4,30737.92,124266.44
PT002961,TR-0263,28/02/2026,EUR,38545.79,2126.18,2619.85,38545.79
PT002253,TR-0201,24/10/2025,USD,52479.91,3681.29,13028.32,52479.91
PT006577,TR-0582,21/11/2023,EUR,87711.45,4505.61,6188.16,87711.45
PT004526,TR-0402,15/05/2024,INR,10115278.79,773680.46,1183805.95,10115278.79
PT004294,TR-0381,15/12/2024,USD,196717.43,18224.67,21941.46,196717.43
PT002326,TR-0208,25/12/2024,USD,177433.96,9587.12,56726.86,177433.96
PT006679,TR-0591,14/06/2023,USD,92498.11,7243.65,6562.69,92498.11
PT001479,TR-0134,04/11/2021,USD,61558.27,5318.94,18182.9,61558.27
PT004435,TR-0394,01/12/2022,USD,119799.86,13253.69,6016.89,119799.86
PT003989,TR-0354,13/06/2022,USD,283479.26,27441.07,31130.81,283479.26
PT007350,TR-0651,14/03/2025,USD,31970.25,2906.77,2027.68,31970.25
PT004350,TR-0386,25/05/2024,EUR,181257.15,14345.04,40811.49,181257.15
PT000321,TR-0029,26/02/2025,USD,101233.74,6373.93,10834.51,101233.74
PT006758,TR-0599,05/01/2025,USD,18411.08,1330.09,4802.26,18411.08
PT004216,TR-0374,11/04/2026,EUR,77764.01,8560.57,18303.59,77764.01
PT001085,TR-0098,28/02/2023,EUR,172133.26,19055.51,51005.76,172133.26
PT003653,TR-0325,30/09/2026,USD,51545.97,3037.08,2667.32,0.0
PT001192,TR-0108,14/07/2022,USD,293289.08,30048.84,29954.78,293289.08
PT003828,TR-0340,03/02/2022,USD,104005.14,11392.65,5817.45,104005.14
PT000621,TR-0057,30/10/2025,EUR,26457.21,3008.79,6548.56,26457.21
PT002099,TR-0188,30/11/2025,USD,29736.13,2312.24,1707.33,29736.13
PT004847,TR-0429,10/09/2026,USD,84000.18,8032.04,22084.92,56000.12
PT005538,TR-0491,03/07/2024,USD,110583.03,5928.64,9812.9,110583.03
PT002804,TR-0250,16/08/2022,EUR,87580.61,6477.36,24698.01,87580.61
PT001865,TR-0168,16/05/2025,USD,132540.71,11146.42,41511.01,132540.71
PT002296,TR-0205,07/03/2024,USD,189934.44,17759.27,44138.05,189934.44
PT001960,TR-0176,13/08/2022,USD,82816.94,4701.74,15082.28,82816.94
PT005298,TR-0470,01/07/2026,EUR,546672.77,56518.84,63765.83,546672.77
PT000578,TR-0051,01/05/2026,USD,177057.15,18044.43,21105.61,177057.15
PT001396,TR-0126,24/01/2024,USD,67627.15,4116.99,6135.2,67627.15
PT005417,TR-0480,11/10/2023,EUR,54153.3,5884.93,2992.31,54153.3
PT002755,TR-0245,17/03/2022,EUR,21180.19,2047.86,5414.33,21180.19
PT001806,TR-0163,03/05/2025,USD,256698.41,22686.78,13846.37,256698.41
PT002855,TR-0254,21/10/2023,USD,109602.92,8849.87,32804.38,109602.92
PT007132,TR-0633,01/07/2025,USD,101645.68,10260.41,6933.47,101645.68
PT004367,TR-0387,07/11/2023,USD,35087.28,3137.78,9668.7,35087.28
PT000171,TR-0016,16/02/2025,USD,441126.28,40165.06,137062.51,441126.28
PT002042,TR-0183,02/09/2025,USD,100544.26,7921.3,23011.91,100544.26
PT005676,TR-0502,05/06/2024,INR,2042287.14,108783.0,395944.59,2042287.14
PT001234,TR-0111,08/06/2023,EUR,100126.81,9621.55,18874.87,100126.81
PT006138,TR-0543,25/06/2026,USD,83089.93,7227.2,8874.83,83089.93
PT006933,TR-0614,03/01/2023,USD,23917.34,1245.1,2820.72,23917.34
PT005951,TR-0526,04/02/2025,EUR,98010.35,8283.35,5985.21,98010.35
PT006107,TR-0541,12/07/2021,USD,196205.65,14162.1,62173.92,196205.65
PT007104,TR-0630,06/12/2022,USD,82243.7,5508.43,6925.59,82243.7
PT001276,TR-0116,14/01/2025,INR,8999544.15,556891.68,667986.37,8999544.15
PT003119,TR-0276,15/03/2025,USD,391095.49,24727.88,114385.11,391095.49
PT004396,TR-0390,21/05/2023,INR,13948835.13,751527.59,2245416.63,13948835.13
PT002950,TR-0262,04/09/2024,EUR,284184.33,23815.66,30366.04,284184.33
PT007810,TR-0692,11/07/2024,EUR,81710.65,9521.23,8211.41,81710.65
PT001891,TR-0170,22/01/2026,USD,92450.42,7451.41,10815.59,92450.42
PT000678,TR-0062,03/06/2026,USD,53697.94,5657.17,16823.03,53697.94
PT006037,TR-0534,21/07/2024,USD,70945.67,5335.38,16487.07,70945.67
PT005088,TR-0451,18/06/2023,USD,24037.28,1726.09,6748.19,24037.28
PT005559,TR-0492,17/08/2023,USD,222805.42,22886.05,59329.1,222805.42
PT005201,TR-0462,12/01/2025,GBP,283250.14,16551.36,14363.51,283250.14
PT001297,TR-0117,02/07/2023,USD,179453.58,17626.49,54848.37,179453.58
PT004392,TR-0390,21/01/2023,INR,13948835.13,751527.59,2245416.63,13948835.13
PT004150,TR-0368,08/03/2024,GBP,72983.35,5147.97,22524.26,72983.35
PT003401,TR-0301,23/06/2025,USD,21863.27,1654.41,1490.77,21863.27
PT007262,TR-0643,27/12/2025,EUR,171145.2,9877.78,15839.5,171145.2
PT007209,TR-0639,15/12/2024,USD,158162.49,12047.65,42855.19,158162.49
PT003901,TR-0346,18/08/2026,EUR,113589.28,7125.12,33279.6,113589.28
PT007841,TR-0695,05/04/2025,EUR,110821.3,6241.81,28674.14,110821.3
PT003343,TR-0295,03/04/2024,USD,164154.4,9085.18,14204.63,164154.4
PT000302,TR-0027,18/02/2021,USD,55736.25,6286.48,5720.62,55736.25
PT000366,TR-0032,01/12/2025,USD,97537.25,7078.7,10620.27,97537.25
PT005184,TR-0460,01/06/2024,EUR,201374.05,11594.34,23460.56,201374.05
PT004199,TR-0372,07/10/2025,EUR,581947.26,62293.47,44878.32,581947.26
PT006916,TR-0613,01/10/2025,USD,69722.78,6874.33,20542.69,69722.78
PT002796,TR-0249,05/04/2025,USD,252877.99,21600.4,21776.06,252877.99
PT003695,TR-0329,20/02/2025,USD,84586.82,7675.4,26351.14,84586.82
PT000858,TR-0078,08/07/2024,INR,35903508.55,3505235.0,6424892.51,35903508.55
PT900037,TR-0184,28/06/2025,EUR,82868.27,7002.26,9286.65,82868.27
PT003006,TR-0267,28/03/2022,USD,242972.79,13958.11,23585.56,242972.79
PT005556,TR-0492,17/05/2023,USD,222805.42,22886.05,59329.1,222805.42
PT006325,TR-0559,29/11/2025,USD,327613.36,28850.88,38905.51,327613.36
PT006600,TR-0584,01/05/2025,USD,16666.67,1648.01,2986.37,16666.67
PT004471,TR-0397,05/08/2026,INR,14617890.98,1304797.48,856420.47,14617890.98
PT000545,TR-0048,10/05/2026,EUR,89187.7,8893.54,27170.84,89187.7
PT004388,TR-0390,21/09/2022,INR,13948835.13,751527.59,2245416.63,13948835.13
PT005900,TR-0522,06/08/2021,USD,26140.4,2972.12,1337.81,26140.4
PT003689,TR-0328,08/05/2025,USD,59138.66,3765.18,16038.65,59138.66
PT004486,TR-0399,28/06/2021,USD,191901.87,16437.79,13105.15,191901.87
PT002870,TR-0255,18/07/2024,INR,4509186.77,490070.37,403575.53,4509186.77
PT004947,TR-0438,21/11/2024,USD,162177.65,8887.21,16775.18,162177.65
PT005163,TR-0458,17/06/2021,USD,84272.84,8772.44,22733.1,84272.84
PT001871,TR-0168,16/11/2025,USD,132540.71,11146.42,41511.01,132540.71
PT007678,TR-0680,21/10/2022,USD,164633.16,18206.15,15241.0,164633.16
PT003232,TR-0285,06/06/2025,USD,98525.36,7455.61,7850.62,98525.36
PT005016,TR-0444,23/07/2026,USD,162995.78,16957.19,9661.02,162995.78
PT004507,TR-0400,26/06/2026,USD,374847.6,29937.0,110644.75,374847.6
PT001895,TR-0170,22/05/2026,USD,92450.42,7451.41,10815.59,92450.42
PT001185,TR-0107,04/09/2025,USD,222938.83,15919.17,67960.24,222938.83
PT007782,TR-0689,24/01/2023,GBP,380970.84,27870.26,42659.58,380970.84
PT003005,TR-0267,28/02/2022,USD,242972.79,13958.11,23585.56,242972.79
PT001899,TR-0171,30/08/2022,USD,28457.63,2732.31,2228.21,28457.63
PT000833,TR-0076,12/03/2024,EUR,114451.19,11000.22,19051.9,114451.19
PT000691,TR-0063,13/03/2025,EUR,29086.62,3489.22,8005.18,29086.62
PT006605,TR-0585,22/04/2025,EUR,79203.98,5236.55,20211.26,79203.98
PT003777,TR-0336,05/11/2022,USD,70274.21,5951.93,11520.11,70274.21
PT001513,TR-0137,01/02/2024,USD,94166.78,10920.36,7485.28,94166.78
PT006766,TR-0599,05/09/2025,USD,18411.08,1330.09,4802.26,18411.08
PT003883,TR-0345,15/12/2022,EUR,57092.55,5540.32,16430.69,57092.55
PT001076,TR-0098,29/05/2022,EUR,172133.26,19055.51,51005.76,172133.26
PT007794,TR-0690,21/01/2025,USD,57917.12,5125.0,13770.79,57917.12
PT006801,TR-0602,13/12/2025,USD,153793.21,10283.35,36172.72,153793.21
PT002112,TR-0189,02/03/2025,USD,50169.19,4165.63,4665.72,50169.19
PT004866,TR-0431,04/07/2021,USD,192633.15,19224.48,11158.32,192633.15
PT005427,TR-0481,01/03/2023,USD,87754.02,9506.11,10306.4,87754.02
PT007546,TR-0668,19/11/2025,INR,7953107.34,925935.44,809200.6,7953107.34
PT002603,TR-0232,11/06/2022,USD,57905.35,5981.94,3276.69,57905.35
PT001947,TR-0175,10/08/2021,USD,104485.16,10219.8,11217.69,104485.16
PT007362,TR-0652,30/03/2025,INR,17272538.34,1481052.33,1675932.44,17272538.34
PT007388,TR-0654,03/01/2023,USD,71594.91,4166.35,4179.29,71594.91
PT000753,TR-0069,15/07/2025,USD,42534.31,4242.26,3766.99,42534.31
PT001362,TR-0124,23/03/2025,USD,242444.09,21410.19,46045.57,242444.09
PT005172,TR-0459,19/06/2025,USD,58540.51,3583.8,6023.75,58540.51
PT002683,TR-0239,31/08/2024,USD,298312.51,28039.4,66631.38,298312.51
PT003285,TR-0290,22/06/2023,USD,81373.4,6269.51,6981.14,81373.4
PT006456,TR-0570,11/08/2023,INR,20031946.79,1401308.96,5385091.88,20031946.79
PT006977,TR-0618,08/12/2023,EUR,47369.19,3350.13,2384.21,47369.19
PT000364,TR-0032,01/10/2025,USD,97537.25,7078.7,10620.27,97537.25
PT002765,TR-0246,10/02/2025,EUR,268977.84,29550.3,76589.04,268977.84
PT001136,TR-0103,10/10/2025,EUR,106843.15,6897.78,12776.89,106843.15
PT003213,TR-0284,11/12/2024,EUR,1166895.94,123284.79,114345.83,1166895.94
PT003808,TR-0338,29/10/2025,USD,196109.37,21559.02,32922.82,196109.37
PT001680,TR-0151,06/07/2023,USD,217258.83,17594.91,51837.4,217258.83
PT004647,TR-0412,20/12/2023,EUR,63811.93,4774.78,15322.55,63811.93
PT003590,TR-0318,24/12/2025,EUR,371927.95,20435.79,32414.62,371927.95
PT002357,TR-0210,13/10/2022,USD,54762.14,3534.05,5411.03,54762.14
PT005451,TR-0483,20/08/2025,USD,38196.24,2004.43,2501.49,38196.24
PT001623,TR-0147,05/02/2022,USD,63597.51,5023.72,17822.63,63597.51
PT006467,TR-0571,22/12/2023,USD,36495.53,3294.75,2227.51,36495.53
PT006249,TR-0553,21/03/2025,USD,377837.2,30062.44,115287.92,377837.2
PT004098,TR-0364,28/07/2023,EUR,135352.14,11510.68,6918.41,135352.14
PT003015,TR-0267,28/12/2022,USD,242972.79,13958.11,23585.56,242972.79
PT004811,TR-0426,06/06/2024,USD,65750.67,3877.41,14588.43,65750.67
PT004939,TR-0437,31/05/2022,USD,104966.16,10922.64,5671.7,104966.16
PT002069,TR-0185,19/01/2025,EUR,365810.37,32917.42,24137.46,365810.37
PT004390,TR-0390,21/11/2022,INR,13948835.13,751527.59,2245416.63,13948835.13
PT000880,TR-0080,24/05/2025,EUR,134471.76,10248.43,21432.17,134471.76
PT007722,TR-0684,17/04/2025,USD,126599.55,11035.73,19786.65,126599.55
PT003798,TR-0338,29/12/2024,USD,196109.37,21559.02,32922.82,196109.37
PT004960,TR-0439,08/02/2026,USD,258217.08,15728.8,50176.75,258217.08
PT000759,TR-0069,15/01/2026,USD,42534.31,4242.26,3766.99,42534.31
PT003122,TR-0276,15/06/2025,USD,391095.49,24727.88,114385.11,391095.49
PT002403,TR-0214,13/03/2025,USD,132904.93,12353.82,24281.1,132904.93
PT002060,TR-0185,19/04/2024,EUR,365810.37,32917.42,24137.46,365810.37
PT005842,TR-0517,14/03/2024,EUR,31347.56,1696.38,9673.78,31347.56
PT005429,TR-0481,01/05/2023,USD,87754.02,9506.11,10306.4,87754.02
PT002578,TR-0230,25/07/2021,USD,550925.07,29095.85,65516.53,550925.07
PT001912,TR-0172,02/09/2025,EUR,51744.13,3390.36,15900.9,51744.13
PT006284,TR-0556,07/11/2024,USD,46277.07,2384.49,4639.52,46277.07
PT006596,TR-0584,01/01/2025,USD,16666.67,1648.01,2986.37,16666.67
PT001074,TR-0098,29/03/2022,EUR,172133.26,19055.51,51005.76,172133.26
PT000059,TR-0006,02/10/2022,USD,16666.67,1068.75,4953.51,16666.67
PT006838,TR-0606,16/04/2026,GBP,40191.32,2636.92,9652.17,40191.32
PT002295,TR-0205,07/02/2024,USD,189934.44,17759.27,44138.05,189934.44
PT005561,TR-0492,17/10/2023,USD,222805.42,22886.05,59329.1,222805.42
PT006402,TR-0565,27/02/2026,USD,73299.9,7460.78,21673.63,73299.9
PT002399,TR-0214,13/11/2024,USD,132904.93,12353.82,24281.1,132904.93
PT003134,TR-0277,10/11/2021,USD,117094.62,12012.95,10047.56,117094.62
PT001069,TR-0097,26/08/2025,EUR,39571.24,4060.98,3273.49,39571.24
PT002530,TR-0225,12/09/2024,EUR,37988.31,3099.5,2578.0,37988.31
PT007037,TR-0624,05/09/2023,USD,36199.0,3589.73,9988.47,36199.0
PT001478,TR-0134,04/10/2021,USD,61558.27,5318.94,18182.9,61558.27
PT001514,TR-0137,01/03/2024,USD,94166.78,10920.36,7485.28,94166.78
PT003286,TR-0290,22/07/2023,USD,81373.4,6269.51,6981.14,81373.4
PT007277,TR-0645,17/03/2023,EUR,63107.84,5661.9,4257.57,63107.84
PT003069,TR-0272,20/05/2024,USD,382220.9,21579.44,107600.37,382220.9
PT006374,TR-0563,14/03/2026,USD,165387.26,8835.02,18149.4,165387.26
PT007246,TR-0642,29/07/2022,EUR,386250.35,44210.87,40499.59,386250.35
PT004613,TR-0409,01/04/2026,EUR,51017.36,3678.29,15736.3,51017.36
PT007548,TR-0668,19/01/2026,INR,7953107.34,925935.44,809200.6,7953107.34
PT003290,TR-0290,22/11/2023,USD,81373.4,6269.51,6981.14,81373.4
PT001800,TR-0162,28/03/2026,USD,147633.93,8096.2,13248.99,147633.93
PT006441,TR-0569,16/04/2023,USD,252654.55,20173.13,74045.68,252654.55
PT006651,TR-0589,17/05/2025,EUR,55051.22,2786.14,6413.17,55051.22
PT002501,TR-0223,23/04/2022,USD,86406.57,9879.39,7064.0,86406.57
PT007775,TR-0689,24/06/2022,GBP,380970.84,27870.26,42659.58,380970.84
PT007813,TR-0692,11/10/2024,EUR,81710.65,9521.23,8211.41,81710.65
PT004289,TR-0381,15/07/2024,USD,196717.43,18224.67,21941.46,196717.43
PT003796,TR-0337,24/06/2023,USD,17939.99,1871.29,1982.58,17939.99
PT005804,TR-0513,11/02/2025,USD,206673.62,13315.27,61875.66,206673.62
PT005403,TR-0479,06/02/2026,GBP,34475.22,2895.5,2075.94,34475.22
PT004086,TR-0363,12/08/2022,EUR,468561.26,47361.12,38602.0,468561.26
PT005135,TR-0456,16/12/2023,USD,805192.2,48586.1,87380.93,805192.2
PT006132,TR-0543,25/12/2025,USD,83089.93,7227.2,8874.83,83089.93
PT002682,TR-0239,31/07/2024,USD,298312.51,28039.4,66631.38,298312.51
PT002506,TR-0223,23/09/2022,USD,86406.57,9879.39,7064.0,86406.57
PT001304,TR-0118,19/07/2024,USD,296970.76,29038.15,17656.57,296970.76
PT004723,TR-0419,24/05/2021,USD,22504.6,1617.69,1774.43,22504.6
PT003806,TR-0338,29/08/2025,USD,196109.37,21559.02,32922.82,196109.37
PT001174,TR-0106,11/09/2026,USD,149053.76,11617.8,34804.62,94400.71
PT001433,TR-0129,08/04/2025,USD,47242.56,2502.85,3933.02,47242.56
PT001100,TR-0100,17/11/2021,USD,220557.92,15166.88,15881.13,220557.92
PT007258,TR-0643,27/08/2025,EUR,171145.2,9877.78,15839.5,171145.2
PT001909,TR-0171,30/06/2023,USD,28457.63,2732.31,2228.21,28457.63
PT007065,TR-0626,06/06/2023,EUR,91882.43,8400.04,16020.2,91882.43
PT007053,TR-0625,10/06/2026,EUR,15432.1,1538.44,2593.69,15432.1
PT006906,TR-0612,15/08/2022,USD,251024.5,16010.59,17141.95,251024.5
PT006277,TR-0555,07/03/2026,USD,43206.08,5047.19,4606.21,43206.08
PT001406,TR-0127,05/07/2024,USD,387593.45,24881.69,43903.99,387593.45
PT007118,TR-0631,10/07/2023,USD,36017.19,2058.13,2236.99,36017.19
PT005515,TR-0488,11/09/2026,USD,499574.73,38234.1,42785.9,316397.33
PT007900,TR-0700,06/04/2026,EUR,34424.68,4041.34,2782.24,34424.68
PT002814,TR-0250,16/06/2023,EUR,87580.61,6477.36,24698.01,87580.61
PT000310,TR-0027,18/10/2021,USD,55736.25,6286.48,5720.62,55736.25
PT004091,TR-0363,12/01/2023,EUR,468561.26,47361.12,38602.0,468561.26
PT000776,TR-0071,03/11/2024,EUR,107052.24,12363.24,30470.18,107052.24
PT004581,TR-0407,28/11/2025,GBP,172344.19,12213.78,9128.0,172344.19
PT000368,TR-0032,01/02/2026,USD,97537.25,7078.7,10620.27,97537.25
PT000571,TR-0050,12/02/2024,EUR,108578.56,7353.26,17174.83,108578.56
PT004100,TR-0364,28/09/2023,EUR,135352.14,11510.68,6918.41,135352.14
PT004746,TR-0420,17/05/2024,EUR,108514.56,6281.92,17660.21,108514.56
PT005484,TR-0486,11/07/2024,USD,67621.99,7385.43,5034.98,67621.99
PT004538,TR-0403,25/05/2026,USD,54050.68,4910.21,14314.55,54050.68
PT001594,TR-0144,05/12/2022,USD,264856.71,13851.13,59316.25,264856.71
PT002264,TR-0202,25/08/2026,USD,74130.66,6108.06,4858.28,74130.66
PT007631,TR-0675,14/06/2022,USD,108287.57,6901.07,12510.11,108287.57
PT006361,TR-0562,07/03/2024,USD,71602.38,7690.42,19204.19,71602.38
PT001542,TR-0140,19/04/2021,EUR,177138.64,12322.49,28863.29,177138.64
PT006041,TR-0534,21/11/2024,USD,70945.67,5335.38,16487.07,70945.67
PT007083,TR-0628,08/09/2026,EUR,653823.98,64868.42,110928.65,479470.92
PT004645,TR-0412,20/10/2023,EUR,63811.93,4774.78,15322.55,63811.93
PT007207,TR-0639,15/10/2024,USD,158162.49,12047.65,42855.19,158162.49
PT900032,TR-0169,14/06/2025,EUR,50990.54,2794.46,9599.79,50990.54
PT005528,TR-0490,14/12/2025,EUR,73331.74,6089.76,5351.2,73331.74
PT005042,TR-0447,24/12/2025,EUR,397459.7,28174.4,114735.65,397459.7
PT006786,TR-0601,23/03/2026,EUR,383225.56,42324.93,105000.69,383225.56
PT000073,TR-0007,19/06/2026,USD,57256.0,3081.23,13701.6,57256.0
PT004830,TR-0427,21/08/2026,USD,351033.15,29580.52,102394.92,351033.15
PT005750,TR-0508,23/10/2025,USD,44656.27,4798.38,5261.57,44656.27
PT007764,TR-0687,28/09/2022,USD,369973.65,33132.9,96139.32,369973.65
PT004859,TR-0430,15/03/2024,USD,229479.12,21235.7,21781.06,229479.12
PT002836,TR-0252,11/03/2024,USD,111248.59,8184.22,8399.86,111248.59
PT004270,TR-0379,01/07/2026,USD,36976.93,3564.76,2763.03,36976.93
PT007219,TR-0640,10/06/2025,EUR,612028.73,39285.66,189968.94,612028.73
PT003737,TR-0332,24/01/2022,EUR,105423.26,6649.28,6956.94,105423.26
PT007625,TR-0675,14/12/2021,USD,108287.57,6901.07,12510.11,108287.57
PT002512,TR-0224,23/05/2025,USD,417953.99,48966.05,108261.62,417953.99
PT001781,TR-0161,05/04/2021,EUR,42754.72,3628.16,2763.12,42754.72
PT001776,TR-0160,07/02/2025,USD,186346.27,19284.1,29635.64,186346.27
PT001535,TR-0139,19/03/2022,EUR,42016.75,4881.47,3497.53,42016.75
PT004935,TR-0437,31/01/2022,USD,104966.16,10922.64,5671.7,104966.16
PT003106,TR-0275,22/02/2025,USD,100845.39,10385.5,11832.39,100845.39
PT003766,TR-0335,08/05/2024,USD,98458.37,7177.81,22103.33,98458.37
PT003335,TR-0295,03/08/2023,USD,164154.4,9085.18,14204.63,164154.4
PT006110,TR-0541,12/10/2021,USD,196205.65,14162.1,62173.92,196205.65
PT004961,TR-0439,08/03/2026,USD,258217.08,15728.8,50176.75,258217.08
PT007387,TR-0654,03/12/2022,USD,71594.91,4166.35,4179.29,71594.91
PT005293,TR-0470,01/02/2026,EUR,546672.77,56518.84,63765.83,546672.77
PT005937,TR-0525,25/02/2023,USD,488093.4,37210.4,132027.91,488093.4
PT900035,TR-0180,03/06/2025,EUR,67795.64,6608.84,3536.87,67795.64
PT004395,TR-0390,21/04/2023,INR,13948835.13,751527.59,2245416.63,13948835.13
PT007249,TR-0642,29/10/2022,EUR,386250.35,44210.87,40499.59,386250.35
PT004363,TR-0387,07/07/2023,USD,35087.28,3137.78,9668.7,35087.28
PT003963,TR-0352,29/07/2023,USD,463761.29,33137.43,51590.11,463761.29
PT005798,TR-0512,07/10/2023,EUR,106049.68,10330.07,9630.48,106049.68
PT001785,TR-0161,05/08/2021,EUR,42754.72,3628.16,2763.12,42754.72
PT006539,TR-0578,15/09/2026,GBP,61389.9,4030.98,3454.18,30694.95
PT001030,TR-0093,19/09/2023,USD,88465.05,6576.24,8373.71,88465.05
PT000520,TR-0045,15/03/2024,USD,147873.25,10444.91,8539.45,147873.25
PT002447,TR-0218,12/07/2024,EUR,15432.1,1179.93,1059.96,15432.1
PT001915,TR-0172,02/12/2025,EUR,51744.13,3390.36,15900.9,51744.13
PT007667,TR-0678,07/07/2024,INR,18666790.64,1489528.56,2994127.15,18666790.64
PT001610,TR-0145,02/05/2024,USD,18666.19,1592.14,4153.61,18666.19
PT006377,TR-0563,14/06/2026,USD,165387.26,8835.02,18149.4,165387.26
PT000396,TR-0035,29/03/2026,USD,117807.8,8516.08,23471.14,117807.8
PT004191,TR-0371,05/08/2023,USD,56644.81,6315.15,17496.38,56644.81
PT001984,TR-0178,29/06/2026,USD,120341.02,9195.22,14087.9,120341.02
PT001937,TR-0174,03/06/2026,USD,548983.18,50839.24,165558.54,548983.18
PT003365,TR-0298,30/06/2025,EUR,72094.16,8296.87,16959.91,72094.16
PT006542,TR-0579,07/01/2026,USD,81622.23,5876.12,23199.14,81622.23
PT005584,TR-0494,04/08/2026,GBP,64363.54,6142.65,15413.02,64363.54
PT001034,TR-0094,03/06/2026,EUR,52282.64,3094.13,4296.57,52282.64
PT005936,TR-0525,25/01/2023,USD,488093.4,37210.4,132027.91,488093.4
PT900057,TR-0261,18/06/2025,EUR,624324.45,66139.38,171888.92,624324.45
PT004389,TR-0390,21/10/2022,INR,13948835.13,751527.59,2245416.63,13948835.13
PT007503,TR-0664,16/05/2022,USD,213681.59,21285.6,24773.7,213681.59
PT000605,TR-0055,21/08/2026,USD,77397.09,6627.16,19862.69,77397.09
PT007594,TR-0672,26/02/2023,USD,378300.57,22626.57,103441.96,378300.57
PT004978,TR-0440,24/11/2024,USD,108262.16,6801.01,10566.85,108262.16
PT006826,TR-0604,27/05/2023,EUR,54364.47,4042.04,16574.27,54364.47
PT002805,TR-0250,16/09/2022,EUR,87580.61,6477.36,24698.01,87580.61
PT001432,TR-0129,08/03/2025,USD,47242.56,2502.85,3933.02,47242.56
PT006773,TR-0600,15/05/2025,USD,133469.55,10158.65,8364.09,133469.55
PT003651,TR-0325,30/07/2026,USD,51545.97,3037.08,2667.32,51545.97
PT004903,TR-0434,28/07/2023,EUR,104107.79,9207.28,11537.17,104107.79
PT007019,TR-0622,05/02/2023,INR,12205529.65,950620.04,3709117.37,12205529.65
PT002366,TR-0211,13/03/2025,USD,65590.84,4581.66,14503.36,65590.84
PT001322,TR-0119,03/07/2024,USD,41475.8,3445.76,10107.91,41475.8
PT002577,TR-0230,25/06/2021,USD,550925.07,29095.85,65516.53,550925.07
PT005044,TR-0447,24/02/2026,EUR,397459.7,28174.4,114735.65,397459.7
PT900065,TR-0285,06/06/2025,USD,98525.36,7455.61,7850.62,98525.36
PT005274,TR-0468,11/11/2021,USD,196119.25,10716.9,52787.65,196119.25
PT002642,TR-0235,18/02/2023,USD,69568.86,8124.78,4278.33,69568.86
PT004727,TR-0419,24/09/2021,USD,22504.6,1617.69,1774.43,22504.6
PT005687,TR-0503,10/06/2026,USD,95548.2,6810.41,25506.07,95548.2
PT006101,TR-0540,27/07/2024,USD,157852.37,10641.33,14161.75,157852.37
PT005824,TR-0515,12/06/2026,EUR,75606.56,6304.81,17660.07,75606.56
PT003433,TR-0303,18/07/2025,USD,30881.94,2451.29,1935.39,30881.94
PT002684,TR-0239,30/09/2024,USD,298312.51,28039.4,66631.38,298312.51
PT003381,TR-0299,03/08/2024,INR,9826186.48,1039145.41,624326.17,9826186.48
PT004319,TR-0383,21/01/2023,USD,235819.9,15513.8,75436.23,235819.9
PT004074,TR-0361,20/07/2021,USD,55805.28,6687.45,12734.32,55805.28
PT006798,TR-0602,13/09/2025,USD,153793.21,10283.35,36172.72,153793.21
PT006199,TR-0548,26/11/2021,USD,48588.3,3167.63,14186.25,48588.3
PT003933,TR-0349,19/02/2022,USD,227434.56,21696.32,56063.1,227434.56
PT001743,TR-0157,11/05/2025,USD,59405.32,4717.71,6547.9,59405.32
PT006026,TR-0533,23/05/2024,USD,417453.7,28596.79,125312.3,417453.7
PT001878,TR-0169,14/10/2024,EUR,50990.54,2794.46,9599.79,50990.54
PT006074,TR-0537,04/07/2026,USD,79323.94,8994.41,14174.8,79323.94
PT007146,TR-0634,17/12/2024,USD,86475.79,6479.81,5506.45,86475.79
PT007718,TR-0683,20/02/2026,USD,91024.39,4803.71,4908.81,91024.39
PT001924,TR-0173,15/01/2025,USD,68172.95,4091.09,5165.89,68172.95
PT006891,TR-0610,15/05/2023,USD,537001.73,30237.64,161334.18,537001.73
PT002842,TR-0253,08/03/2024,USD,33238.01,3761.25,3482.01,33238.01
PT004384,TR-0389,29/08/2026,USD,291540.12,25853.3,20838.81,291540.12
PT006962,TR-0616,07/01/2025,EUR,66907.82,6243.62,18892.29,66907.82
PT006275,TR-0555,07/01/2026,USD,43206.08,5047.19,4606.21,43206.08
PT004210,TR-0373,20/09/2026,USD,81218.91,6818.1,25013.61,27072.97
PT000028,TR-0003,09/12/2021,EUR,90737.65,7449.41,26187.76,90737.65
PT005797,TR-0512,07/09/2023,EUR,106049.68,10330.07,9630.48,106049.68
PT005206,TR-0462,12/06/2025,GBP,283250.14,16551.36,14363.51,283250.14
PT003569,TR-0316,29/08/2022,USD,90076.31,4710.36,25250.23,90076.31
PT005321,TR-0472,02/09/2024,USD,77485.97,4901.1,24461.46,77485.97
PT007453,TR-0659,10/11/2023,EUR,37211.01,3403.61,3918.42,37211.01
PT006391,TR-0564,15/06/2026,INR,23516127.75,2211072.71,2101638.06,23516127.75
PT002177,TR-0194,21/07/2026,EUR,75428.33,5207.81,16614.65,75428.33
PT004622,TR-0410,29/05/2022,USD,285909.27,28239.09,18626.41,285909.27
PT007739,TR-0685,28/06/2025,EUR,187114.9,16786.77,53131.96,187114.9
PT007447,TR-0659,10/05/2023,EUR,37211.01,3403.61,3918.42,37211.01
PT003880,TR-0344,14/07/2026,USD,139716.8,8577.56,12618.02,139716.8
PT004603,TR-0409,01/06/2025,EUR,51017.36,3678.29,15736.3,51017.36
PT007674,TR-0680,21/06/2022,USD,164633.16,18206.15,15241.0,164633.16
PT007871,TR-0698,14/08/2022,USD,38307.16,2839.08,9651.25,38307.16
PT001224,TR-0111,08/08/2022,EUR,100126.81,9621.55,18874.87,100126.81
PT002445,TR-0218,12/05/2024,EUR,15432.1,1179.93,1059.96,15432.1
PT005977,TR-0528,08/07/2022,USD,28430.93,1451.35,4961.04,28430.93
PT003313,TR-0292,17/11/2022,EUR,82391.95,7863.25,6986.54,82391.95
PT007095,TR-0629,23/04/2025,USD,41059.38,2503.05,4225.65,41059.38
PT003068,TR-0272,20/04/2024,USD,382220.9,21579.44,107600.37,382220.9
PT001627,TR-0147,05/06/2022,USD,63597.51,5023.72,17822.63,63597.51
PT001265,TR-0114,14/06/2025,USD,588038.38,35206.98,62815.83,588038.38
PT003970,TR-0352,29/02/2024,USD,463761.29,33137.43,51590.11,463761.29
PT007072,TR-0627,16/03/2025,USD,96234.84,7577.87,25907.27,96234.84
PT000878,TR-0080,24/03/2025,EUR,134471.76,10248.43,21432.17,134471.76
PT006534,TR-0577,05/04/2026,EUR,515142.53,61552.13,127897.05,515142.53
PT007769,TR-0687,28/02/2023,USD,369973.65,33132.9,96139.32,369973.65
PT003479,TR-0308,03/08/2023,USD,78800.94,6297.77,7973.06,78800.94
PT004110,TR-0365,13/08/2025,EUR,200113.61,22738.53,15804.8,200113.61
PT000482,TR-0042,27/04/2022,EUR,78219.92,5976.01,7982.5,78219.92
PT006922,TR-0613,01/04/2026,USD,69722.78,6874.33,20542.69,69722.78
PT006738,TR-0596,03/09/2026,EUR,157715.16,12552.48,46711.47,141943.64
PT002553,TR-0227,30/06/2026,USD,77943.55,5951.59,22770.19,77943.55
PT007365,TR-0652,30/06/2025,INR,17272538.34,1481052.33,1675932.44,17272538.34
PT004954,TR-0438,21/06/2025,USD,162177.65,8887.21,16775.18,162177.65
PT003130,TR-0277,10/07/2021,USD,117094.62,12012.95,10047.56,117094.62
PT004143,TR-0367,03/12/2023,USD,153767.97,9037.38,15560.7,153767.97
PT002919,TR-0259,04/11/2025,EUR,582471.98,31110.16,134468.7,582471.98
PT007012,TR-0621,27/12/2021,EUR,133093.9,7467.9,38732.35,133093.9
PT007869,TR-0698,14/06/2022,USD,38307.16,2839.08,9651.25,38307.16
PT002315,TR-0207,30/06/2022,EUR,211083.13,11860.92,49531.65,211083.13
PT900105,TR-0491,03/06/2025,USD,110583.03,5928.64,9812.9,110583.03
PT004996,TR-0443,27/05/2024,USD,174851.14,14433.96,20927.38,174851.14
PT005119,TR-0454,19/03/2024,USD,111399.74,11630.42,18228.16,111399.74
PT004329,TR-0384,23/08/2023,EUR,170411.49,12123.68,47760.22,170411.49
PT000942,TR-0085,28/04/2026,INR,17957351.61,1457259.26,1611158.15,17957351.61
PT007471,TR-0661,06/05/2026,EUR,122966.62,14533.03,14255.91,122966.62
PT007595,TR-0672,26/03/2023,USD,378300.57,22626.57,103441.96,378300.57
PT007831,TR-0694,07/06/2025,USD,246554.18,22639.45,14915.53,246554.18
PT003238,TR-0286,19/10/2022,EUR,237643.99,27673.1,23126.02,237643.99
PT006569,TR-0581,14/11/2022,USD,185251.07,16023.59,13846.27,185251.07
PT006583,TR-0583,06/03/2026,GBP,49373.19,4999.91,4755.78,49373.19
PT001810,TR-0163,03/09/2025,USD,256698.41,22686.78,13846.37,256698.41
PT005869,TR-0519,14/07/2024,EUR,28723.2,2923.81,7213.51,28723.2
PT001166,TR-0105,22/04/2024,USD,142898.06,11784.51,32834.94,142898.06
PT000205,TR-0018,16/06/2026,USD,657952.79,37732.66,48584.13,657952.79
PT006587,TR-0583,06/07/2026,GBP,49373.19,4999.91,4755.78,49373.19
PT006243,TR-0552,13/03/2025,USD,62952.26,4906.56,4160.65,62952.26
PT003690,TR-0329,20/09/2024,USD,84586.82,7675.4,26351.14,84586.82
PT007119,TR-0631,10/08/2023,USD,36017.19,2058.13,2236.99,36017.19
PT003510,TR-0310,14/07/2026,USD,160563.84,8827.18,42357.17,160563.84
PT001163,TR-0105,22/01/2024,USD,142898.06,11784.51,32834.94,142898.06
PT002730,TR-0243,06/02/2026,USD,309912.87,23450.53,16064.06,309912.87
PT001601,TR-0145,02/08/2023,USD,18666.19,1592.14,4153.61,18666.19
PT000087,TR-0009,02/07/2023,USD,289009.6,16862.33,22624.37,289009.6
PT005641,TR-0499,28/09/2022,EUR,58702.63,4585.05,17935.48,58702.63
PT002208,TR-0197,03/01/2022,USD,45335.18,4803.98,13035.43,45335.18
PT003047,TR-0270,26/10/2025,GBP,54772.68,3231.65,15771.52,54772.68
PT004718,TR-0418,16/12/2021,USD,66109.2,5957.54,10340.44,66109.2
PT005446,TR-0483,20/03/2025,USD,38196.24,2004.43,2501.49,38196.24
PT000365,TR-0032,01/11/2025,USD,97537.25,7078.7,10620.27,97537.25
PT003981,TR-0353,27/08/2024,USD,128986.64,13105.12,39658.69,128986.64
PT007655,TR-0677,05/11/2023,USD,100715.03,6782.36,22735.4,100715.03
PT006453,TR-0570,11/05/2023,INR,20031946.79,1401308.96,5385091.88,20031946.79
PT001293,TR-0117,02/03/2023,USD,179453.58,17626.49,54848.37,179453.58
PT003976,TR-0353,27/03/2024,USD,128986.64,13105.12,39658.69,128986.64
PT005555,TR-0492,17/04/2023,USD,222805.42,22886.05,59329.1,222805.42
PT006554,TR-0580,28/05/2026,EUR,159740.53,18120.18,13377.91,159740.53
PT001000,TR-0090,16/03/2026,USD,340739.27,29928.28,89881.62,340739.27
PT003173,TR-0281,06/02/2022,EUR,95739.04,6880.49,4891.37,95739.04
PT001037,TR-0094,03/09/2026,EUR,52282.64,3094.13,4296.57,47054.38
PT007232,TR-0641,13/10/2022,USD,59408.06,7018.04,15060.22,59408.06
PT002803,TR-0250,16/07/2022,EUR,87580.61,6477.36,24698.01,87580.61
PT005185,TR-0460,01/07/2024,EUR,201374.05,11594.34,23460.56,201374.05
PT002695,TR-0240,21/11/2023,EUR,160571.49,13415.04,18889.76,160571.49
PT001337,TR-0121,03/07/2024,USD,276582.4,16816.16,72794.98,276582.4
PT000996,TR-0090,16/11/2025,USD,340739.27,29928.28,89881.62,340739.27
PT000221,TR-0020,16/12/2024,USD,363245.55,40202.6,42654.03,363245.55
PT002402,TR-0214,13/02/2025,USD,132904.93,12353.82,24281.1,132904.93
PT006409,TR-0566,08/03/2023,EUR,154167.83,10590.77,27551.88,154167.83
PT005622,TR-0498,23/03/2024,USD,124266.44,12509.4,30737.92,124266.44
PT003822,TR-0340,03/08/2021,USD,104005.14,11392.65,5817.45,104005.14
PT000250,TR-0022,14/07/2025,INR,11939174.62,1369770.96,1841509.8,11939174.62
PT002008,TR-0180,03/06/2025,EUR,67795.64,6608.84,3536.87,67795.64
PT900020,TR-0097,26/06/2025,EUR,39571.24,4060.98,3273.49,39571.24
PT005289,TR-0469,05/12/2024,USD,25087.82,2721.06,1601.7,25087.82
PT001887,TR-0170,22/09/2025,USD,92450.42,7451.41,10815.59,92450.42
PT006017,TR-0532,01/07/2024,EUR,72709.64,6180.66,5864.27,72709.64
PT004660,TR-0413,23/06/2026,GBP,118388.37,7143.88,9802.34,118388.37
PT006183,TR-0547,17/06/2024,EUR,38547.45,3503.25,8962.53,38547.45
PT003467,TR-0307,21/12/2025,USD,117182.12,13660.29,8467.45,117182.12
PT002539,TR-0226,26/11/2024,USD,138385.55,12167.09,35028.86,138385.55
PT006114,TR-0541,12/02/2022,USD,196205.65,14162.1,62173.92,196205.65
PT004482,TR-0398,17/07/2025,EUR,96270.43,9614.88,23450.44,96270.43
PT006130,TR-0543,25/10/2025,USD,83089.93,7227.2,8874.83,83089.93
PT004619,TR-0410,28/02/2022,USD,285909.27,28239.09,18626.41,285909.27
PT000592,TR-0054,27/11/2024,EUR,157527.59,12834.45,28970.06,157527.59
PT006393,TR-0565,27/05/2025,USD,73299.9,7460.78,21673.63,73299.9
PT002203,TR-0196,17/02/2023,EUR,21307.55,1848.57,2362.54,21307.55
PT002226,TR-0198,08/06/2026,USD,103454.16,7717.55,5920.95,103454.16
PT002260,TR-0201,24/05/2026,USD,52479.91,3681.29,13028.32,52479.91
PT004479,TR-0398,17/04/2025,EUR,96270.43,9614.88,23450.44,96270.43
PT000519,TR-0045,15/02/2024,USD,147873.25,10444.91,8539.45,147873.25
PT004670,TR-0414,15/07/2025,USD,62180.47,4664.26,19590.88,62180.47
PT005534,TR-0490,14/06/2026,EUR,73331.74,6089.76,5351.2,73331.74
PT003105,TR-0275,22/01/2025,USD,100845.39,10385.5,11832.39,100845.39
PT004063,TR-0360,31/10/2024,USD,112545.98,11216.21,18415.27,112545.98
PT003046,TR-0270,26/09/2025,GBP,54772.68,3231.65,15771.52,54772.68
PT004673,TR-0414,15/10/2025,USD,62180.47,4664.26,19590.88,62180.47
PT001651,TR-0149,07/04/2023,USD,74747.37,8122.76,7843.28,74747.37
PT007147,TR-0634,17/01/2025,USD,86475.79,6479.81,5506.45,86475.79
PT007565,TR-0670,27/11/2025,USD,142868.22,15815.05,41960.71,142868.22
PT007067,TR-0626,06/08/2023,EUR,91882.43,8400.04,16020.2,91882.43
PT001275,TR-0115,21/09/2026,USD,74452.3,4413.38,17273.76,22335.69
PT001817,TR-0164,26/04/2024,EUR,109259.88,10703.65,16671.69,109259.88
PT004852,TR-0430,15/08/2023,USD,229479.12,21235.7,21781.06,229479.12
PT002635,TR-0235,18/07/2022,USD,69568.86,8124.78,4278.33,69568.86
PT001328,TR-0121,03/10/2023,USD,276582.4,16816.16,72794.98,276582.4
PT004736,TR-0420,17/07/2023,EUR,108514.56,6281.92,17660.21,108514.56
PT006873,TR-0609,10/04/2023,USD,57524.85,5486.44,14486.98,57524.85
PT000044,TR-0005,11/04/2026,USD,64093.86,3436.46,15371.02,64093.86
PT000008,TR-0001,15/12/2024,USD,239587.15,17252.86,24767.86,239587.15
PT000481,TR-0042,27/03/2022,EUR,78219.92,5976.01,7982.5,78219.92
PT000472,TR-0041,01/09/2023,USD,152899.67,15470.31,44853.04,152899.67
PT004518,TR-0401,26/02/2025,USD,99938.38,11119.84,25263.23,99938.38
PT006309,TR-0558,14/02/2021,USD,100485.76,10623.18,28727.27,100485.76
PT002238,TR-0199,16/07/2025,INR,4505630.51,422959.87,1025093.75,4505630.51
PT007862,TR-0697,17/06/2026,EUR,97668.62,10240.68,21953.75,97668.62
PT007712,TR-0683,20/08/2025,USD,91024.39,4803.71,4908.81,91024.39
PT000655,TR-0060,01/03/2026,USD,40602.46,2762.86,2712.89,40602.46
PT005787,TR-0512,07/11/2022,EUR,106049.68,10330.07,9630.48,106049.68
PT007236,TR-0641,13/02/2023,USD,59408.06,7018.04,15060.22,59408.06
PT004405,TR-0391,02/02/2026,INR,3533990.66,397928.23,383247.54,3533990.66
PT000465,TR-0041,01/02/2023,USD,152899.67,15470.31,44853.04,152899.67
PT003903,TR-0347,07/06/2024,EUR,71924.04,8496.24,11945.97,71924.04
PT004564,TR-0405,29/09/2024,USD,221221.42,16142.54,25275.87,221221.42
PT001692,TR-0153,23/12/2023,USD,155105.71,8776.11,35164.88,155105.71
PT005130,TR-0455,18/06/2024,USD,111249.39,5920.2,11943.51,111249.39
PT000698,TR-0064,28/04/2026,USD,266916.23,28893.26,60094.03,266916.23
PT002231,TR-0199,16/12/2024,INR,4505630.51,422959.87,1025093.75,4505630.51
PT900070,TR-0300,24/06/2025,USD,323465.09,23267.74,58876.71,323465.09
PT002696,TR-0240,21/12/2023,EUR,160571.49,13415.04,18889.76,160571.49
PT000066,TR-0007,19/11/2025,USD,57256.0,3081.23,13701.6,57256.0
PT001349,TR-0122,26/06/2025,USD,169933.52,18604.51,19271.38,169933.52
PT002416,TR-0216,28/10/2023,USD,61875.35,3459.68,11119.3,61875.35
PT002481,TR-0221,24/01/2025,USD,139529.4,11332.89,36862.29,139529.4
PT002150,TR-0192,25/04/2025,USD,192417.02,18278.9,51344.66,192417.02
PT900029,TR-0158,23/06/2025,USD,48036.85,4454.77,5670.51,48036.85
PT005092,TR-0452,28/04/2026,USD,62409.29,6822.24,18989.66,62409.29
PT007603,TR-0673,09/07/2024,EUR,126367.22,10094.72,12157.89,126367.22
PT005728,TR-0507,19/06/2022,USD,94073.51,8763.93,24818.27,94073.51
PT006944,TR-0615,10/08/2021,EUR,241995.95,14635.49,69188.99,241995.95
PT006431,TR-0568,23/09/2025,INR,9879042.05,1095148.38,2571027.73,9879042.05
PT002048,TR-0184,28/06/2025,EUR,82868.27,7002.26,9286.65,82868.27
PT003853,TR-0342,06/09/2022,EUR,222083.21,22385.9,59817.48,222083.21
PT004226,TR-0375,15/06/2026,USD,70907.72,4726.26,6975.85,70907.72
PT005984,TR-0529,23/07/2025,USD,931509.25,110697.38,57160.07,931509.25
PT000850,TR-0077,18/03/2024,USD,112906.87,7679.88,29232.68,112906.87
PT005674,TR-0502,05/04/2024,INR,2042287.14,108783.0,395944.59,2042287.14
PT003966,TR-0352,29/10/2023,USD,463761.29,33137.43,51590.11,463761.29
PT000418,TR-0037,14/12/2024,EUR,109137.11,13043.62,29546.61,109137.11
PT003719,TR-0331,26/04/2024,USD,70372.5,4784.72,16632.04,70372.5
PT006200,TR-0548,26/12/2021,USD,48588.3,3167.63,14186.25,48588.3
PT002286,TR-0204,18/11/2025,USD,117742.81,9445.05,29681.04,117742.81
PT005295,TR-0470,01/04/2026,EUR,546672.77,56518.84,63765.83,546672.77
PT002550,TR-0227,31/03/2026,USD,77943.55,5951.59,22770.19,77943.55
PT007771,TR-0688,16/06/2026,GBP,94348.91,8653.43,10439.27,94348.91
PT004357,TR-0387,07/01/2023,USD,35087.28,3137.78,9668.7,35087.28
PT001923,TR-0173,15/12/2024,USD,68172.95,4091.09,5165.89,68172.95
PT006452,TR-0570,11/04/2023,INR,20031946.79,1401308.96,5385091.88,20031946.79
PT005490,TR-0486,11/01/2025,USD,67621.99,7385.43,5034.98,67621.99
PT002571,TR-0229,01/12/2022,USD,45460.25,4548.06,11420.08,45460.25
PT006907,TR-0612,15/09/2022,USD,251024.5,16010.59,17141.95,251024.5
PT007740,TR-0685,28/07/2025,EUR,187114.9,16786.77,53131.96,187114.9
PT002103,TR-0188,30/03/2026,USD,29736.13,2312.24,1707.33,29736.13
PT006728,TR-0596,03/11/2025,EUR,157715.16,12552.48,46711.47,157715.16
PT007613,TR-0674,15/07/2021,EUR,40862.04,2485.07,2787.62,40862.04
PT006246,TR-0552,13/06/2025,USD,62952.26,4906.56,4160.65,62952.26
PT007760,TR-0687,28/05/2022,USD,369973.65,33132.9,96139.32,369973.65
PT007166,TR-0635,20/10/2025,EUR,68210.38,3621.52,11112.86,68210.38
PT001482,TR-0134,04/02/2022,USD,61558.27,5318.94,18182.9,61558.27
PT000383,TR-0034,25/12/2022,USD,32386.44,3553.96,3545.04,32386.44
PT007214,TR-0639,15/05/2025,USD,158162.49,12047.65,42855.19,158162.49
PT007442,TR-0659,10/12/2022,EUR,37211.01,3403.61,3918.42,37211.01
PT004273,TR-0380,21/03/2021,EUR,157199.35,15851.36,10445.3,157199.35
PT004782,TR-0423,23/08/2026,USD,320347.69,24300.72,22697.03,320347.69
PT004655,TR-0413,23/01/2026,GBP,118388.37,7143.88,9802.34,118388.37
PT004932,TR-0437,31/10/2021,USD,104966.16,10922.64,5671.7,104966.16
PT006519,TR-0576,03/09/2021,USD,39886.88,3832.07,4052.85,39886.88
PT000030,TR-0003,09/02/2022,EUR,90737.65,7449.41,26187.76,90737.65
PT004560,TR-0405,29/05/2024,USD,221221.42,16142.54,25275.87,221221.42
PT003812,TR-0339,08/12/2023,EUR,36809.39,3169.33,9613.35,36809.39
PT006103,TR-0540,27/09/2024,USD,157852.37,10641.33,14161.75,157852.37
PT007636,TR-0676,07/02/2022,USD,84894.67,4885.43,4275.73,84894.67
PT007614,TR-0674,15/08/2021,EUR,40862.04,2485.07,2787.62,40862.04
PT006521,TR-0576,03/11/2021,USD,39886.88,3832.07,4052.85,39886.88
PT000322,TR-0029,26/03/2025,USD,101233.74,6373.93,10834.51,101233.74
PT007829,TR-0694,07/04/2025,USD,246554.18,22639.45,14915.53,246554.18
PT003698,TR-0329,20/05/2025,USD,84586.82,7675.4,26351.14,84586.82
PT004615,TR-0410,29/10/2021,USD,285909.27,28239.09,18626.41,285909.27
PT007172,TR-0636,19/08/2022,EUR,76004.03,6528.56,21156.22,76004.03
PT003685,TR-0328,08/01/2025,USD,59138.66,3765.18,16038.65,59138.66
PT003345,TR-0296,08/10/2022,USD,82085.09,6786.2,22829.89,82085.09
PT005973,TR-0528,08/03/2022,USD,28430.93,1451.35,4961.04,28430.93
PT007120,TR-0632,15/11/2022,USD,74592.96,4667.86,8593.77,74592.96
PT005732,TR-0507,19/10/2022,USD,94073.51,8763.93,24818.27,94073.51
PT004692,TR-0416,30/08/2022,USD,31871.84,3672.14,3261.3,31871.84
PT005893,TR-0521,03/03/2025,USD,192812.14,14528.12,42703.02,192812.14
PT007858,TR-0696,21/02/2025,USD,195069.96,12102.09,13908.54,195069.96
PT003945,TR-0350,08/10/2024,INR,12441374.16,1421896.47,3326534.5,12441374.16
PT005756,TR-0509,06/10/2022,USD,107584.35,11429.17,32962.22,107584.35
PT007838,TR-0695,05/01/2025,EUR,110821.3,6241.81,28674.14,110821.3
PT007558,TR-0669,10/11/2022,USD,107508.6,10354.64,29073.6,107508.6
PT003281,TR-0290,22/02/2023,USD,81373.4,6269.51,6981.14,81373.4
PT002948,TR-0262,04/07/2024,EUR,284184.33,23815.66,30366.04,284184.33
PT003186,TR-0282,14/07/2022,USD,121339.65,9726.82,19035.5,121339.65
PT003168,TR-0280,29/08/2025,USD,59622.21,3905.8,18841.97,59622.21
PT000098,TR-0010,12/08/2023,USD,154845.94,8133.16,14119.08,154845.94
PT006411,TR-0566,08/05/2023,EUR,154167.83,10590.77,27551.88,154167.83
PT002430,TR-0217,01/07/2021,EUR,110293.09,6221.54,32669.62,110293.09
PT002246,TR-0200,30/01/2026,USD,942775.26,59269.05,63291.85,942775.26
PT006343,TR-0560,26/04/2025,INR,10392805.44,719820.76,569301.43,10392805.44
PT002077,TR-0186,22/06/2023,EUR,745759.29,48212.9,230272.7,745759.29
PT000448,TR-0039,05/08/2023,USD,120590.09,12431.58,12155.95,120590.09
PT006961,TR-0616,07/12/2024,EUR,66907.82,6243.62,18892.29,66907.82
PT000015,TR-0002,30/05/2026,GBP,37358.05,4448.01,11716.01,37358.05
PT004394,TR-0390,21/03/2023,INR,13948835.13,751527.59,2245416.63,13948835.13
PT005792,TR-0512,07/04/2023,EUR,106049.68,10330.07,9630.48,106049.68
PT001216,TR-0110,15/11/2025,USD,221040.92,12503.52,40209.81,221040.92
PT006163,TR-0545,19/01/2022,EUR,537323.12,33113.66,166553.66,537323.12
PT003795,TR-0337,24/05/2023,USD,17939.99,1871.29,1982.58,17939.99
PT007493,TR-0663,25/05/2025,EUR,336669.44,27421.9,23503.35,336669.44
PT002343,TR-0209,14/04/2026,USD,68828.83,6856.75,7557.92,68828.83
PT000287,TR-0025,16/06/2024,USD,89604.85,10744.7,21394.0,89604.85
PT003844,TR-0341,09/08/2026,USD,64585.74,3636.43,16257.01,64585.74
PT004219,TR-0374,11/07/2026,EUR,77764.01,8560.57,18303.59,77764.01
PT002313,TR-0206,14/12/2022,INR,5990077.77,529984.94,1634715.82,5990077.77
PT002860,TR-0254,21/03/2024,USD,109602.92,8849.87,32804.38,109602.92
PT000780,TR-0071,03/03/2025,EUR,107052.24,12363.24,30470.18,107052.24
PT007522,TR-0666,07/03/2024,GBP,148673.21,17424.74,10431.36,148673.21
PT004020,TR-0356,18/03/2026,USD,244134.22,14746.53,40828.59,244134.22
PT002053,TR-0184,28/11/2025,EUR,82868.27,7002.26,9286.65,82868.27
PT004525,TR-0402,15/04/2024,INR,10115278.79,773680.46,1183805.95,10115278.79
PT005853,TR-0518,10/02/2023,USD,343687.21,28214.64,94743.22,343687.21
PT006643,TR-0588,03/06/2022,EUR,187361.8,10946.03,36106.87,187361.8
PT005564,TR-0493,22/04/2022,USD,249402.1,26317.88,70481.55,249402.1
PT006655,TR-0589,17/09/2025,EUR,55051.22,2786.14,6413.17,55051.22
PT004997,TR-0443,27/06/2024,USD,174851.14,14433.96,20927.38,174851.14
PT005005,TR-0443,27/02/2025,USD,174851.14,14433.96,20927.38,174851.14
PT004447,TR-0395,20/02/2025,USD,19261.0,1427.54,2150.01,19261.0
PT007137,TR-0633,01/12/2025,USD,101645.68,10260.41,6933.47,101645.68
PT000166,TR-0015,21/01/2025,USD,205901.52,16755.69,56745.83,205901.52
PT000661,TR-0060,01/09/2026,USD,40602.46,2762.86,2712.89,39249.04
PT003109,TR-0275,22/05/2025,USD,100845.39,10385.5,11832.39,100845.39
PT001340,TR-0122,26/09/2024,USD,169933.52,18604.51,19271.38,169933.52
PT001139,TR-0103,10/01/2026,EUR,106843.15,6897.78,12776.89,106843.15
PT002619,TR-0233,05/11/2025,USD,205917.56,21692.47,11670.32,205917.56
PT004480,TR-0398,17/05/2025,EUR,96270.43,9614.88,23450.44,96270.43
PT005684,TR-0503,10/03/2026,USD,95548.2,6810.41,25506.07,95548.2
PT002217,TR-0198,08/09/2025,USD,103454.16,7717.55,5920.95,103454.16
PT002189,TR-0195,03/01/2025,INR,14980881.59,944789.48,3557926.18,14980881.59
PT003833,TR-0340,03/07/2022,USD,104005.14,11392.65,5817.45,104005.14
PT006860,TR-0608,20/12/2023,USD,82680.31,6098.48,22186.43,82680.31
PT004562,TR-0405,29/07/2024,USD,221221.42,16142.54,25275.87,221221.42
PT005229,TR-0464,03/03/2023,USD,497387.85,39696.85,158870.18,497387.85
PT000300,TR-0026,21/08/2023,USD,196819.9,14874.96,33384.29,196819.9
PT001616,TR-0146,04/05/2026,EUR,127510.43,7217.59,13573.22,127510.43
PT005328,TR-0473,06/07/2024,GBP,111235.9,8352.91,11827.67,111235.9
PT007430,TR-0657,11/04/2025,USD,134067.74,14448.71,21246.07,134067.74
PT001134,TR-0103,10/08/2025,EUR,106843.15,6897.78,12776.89,106843.15
PT003082,TR-0273,14/09/2023,EUR,66011.95,4008.05,20353.76,66011.95
PT003143,TR-0278,13/10/2022,USD,182548.19,15677.0,46128.46,182548.19
PT001938,TR-0174,03/07/2026,USD,548983.18,50839.24,165558.54,548983.18
PT007178,TR-0636,19/02/2023,EUR,76004.03,6528.56,21156.22,76004.03
PT006654,TR-0589,17/08/2025,EUR,55051.22,2786.14,6413.17,55051.22
PT001049,TR-0095,29/08/2026,USD,99203.62,11090.75,23356.73,99203.62
PT007075,TR-0627,16/06/2025,USD,96234.84,7577.87,25907.27,96234.84
PT005244,TR-0466,29/08/2022,USD,152351.64,16896.07,11898.55,152351.64
PT007326,TR-0649,01/08/2023,USD,336774.22,25578.56,99427.49,336774.22
PT000847,TR-0077,18/12/2023,USD,112906.87,7679.88,29232.68,112906.87
PT000252,TR-0022,14/09/2025,INR,11939174.62,1369770.96,1841509.8,11939174.62
PT003035,TR-0269,12/10/2025,USD,100980.51,5635.27,25218.16,100980.51
PT001028,TR-0093,19/07/2023,USD,88465.05,6576.24,8373.71,88465.05
PT000807,TR-0073,19/09/2021,EUR,751256.97,43627.63,232015.61,751256.97
PT001553,TR-0141,12/08/2024,USD,354720.62,34491.93,91937.83,354720.62
PT000032,TR-0004,13/03/2026,INR,12295671.24,1187736.41,3054132.15,12295671.24
PT000716,TR-0066,01/02/2021,USD,95475.14,8375.64,28863.35,95475.14
PT002385,TR-0213,23/03/2026,USD,66395.1,5986.79,10812.94,66395.1
PT005630,TR-0498,23/11/2024,USD,124266.44,12509.4,30737.92,124266.44
PT007689,TR-0681,08/01/2026,USD,137611.6,11597.82,7220.88,137611.6
PT006638,TR-0588,03/01/2022,EUR,187361.8,10946.03,36106.87,187361.8
PT006851,TR-0607,03/02/2026,EUR,237190.7,24068.51,14795.82,237190.7
PT003460,TR-0306,17/04/2026,USD,173914.37,19838.91,17363.62,173914.37
PT006789,TR-0601,23/06/2026,EUR,383225.56,42324.93,105000.69,383225.56
PT001045,TR-0095,29/04/2026,USD,99203.62,11090.75,23356.73,99203.62
PT002145,TR-0192,25/11/2024,USD,192417.02,18278.9,51344.66,192417.02
PT002490,TR-0222,24/03/2025,EUR,81317.17,7543.56,15731.18,81317.17
PT003245,TR-0287,02/03/2022,EUR,148591.62,17341.39,34347.27,148591.62
PT005463,TR-0484,10/07/2024,EUR,322291.88,37965.61,35034.45,322291.88
PT005166,TR-0458,17/09/2021,USD,84272.84,8772.44,22733.1,84272.84
PT003192,TR-0282,14/01/2023,USD,121339.65,9726.82,19035.5,121339.65
PT005944,TR-0525,25/09/2023,USD,488093.4,37210.4,132027.91,488093.4
PT007456,TR-0660,17/02/2026,USD,144045.95,10305.83,16655.64,144045.95
PT003988,TR-0354,13/05/2022,USD,283479.26,27441.07,31130.81,283479.26
PT000331,TR-0029,26/12/2025,USD,101233.74,6373.93,10834.51,101233.74
PT007206,TR-0639,15/09/2024,USD,158162.49,12047.65,42855.19,158162.49
PT003511,TR-0310,14/08/2026,USD,160563.84,8827.18,42357.17,160563.84
PT005612,TR-0497,09/04/2024,USD,219507.59,13328.2,23851.38,219507.59
PT000862,TR-0078,08/11/2024,INR,35903508.55,3505235.0,6424892.51,35903508.55
PT001199,TR-0109,23/04/2022,USD,105427.91,10274.8,7092.21,105427.91
PT005208,TR-0463,07/07/2025,USD,312251.87,18928.08,60551.61,312251.87
PT004424,TR-0393,11/10/2023,USD,25086.23,1336.59,5830.42,25086.23
PT003952,TR-0351,15/04/2023,INR,15711889.5,956811.08,4111380.8,15711889.5
PT001089,TR-0099,30/01/2026,USD,81331.03,7301.23,6880.77,81331.03
PT004220,TR-0374,11/08/2026,EUR,77764.01,8560.57,18303.59,77764.01
PT002516,TR-0224,23/09/2025,USD,417953.99,48966.05,108261.62,417953.99
PT000004,TR-0001,15/08/2024,USD,239587.15,17252.86,24767.86,239587.15
PT003758,TR-0334,28/11/2023,USD,119582.26,13029.32,20217.47,119582.26
PT003725,TR-0331,26/10/2024,USD,70372.5,4784.72,16632.04,70372.5
PT007821,TR-0693,07/10/2021,USD,42620.19,2540.92,12492.82,42620.19
PT004041,TR-0358,30/05/2026,USD,192784.05,10605.26,46450.02,192784.05
PT005587,TR-0495,11/08/2025,INR,22888129.72,1691128.75,2551157.84,22888129.72
PT002460,TR-0219,08/04/2023,USD,29945.05,3434.69,4499.22,29945.05
PT004711,TR-0418,16/05/2021,USD,66109.2,5957.54,10340.44,66109.2
PT000550,TR-0049,31/03/2023,USD,182970.01,15432.16,57452.93,182970.01
PT004653,TR-0413,23/11/2025,GBP,118388.37,7143.88,9802.34,118388.37
PT005582,TR-0494,04/06/2026,GBP,64363.54,6142.65,15413.02,64363.54
PT006730,TR-0596,03/01/2026,EUR,157715.16,12552.48,46711.47,157715.16
PT004361,TR-0387,07/05/2023,USD,35087.28,3137.78,9668.7,35087.28
PT005899,TR-0521,03/09/2025,USD,192812.14,14528.12,42703.02,192812.14
PT007288,TR-0646,02/06/2025,EUR,155116.13,9460.16,28938.56,155116.13
PT001472,TR-0134,04/04/2021,USD,61558.27,5318.94,18182.9,61558.27
PT001235,TR-0112,01/12/2022,USD,73860.72,8579.69,3852.76,73860.72
PT001155,TR-0104,21/11/2021,USD,29416.17,2892.44,7046.63,29416.17
PT001402,TR-0127,05/03/2024,USD,387593.45,24881.69,43903.99,387593.45
PT007275,TR-0644,30/08/2025,USD,74853.06,4125.74,14760.53,74853.06
PT000919,TR-0083,12/12/2022,INR,18267778.74,1746707.69,5749454.17,18267778.74
PT004521,TR-0402,15/12/2023,INR,10115278.79,773680.46,1183805.95,10115278.79
PT005161,TR-0458,17/04/2021,USD,84272.84,8772.44,22733.1,84272.84
PT002349,TR-0210,13/02/2022,USD,54762.14,3534.05,5411.03,54762.14
PT006865,TR-0608,20/05/2024,USD,82680.31,6098.48,22186.43,82680.31
PT003661,TR-0326,23/05/2023,USD,47847.46,4589.37,8420.16,47847.46
PT006357,TR-0562,07/11/2023,USD,71602.38,7690.42,19204.19,71602.38
PT002602,TR-0232,11/05/2022,USD,57905.35,5981.94,3276.69,57905.35
PT005609,TR-0496,05/03/2026,USD,121892.83,13916.04,32505.24,121892.83
PT006834,TR-0605,07/07/2026,USD,115273.31,6184.99,33746.92,115273.31
PT001822,TR-0164,26/09/2024,EUR,109259.88,10703.65,16671.69,109259.88
PT000468,TR-0041,01/05/2023,USD,152899.67,15470.31,44853.04,152899.67
PT004441,TR-0394,01/06/2023,USD,119799.86,13253.69,6016.89,119799.86
PT005098,TR-0453,08/07/2021,USD,905854.14,101181.38,54066.76,905854.14
PT001493,TR-0136,17/09/2023,USD,89893.73,7367.54,23136.11,89893.73
PT004631,TR-0411,21/07/2022,EUR,132375.78,10915.68,41436.03,132375.78
PT007273,TR-0644,30/06/2025,USD,74853.06,4125.74,14760.53,74853.06
PT005514,TR-0488,11/08/2026,USD,499574.73,38234.1,42785.9,499574.73
PT006785,TR-0601,23/02/2026,EUR,383225.56,42324.93,105000.69,383225.56
PT004171,TR-0370,03/01/2025,EUR,147697.81,9711.38,11456.69,147697.81
PT005545,TR-0491,03/02/2025,USD,110583.03,5928.64,9812.9,110583.03
PT005882,TR-0520,02/05/2024,EUR,97047.02,9960.27,5087.21,97047.02
PT006397,TR-0565,27/09/2025,USD,73299.9,7460.78,21673.63,73299.9
PT003755,TR-0334,28/08/2023,USD,119582.26,13029.32,20217.47,119582.26
PT004940,TR-0437,30/06/2022,USD,104966.16,10922.64,5671.7,104966.16
PT001889,TR-0170,22/11/2025,USD,92450.42,7451.41,10815.59,92450.42
PT006306,TR-0557,14/05/2026,EUR,82994.87,6685.17,26334.78,82994.87
PT004862,TR-0431,04/03/2021,USD,192633.15,19224.48,11158.32,192633.15
PT003129,TR-0277,10/06/2021,USD,117094.62,12012.95,10047.56,117094.62
PT002488,TR-0222,24/01/2025,EUR,81317.17,7543.56,15731.18,81317.17
PT006314,TR-0558,14/07/2021,USD,100485.76,10623.18,28727.27,100485.76
PT000022,TR-0003,09/06/2021,EUR,90737.65,7449.41,26187.76,90737.65
PT007250,TR-0642,29/11/2022,EUR,386250.35,44210.87,40499.59,386250.35
PT005176,TR-0459,19/10/2025,USD,58540.51,3583.8,6023.75,58540.51
PT005972,TR-0528,08/02/2022,USD,28430.93,1451.35,4961.04,28430.93
PT007839,TR-0695,05/02/2025,EUR,110821.3,6241.81,28674.14,110821.3
PT005626,TR-0498,23/07/2024,USD,124266.44,12509.4,30737.92,124266.44
PT007498,TR-0664,16/12/2021,USD,213681.59,21285.6,24773.7,213681.59
PT003276,TR-0289,04/07/2025,USD,150696.38,16082.38,25618.89,150696.38
PT002404,TR-0215,14/11/2024,USD,553151.55,39643.29,130562.47,553151.55
PT003593,TR-0318,24/03/2026,EUR,371927.95,20435.79,32414.62,371927.95
PT001315,TR-0119,03/12/2023,USD,41475.8,3445.76,10107.91,41475.8
PT006021,TR-0532,01/11/2024,EUR,72709.64,6180.66,5864.27,72709.64
PT001048,TR-0095,29/07/2026,USD,99203.62,11090.75,23356.73,99203.62
PT003248,TR-0287,02/06/2022,EUR,148591.62,17341.39,34347.27,148591.62
PT007374,TR-0653,30/12/2021,USD,200045.25,11619.93,32003.36,200045.25
PT007748,TR-0686,21/11/2025,USD,93492.9,6441.59,10100.38,93492.9
PT004067,TR-0360,28/02/2025,USD,112545.98,11216.21,18415.27,112545.98
PT005817,TR-0514,06/07/2021,USD,-94523.62,-8172.93,-18853.85,-94523.62
PT000811,TR-0073,19/01/2022,EUR,751256.97,43627.63,232015.61,751256.97
PT003742,TR-0333,19/09/2021,USD,311979.04,22071.62,55779.26,311979.04
PT002480,TR-0221,24/12/2024,USD,139529.4,11332.89,36862.29,139529.4
PT004823,TR-0427,21/01/2026,USD,351033.15,29580.52,102394.92,351033.15
PT004204,TR-0373,20/03/2026,USD,81218.91,6818.1,25013.61,81218.91
PT900069,TR-0298,30/06/2025,EUR,72094.16,8296.87,16959.91,72094.16
PT001369,TR-0124,23/10/2025,USD,242444.09,21410.19,46045.57,242444.09
PT002669,TR-0238,28/02/2023,USD,34833.41,3472.71,8151.64,34833.41
PT006185,TR-0547,17/08/2024,EUR,38547.45,3503.25,8962.53,38547.45
PT001521,TR-0138,12/04/2026,USD,162801.26,9812.36,8622.64,162801.26
PT004032,TR-0357,18/09/2023,INR,29280238.46,2167566.87,7200844.54,29280238.46
PT007517,TR-0665,18/07/2024,USD,99102.04,10349.65,8816.75,99102.04
PT005033,TR-0446,24/07/2026,USD,88269.93,6580.64,6268.7,88269.93
PT001206,TR-0109,23/11/2022,USD,-105427.91,-10274.8,-7092.21,-105427.91
PT005299,TR-0470,01/08/2026,EUR,546672.77,56518.84,63765.83,546672.77
PT002333,TR-0208,25/07/2025,USD,177433.96,9587.12,56726.86,177433.96
PT006287,TR-0556,07/02/2025,USD,46277.07,2384.49,4639.52,46277.07
PT006100,TR-0540,27/06/2024,USD,157852.37,10641.33,14161.75,157852.37
PT003850,TR-0342,06/06/2022,EUR,222083.21,22385.9,59817.48,222083.21
PT004227,TR-0375,15/07/2026,USD,70907.72,4726.26,6975.85,70907.72
PT004618,TR-0410,29/01/2022,USD,285909.27,28239.09,18626.41,285909.27
PT000956,TR-0086,16/06/2024,USD,160730.09,17511.68,29798.1,160730.09
PT005010,TR-0444,23/01/2026,USD,162995.78,16957.19,9661.02,162995.78
PT000860,TR-0078,08/09/2024,INR,35903508.55,3505235.0,6424892.51,35903508.55
PT002034,TR-0182,28/08/2026,USD,97280.01,7935.74,7896.02,97280.01
PT001316,TR-0119,03/01/2024,USD,41475.8,3445.76,10107.91,41475.8
PT002400,TR-0214,13/12/2024,USD,132904.93,12353.82,24281.1,132904.93
PT006751,TR-0598,04/10/2024,USD,101343.27,5236.04,20253.04,101343.27
PT004720,TR-0418,16/02/2022,USD,66109.2,5957.54,10340.44,66109.2
PT004785,TR-0424,06/03/2024,USD,348422.41,24441.94,33784.6,348422.41
PT003905,TR-0347,07/08/2024,EUR,71924.04,8496.24,11945.97,71924.04
PT007851,TR-0696,21/07/2024,USD,195069.96,12102.09,13908.54,195069.96
PT001367,TR-0124,23/08/2025,USD,242444.09,21410.19,46045.57,242444.09
PT003044,TR-0270,26/07/2025,GBP,54772.68,3231.65,15771.52,54772.68
PT003925,TR-0348,08/12/2024,USD,53506.37,6190.83,14710.6,53506.37
PT006410,TR-0566,08/04/2023,EUR,154167.83,10590.77,27551.88,154167.83
PT004707,TR-0417,06/02/2025,EUR,453408.93,47939.11,24422.49,453408.93
PT002507,TR-0223,23/10/2022,USD,86406.57,9879.39,7064.0,86406.57
PT000463,TR-0041,01/12/2022,USD,152899.67,15470.31,44853.04,152899.67
PT001574,TR-0142,21/03/2024,EUR,56454.58,4777.3,15648.93,56454.58
PT004889,TR-0433,07/11/2024,USD,50396.95,2574.16,15116.39,50396.95
PT000309,TR-0027,18/09/2021,USD,55736.25,6286.48,5720.62,55736.25
PT002122,TR-0190,26/07/2023,USD,60568.52,6162.37,3679.2,60568.52
PT000580,TR-0051,01/07/2026,USD,177057.15,18044.43,21105.61,177057.15
PT004202,TR-0372,07/01/2026,EUR,581947.26,62293.47,44878.32,581947.26
PT001706,TR-0154,27/06/2026,USD,105191.91,8101.3,26265.04,105191.91
PT007011,TR-0621,27/11/2021,EUR,133093.9,7467.9,38732.35,133093.9
PT003787,TR-0337,24/09/2022,USD,17939.99,1871.29,1982.58,17939.99
PT005108,TR-0453,08/05/2022,USD,905854.14,101181.38,54066.76,905854.14
PT006094,TR-0540,27/12/2023,USD,157852.37,10641.33,14161.75,157852.37
PT002995,TR-0266,02/06/2022,USD,161795.9,11720.64,49999.11,161795.9
PT005131,TR-0455,18/07/2024,USD,111249.39,5920.2,11943.51,111249.39
PT005433,TR-0482,18/05/2023,USD,151505.21,8151.24,26378.52,151505.21
PT002038,TR-0183,02/05/2025,USD,100544.26,7921.3,23011.91,100544.26
PT006368,TR-0563,14/09/2025,USD,165387.26,8835.02,18149.4,165387.26
PT006241,TR-0552,13/01/2025,USD,62952.26,4906.56,4160.65,62952.26
PT002096,TR-0188,30/08/2025,USD,29736.13,2312.24,1707.33,29736.13
PT000871,TR-0079,24/08/2025,USD,21059.12,1885.96,2348.38,21059.12
PT007859,TR-0696,21/03/2025,USD,195069.96,12102.09,13908.54,195069.96
PT006196,TR-0548,26/08/2021,USD,48588.3,3167.63,14186.25,48588.3
PT003050,TR-0270,26/01/2026,GBP,54772.68,3231.65,15771.52,54772.68
PT007848,TR-0695,05/11/2025,EUR,110821.3,6241.81,28674.14,110821.3
PT002657,TR-0237,30/06/2024,USD,198812.87,19628.43,45755.49,198812.87
PT006193,TR-0548,26/05/2021,USD,48588.3,3167.63,14186.25,48588.3
PT003503,TR-0310,14/12/2025,USD,160563.84,8827.18,42357.17,160563.84
PT004358,TR-0387,07/02/2023,USD,35087.28,3137.78,9668.7,35087.28
PT000977,TR-0088,26/12/2021,USD,58920.03,3848.02,9302.07,58920.03
PT003353,TR-0296,08/06/2023,USD,82085.09,6786.2,22829.89,82085.09
PT000958,TR-0086,16/08/2024,USD,160730.09,17511.68,29798.1,160730.09
PT005270,TR-0468,11/07/2021,USD,196119.25,10716.9,52787.65,196119.25
PT003700,TR-0329,20/07/2025,USD,84586.82,7675.4,26351.14,84586.82
PT001341,TR-0122,26/10/2024,USD,169933.52,18604.51,19271.38,169933.52
PT001823,TR-0164,26/10/2024,EUR,109259.88,10703.65,16671.69,109259.88
PT002330,TR-0208,25/04/2025,USD,177433.96,9587.12,56726.86,177433.96
PT005606,TR-0496,05/12/2025,USD,121892.83,13916.04,32505.24,121892.83
PT001930,TR-0173,15/07/2025,USD,68172.95,4091.09,5165.89,68172.95
PT003881,TR-0344,14/08/2026,USD,139716.8,8577.56,12618.02,139716.8
PT006653,TR-0589,17/07/2025,EUR,55051.22,2786.14,6413.17,55051.22
PT006661,TR-0589,17/03/2026,EUR,55051.22,2786.14,6413.17,55051.22
PT000354,TR-0031,31/12/2023,INR,7894076.46,624916.2,2287853.13,7894076.46
PT004828,TR-0427,21/06/2026,USD,351033.15,29580.52,102394.92,351033.15
PT001446,TR-0131,20/08/2026,EUR,55644.95,3380.46,5176.74,55644.95
PT004799,TR-0425,25/07/2022,USD,112754.78,7016.49,32364.73,112754.78
PT002727,TR-0242,27/12/2024,USD,219074.17,21806.13,50070.66,219074.17
PT007402,TR-0655,02/11/2022,EUR,81858.6,7338.19,6437.35,81858.6
PT004257,TR-0378,27/04/2026,INR,2503902.79,143265.71,627778.79,2503902.79
PT003201,TR-0283,22/06/2022,EUR,1213009.89,83639.3,122035.32,1213009.89
PT006033,TR-0533,23/12/2024,USD,417453.7,28596.79,125312.3,417453.7
PT006913,TR-0612,15/03/2023,USD,251024.5,16010.59,17141.95,251024.5
PT001386,TR-0126,24/03/2023,USD,67627.15,4116.99,6135.2,67627.15
PT006904,TR-0612,15/06/2022,USD,251024.5,16010.59,17141.95,251024.5
PT003722,TR-0331,26/07/2024,USD,70372.5,4784.72,16632.04,70372.5
PT000502,TR-0044,13/06/2022,USD,167426.07,10739.74,38489.99,167426.07
PT003525,TR-0312,11/05/2026,USD,77520.44,4567.27,7424.84,77520.44
PT006969,TR-0617,10/08/2023,INR,3201921.3,368488.81,992749.53,3201921.3
PT900081,TR-0365,13/06/2025,EUR,200113.61,22738.53,15804.8,200113.61
PT002105,TR-0188,30/05/2026,USD,29736.13,2312.24,1707.33,29736.13
PT002234,TR-0199,16/03/2025,INR,4505630.51,422959.87,1025093.75,4505630.51
PT007570,TR-0670,27/04/2026,USD,142868.22,15815.05,41960.71,142868.22
PT001008,TR-0091,04/06/2024,USD,235117.14,20306.71,55696.27,235117.14
PT007566,TR-0670,27/12/2025,USD,142868.22,15815.05,41960.71,142868.22
PT006030,TR-0533,23/09/2024,USD,417453.7,28596.79,125312.3,417453.7
PT002172,TR-0194,21/02/2026,EUR,75428.33,5207.81,16614.65,75428.33
PT005384,TR-0477,15/07/2023,EUR,68632.81,5825.74,16119.89,68632.81
PT004465,TR-0396,11/01/2023,USD,239845.45,13220.92,53238.95,239845.45
PT003217,TR-0284,11/04/2025,EUR,1166895.94,123284.79,114345.83,1166895.94
PT007416,TR-0656,28/02/2023,USD,104895.23,10394.92,18702.49,104895.23
PT007665,TR-0678,07/05/2024,INR,18666790.64,1489528.56,2994127.15,18666790.64
PT001319,TR-0119,03/04/2024,USD,41475.8,3445.76,10107.91,41475.8
PT004590,TR-0407,28/08/2026,GBP,172344.19,12213.78,9128.0,172344.19
PT003983,TR-0353,27/10/2024,USD,128986.64,13105.12,39658.69,128986.64
PT004430,TR-0393,11/04/2024,USD,25086.23,1336.59,5830.42,25086.23
PT001476,TR-0134,04/08/2021,USD,61558.27,5318.94,18182.9,61558.27
PT000680,TR-0062,03/08/2026,USD,53697.94,5657.17,16823.03,53697.94
PT005235,TR-0465,22/06/2025,INR,8470587.64,557084.81,2288865.26,8470587.64
PT005318,TR-0472,02/06/2024,USD,77485.97,4901.1,24461.46,77485.97
PT006335,TR-0560,26/08/2024,INR,10392805.44,719820.76,569301.43,10392805.44
PT003927,TR-0349,19/08/2021,USD,227434.56,21696.32,56063.1,227434.56
PT000381,TR-0034,25/10/2022,USD,32386.44,3553.96,3545.04,32386.44
PT007182,TR-0637,03/04/2025,USD,18095.48,1199.29,2932.54,18095.48
PT006830,TR-0605,07/03/2026,USD,115273.31,6184.99,33746.92,115273.31
PT004164,TR-0369,11/10/2024,USD,179253.01,13824.9,48744.52,179253.01
PT005879,TR-0520,02/02/2024,EUR,97047.02,9960.27,5087.21,97047.02
PT006253,TR-0553,21/07/2025,USD,377837.2,30062.44,115287.92,377837.2
PT001883,TR-0169,14/03/2025,EUR,50990.54,2794.46,9599.79,50990.54
PT000478,TR-0042,27/12/2021,EUR,78219.92,5976.01,7982.5,78219.92
PT007261,TR-0643,27/11/2025,EUR,171145.2,9877.78,15839.5,171145.2
PT002383,TR-0212,03/01/2026,EUR,284875.06,17375.04,32457.72,284875.06
PT005269,TR-0468,11/06/2021,USD,196119.25,10716.9,52787.65,196119.25
PT007662,TR-0678,07/02/2024,INR,18666790.64,1489528.56,2994127.15,18666790.64
PT002360,TR-0210,13/01/2023,USD,54762.14,3534.05,5411.03,54762.14
PT000426,TR-0037,14/08/2025,EUR,109137.11,13043.62,29546.61,109137.11
PT006190,TR-0548,26/02/2021,USD,48588.3,3167.63,14186.25,48588.3
PT002256,TR-0201,24/01/2026,USD,52479.91,3681.29,13028.32,52479.91
PT001334,TR-0121,03/04/2024,USD,276582.4,16816.16,72794.98,276582.4
PT000200,TR-0018,16/01/2026,USD,657952.79,37732.66,48584.13,657952.79
PT006921,TR-0613,01/03/2026,USD,69722.78,6874.33,20542.69,69722.78
PT001939,TR-0174,03/08/2026,USD,548983.18,50839.24,165558.54,548983.18
PT000144,TR-0013,27/08/2026,USD,91469.85,6957.04,22994.54,91469.85
PT003821,TR-0339,08/09/2024,EUR,36809.39,3169.33,9613.35,36809.39
PT004346,TR-0386,25/01/2024,EUR,181257.15,14345.04,40811.49,181257.15
PT007021,TR-0622,05/04/2023,INR,12205529.65,950620.04,3709117.37,12205529.65
PT000305,TR-0027,18/05/2021,USD,55736.25,6286.48,5720.62,55736.25
PT001455,TR-0132,28/02/2026,USD,22783.62,1489.38,2308.41,22783.62
PT004789,TR-0424,06/07/2024,USD,348422.41,24441.94,33784.6,348422.41
PT004514,TR-0401,26/10/2024,USD,99938.38,11119.84,25263.23,99938.38
PT000912,TR-0082,25/12/2025,USD,160606.71,8481.1,12265.76,160606.71
PT007354,TR-0651,14/07/2025,USD,31970.25,2906.77,2027.68,31970.25
PT002597,TR-0232,11/12/2021,USD,57905.35,5981.94,3276.69,57905.35
PT004682,TR-0415,14/12/2023,INR,17823594.36,1912634.37,1052331.63,17823594.36
PT005370,TR-0476,15/06/2022,EUR,62924.0,5837.23,6315.18,62924.0
PT002310,TR-0206,14/09/2022,INR,5990077.77,529984.94,1634715.82,5990077.77
PT002113,TR-0189,02/04/2025,USD,50169.19,4165.63,4665.72,50169.19
PT007455,TR-0660,17/01/2026,USD,144045.95,10305.83,16655.64,144045.95
PT000594,TR-0054,27/01/2025,EUR,157527.59,12834.45,28970.06,157527.59
PT003571,TR-0317,22/01/2022,USD,151237.27,12948.26,43182.88,151237.27
PT003534,TR-0314,05/02/2021,USD,60214.64,3811.84,18101.91,60214.64
PT001289,TR-0117,02/11/2022,USD,179453.58,17626.49,54848.37,179453.58
PT001656,TR-0149,07/09/2023,USD,74747.37,8122.76,7843.28,74747.37
PT005009,TR-0444,23/12/2025,USD,162995.78,16957.19,9661.02,162995.78
PT006254,TR-0553,21/08/2025,USD,377837.2,30062.44,115287.92,377837.2
PT002132,TR-0191,14/04/2022,USD,125958.71,6581.4,25109.52,125958.71
PT000766,TR-0070,15/07/2024,USD,105633.2,9140.89,8131.21,105633.2
PT007849,TR-0695,05/12/2025,EUR,110821.3,6241.81,28674.14,110821.3
PT006827,TR-0604,27/06/2023,EUR,54364.47,4042.04,16574.27,54364.47
PT000147,TR-0014,08/12/2021,USD,16666.67,1581.04,2759.14,16666.67
PT005230,TR-0464,03/04/2023,USD,497387.85,39696.85,158870.18,497387.85
PT000395,TR-0035,28/02/2026,USD,117807.8,8516.08,23471.14,117807.8
PT006176,TR-0546,15/01/2026,USD,124484.55,9552.24,19203.59,124484.55
PT003809,TR-0338,29/11/2025,USD,196109.37,21559.02,32922.82,196109.37
PT000046,TR-0005,11/06/2026,USD,64093.86,3436.46,15371.02,64093.86
PT003495,TR-0309,15/08/2021,EUR,31671.91,2635.39,1657.83,31671.91
PT005892,TR-0521,03/02/2025,USD,192812.14,14528.12,42703.02,192812.14
PT003337,TR-0295,03/10/2023,USD,164154.4,9085.18,14204.63,164154.4
PT004418,TR-0392,25/02/2022,USD,313220.46,37393.51,79080.4,313220.46
PT002160,TR-0193,28/02/2023,USD,348250.65,26073.42,111122.34,348250.65
PT001958,TR-0176,13/06/2022,USD,82816.94,4701.74,15082.28,82816.94
PT004953,TR-0438,21/05/2025,USD,162177.65,8887.21,16775.18,162177.65
PT005713,TR-0505,04/05/2024,USD,707427.8,61022.31,47587.06,707427.8
PT002185,TR-0195,03/09/2024,INR,14980881.59,944789.48,3557926.18,14980881.59
PT006035,TR-0533,23/02/2025,USD,417453.7,28596.79,125312.3,417453.7
PT007795,TR-0690,21/02/2025,USD,57917.12,5125.0,13770.79,57917.12
PT006474,TR-0571,22/07/2024,USD,36495.53,3294.75,2227.51,36495.53
PT003498,TR-0309,15/11/2021,EUR,31671.91,2635.39,1657.83,31671.91
PT002072,TR-0186,22/01/2023,EUR,745759.29,48212.9,230272.7,745759.29
PT001368,TR-0124,23/09/2025,USD,242444.09,21410.19,46045.57,242444.09
PT003096,TR-0274,23/08/2023,EUR,50980.77,5410.39,5590.17,50980.77
PT002365,TR-0211,13/02/2025,USD,65590.84,4581.66,14503.36,65590.84
PT007788,TR-0690,21/07/2024,USD,57917.12,5125.0,13770.79,57917.12
PT000931,TR-0084,30/07/2023,USD,167829.37,18999.84,53012.39,167829.37
PT003513,TR-0311,26/11/2024,INR,13837771.97,1137026.21,710686.25,13837771.97
PT002976,TR-0264,03/03/2024,EUR,185457.67,13531.92,13071.36,185457.67
PT006435,TR-0568,23/01/2026,INR,9879042.05,1095148.38,2571027.73,9879042.05
PT004575,TR-0406,08/01/2026,GBP,76219.51,5127.51,23789.87,76219.51
PT003142,TR-0278,13/09/2022,USD,182548.19,15677.0,46128.46,182548.19
PT006797,TR-0602,13/08/2025,USD,153793.21,10283.35,36172.72,153793.21
PT002582,TR-0230,25/11/2021,USD,550925.07,29095.85,65516.53,550925.07
PT007060,TR-0626,06/01/2023,EUR,91882.43,8400.04,16020.2,91882.43
PT000607,TR-0056,19/09/2024,USD,62766.84,3225.19,6071.08,62766.84
PT000075,TR-0008,11/09/2025,USD,24607.49,2216.37,7825.25,24607.49
PT005861,TR-0518,10/10/2023,USD,343687.21,28214.64,94743.22,343687.21
PT006106,TR-0541,12/06/2021,USD,196205.65,14162.1,62173.92,196205.65
PT001323,TR-0119,03/08/2024,USD,41475.8,3445.76,10107.91,41475.8
PT005673,TR-0502,05/03/2024,INR,2042287.14,108783.0,395944.59,2042287.14
PT006500,TR-0574,13/06/2024,EUR,69175.01,4721.66,20680.92,69175.01
PT000114,TR-0011,04/06/2022,EUR,145170.95,11642.6,15260.41,145170.95
PT003914,TR-0347,07/05/2025,EUR,71924.04,8496.24,11945.97,71924.04
PT000987,TR-0089,10/04/2026,USD,88582.45,5680.86,21216.6,88582.45
PT007333,TR-0649,01/03/2024,USD,336774.22,25578.56,99427.49,336774.22
PT004844,TR-0429,10/06/2026,USD,84000.18,8032.04,22084.92,84000.18
PT000223,TR-0020,16/02/2025,USD,363245.55,40202.6,42654.03,363245.55
PT005445,TR-0483,20/02/2025,USD,38196.24,2004.43,2501.49,38196.24
PT005599,TR-0496,05/05/2025,USD,121892.83,13916.04,32505.24,121892.83
PT005762,TR-0509,06/04/2023,USD,107584.35,11429.17,32962.22,107584.35
PT001993,TR-0179,11/03/2025,USD,239867.29,16929.17,61772.5,239867.29
PT006844,TR-0607,03/07/2025,EUR,237190.7,24068.51,14795.82,237190.7
PT004132,TR-0367,03/01/2023,USD,153767.97,9037.38,15560.7,153767.97
PT004927,TR-0436,06/08/2025,USD,143833.62,15790.95,42423.4,143833.62
PT005663,TR-0501,27/04/2026,USD,76078.73,3869.15,18723.02,76078.73
PT006731,TR-0596,03/02/2026,EUR,157715.16,12552.48,46711.47,157715.16
PT001762,TR-0159,27/07/2021,EUR,57364.75,4171.85,18063.44,57364.75
PT004444,TR-0394,01/09/2023,USD,119799.86,13253.69,6016.89,119799.86
PT004264,TR-0379,01/01/2026,USD,36976.93,3564.76,2763.03,36976.93
PT004181,TR-0371,05/10/2022,USD,56644.81,6315.15,17496.38,56644.81
PT004213,TR-0374,11/01/2026,EUR,77764.01,8560.57,18303.59,77764.01
PT004044,TR-0358,30/08/2026,USD,192784.05,10605.26,46450.02,192784.05
PT003457,TR-0305,22/01/2025,USD,194597.27,17781.41,59078.2,194597.27
PT000531,TR-0046,26/09/2026,EUR,42010.54,4587.79,6941.12,5601.41
PT005491,TR-0486,11/02/2025,USD,67621.99,7385.43,5034.98,67621.99
PT002591,TR-0231,14/08/2021,USD,222276.24,13343.45,52763.42,222276.24
PT005125,TR-0455,18/01/2024,USD,111249.39,5920.2,11943.51,111249.39
PT003955,TR-0351,15/07/2023,INR,15711889.5,956811.08,4111380.8,15711889.5
PT007875,TR-0698,14/12/2022,USD,38307.16,2839.08,9651.25,38307.16
PT003631,TR-0323,08/10/2023,USD,87122.53,10056.82,9355.37,87122.53
PT002522,TR-0224,23/03/2026,USD,417953.99,48966.05,108261.62,417953.99
PT005064,TR-0449,07/07/2026,INR,20318234.99,2183286.93,6224694.61,20318234.99
PT003052,TR-0270,26/03/2026,GBP,54772.68,3231.65,15771.52,54772.68
PT006330,TR-0559,29/04/2026,USD,327613.36,28850.88,38905.51,327613.36
PT005971,TR-0527,30/07/2026,EUR,127908.47,10888.38,20260.29,127908.47
PT006619,TR-0586,24/04/2024,EUR,22277.59,1315.46,5002.53,22277.59
PT005721,TR-0506,19/07/2021,EUR,39922.23,4382.82,9742.16,39922.23
PT007487,TR-0663,25/11/2024,EUR,336669.44,27421.9,23503.35,336669.44
PT006765,TR-0599,05/08/2025,USD,18411.08,1330.09,4802.26,18411.08
PT007611,TR-0674,15/05/2021,EUR,40862.04,2485.07,2787.62,40862.04
PT003205,TR-0283,22/10/2022,EUR,1213009.89,83639.3,122035.32,1213009.89
PT005629,TR-0498,23/10/2024,USD,124266.44,12509.4,30737.92,124266.44
PT006158,TR-0545,19/08/2021,EUR,537323.12,33113.66,166553.66,537323.12
PT001780,TR-0161,05/03/2021,EUR,42754.72,3628.16,2763.12,42754.72
PT001026,TR-0093,19/05/2023,USD,88465.05,6576.24,8373.71,88465.05
PT003779,TR-0336,05/01/2023,USD,70274.21,5951.93,11520.11,70274.21
PT000082,TR-0008,11/04/2026,USD,24607.49,2216.37,7825.25,24607.49
PT006092,TR-0539,23/09/2026,USD,311367.34,23344.91,27556.83,72652.38
PT002031,TR-0182,28/05/2026,USD,97280.01,7935.74,7896.02,97280.01
PT004055,TR-0359,23/02/2025,USD,54453.25,6494.14,13962.4,54453.25
PT001793,TR-0162,28/08/2025,USD,147633.93,8096.2,13248.99,147633.93
PT006305,TR-0557,14/04/2026,EUR,82994.87,6685.17,26334.78,82994.87
PT005573,TR-0493,22/01/2023,USD,249402.1,26317.88,70481.55,249402.1
PT002717,TR-0242,27/02/2024,USD,219074.17,21806.13,50070.66,219074.17
PT003820,TR-0339,08/08/2024,EUR,36809.39,3169.33,9613.35,36809.39
PT002674,TR-0238,29/07/2023,USD,34833.41,3472.71,8151.64,34833.41
PT005574,TR-0494,04/10/2025,GBP,64363.54,6142.65,15413.02,64363.54
PT007708,TR-0682,26/01/2023,USD,82125.15,4329.69,6520.91,82125.15
PT004654,TR-0413,23/12/2025,GBP,118388.37,7143.88,9802.34,118388.37
PT003502,TR-0310,14/11/2025,USD,160563.84,8827.18,42357.17,160563.84
PT002564,TR-0229,01/05/2022,USD,45460.25,4548.06,11420.08,45460.25
PT003403,TR-0301,23/08/2025,USD,21863.27,1654.41,1490.77,21863.27
PT007856,TR-0696,21/12/2024,USD,195069.96,12102.09,13908.54,195069.96
PT001957,TR-0176,13/05/2022,USD,82816.94,4701.74,15082.28,82816.94
PT005726,TR-0506,19/12/2021,EUR,39922.23,4382.82,9742.16,39922.23
PT003870,TR-0344,14/09/2025,USD,139716.8,8577.56,12618.02,139716.8
PT006515,TR-0576,03/05/2021,USD,39886.88,3832.07,4052.85,39886.88
PT004137,TR-0367,03/06/2023,USD,153767.97,9037.38,15560.7,153767.97
PT005801,TR-0513,11/11/2024,USD,206673.62,13315.27,61875.66,206673.62
PT007545,TR-0668,19/10/2025,INR,7953107.34,925935.44,809200.6,7953107.34
PT007008,TR-0621,27/08/2021,EUR,133093.9,7467.9,38732.35,133093.9
PT003137,TR-0278,13/04/2022,USD,182548.19,15677.0,46128.46,182548.19
PT000312,TR-0027,18/12/2021,USD,55736.25,6286.48,5720.62,55736.25
PT001632,TR-0147,05/11/2022,USD,63597.51,5023.72,17822.63,63597.51
PT004261,TR-0378,27/08/2026,INR,2503902.79,143265.71,627778.79,2503902.79
PT002068,TR-0185,19/12/2024,EUR,365810.37,32917.42,24137.46,365810.37
PT001427,TR-0129,08/10/2024,USD,47242.56,2502.85,3933.02,47242.56
PT002003,TR-0180,03/01/2025,EUR,67795.64,6608.84,3536.87,67795.64
PT004454,TR-0395,20/09/2025,USD,19261.0,1427.54,2150.01,19261.0
PT007731,TR-0684,17/01/2026,USD,126599.55,11035.73,19786.65,126599.55
PT003811,TR-0339,08/11/2023,EUR,36809.39,3169.33,9613.35,36809.39
PT005467,TR-0484,10/11/2024,EUR,322291.88,37965.61,35034.45,322291.88
PT006376,TR-0563,14/05/2026,USD,165387.26,8835.02,18149.4,165387.26
PT002338,TR-0209,14/11/2025,USD,68828.83,6856.75,7557.92,68828.83
PT005924,TR-0524,26/04/2025,USD,89971.66,7949.52,28585.0,89971.66
PT002441,TR-0218,12/01/2024,EUR,15432.1,1179.93,1059.96,15432.1
PT000129,TR-0012,21/05/2025,USD,126104.76,10667.19,23959.09,126104.76
PT001010,TR-0091,04/08/2024,USD,235117.14,20306.71,55696.27,235117.14
PT001814,TR-0163,03/01/2026,USD,256698.41,22686.78,13846.37,256698.41
PT001291,TR-0117,02/01/2023,USD,179453.58,17626.49,54848.37,179453.58
PT004754,TR-0421,12/08/2023,USD,94269.31,5440.4,7802.29,94269.31
PT005343,TR-0474,19/01/2022,USD,223220.23,21354.72,64495.84,223220.23
PT003874,TR-0344,14/01/2026,USD,139716.8,8577.56,12618.02,139716.8
PT005198,TR-0462,12/10/2024,GBP,283250.14,16551.36,14363.51,283250.14
PT002772,TR-0246,10/09/2025,EUR,268977.84,29550.3,76589.04,268977.84
PT000202,TR-0018,16/03/2026,USD,657952.79,37732.66,48584.13,657952.79
PT007122,TR-0632,15/01/2023,USD,74592.96,4667.86,8593.77,74592.96
PT007812,TR-0692,11/09/2024,EUR,81710.65,9521.23,8211.41,81710.65
PT005518,TR-0489,29/11/2022,EUR,254828.99,25710.6,17808.63,254828.99
PT007410,TR-0656,30/08/2022,USD,104895.23,10394.92,18702.49,104895.23
PT000955,TR-0086,16/05/2024,USD,160730.09,17511.68,29798.1,160730.09
PT002419,TR-0216,28/01/2024,USD,61875.35,3459.68,11119.3,61875.35
PT004021,TR-0356,18/04/2026,USD,244134.22,14746.53,40828.59,244134.22
PT000830,TR-0076,12/12/2023,EUR,114451.19,11000.22,19051.9,114451.19
PT002362,TR-0211,13/11/2024,USD,65590.84,4581.66,14503.36,65590.84
PT007136,TR-0633,01/11/2025,USD,101645.68,10260.41,6933.47,101645.68
PT004690,TR-0416,30/06/2022,USD,31871.84,3672.14,3261.3,31871.84
PT003908,TR-0347,07/11/2024,EUR,71924.04,8496.24,11945.97,71924.04
PT000971,TR-0087,20/03/2026,USD,135638.47,10215.2,11115.34,135638.47
PT000203,TR-0018,16/04/2026,USD,657952.79,37732.66,48584.13,657952.79
PT005822,TR-0514,06/12/2021,USD,94523.62,8172.93,18853.85,94523.62
PT000983,TR-0088,26/06/2022,USD,58920.03,3848.02,9302.07,58920.03
PT003697,TR-0329,20/04/2025,USD,84586.82,7675.4,26351.14,84586.82
PT003319,TR-0293,05/07/2021,EUR,178537.8,12617.79,55020.34,178537.8
PT006408,TR-0566,08/02/2023,EUR,154167.83,10590.77,27551.88,154167.83
PT004913,TR-0435,26/05/2023,USD,110380.5,6058.64,28401.07,110380.5
PT002381,TR-0212,03/11/2025,EUR,284875.06,17375.04,32457.72,284875.06
PT002487,TR-0221,24/07/2025,USD,139529.4,11332.89,36862.29,139529.4
PT006612,TR-0585,22/11/2025,EUR,79203.98,5236.55,20211.26,79203.98
PT005959,TR-0526,04/10/2025,EUR,98010.35,8283.35,5985.21,98010.35
PT003098,TR-0274,23/10/2023,EUR,50980.77,5410.39,5590.17,50980.77
PT007292,TR-0646,02/10/2025,EUR,155116.13,9460.16,28938.56,155116.13
PT003090,TR-0274,23/02/2023,EUR,50980.77,5410.39,5590.17,50980.77
PT001188,TR-0108,14/03/2022,USD,293289.08,30048.84,29954.78,293289.08
PT004448,TR-0395,20/03/2025,USD,19261.0,1427.54,2150.01,19261.0
PT003920,TR-0348,08/07/2024,USD,53506.37,6190.83,14710.6,53506.37
PT005852,TR-0518,10/01/2023,USD,343687.21,28214.64,94743.22,343687.21
PT001596,TR-0144,05/02/2023,USD,264856.71,13851.13,59316.25,264856.71
PT004093,TR-0363,12/03/2023,EUR,468561.26,47361.12,38602.0,468561.26
PT000043,TR-0005,11/03/2026,USD,64093.86,3436.46,15371.02,64093.86
PT900026,TR-0124,23/06/2025,USD,242444.09,21410.19,46045.57,242444.09
PT003348,TR-0296,08/01/2023,USD,82085.09,6786.2,22829.89,82085.09
PT007285,TR-0645,17/11/2023,EUR,63107.84,5661.9,4257.57,63107.84
PT005169,TR-0458,17/12/2021,USD,84272.84,8772.44,22733.1,84272.84
PT001274,TR-0115,21/08/2026,USD,74452.3,4413.38,17273.76,74452.3
PT002183,TR-0195,03/07/2024,INR,14980881.59,944789.48,3557926.18,14980881.59
PT000575,TR-0051,01/02/2026,USD,177057.15,18044.43,21105.61,177057.15
PT001921,TR-0172,02/06/2026,EUR,51744.13,3390.36,15900.9,51744.13
PT007448,TR-0659,10/06/2023,EUR,37211.01,3403.61,3918.42,37211.01
PT000857,TR-0078,08/06/2024,INR,35903508.55,3505235.0,6424892.51,35903508.55
PT005943,TR-0525,25/08/2023,USD,488093.4,37210.4,132027.91,488093.4
PT001809,TR-0163,03/08/2025,USD,256698.41,22686.78,13846.37,256698.41
PT002621,TR-0234,13/10/2025,USD,59490.81,3553.41,14719.49,59490.81
PT004915,TR-0435,26/07/2023,USD,110380.5,6058.64,28401.07,110380.5
PT005995,TR-0529,23/06/2026,USD,931509.25,110697.38,57160.07,931509.25
PT001847,TR-0166,14/06/2026,USD,31177.28,1715.7,9235.49,31177.28
PT004972,TR-0440,24/05/2024,USD,108262.16,6801.01,10566.85,108262.16
PT004035,TR-0358,30/11/2025,USD,192784.05,10605.26,46450.02,192784.05
PT004200,TR-0372,07/11/2025,EUR,581947.26,62293.47,44878.32,581947.26
PT007306,TR-0647,28/02/2023,USD,197134.2,16814.11,18042.62,197134.2
PT002459,TR-0219,08/03/2023,USD,29945.05,3434.69,4499.22,29945.05
PT004890,TR-0433,07/12/2024,USD,50396.95,2574.16,15116.39,50396.95
PT004701,TR-0417,06/08/2024,EUR,453408.93,47939.11,24422.49,453408.93
PT000989,TR-0089,10/06/2026,USD,88582.45,5680.86,21216.6,88582.45
PT005330,TR-0473,06/09/2024,GBP,111235.9,8352.91,11827.67,111235.9
PT007131,TR-0632,15/10/2023,USD,74592.96,4667.86,8593.77,74592.96
PT001434,TR-0130,31/03/2023,USD,79586.62,4046.47,4078.84,79586.62
PT004481,TR-0398,17/06/2025,EUR,96270.43,9614.88,23450.44,96270.43
PT004990,TR-0442,25/05/2026,USD,267250.86,28353.24,19939.36,267250.86
PT004153,TR-0368,08/06/2024,GBP,72983.35,5147.97,22524.26,72983.35
PT000712,TR-0065,27/11/2023,INR,8489254.35,741695.98,481567.1,8489254.35
PT002373,TR-0212,03/03/2025,EUR,284875.06,17375.04,32457.72,284875.06
PT003851,TR-0342,06/07/2022,EUR,222083.21,22385.9,59817.48,222083.21
PT004452,TR-0395,20/07/2025,USD,19261.0,1427.54,2150.01,19261.0
PT003566,TR-0316,29/05/2022,USD,90076.31,4710.36,25250.23,90076.31
PT005939,TR-0525,25/04/2023,USD,488093.4,37210.4,132027.91,488093.4
PT001019,TR-0092,01/07/2026,EUR,37417.56,4441.36,2467.98,37417.56
PT003888,TR-0345,15/05/2023,EUR,57092.55,5540.32,16430.69,57092.55
PT007521,TR-0666,07/02/2024,GBP,148673.21,17424.74,10431.36,148673.21
PT003297,TR-0291,11/03/2025,USD,241151.35,21511.67,17898.27,241151.35
PT002964,TR-0263,30/05/2026,EUR,38545.79,2126.18,2619.85,38545.79
PT004404,TR-0391,02/01/2026,INR,3533990.66,397928.23,383247.54,3533990.66
PT003462,TR-0306,17/06/2026,USD,173914.37,19838.91,17363.62,173914.37
PT004910,TR-0435,26/02/2023,USD,110380.5,6058.64,28401.07,110380.5
PT004138,TR-0367,03/07/2023,USD,153767.97,9037.38,15560.7,153767.97
PT006150,TR-0544,01/10/2021,USD,527092.34,62504.8,117398.4,527092.34
PT005502,TR-0487,27/11/2025,USD,124090.11,7159.15,8210.18,124090.11
PT006160,TR-0545,19/10/2021,EUR,537323.12,33113.66,166553.66,537323.12
PT001682,TR-0152,05/08/2026,GBP,277629.8,19997.74,31948.04,277629.8
PT004979,TR-0440,24/12/2024,USD,108262.16,6801.01,10566.85,108262.16
PT001970,TR-0177,13/07/2022,USD,42468.93,2572.32,3217.72,42468.93
PT004795,TR-0425,25/03/2022,USD,112754.78,7016.49,32364.73,112754.78
PT006386,TR-0564,15/01/2026,INR,23516127.75,2211072.71,2101638.06,23516127.75
PT006064,TR-0536,08/12/2025,USD,182296.07,13374.97,19208.55,182296.07
PT002052,TR-0184,28/10/2025,EUR,82868.27,7002.26,9286.65,82868.27
PT007183,TR-0637,03/05/2025,USD,18095.48,1199.29,2932.54,18095.48
PT004312,TR-0383,21/06/2022,USD,235819.9,15513.8,75436.23,235819.9
PT002147,TR-0192,25/01/2025,USD,192417.02,18278.9,51344.66,192417.02
PT002323,TR-0207,28/02/2023,EUR,211083.13,11860.92,49531.65,211083.13
PT002697,TR-0240,21/01/2024,EUR,160571.49,13415.04,18889.76,160571.49
PT002483,TR-0221,24/03/2025,USD,139529.4,11332.89,36862.29,139529.4
PT001371,TR-0124,23/12/2025,USD,242444.09,21410.19,46045.57,242444.09
PT001567,TR-0142,21/08/2023,EUR,56454.58,4777.3,15648.93,56454.58
PT003597,TR-0320,25/05/2026,USD,61871.23,6125.3,6804.08,61871.23
PT003772,TR-0335,08/11/2024,USD,98458.37,7177.81,22103.33,98458.37
PT900083,TR-0370,03/06/2025,EUR,147697.81,9711.38,11456.69,147697.81
PT004355,TR-0386,25/10/2024,EUR,181257.15,14345.04,40811.49,181257.15
PT001517,TR-0138,12/12/2025,USD,162801.26,9812.36,8622.64,162801.26
PT003994,TR-0354,13/11/2022,USD,283479.26,27441.07,31130.81,283479.26
PT005863,TR-0518,10/12/2023,USD,343687.21,28214.64,94743.22,343687.21
PT900025,TR-0122,26/06/2025,USD,169933.52,18604.51,19271.38,169933.52
PT002187,TR-0195,03/11/2024,INR,14980881.59,944789.48,3557926.18,14980881.59
PT003309,TR-0292,17/07/2022,EUR,82391.95,7863.25,6986.54,82391.95
PT003732,TR-0332,24/08/2021,EUR,105423.26,6649.28,6956.94,105423.26
PT005252,TR-0466,29/04/2023,USD,152351.64,16896.07,11898.55,152351.64
PT001038,TR-0095,29/09/2025,USD,99203.62,11090.75,23356.73,99203.62
PT002438,TR-0217,01/03/2022,EUR,110293.09,6221.54,32669.62,110293.09
PT003000,TR-0266,02/11/2022,USD,161795.9,11720.64,49999.11,161795.9
PT001511,TR-0137,01/12/2023,USD,94166.78,10920.36,7485.28,94166.78
PT000412,TR-0036,07/04/2023,USD,218838.27,22255.99,55726.7,218838.27
PT006426,TR-0567,16/06/2025,INR,7158474.23,624165.29,2035211.26,7158474.23
PT006220,TR-0550,19/10/2025,USD,70481.65,5886.74,19550.06,70481.65
PT004076,TR-0361,20/09/2021,USD,55805.28,6687.45,12734.32,55805.28
PT001302,TR-0118,19/05/2024,USD,296970.76,29038.15,17656.57,296970.76
PT003260,TR-0288,01/04/2025,USD,84838.55,5754.94,10102.78,84838.55
PT005393,TR-0478,04/07/2023,USD,95633.43,6439.71,29130.43,95633.43
PT001318,TR-0119,03/03/2024,USD,41475.8,3445.76,10107.91,41475.8
PT003317,TR-0293,05/05/2021,EUR,178537.8,12617.79,55020.34,178537.8
PT000778,TR-0071,03/01/2025,EUR,107052.24,12363.24,30470.18,107052.24
PT006586,TR-0583,06/06/2026,GBP,49373.19,4999.91,4755.78,49373.19
PT007267,TR-0644,30/12/2024,USD,74853.06,4125.74,14760.53,74853.06
PT004672,TR-0414,15/09/2025,USD,62180.47,4664.26,19590.88,62180.47
PT004855,TR-0430,15/11/2023,USD,229479.12,21235.7,21781.06,229479.12
PT002368,TR-0211,13/05/2025,USD,65590.84,4581.66,14503.36,65590.84
PT002477,TR-0221,24/09/2024,USD,139529.4,11332.89,36862.29,139529.4
PT004891,TR-0433,07/01/2025,USD,50396.95,2574.16,15116.39,50396.95
PT005414,TR-0480,11/07/2023,EUR,54153.3,5884.93,2992.31,54153.3
PT004170,TR-0370,03/12/2024,EUR,147697.81,9711.38,11456.69,147697.81
PT000026,TR-0003,09/10/2021,EUR,90737.65,7449.41,26187.76,90737.65
PT003393,TR-0300,24/04/2025,USD,323465.09,23267.74,58876.71,323465.09
PT001409,TR-0127,05/10/2024,USD,387593.45,24881.69,43903.99,387593.45
PT005223,TR-0464,03/09/2022,USD,497387.85,39696.85,158870.18,497387.85
PT001140,TR-0103,10/02/2026,EUR,106843.15,6897.78,12776.89,106843.15
PT000506,TR-0044,13/10/2022,USD,167426.07,10739.74,38489.99,167426.07
PT001561,TR-0141,12/04/2025,USD,354720.62,34491.93,91937.83,354720.62
PT006195,TR-0548,26/07/2021,USD,48588.3,3167.63,14186.25,48588.3
PT001121,TR-0101,29/11/2024,USD,186388.62,11823.47,42085.53,186388.62
PT007661,TR-0678,07/01/2024,INR,18666790.64,1489528.56,2994127.15,18666790.64
PT004683,TR-0415,14/01/2024,INR,17823594.36,1912634.37,1052331.63,17823594.36
PT000602,TR-0055,21/05/2026,USD,77397.09,6627.16,19862.69,77397.09
PT004708,TR-0417,06/03/2025,EUR,453408.93,47939.11,24422.49,453408.93
PT003942,TR-0350,08/07/2024,INR,12441374.16,1421896.47,3326534.5,12441374.16
PT005186,TR-0460,01/08/2024,EUR,201374.05,11594.34,23460.56,201374.05
PT002738,TR-0244,21/10/2025,USD,154510.56,14102.76,36427.43,154510.56
PT005632,TR-0498,23/01/2025,USD,124266.44,12509.4,30737.92,124266.44
PT003852,TR-0342,06/08/2022,EUR,222083.21,22385.9,59817.48,222083.21
PT005505,TR-0488,11/11/2025,USD,499574.73,38234.1,42785.9,499574.73
PT002614,TR-0233,05/06/2025,USD,205917.56,21692.47,11670.32,205917.56
PT000349,TR-0031,31/07/2023,INR,7894076.46,624916.2,2287853.13,7894076.46
PT004982,TR-0441,26/04/2026,USD,106504.94,7112.19,6390.39,106504.94
PT900022,TR-0110,15/06/2025,USD,221040.92,12503.52,40209.81,221040.92
PT007284,TR-0645,17/10/2023,EUR,63107.84,5661.9,4257.57,63107.84
PT004879,TR-0432,06/11/2023,INR,13961054.36,876627.69,1265269.12,13961054.36
PT007475,TR-0661,06/09/2026,EUR,122966.62,14533.03,14255.91,98373.3
PT006508,TR-0575,23/09/2025,USD,30879.36,2238.49,3206.94,30879.36
PT000630,TR-0057,30/07/2026,EUR,26457.21,3008.79,6548.56,26457.21
PT006637,TR-0587,27/09/2024,EUR,79479.1,8893.29,14035.8,79479.1
PT002549,TR-0227,28/02/2026,USD,77943.55,5951.59,22770.19,77943.55
PT006812,TR-0603,01/09/2025,INR,12289574.96,1115828.68,1398057.06,12289574.96
PT000409,TR-0036,07/01/2023,USD,218838.27,22255.99,55726.7,218838.27
PT003392,TR-0300,24/03/2025,USD,323465.09,23267.74,58876.71,323465.09
PT000165,TR-0015,21/12/2024,USD,205901.52,16755.69,56745.83,205901.52
PT007463,TR-0660,17/09/2026,USD,144045.95,10305.83,16655.64,62419.91
PT002337,TR-0208,25/11/2025,USD,177433.96,9587.12,56726.86,177433.96
PT004050,TR-0359,23/09/2024,USD,54453.25,6494.14,13962.4,54453.25
PT007129,TR-0632,15/08/2023,USD,74592.96,4667.86,8593.77,74592.96
PT006066,TR-0536,08/02/2026,USD,182296.07,13374.97,19208.55,182296.07
PT005746,TR-0508,23/06/2025,USD,44656.27,4798.38,5261.57,44656.27
PT006069,TR-0536,08/05/2026,USD,182296.07,13374.97,19208.55,182296.07
PT002427,TR-0216,28/09/2024,USD,61875.35,3459.68,11119.3,61875.35
PT001088,TR-0099,30/12/2025,USD,81331.03,7301.23,6880.77,81331.03
PT005819,TR-0514,06/09/2021,USD,94523.62,8172.93,18853.85,94523.62
PT005282,TR-0469,05/05/2024,USD,25087.82,2721.06,1601.7,25087.82
PT003771,TR-0335,08/10/2024,USD,98458.37,7177.81,22103.33,98458.37
PT006418,TR-0567,16/10/2024,INR,7158474.23,624165.29,2035211.26,7158474.23
PT005964,TR-0527,30/12/2025,EUR,127908.47,10888.38,20260.29,127908.47
PT005851,TR-0517,14/12/2024,EUR,31347.56,1696.38,9673.78,31347.56
PT004391,TR-0390,21/12/2022,INR,13948835.13,751527.59,2245416.63,13948835.13
PT005062,TR-0449,07/05/2026,INR,20318234.99,2183286.93,6224694.61,20318234.99
PT005919,TR-0523,10/05/2026,EUR,111544.57,10596.98,12681.6,111544.57
PT007459,TR-0660,17/05/2026,USD,144045.95,10305.83,16655.64,144045.95
PT002915,TR-0259,04/07/2025,EUR,582471.98,31110.16,134468.7,582471.98
PT002861,TR-0254,21/04/2024,USD,109602.92,8849.87,32804.38,109602.92
PT002364,TR-0211,13/01/2025,USD,65590.84,4581.66,14503.36,65590.84
PT004625,TR-0410,29/08/2022,USD,285909.27,28239.09,18626.41,285909.27
PT003882,TR-0345,15/11/2022,EUR,57092.55,5540.32,16430.69,57092.55
PT006065,TR-0536,08/01/2026,USD,182296.07,13374.97,19208.55,182296.07
PT004124,TR-0366,09/12/2024,USD,244109.16,19467.39,14871.27,244109.16
PT006531,TR-0577,05/01/2026,EUR,515142.53,61552.13,127897.05,515142.53
PT005770,TR-0510,08/01/2023,USD,93349.78,5357.56,21604.83,93349.78
PT000275,TR-0024,11/03/2026,USD,146627.78,16084.29,14224.79,146627.78
PT001073,TR-0097,26/12/2025,EUR,39571.24,4060.98,3273.49,39571.24
PT005171,TR-0459,19/05/2025,USD,58540.51,3583.8,6023.75,58540.51
PT006375,TR-0563,14/04/2026,USD,165387.26,8835.02,18149.4,165387.26
PT000676,TR-0062,03/04/2026,USD,53697.94,5657.17,16823.03,53697.94
PT007127,TR-0632,15/06/2023,USD,74592.96,4667.86,8593.77,74592.96
PT003383,TR-0299,03/10/2024,INR,9826186.48,1039145.41,624326.17,9826186.48
PT006905,TR-0612,15/07/2022,USD,251024.5,16010.59,17141.95,251024.5
PT003705,TR-0330,30/06/2024,USD,30616.55,3130.91,3198.85,30616.55
PT000586,TR-0052,15/09/2026,USD,63690.42,5137.22,17977.95,31845.21
PT000838,TR-0076,12/08/2024,EUR,114451.19,11000.22,19051.9,114451.19
PT004807,TR-0426,06/02/2024,USD,65750.67,3877.41,14588.43,65750.67
PT004400,TR-0391,02/09/2025,INR,3533990.66,397928.23,383247.54,3533990.66
PT002616,TR-0233,05/08/2025,USD,205917.56,21692.47,11670.32,205917.56
PT005347,TR-0474,19/05/2022,USD,223220.23,21354.72,64495.84,223220.23
PT002966,TR-0263,30/07/2026,EUR,38545.79,2126.18,2619.85,38545.79
PT001438,TR-0130,31/07/2023,USD,79586.62,4046.47,4078.84,79586.62
PT001554,TR-0141,12/09/2024,USD,354720.62,34491.93,91937.83,354720.62
PT000817,TR-0074,17/05/2026,USD,349428.89,31581.48,25394.94,349428.89
PT001244,TR-0112,01/09/2023,USD,73860.72,8579.69,3852.76,73860.72
PT004313,TR-0383,21/07/2022,USD,235819.9,15513.8,75436.23,235819.9
PT005054,TR-0448,01/03/2025,EUR,64220.71,5761.78,4905.79,64220.71
PT000303,TR-0027,18/03/2021,USD,55736.25,6286.48,5720.62,55736.25
PT002620,TR-0234,13/09/2025,USD,59490.81,3553.41,14719.49,59490.81
PT007523,TR-0666,07/04/2024,GBP,148673.21,17424.74,10431.36,148673.21
PT002679,TR-0238,29/12/2023,USD,34833.41,3472.71,8151.64,34833.41
PT002486,TR-0221,24/06/2025,USD,139529.4,11332.89,36862.29,139529.4
PT003937,TR-0349,19/06/2022,USD,227434.56,21696.32,56063.1,227434.56
PT900013,TR-0056,19/06/2025,USD,62766.84,3225.19,6071.08,62766.84
PT003163,TR-0280,29/03/2025,USD,59622.21,3905.8,18841.97,59622.21
PT001064,TR-0097,26/03/2025,EUR,39571.24,4060.98,3273.49,39571.24
PT000873,TR-0079,24/10/2025,USD,21059.12,1885.96,2348.38,21059.12
PT002820,TR-0251,10/04/2023,EUR,170847.05,11507.08,51623.37,170847.05
PT006532,TR-0577,05/02/2026,EUR,515142.53,61552.13,127897.05,515142.53
PT000953,TR-0086,16/03/2024,USD,160730.09,17511.68,29798.1,160730.09
PT000160,TR-0015,21/07/2024,USD,205901.52,16755.69,56745.83,205901.52
PT007100,TR-0630,06/08/2022,USD,82243.7,5508.43,6925.59,82243.7
PT000924,TR-0083,12/05/2023,INR,18267778.74,1746707.69,5749454.17,18267778.74
PT002771,TR-0246,10/08/2025,EUR,268977.84,29550.3,76589.04,268977.84
PT004156,TR-0369,11/02/2024,USD,179253.01,13824.9,48744.52,179253.01
PT007196,TR-0638,20/11/2024,USD,92930.78,5137.75,18422.03,92930.78
PT007847,TR-0695,05/10/2025,EUR,110821.3,6241.81,28674.14,110821.3
PT004335,TR-0385,23/02/2025,USD,378653.5,24852.01,94448.41,378653.5
PT001976,TR-0177,13/01/2023,USD,42468.93,2572.32,3217.72,42468.93
PT004120,TR-0366,09/08/2024,USD,244109.16,19467.39,14871.27,244109.16
PT007706,TR-0682,26/11/2022,USD,82125.15,4329.69,6520.91,82125.15
PT004780,TR-0423,23/06/2026,USD,320347.69,24300.72,22697.03,320347.69
PT003736,TR-0332,24/12/2021,EUR,105423.26,6649.28,6956.94,105423.26
PT002395,TR-0214,13/07/2024,USD,132904.93,12353.82,24281.1,132904.93
PT006940,TR-0615,10/04/2021,EUR,241995.95,14635.49,69188.99,241995.95
PT003604,TR-0321,11/12/2024,USD,161742.36,8935.38,39083.25,161742.36
PT007741,TR-0685,28/08/2025,EUR,187114.9,16786.77,53131.96,187114.9
PT002057,TR-0184,28/03/2026,EUR,82868.27,7002.26,9286.65,82868.27
PT004325,TR-0384,23/04/2023,EUR,170411.49,12123.68,47760.22,170411.49
PT000490,TR-0043,23/03/2024,EUR,147379.83,11260.47,17018.94,147379.83
PT007422,TR-0657,11/08/2024,USD,134067.74,14448.71,21246.07,134067.74
PT003714,TR-0331,26/11/2023,USD,70372.5,4784.72,16632.04,70372.5
PT004926,TR-0436,06/07/2025,USD,143833.62,15790.95,42423.4,143833.62
PT005847,TR-0517,14/08/2024,EUR,31347.56,1696.38,9673.78,31347.56
PT000386,TR-0034,25/03/2023,USD,32386.44,3553.96,3545.04,32386.44
PT003489,TR-0309,15/02/2021,EUR,31671.91,2635.39,1657.83,31671.91
PT002284,TR-0204,18/09/2025,USD,117742.81,9445.05,29681.04,117742.81
PT004112,TR-0365,13/10/2025,EUR,200113.61,22738.53,15804.8,200113.61
PT001825,TR-0164,26/12/2024,EUR,109259.88,10703.65,16671.69,109259.88
PT004366,TR-0387,07/10/2023,USD,35087.28,3137.78,9668.7,35087.28
PT005485,TR-0486,11/08/2024,USD,67621.99,7385.43,5034.98,67621.99
PT004420,TR-0392,25/04/2022,USD,313220.46,37393.51,79080.4,313220.46
PT001589,TR-0144,05/07/2022,USD,264856.71,13851.13,59316.25,264856.71
PT900129,TR-0602,13/06/2025,USD,153793.21,10283.35,36172.72,153793.21
PT003349,TR-0296,08/02/2023,USD,82085.09,6786.2,22829.89,82085.09
PT007695,TR-0681,08/07/2026,USD,137611.6,11597.82,7220.88,137611.6
PT001752,TR-0158,23/12/2025,USD,48036.85,4454.77,5670.51,48036.85
PT005247,TR-0466,29/11/2022,USD,152351.64,16896.07,11898.55,152351.64
PT005401,TR-0479,06/12/2025,GBP,34475.22,2895.5,2075.94,34475.22
PT001232,TR-0111,08/04/2023,EUR,100126.81,9621.55,18874.87,100126.81
PT004090,TR-0363,12/12/2022,EUR,468561.26,47361.12,38602.0,468561.26
PT005889,TR-0521,03/11/2024,USD,192812.14,14528.12,42703.02,192812.14
PT005366,TR-0476,15/02/2022,EUR,62924.0,5837.23,6315.18,62924.0
PT003161,TR-0280,29/01/2025,USD,59622.21,3905.8,18841.97,59622.21
PT000964,TR-0087,20/08/2025,USD,135638.47,10215.2,11115.34,135638.47
PT004594,TR-0408,01/11/2025,USD,162808.34,14928.65,46526.66,162808.34
PT000353,TR-0031,30/11/2023,INR,7894076.46,624916.2,2287853.13,7894076.46
PT001839,TR-0165,31/07/2024,EUR,85843.2,7910.31,6485.74,85843.2
PT003946,TR-0350,08/11/2024,INR,12441374.16,1421896.47,3326534.5,12441374.16
PT006461,TR-0570,11/01/2024,INR,20031946.79,1401308.96,5385091.88,20031946.79
PT000002,TR-0001,15/06/2024,USD,239587.15,17252.86,24767.86,239587.15
PT007090,TR-0629,23/11/2024,USD,41059.38,2503.05,4225.65,41059.38
PT004382,TR-0389,29/06/2026,USD,291540.12,25853.3,20838.81,291540.12
PT007729,TR-0684,17/11/2025,USD,126599.55,11035.73,19786.65,126599.55
PT005743,TR-0508,23/03/2025,USD,44656.27,4798.38,5261.57,44656.27
PT000784,TR-0071,03/07/2025,EUR,107052.24,12363.24,30470.18,107052.24
PT006513,TR-0575,23/02/2026,USD,30879.36,2238.49,3206.94,30879.36
PT005034,TR-0446,24/08/2026,USD,88269.93,6580.64,6268.7,88269.93
PT002397,TR-0214,13/09/2024,USD,132904.93,12353.82,24281.1,132904.93
PT006490,TR-0574,13/08/2023,EUR,69175.01,4721.66,20680.92,69175.01
PT000069,TR-0007,19/02/2026,USD,57256.0,3081.23,13701.6,57256.0
PT000404,TR-0036,07/08/2022,USD,218838.27,22255.99,55726.7,218838.27
PT003435,TR-0303,18/09/2025,USD,30881.94,2451.29,1935.39,30881.94
PT004894,TR-0433,07/04/2025,USD,50396.95,2574.16,15116.39,50396.95
PT900106,TR-0496,05/06/2025,USD,121892.83,13916.04,32505.24,121892.83
PT007203,TR-0638,20/06/2025,USD,92930.78,5137.75,18422.03,92930.78
PT006120,TR-0542,29/04/2021,USD,73713.82,5705.23,22902.55,73713.82
PT004274,TR-0380,21/04/2021,EUR,157199.35,15851.36,10445.3,157199.35
PT005050,TR-0448,01/11/2024,EUR,64220.71,5761.78,4905.79,64220.71
PT003429,TR-0303,18/03/2025,USD,30881.94,2451.29,1935.39,30881.94
PT002140,TR-0191,14/12/2022,USD,125958.71,6581.4,25109.52,125958.71
PT001201,TR-0109,23/06/2022,USD,105427.91,10274.8,7092.21,105427.91
PT006073,TR-0537,04/06/2026,USD,79323.94,8994.41,14174.8,79323.94
PT002916,TR-0259,04/08/2025,EUR,582471.98,31110.16,134468.7,582471.98
PT002301,TR-0205,07/08/2024,USD,189934.44,17759.27,44138.05,189934.44
PT001757,TR-0159,27/02/2021,EUR,57364.75,4171.85,18063.44,57364.75
PT003487,TR-0308,03/04/2024,USD,78800.94,6297.77,7973.06,78800.94
PT001578,TR-0143,15/04/2025,USD,122124.19,7498.42,12206.44,122124.19
PT002720,TR-0242,27/05/2024,USD,219074.17,21806.13,50070.66,219074.17
PT002242,TR-0200,30/09/2025,USD,942775.26,59269.05,63291.85,942775.26
PT007001,TR-0620,17/07/2026,USD,91719.89,8938.15,25809.48,91719.89
PT002775,TR-0247,14/02/2023,GBP,104492.33,6707.1,17171.98,104492.33
PT001508,TR-0137,01/09/2023,USD,94166.78,10920.36,7485.28,94166.78
PT005594,TR-0495,11/03/2026,INR,22888129.72,1691128.75,2551157.84,22888129.72
PT003750,TR-0334,28/03/2023,USD,119582.26,13029.32,20217.47,119582.26
PT002494,TR-0222,24/07/2025,EUR,81317.17,7543.56,15731.18,81317.17
PT006809,TR-0603,01/06/2025,INR,12289574.96,1115828.68,1398057.06,12289574.96
PT000539,TR-0047,30/08/2022,USD,89508.76,9237.4,6801.56,89508.76
PT001331,TR-0121,03/01/2024,USD,276582.4,16816.16,72794.98,276582.4
PT002304,TR-0206,14/03/2022,INR,5990077.77,529984.94,1634715.82,5990077.77
PT002500,TR-0223,23/03/2022,USD,86406.57,9879.39,7064.0,86406.57
PT001613,TR-0146,04/02/2026,EUR,127510.43,7217.59,13573.22,127510.43
PT001489,TR-0135,03/08/2026,EUR,65642.01,4598.98,6441.28,65642.01
PT002019,TR-0181,27/11/2024,USD,69970.88,6168.94,22359.58,69970.88
PT001745,TR-0158,23/05/2025,USD,48036.85,4454.77,5670.51,48036.85
PT007234,TR-0641,13/12/2022,USD,59408.06,7018.04,15060.22,59408.06
PT006447,TR-0569,16/10/2023,USD,252654.55,20173.13,74045.68,252654.55
PT900146,TR-0684,17/06/2025,USD,126599.55,11035.73,19786.65,126599.55
PT007309,TR-0647,29/05/2023,USD,197134.2,16814.11,18042.62,197134.2
PT007872,TR-0698,14/09/2022,USD,38307.16,2839.08,9651.25,38307.16
PT005045,TR-0447,24/03/2026,EUR,397459.7,28174.4,114735.65,397459.7
PT004607,TR-0409,01/10/2025,EUR,51017.36,3678.29,15736.3,51017.36
PT001394,TR-0126,24/11/2023,USD,67627.15,4116.99,6135.2,67627.15
PT001509,TR-0137,01/10/2023,USD,94166.78,10920.36,7485.28,94166.78
PT001195,TR-0108,14/10/2022,USD,293289.08,30048.84,29954.78,293289.08
PT006947,TR-0615,10/11/2021,EUR,241995.95,14635.49,69188.99,241995.95
PT005428,TR-0481,01/04/2023,USD,87754.02,9506.11,10306.4,87754.02
PT005406,TR-0479,06/05/2026,GBP,34475.22,2895.5,2075.94,34475.22
PT007717,TR-0683,20/01/2026,USD,91024.39,4803.71,4908.81,91024.39
PT007184,TR-0637,03/06/2025,USD,18095.48,1199.29,2932.54,18095.48
PT003801,TR-0338,29/03/2025,USD,196109.37,21559.02,32922.82,196109.37
PT006848,TR-0607,03/11/2025,EUR,237190.7,24068.51,14795.82,237190.7
PT004678,TR-0415,14/08/2023,INR,17823594.36,1912634.37,1052331.63,17823594.36
PT006460,TR-0570,11/12/2023,INR,20031946.79,1401308.96,5385091.88,20031946.79
PT001932,TR-0173,15/09/2025,USD,68172.95,4091.09,5165.89,68172.95
PT002813,TR-0250,16/05/2023,EUR,87580.61,6477.36,24698.01,87580.61
PT003975,TR-0353,27/02/2024,USD,128986.64,13105.12,39658.69,128986.64
PT002540,TR-0226,26/12/2024,USD,138385.55,12167.09,35028.86,138385.55
PT002670,TR-0238,29/03/2023,USD,34833.41,3472.71,8151.64,34833.41
PT006373,TR-0563,14/02/2026,USD,165387.26,8835.02,18149.4,165387.26
PT003720,TR-0331,26/05/2024,USD,70372.5,4784.72,16632.04,70372.5
PT006700,TR-0593,11/09/2023,USD,284389.73,16967.92,83218.37,284389.73
PT003249,TR-0287,02/07/2022,EUR,148591.62,17341.39,34347.27,148591.62
PT004760,TR-0422,11/07/2022,USD,456262.98,32597.36,31810.22,456262.98
PT002823,TR-0251,10/07/2023,EUR,170847.05,11507.08,51623.37,170847.05
PT000574,TR-0051,01/01/2026,USD,177057.15,18044.43,21105.61,177057.15
PT000697,TR-0064,28/03/2026,USD,266916.23,28893.26,60094.03,266916.23
PT005508,TR-0488,11/02/2026,USD,499574.73,38234.1,42785.9,499574.73
PT007495,TR-0663,25/07/2025,EUR,336669.44,27421.9,23503.35,336669.44
PT007151,TR-0634,17/05/2025,USD,86475.79,6479.81,5506.45,86475.79
PT006565,TR-0581,14/07/2022,USD,185251.07,16023.59,13846.27,185251.07
PT007361,TR-0652,28/02/2025,INR,17272538.34,1481052.33,1675932.44,17272538.34
PT006796,TR-0602,13/07/2025,USD,153793.21,10283.35,36172.72,153793.21
PT002188,TR-0195,03/12/2024,INR,14980881.59,944789.48,3557926.18,14980881.59
PT004023,TR-0357,18/12/2022,INR,29280238.46,2167566.87,7200844.54,29280238.46
PT006580,TR-0582,21/02/2024,EUR,87711.45,4505.61,6188.16,87711.45
PT002046,TR-0183,02/01/2026,USD,100544.26,7921.3,23011.91,100544.26
PT000283,TR-0025,16/02/2024,USD,89604.85,10744.7,21394.0,89604.85
PT000259,TR-0023,13/05/2024,INR,4035993.02,215632.85,410703.47,4035993.02
PT002665,TR-0237,28/02/2025,USD,198812.87,19628.43,45755.49,198812.87
PT005908,TR-0522,06/04/2022,USD,26140.4,2972.12,1337.81,26140.4
PT005894,TR-0521,03/04/2025,USD,192812.14,14528.12,42703.02,192812.14
PT006696,TR-0593,11/05/2023,USD,284389.73,16967.92,83218.37,284389.73
PT003234,TR-0286,19/06/2022,EUR,237643.99,27673.1,23126.02,237643.99
PT000726,TR-0066,01/12/2021,USD,95475.14,8375.64,28863.35,95475.14
PT001637,TR-0148,20/04/2023,INR,7799708.38,618064.73,568961.74,7799708.38
PT004774,TR-0423,23/12/2025,USD,320347.69,24300.72,22697.03,320347.69
PT006547,TR-0579,07/06/2026,USD,81622.23,5876.12,23199.14,81622.23
PT005249,TR-0466,29/01/2023,USD,152351.64,16896.07,11898.55,152351.64
PT005443,TR-0482,18/03/2024,USD,151505.21,8151.24,26378.52,151505.21
PT000056,TR-0006,02/07/2022,USD,16666.67,1068.75,4953.51,16666.67
PT006548,TR-0579,07/07/2026,USD,81622.23,5876.12,23199.14,81622.23
PT006903,TR-0611,03/03/2024,USD,23524.14,1352.52,1291.25,23524.14
PT001412,TR-0128,24/04/2024,EUR,43709.17,4362.12,2872.09,43709.17
PT006881,TR-0610,15/07/2022,USD,537001.73,30237.64,161334.18,537001.73
PT002215,TR-0197,03/08/2022,USD,45335.18,4803.98,13035.43,45335.18
PT007857,TR-0696,21/01/2025,USD,195069.96,12102.09,13908.54,195069.96
PT005458,TR-0484,10/02/2024,EUR,322291.88,37965.61,35034.45,322291.88
PT002936,TR-0261,18/12/2024,EUR,624324.45,66139.38,171888.92,624324.45
PT000889,TR-0081,29/03/2024,EUR,15432.1,1676.55,899.51,15432.1
PT002955,TR-0262,04/02/2025,EUR,284184.33,23815.66,30366.04,284184.33
PT001688,TR-0153,23/08/2023,USD,155105.71,8776.11,35164.88,155105.71
PT001820,TR-0164,26/07/2024,EUR,109259.88,10703.65,16671.69,109259.88
PT003704,TR-0330,31/05/2024,USD,30616.55,3130.91,3198.85,30616.55
PT001973,TR-0177,13/10/2022,USD,42468.93,2572.32,3217.72,42468.93
PT000715,TR-0065,27/02/2024,INR,8489254.35,741695.98,481567.1,8489254.35
PT004702,TR-0417,06/09/2024,EUR,453408.93,47939.11,24422.49,453408.93
PT005153,TR-0457,05/03/2023,USD,72334.97,5795.18,5924.37,72334.97
PT002287,TR-0204,18/12/2025,USD,117742.81,9445.05,29681.04,117742.81
PT007531,TR-0666,07/12/2024,GBP,148673.21,17424.74,10431.36,148673.21
PT900135,TR-0638,20/06/2025,USD,92930.78,5137.75,18422.03,92930.78
PT006304,TR-0557,14/03/2026,EUR,82994.87,6685.17,26334.78,82994.87
PT007171,TR-0636,19/07/2022,EUR,76004.03,6528.56,21156.22,76004.03
PT002849,TR-0253,08/10/2024,USD,33238.01,3761.25,3482.01,33238.01
PT004714,TR-0418,16/08/2021,USD,66109.2,5957.54,10340.44,66109.2
PT000124,TR-0012,21/12/2024,USD,126104.76,10667.19,23959.09,126104.76
PT007301,TR-0647,29/09/2022,USD,197134.2,16814.11,18042.62,197134.2
PT004431,TR-0393,11/05/2024,USD,25086.23,1336.59,5830.42,25086.23
PT007423,TR-0657,11/09/2024,USD,134067.74,14448.71,21246.07,134067.74
PT006955,TR-0616,07/06/2024,EUR,66907.82,6243.62,18892.29,66907.82
PT004401,TR-0391,02/10/2025,INR,3533990.66,397928.23,383247.54,3533990.66
PT000981,TR-0088,26/04/2022,USD,58920.03,3848.02,9302.07,58920.03
PT007569,TR-0670,27/03/2026,USD,142868.22,15815.05,41960.71,142868.22
PT000176,TR-0016,16/07/2025,USD,441126.28,40165.06,137062.51,441126.28
PT000582,TR-0051,01/09/2026,USD,177057.15,18044.43,21105.61,171155.24
PT006459,TR-0570,11/11/2023,INR,20031946.79,1401308.96,5385091.88,20031946.79
PT001617,TR-0146,04/06/2026,EUR,127510.43,7217.59,13573.22,127510.43
PT007077,TR-0627,16/08/2025,USD,96234.84,7577.87,25907.27,96234.84
PT005291,TR-0469,05/02/2025,USD,25087.82,2721.06,1601.7,25087.82
PT002877,TR-0256,14/11/2025,USD,85424.88,5043.45,4286.06,85424.88
PT006776,TR-0600,15/08/2025,USD,133469.55,10158.65,8364.09,133469.55
PT003244,TR-0286,19/04/2023,EUR,237643.99,27673.1,23126.02,237643.99
PT005921,TR-0523,10/07/2026,EUR,111544.57,10596.98,12681.6,111544.57
PT005976,TR-0528,08/06/2022,USD,28430.93,1451.35,4961.04,28430.93
PT006078,TR-0538,15/10/2022,USD,524519.39,52489.55,54640.59,524519.39
PT001862,TR-0167,24/06/2024,USD,232594.41,24529.16,36330.38,232594.41
PT005447,TR-0483,20/04/2025,USD,38196.24,2004.43,2501.49,38196.24
PT003576,TR-0317,22/06/2022,USD,151237.27,12948.26,43182.88,151237.27
PT003607,TR-0321,11/03/2025,USD,161742.36,8935.38,39083.25,161742.36
PT007607,TR-0673,09/11/2024,EUR,126367.22,10094.72,12157.89,126367.22
PT002975,TR-0264,03/02/2024,EUR,185457.67,13531.92,13071.36,185457.67
PT004506,TR-0400,26/05/2026,USD,374847.6,29937.0,110644.75,374847.6
PT004772,TR-0423,23/10/2025,USD,320347.69,24300.72,22697.03,320347.69
PT000298,TR-0026,21/06/2023,USD,196819.9,14874.96,33384.29,196819.9
PT000926,TR-0084,28/02/2023,USD,167829.37,18999.84,53012.39,167829.37
PT004119,TR-0365,13/05/2026,EUR,200113.61,22738.53,15804.8,200113.61
PT006607,TR-0585,22/06/2025,EUR,79203.98,5236.55,20211.26,79203.98
PT002116,TR-0189,02/07/2025,USD,50169.19,4165.63,4665.72,50169.19
PT004825,TR-0427,21/03/2026,USD,351033.15,29580.52,102394.92,351033.15
PT001308,TR-0118,19/11/2024,USD,296970.76,29038.15,17656.57,296970.76
PT004768,TR-0422,11/03/2023,USD,456262.98,32597.36,31810.22,456262.98
PT001673,TR-0151,06/12/2022,USD,217258.83,17594.91,51837.4,217258.83
PT001200,TR-0109,23/05/2022,USD,105427.91,10274.8,7092.21,105427.91
PT002230,TR-0199,16/11/2024,INR,4505630.51,422959.87,1025093.75,4505630.51
PT900030,TR-0163,03/06/2025,USD,256698.41,22686.78,13846.37,256698.41
PT000294,TR-0026,21/02/2023,USD,196819.9,14874.96,33384.29,196819.9
PT900111,TR-0524,26/06/2025,USD,89971.66,7949.52,28585.0,89971.66
PT002691,TR-0239,30/04/2025,USD,298312.51,28039.4,66631.38,298312.51
PT004223,TR-0375,15/03/2026,USD,70907.72,4726.26,6975.85,70907.72
PT002580,TR-0230,25/09/2021,USD,550925.07,29095.85,65516.53,550925.07
PT006344,TR-0561,18/09/2022,USD,81274.19,5787.51,18098.87,81274.19
PT006662,TR-0590,11/05/2021,USD,161416.74,9717.35,38102.17,161416.74
PT006518,TR-0576,03/08/2021,USD,39886.88,3832.07,4052.85,39886.88
PT000693,TR-0063,13/05/2025,EUR,29086.62,3489.22,8005.18,29086.62
PT000687,TR-0063,13/11/2024,EUR,29086.62,3489.22,8005.18,29086.62
PT000818,TR-0074,17/06/2026,USD,349428.89,31581.48,25394.94,349428.89
PT000217,TR-0019,12/06/2025,USD,60862.42,3074.28,19034.48,60862.42
PT003326,TR-0293,05/02/2022,EUR,178537.8,12617.79,55020.34,178537.8
PT004249,TR-0377,29/02/2024,USD,62327.17,5145.55,5656.3,62327.17
PT007893,TR-0700,06/09/2025,EUR,34424.68,4041.34,2782.24,34424.68
PT006089,TR-0539,23/06/2026,USD,311367.34,23344.91,27556.83,311367.34
PT003890,TR-0345,15/07/2023,EUR,57092.55,5540.32,16430.69,57092.55
PT007384,TR-0654,03/09/2022,USD,71594.91,4166.35,4179.29,71594.91
PT007680,TR-0680,21/12/2022,USD,164633.16,18206.15,15241.0,164633.16
PT006105,TR-0541,12/05/2021,USD,196205.65,14162.1,62173.92,196205.65
PT000479,TR-0042,27/01/2022,EUR,78219.92,5976.01,7982.5,78219.92
PT005379,TR-0477,15/02/2023,EUR,68632.81,5825.74,16119.89,68632.81
PT005701,TR-0504,25/09/2022,USD,291083.73,34774.85,51127.72,291083.73
PT006585,TR-0583,06/05/2026,GBP,49373.19,4999.91,4755.78,49373.19
PT005763,TR-0510,08/06/2022,USD,93349.78,5357.56,21604.83,93349.78
PT007134,TR-0633,01/09/2025,USD,101645.68,10260.41,6933.47,101645.68
PT003199,TR-0283,22/04/2022,EUR,1213009.89,83639.3,122035.32,1213009.89
PT000813,TR-0074,17/01/2026,USD,349428.89,31581.48,25394.94,349428.89
PT004347,TR-0386,25/02/2024,EUR,181257.15,14345.04,40811.49,181257.15
PT000844,TR-0077,18/09/2023,USD,112906.87,7679.88,29232.68,112906.87
PT006222,TR-0550,19/12/2025,USD,70481.65,5886.74,19550.06,70481.65
PT003057,TR-0271,04/03/2024,EUR,128391.7,13051.02,39523.01,128391.7
PT002376,TR-0212,03/06/2025,EUR,284875.06,17375.04,32457.72,284875.06
PT004070,TR-0361,20/03/2021,USD,55805.28,6687.45,12734.32,55805.28
PT002033,TR-0182,28/07/2026,USD,97280.01,7935.74,7896.02,97280.01
PT000968,TR-0087,20/12/2025,USD,135638.47,10215.2,11115.34,135638.47
PT007252,TR-0643,27/02/2025,EUR,171145.2,9877.78,15839.5,171145.2
PT007478,TR-0662,07/04/2026,USD,98240.33,8375.71,9439.69,98240.33
PT000973,TR-0088,26/08/2021,USD,58920.03,3848.02,9302.07,58920.03
PT001897,TR-0170,22/07/2026,USD,92450.42,7451.41,10815.59,92450.42
PT006332,TR-0560,26/05/2024,INR,10392805.44,719820.76,569301.43,10392805.44
PT004343,TR-0385,23/10/2025,USD,378653.5,24852.01,94448.41,378653.5
PT002705,TR-0241,30/07/2023,USD,110607.31,12757.14,16933.35,110607.31
PT006300,TR-0557,14/11/2025,EUR,82994.87,6685.17,26334.78,82994.87
PT900019,TR-0087,20/06/2025,USD,135638.47,10215.2,11115.34,135638.47
PT007881,TR-0699,13/01/2024,USD,324235.24,22202.35,30298.2,324235.24
PT003375,TR-0298,30/04/2026,EUR,72094.16,8296.87,16959.91,72094.16
PT006611,TR-0585,22/10/2025,EUR,79203.98,5236.55,20211.26,79203.98
PT006428,TR-0568,23/06/2025,INR,9879042.05,1095148.38,2571027.73,9879042.05
PT005019,TR-0445,07/05/2026,USD,93188.91,9260.04,7978.21,93188.91
PT006672,TR-0590,11/03/2022,USD,161416.74,9717.35,38102.17,161416.74
PT007004,TR-0621,27/04/2021,EUR,-133093.9,-7467.9,-38732.35,-133093.9
PT005602,TR-0496,05/08/2025,USD,121892.83,13916.04,32505.24,121892.83
PT002952,TR-0262,04/11/2024,EUR,284184.33,23815.66,30366.04,284184.33
PT001346,TR-0122,26/03/2025,USD,169933.52,18604.51,19271.38,169933.52
PT007159,TR-0635,20/03/2025,EUR,68210.38,3621.52,11112.86,68210.38
PT000976,TR-0088,26/11/2021,USD,58920.03,3848.02,9302.07,58920.03
PT006799,TR-0602,13/10/2025,USD,153793.21,10283.35,36172.72,153793.21
PT005742,TR-0508,23/02/2025,USD,44656.27,4798.38,5261.57,44656.27
PT005776,TR-0511,21/05/2021,USD,334493.39,22458.58,77322.03,334493.39
PT000510,TR-0044,13/02/2023,USD,167426.07,10739.74,38489.99,167426.07
PT000123,TR-0012,21/11/2024,USD,126104.76,10667.19,23959.09,126104.76
PT007164,TR-0635,20/08/2025,EUR,68210.38,3621.52,11112.86,68210.38
PT005631,TR-0498,23/12/2024,USD,124266.44,12509.4,30737.92,124266.44
PT007230,TR-0641,13/08/2022,USD,59408.06,7018.04,15060.22,59408.06
PT001711,TR-0155,30/07/2024,USD,58436.4,6643.39,6874.12,58436.4
PT002101,TR-0188,30/01/2026,USD,29736.13,2312.24,1707.33,29736.13
PT000870,TR-0079,24/07/2025,USD,21059.12,1885.96,2348.38,21059.12
PT007242,TR-0642,29/03/2022,EUR,386250.35,44210.87,40499.59,386250.35
PT001031,TR-0093,19/10/2023,USD,88465.05,6576.24,8373.71,88465.05
PT003464,TR-0306,17/08/2026,USD,173914.37,19838.91,17363.62,173914.37
PT004853,TR-0430,15/09/2023,USD,229479.12,21235.7,21781.06,229479.12
PT001999,TR-0179,11/09/2025,USD,239867.29,16929.17,61772.5,239867.29
PT003591,TR-0318,24/01/2026,EUR,371927.95,20435.79,32414.62,371927.95
PT001157,TR-0104,21/01/2022,USD,29416.17,2892.44,7046.63,29416.17
PT003157,TR-0279,14/06/2025,EUR,73796.66,7605.59,13993.42,73796.66
PT006212,TR-0549,31/07/2026,USD,48465.38,3129.5,15295.14,48465.38
PT006956,TR-0616,07/07/2024,EUR,66907.82,6243.62,18892.29,66907.82
PT004429,TR-0393,11/03/2024,USD,25086.23,1336.59,5830.42,25086.23
PT005689,TR-0503,10/08/2026,USD,95548.2,6810.41,25506.07,95548.2
PT006481,TR-0572,08/09/2025,EUR,91897.18,5183.27,9891.45,91897.18
PT001576,TR-0143,15/02/2025,USD,122124.19,7498.42,12206.44,122124.19
PT007499,TR-0664,16/01/2022,USD,213681.59,21285.6,24773.7,213681.59
PT000062,TR-0007,19/07/2025,USD,57256.0,3081.23,13701.6,57256.0
PT000473,TR-0041,01/10/2023,USD,152899.67,15470.31,44853.04,152899.67
PT004998,TR-0443,27/07/2024,USD,174851.14,14433.96,20927.38,174851.14
PT003455,TR-0305,22/11/2024,USD,194597.27,17781.41,59078.2,194597.27
PT000866,TR-0079,24/03/2025,USD,21059.12,1885.96,2348.38,21059.12
PT003584,TR-0318,24/06/2025,EUR,371927.95,20435.79,32414.62,371927.95
PT007606,TR-0673,09/10/2024,EUR,126367.22,10094.72,12157.89,126367.22
PT005426,TR-0481,01/02/2023,USD,87754.02,9506.11,10306.4,87754.02
PT003615,TR-0322,24/02/2023,USD,28957.8,1472.65,2894.92,28957.8
PT005439,TR-0482,18/11/2023,USD,151505.21,8151.24,26378.52,151505.21
PT004838,TR-0428,18/11/2025,USD,187489.03,16352.03,58407.73,187489.03
PT007736,TR-0685,28/03/2025,EUR,187114.9,16786.77,53131.96,187114.9
PT003389,TR-0300,24/12/2024,USD,323465.09,23267.74,58876.71,323465.09
PT007526,TR-0666,07/07/2024,GBP,148673.21,17424.74,10431.36,148673.21
PT002181,TR-0195,03/05/2024,INR,14980881.59,944789.48,3557926.18,14980881.59
PT004744,TR-0420,17/03/2024,EUR,108514.56,6281.92,17660.21,108514.56
PT003282,TR-0290,22/03/2023,USD,81373.4,6269.51,6981.14,81373.4
PT006640,TR-0588,03/03/2022,EUR,187361.8,10946.03,36106.87,187361.8
PT001629,TR-0147,05/08/2022,USD,63597.51,5023.72,17822.63,63597.51
PT005489,TR-0486,11/12/2024,USD,67621.99,7385.43,5034.98,67621.99
PT002439,TR-0217,01/04/2022,EUR,110293.09,6221.54,32669.62,110293.09
PT001150,TR-0104,21/06/2021,USD,29416.17,2892.44,7046.63,29416.17
PT001161,TR-0105,22/11/2023,USD,142898.06,11784.51,32834.94,142898.06
PT007732,TR-0684,17/02/2026,USD,126599.55,11035.73,19786.65,126599.55
PT000257,TR-0023,13/03/2024,INR,4035993.02,215632.85,410703.47,4035993.02
PT002599,TR-0232,11/02/2022,USD,57905.35,5981.94,3276.69,57905.35
PT004730,TR-0419,24/12/2021,USD,22504.6,1617.69,1774.43,22504.6
PT006434,TR-0568,23/12/2025,INR,9879042.05,1095148.38,2571027.73,9879042.05
PT007191,TR-0637,03/01/2026,USD,18095.48,1199.29,2932.54,18095.48
PT004874,TR-0432,06/06/2023,INR,13961054.36,876627.69,1265269.12,13961054.36
PT001106,TR-0100,17/05/2022,USD,220557.92,15166.88,15881.13,220557.92
PT006198,TR-0548,26/10/2021,USD,48588.3,3167.63,14186.25,48588.3
PT006682,TR-0591,14/09/2023,USD,92498.11,7243.65,6562.69,92498.11
PT003408,TR-0301,23/01/2026,USD,21863.27,1654.41,1490.77,21863.27
PT000558,TR-0049,30/11/2023,USD,182970.01,15432.16,57452.93,182970.01
PT001851,TR-0167,24/07/2023,USD,232594.41,24529.16,36330.38,232594.41
PT006082,TR-0538,15/02/2023,USD,524519.39,52489.55,54640.59,524519.39
PT002089,TR-0187,19/11/2025,INR,9029511.21,986420.02,912510.96,9029511.21
PT002900,TR-0258,26/08/2022,USD,575297.25,50646.06,59184.28,575297.25
PT003221,TR-0285,06/07/2024,USD,98525.36,7455.61,7850.62,98525.36
PT000262,TR-0023,13/08/2024,INR,4035993.02,215632.85,410703.47,4035993.02
PT006752,TR-0598,04/11/2024,USD,101343.27,5236.04,20253.04,101343.27
PT006228,TR-0551,06/07/2021,EUR,262779.64,19346.78,64920.23,262779.64
PT007193,TR-0638,20/08/2024,USD,92930.78,5137.75,18422.03,92930.78
PT000628,TR-0057,30/05/2026,EUR,26457.21,3008.79,6548.56,26457.21
PT001890,TR-0170,22/12/2025,USD,92450.42,7451.41,10815.59,92450.42
PT003043,TR-0270,26/06/2025,GBP,54772.68,3231.65,15771.52,54772.68
PT004306,TR-0382,19/05/2025,EUR,69847.5,4421.82,19032.01,69847.5
PT002079,TR-0186,22/08/2023,EUR,745759.29,48212.9,230272.7,745759.29
PT003586,TR-0318,24/08/2025,EUR,371927.95,20435.79,32414.62,371927.95
PT005454,TR-0483,20/11/2025,USD,38196.24,2004.43,2501.49,38196.24
PT006329,TR-0559,29/03/2026,USD,327613.36,28850.88,38905.51,327613.36
PT004305,TR-0382,19/04/2025,EUR,69847.5,4421.82,19032.01,69847.5
PT005245,TR-0466,29/09/2022,USD,152351.64,16896.07,11898.55,152351.64
PT006010,TR-0531,01/03/2024,EUR,24995.64,1818.01,6036.5,24995.64
PT001607,TR-0145,02/02/2024,USD,18666.19,1592.14,4153.61,18666.19
PT001021,TR-0092,01/09/2026,EUR,37417.56,4441.36,2467.98,36170.31
PT000609,TR-0056,19/11/2024,USD,62766.84,3225.19,6071.08,62766.84
PT001404,TR-0127,05/05/2024,USD,387593.45,24881.69,43903.99,387593.45
PT006633,TR-0587,27/05/2024,EUR,79479.1,8893.29,14035.8,79479.1
PT003255,TR-0287,02/01/2023,EUR,148591.62,17341.39,34347.27,148591.62
PT002097,TR-0188,30/09/2025,USD,29736.13,2312.24,1707.33,29736.13
PT000210,TR-0019,12/11/2024,USD,60862.42,3074.28,19034.48,60862.42
PT003799,TR-0338,29/01/2025,USD,196109.37,21559.02,32922.82,196109.37
PT003540,TR-0314,05/08/2021,USD,60214.64,3811.84,18101.91,60214.64
PT000154,TR-0014,08/07/2022,USD,16666.67,1581.04,2759.14,16666.67
PT005870,TR-0519,14/08/2024,EUR,28723.2,2923.81,7213.51,28723.2
PT001591,TR-0144,05/09/2022,USD,264856.71,13851.13,59316.25,264856.71
PT002443,TR-0218,12/03/2024,EUR,15432.1,1179.93,1059.96,15432.1
PT001148,TR-0104,21/04/2021,USD,29416.17,2892.44,7046.63,29416.17
PT003428,TR-0303,18/02/2025,USD,30881.94,2451.29,1935.39,30881.94
PT001968,TR-0177,13/05/2022,USD,42468.93,2572.32,3217.72,42468.93
PT003207,TR-0283,22/12/2022,EUR,1213009.89,83639.3,122035.32,1213009.89
PT006413,TR-0566,08/07/2023,EUR,154167.83,10590.77,27551.88,154167.83
PT002434,TR-0217,01/11/2021,EUR,110293.09,6221.54,32669.62,110293.09
PT001634,TR-0148,20/01/2023,INR,7799708.38,618064.73,568961.74,7799708.38
PT003293,TR-0291,11/11/2024,USD,241151.35,21511.67,17898.27,241151.35
PT006186,TR-0547,17/09/2024,EUR,38547.45,3503.25,8962.53,38547.45
PT000598,TR-0054,27/05/2025,EUR,157527.59,12834.45,28970.06,157527.59
PT003138,TR-0278,13/05/2022,USD,182548.19,15677.0,46128.46,182548.19
PT006028,TR-0533,23/07/2024,USD,417453.7,28596.79,125312.3,417453.7
PT001657,TR-0150,24/03/2022,USD,340211.84,36441.14,78765.37,340211.84
PT004777,TR-0423,23/03/2026,USD,320347.69,24300.72,22697.03,320347.69
PT006883,TR-0610,15/09/2022,USD,537001.73,30237.64,161334.18,537001.73
PT003298,TR-0291,11/04/2025,USD,241151.35,21511.67,17898.27,241151.35
PT001566,TR-0142,21/07/2023,EUR,56454.58,4777.3,15648.93,56454.58
PT006247,TR-0552,13/07/2025,USD,62952.26,4906.56,4160.65,62952.26
PT005425,TR-0481,01/01/2023,USD,87754.02,9506.11,10306.4,87754.02
PT006184,TR-0547,17/07/2024,EUR,38547.45,3503.25,8962.53,38547.45
PT006877,TR-0609,10/08/2023,USD,57524.85,5486.44,14486.98,57524.85
PT001519,TR-0138,12/02/2026,USD,162801.26,9812.36,8622.64,162801.26
PT006384,TR-0564,15/11/2025,INR,23516127.75,2211072.71,2101638.06,23516127.75
PT007043,TR-0624,05/03/2024,USD,36199.0,3589.73,9988.47,36199.0
PT004318,TR-0383,21/12/2022,USD,235819.9,15513.8,75436.23,235819.9
PT000226,TR-0020,16/05/2025,USD,363245.55,40202.6,42654.03,363245.55
PT005304,TR-0471,18/09/2025,EUR,77216.42,6751.51,19626.13,77216.42
PT007123,TR-0632,15/02/2023,USD,74592.96,4667.86,8593.77,74592.96
PT002518,TR-0224,23/11/2025,USD,417953.99,48966.05,108261.62,417953.99
PT006743,TR-0597,14/09/2026,USD,136054.4,15710.8,11676.07,72562.35
PT002394,TR-0214,13/06/2024,USD,132904.93,12353.82,24281.1,132904.93
PT001761,TR-0159,27/06/2021,EUR,57364.75,4171.85,18063.44,57364.75
PT001361,TR-0123,03/09/2023,USD,115963.04,13371.16,36995.43,115963.04
PT003305,TR-0292,17/03/2022,EUR,82391.95,7863.25,6986.54,82391.95
PT002325,TR-0207,30/04/2023,EUR,211083.13,11860.92,49531.65,211083.13
PT900149,TR-0695,05/06/2025,EUR,110821.3,6241.81,28674.14,110821.3
PT006941,TR-0615,10/05/2021,EUR,241995.95,14635.49,69188.99,241995.95
PT005589,TR-0495,11/10/2025,INR,22888129.72,1691128.75,2551157.84,22888129.72
PT003559,TR-0316,29/10/2021,USD,90076.31,4710.36,25250.23,90076.31
PT006866,TR-0608,20/06/2024,USD,82680.31,6098.48,22186.43,82680.31
PT001834,TR-0165,29/02/2024,EUR,85843.2,7910.31,6485.74,85843.2
PT003662,TR-0326,23/06/2023,USD,47847.46,4589.37,8420.16,47847.46
PT002010,TR-0180,03/08/2025,EUR,67795.64,6608.84,3536.87,67795.64
PT003658,TR-0326,23/02/2023,USD,47847.46,4589.37,8420.16,47847.46
PT004302,TR-0382,19/01/2025,EUR,69847.5,4421.82,19032.01,69847.5
PT005124,TR-0455,18/12/2023,USD,111249.39,5920.2,11943.51,111249.39
PT004188,TR-0371,05/05/2023,USD,56644.81,6315.15,17496.38,56644.81
PT006687,TR-0592,09/02/2026,USD,61549.16,6387.86,4467.53,61549.16
PT005143,TR-0456,16/08/2024,USD,805192.2,48586.1,87380.93,805192.2
PT003858,TR-0343,01/04/2024,USD,118599.13,14150.09,11941.45,118599.13
PT000694,TR-0064,28/12/2025,USD,266916.23,28893.26,60094.03,266916.23
PT007128,TR-0632,15/07/2023,USD,74592.96,4667.86,8593.77,74592.96
PT007278,TR-0645,17/04/2023,EUR,63107.84,5661.9,4257.57,63107.84
PT007074,TR-0627,16/05/2025,USD,96234.84,7577.87,25907.27,96234.84
PT002613,TR-0233,05/05/2025,USD,205917.56,21692.47,11670.32,205917.56
PT001187,TR-0108,14/02/2022,USD,293289.08,30048.84,29954.78,293289.08
PT001370,TR-0124,23/11/2025,USD,242444.09,21410.19,46045.57,242444.09
PT001908,TR-0171,30/05/2023,USD,28457.63,2732.31,2228.21,28457.63
PT004089,TR-0363,12/11/2022,EUR,468561.26,47361.12,38602.0,468561.26
PT002478,TR-0221,24/10/2024,USD,139529.4,11332.89,36862.29,139529.4
PT000017,TR-0002,30/07/2026,GBP,37358.05,4448.01,11716.01,37358.05
PT002515,TR-0224,23/08/2025,USD,417953.99,48966.05,108261.62,417953.99
PT007400,TR-0655,02/09/2022,EUR,81858.6,7338.19,6437.35,81858.6
PT002206,TR-0197,03/11/2021,USD,45335.18,4803.98,13035.43,45335.18
PT003596,TR-0320,25/04/2026,USD,61871.23,6125.3,6804.08,61871.23
PT001487,TR-0135,03/06/2026,EUR,65642.01,4598.98,6441.28,65642.01
PT001677,TR-0151,06/04/2023,USD,217258.83,17594.91,51837.4,217258.83
PT005281,TR-0469,05/04/2024,USD,25087.82,2721.06,1601.7,25087.82
PT002354,TR-0210,13/07/2022,USD,54762.14,3534.05,5411.03,54762.14
PT000657,TR-0060,01/05/2026,USD,40602.46,2762.86,2712.89,40602.46
PT001572,TR-0142,21/01/2024,EUR,56454.58,4777.3,15648.93,56454.58
PT001738,TR-0157,11/12/2024,USD,59405.32,4717.71,6547.9,59405.32
PT005516,TR-0489,29/09/2022,EUR,254828.99,25710.6,17808.63,254828.99
PT003856,TR-0342,06/12/2022,EUR,0.0,22385.9,59817.48,222083.21
PT004496,TR-0399,28/04/2022,USD,191901.87,16437.79,13105.15,191901.87
PT002847,TR-0253,08/08/2024,USD,33238.01,3761.25,3482.01,33238.01
PT002981,TR-0265,23/06/2021,USD,157995.05,7944.03,10333.41,157995.05
PT000619,TR-0057,30/08/2025,EUR,26457.21,3008.79,6548.56,26457.21
PT004605,TR-0409,01/08/2025,EUR,51017.36,3678.29,15736.3,51017.36
PT006224,TR-0550,19/02/2026,USD,70481.65,5886.74,19550.06,70481.65
PT002848,TR-0253,08/09/2024,USD,33238.01,3761.25,3482.01,33238.01
PT007687,TR-0681,08/11/2025,USD,137611.6,11597.82,7220.88,137611.6
PT007052,TR-0625,10/05/2026,EUR,15432.1,1538.44,2593.69,15432.1
PT000868,TR-0079,24/05/2025,USD,21059.12,1885.96,2348.38,21059.12
PT002508,TR-0223,23/11/2022,USD,86406.57,9879.39,7064.0,86406.57
PT004983,TR-0441,26/05/2026,USD,106504.94,7112.19,6390.39,106504.94
PT002111,TR-0189,02/02/2025,USD,50169.19,4165.63,4665.72,50169.19
PT004696,TR-0416,30/12/2022,USD,31871.84,3672.14,3261.3,31871.84
PT006763,TR-0599,05/06/2025,USD,18411.08,1330.09,4802.26,18411.08
PT000458,TR-0040,09/07/2025,USD,71386.65,4315.76,5543.21,71386.65
PT006717,TR-0595,26/07/2024,EUR,81832.23,6296.99,15115.38,81832.23
PT005214,TR-0463,07/01/2026,USD,312251.87,18928.08,60551.61,312251.87
PT004967,TR-0439,08/09/2026,USD,258217.08,15728.8,50176.75,189359.19
PT000791,TR-0072,22/09/2024,USD,41079.98,4527.82,3269.61,41079.98
PT006837,TR-0606,16/03/2026,GBP,40191.32,2636.92,9652.17,40191.32
PT003608,TR-0321,11/04/2025,USD,161742.36,8935.38,39083.25,161742.36
PT003823,TR-0340,03/09/2021,USD,104005.14,11392.65,5817.45,104005.14
PT002261,TR-0201,24/06/2026,USD,52479.91,3681.29,13028.32,52479.91
PT007348,TR-0651,14/01/2025,USD,31970.25,2906.77,2027.68,31970.25
PT002809,TR-0250,16/01/2023,EUR,87580.61,6477.36,24698.01,87580.61
PT005051,TR-0448,01/12/2024,EUR,64220.71,5761.78,4905.79,64220.71
PT003519,TR-0311,26/05/2025,INR,13837771.97,1137026.21,710686.25,13837771.97
PT004747,TR-0421,12/01/2023,USD,94269.31,5440.4,7802.29,94269.31
PT000734,TR-0067,27/04/2024,INR,29066660.44,1877315.43,8575437.97,29066660.44
PT007799,TR-0691,10/07/2026,USD,110922.14,11699.3,12913.46,110922.14
PT004476,TR-0398,17/01/2025,EUR,96270.43,9614.88,23450.44,96270.43
PT006709,TR-0594,26/03/2026,EUR,75326.19,3779.91,21859.38,75326.19
PT003959,TR-0351,15/11/2023,INR,15711889.5,956811.08,4111380.8,15711889.5
PT002134,TR-0191,14/06/2022,USD,125958.71,6581.4,25109.52,125958.71
PT005053,TR-0448,01/02/2025,EUR,64220.71,5761.78,4905.79,64220.71
PT004268,TR-0379,01/05/2026,USD,36976.93,3564.76,2763.03,36976.93
PT001945,TR-0175,10/06/2021,USD,104485.16,10219.8,11217.69,104485.16
PT002280,TR-0204,18/05/2025,USD,117742.81,9445.05,29681.04,117742.81
PT000660,TR-0060,01/08/2026,USD,40602.46,2762.86,2712.89,40602.46
PT002431,TR-0217,01/08/2021,EUR,110293.09,6221.54,32669.62,110293.09
PT003752,TR-0334,28/05/2023,USD,119582.26,13029.32,20217.47,119582.26
PT002529,TR-0225,12/08/2024,EUR,37988.31,3099.5,2578.0,37988.31
PT006217,TR-0550,19/07/2025,USD,70481.65,5886.74,19550.06,70481.65
PT005191,TR-0460,01/01/2025,EUR,201374.05,11594.34,23460.56,201374.05
PT007259,TR-0643,27/09/2025,EUR,171145.2,9877.78,15839.5,171145.2
PT007000,TR-0620,17/06/2026,USD,91719.89,8938.15,25809.48,91719.89
PT006316,TR-0558,14/09/2021,USD,100485.76,10623.18,28727.27,100485.76
PT000643,TR-0059,09/01/2023,USD,231399.98,26353.46,21810.41,231399.98
PT000169,TR-0015,21/04/2025,USD,205901.52,16755.69,56745.83,205901.52
PT001518,TR-0138,12/01/2026,USD,162801.26,9812.36,8622.64,162801.26
PT001801,TR-0162,28/04/2026,USD,147633.93,8096.2,13248.99,147633.93
PT006219,TR-0550,19/09/2025,USD,70481.65,5886.74,19550.06,70481.65
PT003395,TR-0300,24/06/2025,USD,323465.09,23267.74,58876.71,323465.09
PT001918,TR-0172,02/03/2026,EUR,51744.13,3390.36,15900.9,51744.13
PT000273,TR-0024,11/01/2026,USD,146627.78,16084.29,14224.79,146627.78
PT005312,TR-0471,18/05/2026,EUR,77216.42,6751.51,19626.13,77216.42
PT002469,TR-0220,19/10/2025,EUR,34448.86,3610.19,3860.31,34448.86
PT005215,TR-0463,07/02/2026,USD,312251.87,18928.08,60551.61,312251.87
PT007723,TR-0684,17/05/2025,USD,126599.55,11035.73,19786.65,126599.55
PT007591,TR-0672,26/11/2022,USD,378300.57,22626.57,103441.96,378300.57
PT001067,TR-0097,26/06/2025,EUR,39571.24,4060.98,3273.49,39571.24
PT006201,TR-0549,31/08/2025,USD,48465.38,3129.5,15295.14,48465.38
PT000495,TR-0043,23/08/2024,EUR,147379.83,11260.47,17018.94,147379.83
PT004912,TR-0435,26/04/2023,USD,110380.5,6058.64,28401.07,110380.5
PT001913,TR-0172,02/10/2025,EUR,51744.13,3390.36,15900.9,51744.13
PT003647,TR-0324,14/05/2024,USD,463519.43,50432.76,41052.76,463519.43
PT000039,TR-0005,11/11/2025,USD,64093.86,3436.46,15371.02,64093.86
PT000307,TR-0027,18/07/2021,USD,55736.25,6286.48,5720.62,55736.25
PT003741,TR-0333,19/08/2021,USD,311979.04,22071.62,55779.26,311979.04
PT004103,TR-0364,28/12/2023,EUR,135352.14,11510.68,6918.41,135352.14
PT003153,TR-0279,14/02/2025,EUR,73796.66,7605.59,13993.42,73796.66
PT006553,TR-0580,28/04/2026,EUR,159740.53,18120.18,13377.91,159740.53
PT002830,TR-0252,11/09/2023,USD,111248.59,8184.22,8399.86,111248.59
PT000782,TR-0071,03/05/2025,EUR,107052.24,12363.24,30470.18,107052.24
PT005287,TR-0469,05/10/2024,USD,25087.82,2721.06,1601.7,25087.82
PT000535,TR-0047,30/04/2022,USD,89508.76,9237.4,6801.56,89508.76
PT000584,TR-0052,15/07/2026,USD,63690.42,5137.22,17977.95,63690.42
PT007155,TR-0634,17/09/2025,USD,86475.79,6479.81,5506.45,86475.79
PT004144,TR-0368,08/09/2023,GBP,72983.35,5147.97,22524.26,72983.35
PT004419,TR-0392,25/03/2022,USD,313220.46,37393.51,79080.4,313220.46
PT003797,TR-0337,24/07/2023,USD,17939.99,1871.29,1982.58,17939.99
PT007690,TR-0681,08/02/2026,USD,137611.6,11597.82,7220.88,137611.6
PT007878,TR-0699,13/10/2023,USD,324235.24,22202.35,30298.2,324235.24
PT002862,TR-0254,21/05/2024,USD,109602.92,8849.87,32804.38,109602.92
PT000317,TR-0028,11/06/2026,USD,74814.37,8319.51,5004.79,74814.37
PT002198,TR-0196,17/09/2022,EUR,21307.55,1848.57,2362.54,21307.55
PT006511,TR-0575,23/12/2025,USD,30879.36,2238.49,3206.94,30879.36
PT002565,TR-0229,01/06/2022,USD,45460.25,4548.06,11420.08,45460.25
PT007247,TR-0642,29/08/2022,EUR,386250.35,44210.87,40499.59,386250.35
PT900071,TR-0301,23/06/2025,USD,21863.27,1654.41,1490.77,21863.27
PT001795,TR-0162,28/10/2025,USD,147633.93,8096.2,13248.99,147633.93
PT006678,TR-0591,14/05/2023,USD,92498.11,7243.65,6562.69,92498.11
PT007469,TR-0661,06/03/2026,EUR,122966.62,14533.03,14255.91,122966.62
PT006824,TR-0604,27/03/2023,EUR,54364.47,4042.04,16574.27,54364.47
PT000272,TR-0024,11/12/2025,USD,146627.78,16084.29,14224.79,146627.78
PT000549,TR-0048,10/09/2026,EUR,89187.7,8893.54,27170.84,59458.47
PT001693,TR-0153,23/01/2024,USD,155105.71,8776.11,35164.88,155105.71
PT005816,TR-0514,06/06/2021,USD,94523.62,8172.93,18853.85,94523.62
PT003526,TR-0312,11/06/2026,USD,77520.44,4567.27,7424.84,77520.44
PT003013,TR-0267,28/10/2022,USD,242972.79,13958.11,23585.56,242972.79
PT007701,TR-0682,26/06/2022,USD,82125.15,4329.69,6520.91,82125.15
PT007720,TR-0683,20/04/2026,USD,91024.39,4803.71,4908.81,91024.39
PT002391,TR-0213,23/09/2026,USD,66395.1,5986.79,10812.94,15492.19
PT003877,TR-0344,14/04/2026,USD,139716.8,8577.56,12618.02,139716.8
PT004695,TR-0416,30/11/2022,USD,31871.84,3672.14,3261.3,31871.84
PT005786,TR-0511,21/03/2022,USD,334493.39,22458.58,77322.03,334493.39
PT000895,TR-0081,29/09/2024,EUR,15432.1,1676.55,899.51,15432.1
PT005664,TR-0501,27/05/2026,USD,76078.73,3869.15,18723.02,76078.73
PT005872,TR-0519,14/10/2024,EUR,28723.2,2923.81,7213.51,28723.2
PT004667,TR-0414,15/04/2025,USD,62180.47,4664.26,19590.88,62180.47
PT002000,TR-0180,03/10/2024,EUR,67795.64,6608.84,3536.87,67795.64
PT002123,TR-0190,26/08/2023,USD,60568.52,6162.37,3679.2,60568.52
PT004158,TR-0369,11/04/2024,USD,179253.01,13824.9,48744.52,179253.01
PT001248,TR-0113,11/08/2022,INR,6186183.55,616769.81,1843031.07,6186183.55
PT004488,TR-0399,28/08/2021,USD,191901.87,16437.79,13105.15,191901.87
PT001260,TR-0114,14/01/2025,USD,588038.38,35206.98,62815.83,588038.38
PT000810,TR-0073,19/12/2021,EUR,751256.97,43627.63,232015.61,751256.97
PT006389,TR-0564,15/04/2026,INR,23516127.75,2211072.71,2101638.06,23516127.75
PT001050,TR-0096,01/10/2022,EUR,33626.26,2813.8,8434.59,33626.26
PT001879,TR-0169,14/11/2024,EUR,50990.54,2794.46,9599.79,50990.54
PT002880,TR-0256,14/02/2026,USD,85424.88,5043.45,4286.06,85424.88
PT000108,TR-0010,12/06/2024,USD,154845.94,8133.16,14119.08,154845.94
PT006250,TR-0553,21/04/2025,USD,377837.2,30062.44,115287.92,377837.2
PT000674,TR-0062,03/02/2026,USD,53697.94,5657.17,16823.03,53697.94
PT006787,TR-0601,23/04/2026,EUR,383225.56,42324.93,105000.69,383225.56
PT900127,TR-0599,05/06/2025,USD,18411.08,1330.09,4802.26,18411.08
PT004762,TR-0422,11/09/2022,USD,456262.98,32597.36,31810.22,456262.98
PT004606,TR-0409,01/09/2025,EUR,51017.36,3678.29,15736.3,51017.36
PT006276,TR-0555,07/02/2026,USD,43206.08,5047.19,4606.21,43206.08
PT006902,TR-0611,03/02/2024,USD,23524.14,1352.52,1291.25,23524.14
PT005737,TR-0507,19/03/2023,USD,94073.51,8763.93,24818.27,94073.51
PT006589,TR-0583,06/09/2026,GBP,49373.19,4999.91,4755.78,39498.55
PT005456,TR-0483,20/01/2026,USD,38196.24,2004.43,2501.49,38196.24
PT001533,TR-0139,19/01/2022,EUR,42016.75,4881.47,3497.53,42016.75
PT004963,TR-0439,08/05/2026,USD,258217.08,15728.8,50176.75,258217.08
PT001856,TR-0167,24/12/2023,USD,232594.41,24529.16,36330.38,232594.41
PT005833,TR-0516,21/03/2024,USD,222239.07,18226.64,17889.86,222239.07
PT000212,TR-0019,12/01/2025,USD,60862.42,3074.28,19034.48,60862.42
PT003148,TR-0278,13/03/2023,USD,182548.19,15677.0,46128.46,182548.19
PT005157,TR-0457,05/07/2023,USD,72334.97,5795.18,5924.37,72334.97
PT002257,TR-0201,24/02/2026,USD,52479.91,3681.29,13028.32,52479.91
PT002106,TR-0188,30/06/2026,USD,29736.13,2312.24,1707.33,29736.13
PT003269,TR-0289,04/12/2024,USD,150696.38,16082.38,25618.89,150696.38
PT007666,TR-0678,07/06/2024,INR,18666790.64,1489528.56,2994127.15,18666790.64
PT001974,TR-0177,13/11/2022,USD,42468.93,2572.32,3217.72,42468.93
PT004686,TR-0415,14/04/2024,INR,17823594.36,1912634.37,1052331.63,17823594.36
PT007845,TR-0695,05/08/2025,EUR,110821.3,6241.81,28674.14,110821.3
PT001502,TR-0136,17/06/2024,USD,89893.73,7367.54,23136.11,89893.73
PT004183,TR-0371,05/12/2022,USD,56644.81,6315.15,17496.38,56644.81
PT000647,TR-0059,09/05/2023,USD,231399.98,26353.46,21810.41,231399.98
PT003634,TR-0323,08/01/2024,USD,87122.53,10056.82,9355.37,87122.53
PT000772,TR-0070,15/01/2025,USD,105633.2,9140.89,8131.21,105633.2
PT000704,TR-0065,27/03/2023,INR,8489254.35,741695.98,481567.1,8489254.35
PT003588,TR-0318,24/10/2025,EUR,371927.95,20435.79,32414.62,371927.95
PT001250,TR-0113,11/10/2022,INR,6186183.55,616769.81,1843031.07,6186183.55
PT004805,TR-0425,25/01/2023,USD,112754.78,7016.49,32364.73,112754.78
PT002473,TR-0220,19/02/2026,EUR,34448.86,3610.19,3860.31,34448.86
PT007163,TR-0635,20/07/2025,EUR,68210.38,3621.52,11112.86,68210.38
PT007553,TR-0669,10/06/2022,USD,107508.6,10354.64,29073.6,107508.6
PT006683,TR-0591,14/10/2023,USD,92498.11,7243.65,6562.69,92498.11
PT001861,TR-0167,24/05/2024,USD,232594.41,24529.16,36330.38,232594.41
PT007638,TR-0676,07/04/2022,USD,84894.67,4885.43,4275.73,84894.67
PT006225,TR-0551,06/04/2021,EUR,262779.64,19346.78,64920.23,262779.64
PT000710,TR-0065,27/09/2023,INR,8489254.35,741695.98,481567.1,8489254.35
PT002673,TR-0238,29/06/2023,USD,34833.41,3472.71,8151.64,34833.41
PT004515,TR-0401,26/11/2024,USD,99938.38,11119.84,25263.23,99938.38
PT001462,TR-0133,05/05/2025,INR,3085858.7,303972.08,287929.88,3085858.7
PT001485,TR-0135,03/04/2026,EUR,65642.01,4598.98,6441.28,65642.01
PT002546,TR-0226,26/06/2025,USD,138385.55,12167.09,35028.86,138385.55
PT000231,TR-0021,25/09/2023,USD,142515.67,8361.52,26605.92,142515.67
PT001357,TR-0123,03/05/2023,USD,115963.04,13371.16,36995.43,115963.04
PT003012,TR-0267,28/09/2022,USD,242972.79,13958.11,23585.56,242972.79
PT000852,TR-0077,18/05/2024,USD,112906.87,7679.88,29232.68,112906.87
PT001005,TR-0091,04/03/2024,USD,235117.14,20306.71,55696.27,235117.14
PT001997,TR-0179,11/07/2025,USD,239867.29,16929.17,61772.5,239867.29
PT001835,TR-0165,31/03/2024,EUR,85843.2,7910.31,6485.74,85843.2
PT003974,TR-0352,29/06/2024,USD,463761.29,33137.43,51590.11,463761.29
PT007672,TR-0679,18/08/2026,USD,72084.95,5368.3,20824.0,72084.95
PT004533,TR-0403,25/12/2025,USD,54050.68,4910.21,14314.55,54050.68
PT001317,TR-0119,03/02/2024,USD,41475.8,3445.76,10107.91,41475.8
PT003328,TR-0293,05/04/2022,EUR,178537.8,12617.79,55020.34,178537.8
PT001624,TR-0147,05/03/2022,USD,63597.51,5023.72,17822.63,63597.51
PT001481,TR-0134,04/01/2022,USD,61558.27,5318.94,18182.9,61558.27
PT003834,TR-0341,09/10/2025,USD,64585.74,3636.43,16257.01,64585.74
PT005745,TR-0508,23/05/2025,USD,44656.27,4798.38,5261.57,44656.27
PT005100,TR-0453,08/09/2021,USD,905854.14,101181.38,54066.76,905854.14
PT001279,TR-0116,14/04/2025,INR,8999544.15,556891.68,667986.37,8999544.15
PT003081,TR-0273,14/08/2023,EUR,66011.95,4008.05,20353.76,66011.95
PT001824,TR-0164,26/11/2024,EUR,109259.88,10703.65,16671.69,109259.88
PT001054,TR-0096,01/02/2023,EUR,33626.26,2813.8,8434.59,33626.26
PT004146,TR-0368,08/11/2023,GBP,72983.35,5147.97,22524.26,72983.35
PT005933,TR-0524,26/01/2026,USD,89971.66,7949.52,28585.0,89971.66
PT000476,TR-0042,27/10/2021,EUR,78219.92,5976.01,7982.5,78219.92
PT006449,TR-0569,16/12/2023,USD,252654.55,20173.13,74045.68,252654.55
PT002283,TR-0204,18/08/2025,USD,117742.81,9445.05,29681.04,117742.81
PT003712,TR-0330,31/01/2025,USD,30616.55,3130.91,3198.85,30616.55
PT003147,TR-0278,13/02/2023,USD,182548.19,15677.0,46128.46,182548.19
PT005643,TR-0499,28/11/2022,EUR,58702.63,4585.05,17935.48,58702.63
PT000336,TR-0030,13/01/2025,USD,81309.53,4438.45,4651.73,81309.53
PT002618,TR-0233,05/10/2025,USD,205917.56,21692.47,11670.32,205917.56
PT003663,TR-0326,23/07/2023,USD,47847.46,4589.37,8420.16,47847.46
PT000089,TR-0009,02/09/2023,USD,289009.6,16862.33,22624.37,289009.6
PT000875,TR-0079,24/12/2025,USD,21059.12,1885.96,2348.38,21059.12
PT007519,TR-0665,18/09/2024,USD,99102.04,10349.65,8816.75,99102.04
PT000544,TR-0048,10/04/2026,EUR,89187.7,8893.54,27170.84,89187.7
PT005338,TR-0474,19/08/2021,USD,223220.23,21354.72,64495.84,223220.23
PT003001,TR-0266,02/12/2022,USD,161795.9,11720.64,49999.11,161795.9
PT002761,TR-0245,17/09/2022,EUR,21180.19,2047.86,5414.33,21180.19
PT900124,TR-0584,01/06/2025,USD,16666.67,1648.01,2986.37,16666.67
PT001881,TR-0169,14/01/2025,EUR,50990.54,2794.46,9599.79,50990.54
PT007888,TR-0699,13/08/2024,USD,324235.24,22202.35,30298.2,324235.24
PT000927,TR-0084,30/03/2023,USD,167829.37,18999.84,53012.39,167829.37
PT006366,TR-0562,07/08/2024,USD,71602.38,7690.42,19204.19,71602.38
PT000320,TR-0028,11/09/2026,USD,74814.37,8319.51,5004.79,47382.43
PT004616,TR-0410,29/11/2021,USD,285909.27,28239.09,18626.41,285909.27
PT006031,TR-0533,23/10/2024,USD,417453.7,28596.79,125312.3,417453.7
PT000879,TR-0080,24/04/2025,EUR,134471.76,10248.43,21432.17,134471.76
PT006774,TR-0600,15/06/2025,USD,133469.55,10158.65,8364.09,133469.55
PT003995,TR-0354,13/12/2022,USD,283479.26,27441.07,31130.81,283479.26
PT004922,TR-0436,06/03/2025,USD,143833.62,15790.95,42423.4,143833.62
PT003247,TR-0287,02/05/2022,EUR,148591.62,17341.39,34347.27,148591.62
PT005387,TR-0478,04/01/2023,USD,95633.43,6439.71,29130.43,95633.43
PT003079,TR-0273,14/06/2023,EUR,66011.95,4008.05,20353.76,66011.95
PT003762,TR-0335,08/01/2024,USD,98458.37,7177.81,22103.33,98458.37
PT004731,TR-0419,24/01/2022,USD,22504.6,1617.69,1774.43,22504.6
PT007403,TR-0655,02/12/2022,EUR,81858.6,7338.19,6437.35,81858.6
PT004235,TR-0376,28/02/2023,USD,62508.05,4156.54,14744.08,62508.05
PT004260,TR-0378,27/07/2026,INR,2503902.79,143265.71,627778.79,2503902.79
PT001619,TR-0146,04/08/2026,EUR,127510.43,7217.59,13573.22,127510.43
PT003727,TR-0332,24/03/2021,EUR,105423.26,6649.28,6956.94,105423.26
PT007807,TR-0692,11/04/2024,EUR,81710.65,9521.23,8211.41,81710.65
PT005888,TR-0521,03/10/2024,USD,192812.14,14528.12,42703.02,192812.14
PT001046,TR-0095,29/05/2026,USD,99203.62,11090.75,23356.73,99203.62
PT005057,TR-0448,01/06/2025,EUR,64220.71,5761.78,4905.79,64220.71
PT001751,TR-0158,23/11/2025,USD,48036.85,4454.77,5670.51,48036.85
PT005152,TR-0457,05/02/2023,USD,72334.97,5795.18,5924.37,72334.97
PT003879,TR-0344,14/06/2026,USD,139716.8,8577.56,12618.02,139716.8
PT005865,TR-0519,14/03/2024,EUR,28723.2,2923.81,7213.51,28723.2
PT005601,TR-0496,05/07/2025,USD,121892.83,13916.04,32505.24,121892.83
PT003918,TR-0348,08/05/2024,USD,53506.37,6190.83,14710.6,53506.37
PT005190,TR-0460,01/12/2024,EUR,201374.05,11594.34,23460.56,201374.05
PT001044,TR-0095,29/03/2026,USD,99203.62,11090.75,23356.73,99203.62
PT003011,TR-0267,28/08/2022,USD,242972.79,13958.11,23585.56,242972.79
PT005156,TR-0457,05/06/2023,USD,72334.97,5795.18,5924.37,72334.97
PT006778,TR-0600,15/10/2025,USD,133469.55,10158.65,8364.09,133469.55
PT003291,TR-0290,22/12/2023,USD,81373.4,6269.51,6981.14,81373.4
PT007656,TR-0677,05/12/2023,USD,100715.03,6782.36,22735.4,100715.03
PT004752,TR-0421,12/06/2023,USD,94269.31,5440.4,7802.29,94269.31
PT002065,TR-0185,19/09/2024,EUR,365810.37,32917.42,24137.46,365810.37
PT002965,TR-0263,30/06/2026,EUR,38545.79,2126.18,2619.85,38545.79
PT000642,TR-0058,07/09/2026,USD,18286.12,1426.4,4609.0,14019.36
PT000138,TR-0013,27/02/2026,USD,91469.85,6957.04,22994.54,91469.85
PT000881,TR-0080,24/06/2025,EUR,134471.76,10248.43,21432.17,134471.76
PT001977,TR-0178,29/11/2025,USD,120341.02,9195.22,14087.9,120341.02
PT001582,TR-0143,15/08/2025,USD,122124.19,7498.42,12206.44,122124.19
PT004794,TR-0424,06/12/2024,USD,348422.41,24441.94,33784.6,348422.41
PT001098,TR-0100,17/09/2021,USD,220557.92,15166.88,15881.13,220557.92
PT006980,TR-0618,08/03/2024,EUR,47369.19,3350.13,2384.21,47369.19
PT007500,TR-0664,16/02/2022,USD,213681.59,21285.6,24773.7,213681.59
PT006550,TR-0579,07/09/2026,USD,81622.23,5876.12,23199.14,62577.04
PT006593,TR-0584,01/10/2024,USD,16666.67,1648.01,2986.37,16666.67
PT001393,TR-0126,24/10/2023,USD,67627.15,4116.99,6135.2,67627.15
PT002084,TR-0187,19/06/2025,INR,9029511.21,986420.02,912510.96,9029511.21
PT001267,TR-0114,14/08/2025,USD,588038.38,35206.98,62815.83,588038.38
PT006472,TR-0571,22/05/2024,USD,36495.53,3294.75,2227.51,36495.53
PT006462,TR-0570,11/02/2024,INR,20031946.79,1401308.96,5385091.88,20031946.79
PT004232,TR-0376,28/11/2022,USD,62508.05,4156.54,14744.08,62508.05
PT005266,TR-0467,03/06/2023,EUR,231313.34,12677.7,55121.71,231313.34
PT002575,TR-0230,25/04/2021,USD,550925.07,29095.85,65516.53,550925.07
PT002136,TR-0191,14/08/2022,USD,125958.71,6581.4,25109.52,125958.71
PT001504,TR-0137,01/05/2023,USD,94166.78,10920.36,7485.28,94166.78
PT005459,TR-0484,10/03/2024,EUR,322291.88,37965.61,35034.45,322291.88
PT007179,TR-0636,19/03/2023,EUR,76004.03,6528.56,21156.22,76004.03
PT003368,TR-0298,30/09/2025,EUR,72094.16,8296.87,16959.91,72094.16
PT003730,TR-0332,24/06/2021,EUR,105423.26,6649.28,6956.94,105423.26
PT000149,TR-0014,08/02/2022,USD,16666.67,1581.04,2759.14,16666.67
PT000304,TR-0027,18/04/2021,USD,55736.25,6286.48,5720.62,55736.25
PT005114,TR-0454,19/10/2023,USD,111399.74,11630.42,18228.16,111399.74
PT001925,TR-0173,15/02/2025,USD,68172.95,4091.09,5165.89,68172.95
PT005149,TR-0457,05/11/2022,USD,72334.97,5795.18,5924.37,72334.97
PT007670,TR-0679,18/06/2026,USD,72084.95,5368.3,20824.0,72084.95
PT006510,TR-0575,23/11/2025,USD,30879.36,2238.49,3206.94,30879.36
PT002638,TR-0235,18/10/2022,USD,69568.86,8124.78,4278.33,69568.86
PT007593,TR-0672,26/01/2023,USD,378300.57,22626.57,103441.96,378300.57
PT001905,TR-0171,28/02/2023,USD,28457.63,2732.31,2228.21,28457.63
PT007483,TR-0662,07/09/2026,USD,98240.33,8375.71,9439.69,75317.59
PT004295,TR-0381,15/01/2025,USD,196717.43,18224.67,21941.46,196717.43
PT003843,TR-0341,09/07/2026,USD,64585.74,3636.43,16257.01,64585.74
PT007117,TR-0631,10/06/2023,USD,36017.19,2058.13,2236.99,36017.19
PT001769,TR-0160,07/07/2024,USD,186346.27,19284.1,29635.64,186346.27
PT002876,TR-0256,14/10/2025,USD,85424.88,5043.45,4286.06,85424.88
PT002241,TR-0200,30/08/2025,USD,942775.26,59269.05,63291.85,942775.26
PT004501,TR-0400,26/12/2025,USD,374847.6,29937.0,110644.75,374847.6
PT900102,TR-0471,18/06/2025,EUR,77216.42,6751.51,19626.13,77216.42
PT900128,TR-0600,15/06/2025,USD,133469.55,10158.65,8364.09,133469.55
PT000484,TR-0042,27/06/2022,EUR,78219.92,5976.01,7982.5,78219.92
PT005279,TR-0468,11/04/2022,USD,196119.25,10716.9,52787.65,196119.25
PT005436,TR-0482,18/08/2023,USD,151505.21,8151.24,26378.52,151505.21
PT001281,TR-0116,14/06/2025,INR,8999544.15,556891.68,667986.37,8999544.15
PT005128,TR-0455,18/04/2024,USD,111249.39,5920.2,11943.51,111249.39
PT003681,TR-0328,08/09/2024,USD,59138.66,3765.18,16038.65,59138.66
PT000792,TR-0072,22/10/2024,USD,41079.98,4527.82,3269.61,41079.98
PT004896,TR-0434,28/12/2022,EUR,104107.79,9207.28,11537.17,104107.79
PT006529,TR-0577,05/11/2025,EUR,515142.53,61552.13,127897.05,515142.53
PT006895,TR-0611,03/07/2023,USD,23524.14,1352.52,1291.25,23524.14
PT001202,TR-0109,23/07/2022,USD,105427.91,10274.8,7092.21,105427.91
PT004519,TR-0401,26/03/2025,USD,99938.38,11119.84,25263.23,99938.38
PT003913,TR-0347,07/04/2025,EUR,71924.04,8496.24,11945.97,71924.04
PT002363,TR-0211,13/12/2024,USD,65590.84,4581.66,14503.36,65590.84
PT900097,TR-0448,01/06/2025,EUR,64220.71,5761.78,4905.79,64220.71
PT003070,TR-0272,20/06/2024,USD,382220.9,21579.44,107600.37,382220.9
PT003430,TR-0303,18/04/2025,USD,30881.94,2451.29,1935.39,30881.94
PT005980,TR-0528,08/10/2022,USD,28430.93,1451.35,4961.04,28430.93
PT900064,TR-0284,11/06/2025,EUR,1166895.94,123284.79,114345.83,1166895.94
PT007779,TR-0689,24/10/2022,GBP,380970.84,27870.26,42659.58,380970.84
PT005576,TR-0494,04/12/2025,GBP,64363.54,6142.65,15413.02,64363.54
PT002592,TR-0231,14/09/2021,USD,222276.24,13343.45,52763.42,222276.24
PT006025,TR-0533,23/04/2024,USD,417453.7,28596.79,125312.3,417453.7
PT002711,TR-0241,30/01/2024,USD,110607.31,12757.14,16933.35,110607.31
PT005717,TR-0506,19/03/2021,EUR,39922.23,4382.82,9742.16,39922.23
PT001530,TR-0139,19/10/2021,EUR,42016.75,4881.47,3497.53,42016.75
PT004999,TR-0443,27/08/2024,USD,174851.14,14433.96,20927.38,174851.14
PT002810,TR-0250,16/02/2023,EUR,87580.61,6477.36,24698.01,87580.61
PT000686,TR-0063,13/10/2024,EUR,29086.62,3489.22,8005.18,29086.62
PT001552,TR-0141,12/07/2024,USD,354720.62,34491.93,91937.83,354720.62
PT007688,TR-0681,08/12/2025,USD,137611.6,11597.82,7220.88,137611.6
PT004256,TR-0378,27/03/2026,INR,2503902.79,143265.71,627778.79,2503902.79
PT005096,TR-0452,28/08/2026,USD,62409.29,6822.24,18989.66,62409.29
PT003872,TR-0344,14/11/2025,USD,139716.8,8577.56,12618.02,139716.8
PT005123,TR-0455,18/11/2023,USD,111249.39,5920.2,11943.51,111249.39
PT000561,TR-0049,29/02/2024,USD,182970.01,15432.16,57452.93,182970.01
PT002251,TR-0200,30/06/2026,USD,942775.26,59269.05,63291.85,942775.26
PT007514,TR-0665,18/04/2024,USD,99102.04,10349.65,8816.75,99102.04
PT003501,TR-0310,14/10/2025,USD,160563.84,8827.18,42357.17,160563.84
PT002690,TR-0239,31/03/2025,USD,298312.51,28039.4,66631.38,298312.51
PT004209,TR-0373,20/08/2026,USD,81218.91,6818.1,25013.61,81218.91
PT007837,TR-0694,07/12/2025,USD,246554.18,22639.45,14915.53,246554.18
PT003380,TR-0299,03/07/2024,INR,9826186.48,1039145.41,624326.17,9826186.48
PT003194,TR-0282,14/03/2023,USD,121339.65,9726.82,19035.5,121339.65
PT001447,TR-0131,20/09/2026,EUR,55644.95,3380.46,5176.74,18548.32
PT001953,TR-0176,13/01/2022,USD,82816.94,4701.74,15082.28,82816.94
PT000923,TR-0083,12/04/2023,INR,18267778.74,1746707.69,5749454.17,18267778.74
PT001625,TR-0147,05/04/2022,USD,63597.51,5023.72,17822.63,63597.51
PT000311,TR-0027,18/11/2021,USD,55736.25,6286.48,5720.62,55736.25
PT006950,TR-0615,10/02/2022,EUR,241995.95,14635.49,69188.99,241995.95
PT007700,TR-0682,26/05/2022,USD,82125.15,4329.69,6520.91,82125.15
PT001320,TR-0119,03/05/2024,USD,41475.8,3445.76,10107.91,41475.8
PT003532,TR-0313,26/08/2026,USD,221576.51,24043.7,59675.98,221576.51
PT001664,TR-0150,24/10/2022,USD,340211.84,36441.14,78765.37,340211.84
PT000816,TR-0074,17/04/2026,USD,349428.89,31581.48,25394.94,349428.89
PT007296,TR-0646,02/02/2026,EUR,155116.13,9460.16,28938.56,155116.13
PT002267,TR-0203,12/01/2025,INR,6759740.53,616133.69,2019094.71,6759740.53
PT001474,TR-0134,04/06/2021,USD,61558.27,5318.94,18182.9,61558.27
PT001774,TR-0160,07/12/2024,USD,186346.27,19284.1,29635.64,186346.27
PT004776,TR-0423,23/02/2026,USD,320347.69,24300.72,22697.03,320347.69
PT007420,TR-0657,11/06/2024,USD,134067.74,14448.71,21246.07,134067.74
PT001094,TR-0099,30/06/2026,USD,81331.03,7301.23,6880.77,81331.03
PT004177,TR-0370,03/07/2025,EUR,147697.81,9711.38,11456.69,147697.81
PT001951,TR-0175,10/12/2021,USD,104485.16,10219.8,11217.69,104485.16
PT006757,TR-0599,05/12/2024,USD,18411.08,1330.09,4802.26,18411.08
PT003885,TR-0345,15/02/2023,EUR,57092.55,5540.32,16430.69,57092.55
PT007268,TR-0644,30/01/2025,USD,74853.06,4125.74,14760.53,74853.06
PT007513,TR-0665,18/03/2024,USD,99102.04,10349.65,8816.75,99102.04
PT002801,TR-0249,05/09/2025,USD,252877.99,21600.4,21776.06,252877.99
PT001240,TR-0112,01/05/2023,USD,73860.72,8579.69,3852.76,73860.72
PT000330,TR-0029,26/11/2025,USD,101233.74,6373.93,10834.51,101233.74
PT003103,TR-0275,22/11/2024,USD,100845.39,10385.5,11832.39,100845.39
PT000243,TR-0022,14/12/2024,INR,11939174.62,1369770.96,1841509.8,11939174.62
PT007528,TR-0666,07/09/2024,GBP,148673.21,17424.74,10431.36,148673.21
PT004738,TR-0420,17/09/2023,EUR,108514.56,6281.92,17660.21,108514.56
PT004793,TR-0424,06/11/2024,USD,348422.41,24441.94,33784.6,348422.41
PT002258,TR-0201,24/03/2026,USD,52479.91,3681.29,13028.32,52479.91
PT006647,TR-0588,03/10/2022,EUR,187361.8,10946.03,36106.87,187361.8
PT002819,TR-0251,10/03/2023,EUR,170847.05,11507.08,51623.37,170847.05
PT003825,TR-0340,03/11/2021,USD,104005.14,11392.65,5817.45,104005.14
PT000754,TR-0069,15/08/2025,USD,42534.31,4242.26,3766.99,42534.31
PT004532,TR-0402,15/11/2024,INR,10115278.79,773680.46,1183805.95,10115278.79
PT001564,TR-0142,21/05/2023,EUR,56454.58,4777.3,15648.93,56454.58
PT001935,TR-0174,03/04/2026,USD,548983.18,50839.24,165558.54,548983.18
PT007709,TR-0682,26/02/2023,USD,82125.15,4329.69,6520.91,82125.15
PT003494,TR-0309,15/07/2021,EUR,31671.91,2635.39,1657.83,31671.91
PT003023,TR-0268,11/09/2023,USD,62056.41,6646.76,18645.13,62056.41
PT005809,TR-0513,11/07/2025,USD,206673.62,13315.27,61875.66,206673.62
PT004648,TR-0412,20/01/2024,EUR,63811.93,4774.78,15322.55,63811.93
PT002649,TR-0236,28/01/2024,USD,55405.03,6180.97,9851.62,55405.03
PT001857,TR-0167,24/01/2024,USD,232594.41,24529.16,36330.38,232594.41
PT004698,TR-0416,28/02/2023,USD,31871.84,3672.14,3261.3,31871.84
PT003564,TR-0316,29/03/2022,USD,90076.31,4710.36,25250.23,90076.31
PT001965,TR-0177,13/02/2022,USD,42468.93,2572.32,3217.72,42468.93
PT001014,TR-0091,04/12/2024,USD,235117.14,20306.71,55696.27,235117.14
PT005835,TR-0516,21/05/2024,USD,222239.07,18226.64,17889.86,222239.07
PT001428,TR-0129,08/11/2024,USD,47242.56,2502.85,3933.02,47242.56
PT006109,TR-0541,12/09/2021,USD,196205.65,14162.1,62173.92,196205.65
PT003323,TR-0293,05/11/2021,EUR,178537.8,12617.79,55020.34,178537.8
PT005483,TR-0486,11/06/2024,USD,67621.99,7385.43,5034.98,67621.99
PT001296,TR-0117,02/06/2023,USD,179453.58,17626.49,54848.37,179453.58
PT000467,TR-0041,01/04/2023,USD,152899.67,15470.31,44853.04,152899.67
PT004029,TR-0357,18/06/2023,INR,29280238.46,2167566.87,7200844.54,29280238.46
PT005596,TR-0495,11/05/2026,INR,22888129.72,1691128.75,2551157.84,22888129.72
PT000175,TR-0016,16/06/2025,USD,441126.28,40165.06,137062.51,441126.28
PT004881,TR-0432,06/01/2024,INR,13961054.36,876627.69,1265269.12,13961054.36
PT000278,TR-0025,16/09/2023,USD,89604.85,10744.7,21394.0,89604.85
PT001070,TR-0097,26/09/2025,EUR,39571.24,4060.98,3273.49,39571.24
PT001549,TR-0140,19/11/2021,EUR,177138.64,12322.49,28863.29,177138.64
PT001025,TR-0093,19/04/2023,USD,88465.05,6576.24,8373.71,88465.05
PT005562,TR-0493,22/02/2022,USD,249402.1,26317.88,70481.55,249402.1
PT006867,TR-0608,20/07/2024,USD,82680.31,6098.48,22186.43,82680.31
PT005037,TR-0447,24/07/2025,EUR,397459.7,28174.4,114735.65,397459.7
PT002835,TR-0252,11/02/2024,USD,111248.59,8184.22,8399.86,111248.59
PT006804,TR-0603,01/01/2025,INR,12289574.96,1115828.68,1398057.06,12289574.96
PT001467,TR-0133,05/10/2025,INR,3085858.7,303972.08,287929.88,3085858.7
PT005420,TR-0480,11/01/2024,EUR,54153.3,5884.93,2992.31,54153.3
PT006772,TR-0600,15/04/2025,USD,133469.55,10158.65,8364.09,133469.55
PT005496,TR-0487,27/05/2025,USD,124090.11,7159.15,8210.18,124090.11
PT007539,TR-0668,19/04/2025,INR,7953107.34,925935.44,809200.6,7953107.34
PT005546,TR-0491,03/03/2025,USD,110583.03,5928.64,9812.9,110583.03
PT005003,TR-0443,27/12/2024,USD,174851.14,14433.96,20927.38,174851.14
PT001714,TR-0155,30/10/2024,USD,58436.4,6643.39,6874.12,58436.4
PT003425,TR-0303,18/11/2024,USD,30881.94,2451.29,1935.39,30881.94
PT002612,TR-0233,05/04/2025,USD,205917.56,21692.47,11670.32,205917.56
PT005992,TR-0529,23/03/2026,USD,931509.25,110697.38,57160.07,931509.25
PT000389,TR-0034,25/06/2023,USD,32386.44,3553.96,3545.04,32386.44
PT002071,TR-0185,19/03/2025,EUR,365810.37,32917.42,24137.46,365810.37
PT003971,TR-0352,29/03/2024,USD,463761.29,33137.43,51590.11,463761.29
PT007109,TR-0631,10/10/2022,USD,36017.19,2058.13,2236.99,36017.19
PT006269,TR-0554,17/10/2022,EUR,15432.1,1553.67,1598.5,15432.1
PT003496,TR-0309,15/09/2021,EUR,31671.91,2635.39,1657.83,31671.91
PT007026,TR-0622,05/09/2023,INR,12205529.65,950620.04,3709117.37,12205529.65
PT002822,TR-0251,10/06/2023,EUR,170847.05,11507.08,51623.37,170847.05
PT004977,TR-0440,24/10/2024,USD,108262.16,6801.01,10566.85,108262.16
PT001425,TR-0129,08/08/2024,USD,47242.56,2502.85,3933.02,47242.56
PT003543,TR-0314,05/11/2021,USD,60214.64,3811.84,18101.91,60214.64
PT900005,TR-0024,11/06/2025,USD,146627.78,16084.29,14224.79,146627.78
PT003575,TR-0317,22/05/2022,USD,151237.27,12948.26,43182.88,151237.27
PT000051,TR-0006,02/02/2022,USD,16666.67,1068.75,4953.51,16666.67
PT001888,TR-0170,22/10/2025,USD,92450.42,7451.41,10815.59,92450.42
PT005799,TR-0513,11/09/2024,USD,206673.62,13315.27,61875.66,206673.62
PT006588,TR-0583,06/08/2026,GBP,49373.19,4999.91,4755.78,49373.19
PT003696,TR-0329,20/03/2025,USD,84586.82,7675.4,26351.14,84586.82
PT004230,TR-0376,28/09/2022,USD,62508.05,4156.54,14744.08,62508.05
PT005202,TR-0462,12/02/2025,GBP,283250.14,16551.36,14363.51,283250.14
PT004800,TR-0425,25/08/2022,USD,112754.78,7016.49,32364.73,112754.78
PT000483,TR-0042,27/05/2022,EUR,78219.92,5976.01,7982.5,78219.92
PT003394,TR-0300,24/05/2025,USD,323465.09,23267.74,58876.71,323465.09
PT005242,TR-0465,22/01/2026,INR,8470587.64,557084.81,2288865.26,8470587.64
PT006135,TR-0543,25/03/2026,USD,83089.93,7227.2,8874.83,83089.93
PT002252,TR-0201,24/09/2025,USD,52479.91,3681.29,13028.32,52479.91
PT004163,TR-0369,11/09/2024,USD,179253.01,13824.9,48744.52,179253.01
PT007737,TR-0685,28/04/2025,EUR,187114.9,16786.77,53131.96,187114.9
PT006878,TR-0609,10/09/2023,USD,57524.85,5486.44,14486.98,57524.85
PT002314,TR-0207,30/05/2022,EUR,211083.13,11860.92,49531.65,211083.13
PT002850,TR-0253,08/11/2024,USD,33238.01,3761.25,3482.01,33238.01
PT007534,TR-0667,02/07/2026,USD,69632.32,7546.75,8198.13,69632.32
PT003104,TR-0275,22/12/2024,USD,100845.39,10385.5,11832.39,100845.39
PT005004,TR-0443,27/01/2025,USD,174851.14,14433.96,20927.38,174851.14
PT004128,TR-0366,09/04/2025,USD,244109.16,19467.39,14871.27,244109.16
PT003868,TR-0343,01/02/2025,USD,118599.13,14150.09,11941.45,118599.13
PT002466,TR-0220,19/07/2025,EUR,34448.86,3610.19,3860.31,34448.86
PT002930,TR-0260,17/03/2023,USD,215371.07,14164.38,50707.93,215371.07
PT006777,TR-0600,15/09/2025,USD,133469.55,10158.65,8364.09,133469.55
PT007820,TR-0693,07/09/2021,USD,42620.19,2540.92,12492.82,42620.19
PT004107,TR-0364,28/04/2024,EUR,135352.14,11510.68,6918.41,135352.14
PT000065,TR-0007,19/10/2025,USD,57256.0,3081.23,13701.6,57256.0
PT007624,TR-0675,14/11/2021,USD,108287.57,6901.07,12510.11,108287.57
PT000777,TR-0071,03/12/2024,EUR,107052.24,12363.24,30470.18,107052.24
PT004174,TR-0370,03/04/2025,EUR,147697.81,9711.38,11456.69,147697.81
PT004588,TR-0407,28/06/2026,GBP,172344.19,12213.78,9128.0,172344.19
PT002735,TR-0243,06/07/2026,USD,309912.87,23450.53,16064.06,309912.87
PT007505,TR-0664,16/07/2022,USD,213681.59,21285.6,24773.7,213681.59
PT002581,TR-0230,25/10/2021,USD,550925.07,29095.85,65516.53,550925.07
PT006210,TR-0549,31/05/2026,USD,48465.38,3129.5,15295.14,48465.38
PT004617,TR-0410,29/12/2021,USD,285909.27,28239.09,18626.41,285909.27
PT003484,TR-0308,03/01/2024,USD,78800.94,6297.77,7973.06,78800.94
PT900066,TR-0288,01/06/2025,USD,84838.55,5754.94,10102.78,84838.55
PT002345,TR-0209,14/06/2026,USD,68828.83,6856.75,7557.92,68828.83
PT004688,TR-0416,30/04/2022,USD,31871.84,3672.14,3261.3,31871.84
PT002816,TR-0251,10/12/2022,EUR,170847.05,11507.08,51623.37,170847.05
PT007560,TR-0669,10/01/2023,USD,107508.6,10354.64,29073.6,107508.6
PT005382,TR-0477,15/05/2023,EUR,68632.81,5825.74,16119.89,68632.81
PT005940,TR-0525,25/05/2023,USD,488093.4,37210.4,132027.91,488093.4
PT004027,TR-0357,18/04/2023,INR,29280238.46,2167566.87,7200844.54,29280238.46
PT000725,TR-0066,01/11/2021,USD,95475.14,8375.64,28863.35,95475.14
PT007379,TR-0653,30/05/2022,USD,200045.25,11619.93,32003.36,200045.25
PT006771,TR-0600,15/03/2025,USD,133469.55,10158.65,8364.09,133469.55
PT007352,TR-0651,14/05/2025,USD,31970.25,2906.77,2027.68,31970.25
PT900089,TR-0398,17/06/2025,EUR,96270.43,9614.88,23450.44,96270.43
PT005309,TR-0471,18/02/2026,EUR,77216.42,6751.51,19626.13,77216.42
PT900021,TR-0107,04/06/2025,USD,222938.83,15919.17,67960.24,222938.83
PT006396,TR-0565,27/08/2025,USD,73299.9,7460.78,21673.63,73299.9
PT900092,TR-0414,15/06/2025,USD,62180.47,4664.26,19590.88,62180.47
PT005734,TR-0507,19/12/2022,USD,94073.51,8763.93,24818.27,94073.51
PT007854,TR-0696,21/10/2024,USD,195069.96,12102.09,13908.54,195069.96
PT001736,TR-0157,11/10/2024,USD,59405.32,4717.71,6547.9,59405.32
PT003125,TR-0277,10/02/2021,USD,117094.62,12012.95,10047.56,117094.62
PT004941,TR-0437,31/07/2022,USD,104966.16,10922.64,5671.7,104966.16
PT005079,TR-0451,18/09/2022,USD,24037.28,1726.09,6748.19,24037.28
PT007797,TR-0690,21/04/2025,USD,57917.12,5125.0,13770.79,57917.12
PT004803,TR-0425,25/11/2022,USD,112754.78,7016.49,32364.73,112754.78
PT006632,TR-0587,27/04/2024,EUR,79479.1,8893.29,14035.8,79479.1
PT005784,TR-0511,21/01/2022,USD,334493.39,22458.58,77322.03,334493.39
PT005963,TR-0527,30/11/2025,EUR,127908.47,10888.38,20260.29,127908.47
PT000274,TR-0024,11/02/2026,USD,146627.78,16084.29,14224.79,146627.78
PT005806,TR-0513,11/04/2025,USD,206673.62,13315.27,61875.66,206673.62
PT002945,TR-0261,18/09/2025,EUR,624324.45,66139.38,171888.92,624324.45
PT007677,TR-0680,21/09/2022,USD,164633.16,18206.15,15241.0,164633.16
PT005060,TR-0449,07/03/2026,INR,20318234.99,2183286.93,6224694.61,20318234.99
PT007022,TR-0622,05/05/2023,INR,12205529.65,950620.04,3709117.37,12205529.65
PT007345,TR-0650,28/01/2024,USD,57512.38,5066.35,17936.64,57512.38
PT007844,TR-0695,05/07/2025,EUR,110821.3,6241.81,28674.14,110821.3
PT900087,TR-0388,09/06/2025,USD,586856.36,60291.16,63713.64,586856.36
PT006556,TR-0580,28/07/2026,EUR,159740.53,18120.18,13377.91,159740.53
PT005579,TR-0494,04/03/2026,GBP,64363.54,6142.65,15413.02,64363.54
PT005497,TR-0487,27/06/2025,USD,124090.11,7159.15,8210.18,124090.11
PT001453,TR-0132,28/12/2025,USD,22783.62,1489.38,2308.41,22783.62
PT002716,TR-0242,27/01/2024,USD,219074.17,21806.13,50070.66,219074.17
PT004246,TR-0377,30/11/2023,USD,62327.17,5145.55,5656.3,62327.17
PT002693,TR-0240,21/09/2023,EUR,160571.49,13415.04,18889.76,160571.49
PT002768,TR-0246,10/05/2025,EUR,268977.84,29550.3,76589.04,268977.84
PT005854,TR-0518,10/03/2023,USD,343687.21,28214.64,94743.22,343687.21
PT000219,TR-0020,16/10/2024,USD,363245.55,40202.6,42654.03,363245.55
PT000240,TR-0021,25/06/2024,USD,142515.67,8361.52,26605.92,142515.67
PT001132,TR-0102,06/07/2023,USD,83603.64,6696.4,20359.63,83603.64
PT007635,TR-0676,07/01/2022,USD,84894.67,4885.43,4275.73,84894.67
PT003265,TR-0288,01/09/2025,USD,84838.55,5754.94,10102.78,84838.55
PT006937,TR-0614,03/05/2023,USD,23917.34,1245.1,2820.72,23917.34
PT002240,TR-0200,30/07/2025,USD,942775.26,59269.05,63291.85,942775.26
PT006478,TR-0572,08/06/2025,EUR,91897.18,5183.27,9891.45,91897.18
PT005350,TR-0475,21/12/2023,USD,196540.51,14768.63,33688.16,196540.51
PT005150,TR-0457,05/12/2022,USD,72334.97,5795.18,5924.37,72334.97
PT007107,TR-0630,06/03/2023,USD,82243.7,5508.43,6925.59,82243.7
PT005765,TR-0510,08/08/2022,USD,93349.78,5357.56,21604.83,93349.78
PT001384,TR-0125,30/03/2025,USD,409877.35,42280.44,95387.72,409877.35
PT003075,TR-0272,20/11/2024,USD,382220.9,21579.44,107600.37,382220.9
PT004861,TR-0431,04/02/2021,USD,192633.15,19224.48,11158.32,192633.15
PT007185,TR-0637,03/07/2025,USD,18095.48,1199.29,2932.54,18095.48
PT001358,TR-0123,03/06/2023,USD,115963.04,13371.16,36995.43,115963.04
PT004872,TR-0432,06/04/2023,INR,13961054.36,876627.69,1265269.12,13961054.36
PT002631,TR-0234,13/08/2026,USD,59490.81,3553.41,14719.49,59490.81
PT002833,TR-0252,11/12/2023,USD,111248.59,8184.22,8399.86,111248.59
PT000625,TR-0057,28/02/2026,EUR,26457.21,3008.79,6548.56,26457.21
PT000840,TR-0076,12/10/2024,EUR,114451.19,11000.22,19051.9,114451.19
PT004724,TR-0419,24/06/2021,USD,22504.6,1617.69,1774.43,22504.6
PT000324,TR-0029,26/05/2025,USD,101233.74,6373.93,10834.51,101233.74
PT900121,TR-0568,23/06/2025,INR,9879042.05,1095148.38,2571027.73,9879042.05
PT007648,TR-0677,05/04/2023,USD,100715.03,6782.36,22735.4,100715.03
PT900126,TR-0589,17/06/2025,EUR,55051.22,2786.14,6413.17,55051.22
PT001868,TR-0168,16/08/2025,USD,132540.71,11146.42,41511.01,132540.71
PT005257,TR-0467,03/09/2022,EUR,231313.34,12677.7,55121.71,231313.34
PT002827,TR-0252,11/06/2023,USD,111248.59,8184.22,8399.86,111248.59
PT005173,TR-0459,19/07/2025,USD,58540.51,3583.8,6023.75,58540.51
PT007084,TR-0629,23/05/2024,USD,41059.38,2503.05,4225.65,41059.38
PT007339,TR-0650,28/07/2023,USD,57512.38,5066.35,17936.64,57512.38
PT000438,TR-0038,03/01/2026,USD,98184.07,10656.62,6935.02,98184.07
PT000120,TR-0011,04/12/2022,EUR,145170.95,11642.6,15260.41,145170.95
PT900098,TR-0450,06/06/2025,USD,1740983.88,102684.64,510880.2,1740983.88
PT007289,TR-0646,02/07/2025,EUR,155116.13,9460.16,28938.56,155116.13
PT007551,TR-0669,10/04/2022,USD,107508.6,10354.64,29073.6,107508.6
PT005911,TR-0522,06/07/2022,USD,26140.4,2972.12,1337.81,26140.4
PT001840,TR-0166,14/11/2025,USD,31177.28,1715.7,9235.49,31177.28
PT001027,TR-0093,19/06/2023,USD,88465.05,6576.24,8373.71,88465.05
PT003302,TR-0291,11/08/2025,USD,241151.35,21511.67,17898.27,241151.35
PT007169,TR-0636,19/05/2022,EUR,76004.03,6528.56,21156.22,76004.03
PT004173,TR-0370,03/03/2025,EUR,147697.81,9711.38,11456.69,147697.81
PT003102,TR-0275,22/10/2024,USD,100845.39,10385.5,11832.39,100845.39
PT000901,TR-0082,25/01/2025,USD,160606.71,8481.1,12265.76,160606.71
PT004468,TR-0396,11/04/2023,USD,239845.45,13220.92,53238.95,239845.45
PT001205,TR-0109,23/10/2022,USD,105427.91,10274.8,7092.21,105427.91
PT007406,TR-0655,02/03/2023,EUR,81858.6,7338.19,6437.35,81858.6
PT900118,TR-0559,29/06/2025,USD,327613.36,28850.88,38905.51,327613.36
PT005038,TR-0447,24/08/2025,EUR,397459.7,28174.4,114735.65,397459.7
PT006722,TR-0595,26/12/2024,EUR,81832.23,6296.99,15115.38,81832.23
PT004051,TR-0359,23/10/2024,USD,54453.25,6494.14,13962.4,54453.25
PT006964,TR-0617,10/03/2023,INR,3201921.3,368488.81,992749.53,3201921.3
PT000553,TR-0049,30/06/2023,USD,182970.01,15432.16,57452.93,182970.01
PT000407,TR-0036,07/11/2022,USD,218838.27,22255.99,55726.7,218838.27
PT006214,TR-0550,19/04/2025,USD,70481.65,5886.74,19550.06,70481.65
PT007313,TR-0648,22/06/2023,EUR,303418.56,29478.69,95550.45,303418.56
PT001614,TR-0146,04/03/2026,EUR,127510.43,7217.59,13573.22,127510.43
PT002935,TR-0261,18/11/2024,EUR,624324.45,66139.38,171888.92,624324.45
PT005065,TR-0449,07/08/2026,INR,20318234.99,2183286.93,6224694.61,20318234.99
PT003299,TR-0291,11/05/2025,USD,241151.35,21511.67,17898.27,241151.35
PT002834,TR-0252,11/01/2024,USD,111248.59,8184.22,8399.86,111248.59
PT900107,TR-0500,11/06/2025,USD,329498.64,36506.79,80622.15,329498.64
PT006994,TR-0619,04/10/2022,USD,96206.91,8269.65,23232.23,96206.91
PT002350,TR-0210,13/03/2022,USD,54762.14,3534.05,5411.03,54762.14
PT005843,TR-0517,14/04/2024,EUR,31347.56,1696.38,9673.78,31347.56
PT004786,TR-0424,06/04/2024,USD,348422.41,24441.94,33784.6,348422.41
PT006957,TR-0616,07/08/2024,EUR,66907.82,6243.62,18892.29,66907.82
PT003110,TR-0275,22/06/2025,USD,100845.39,10385.5,11832.39,100845.39
PT001739,TR-0157,11/01/2025,USD,59405.32,4717.71,6547.9,59405.32
PT000237,TR-0021,25/03/2024,USD,142515.67,8361.52,26605.92,142515.67
PT007867,TR-0698,14/04/2022,USD,38307.16,2839.08,9651.25,38307.16
PT006083,TR-0538,15/03/2023,USD,524519.39,52489.55,54640.59,524519.39
PT006080,TR-0538,15/12/2022,USD,524519.39,52489.55,54640.59,524519.39
PT003164,TR-0280,29/04/2025,USD,59622.21,3905.8,18841.97,59622.21
PT006939,TR-0614,03/07/2023,USD,23917.34,1245.1,2820.72,23917.34
PT000500,TR-0044,13/04/2022,USD,167426.07,10739.74,38489.99,167426.07
PT004919,TR-0435,26/11/2023,USD,110380.5,6058.64,28401.07,110380.5
PT003626,TR-0323,08/05/2023,USD,87122.53,10056.82,9355.37,87122.53
PT003128,TR-0277,10/05/2021,USD,117094.62,12012.95,10047.56,117094.62
PT000795,TR-0072,22/01/2025,USD,41079.98,4527.82,3269.61,41079.98
PT003359,TR-0297,23/05/2026,USD,153271.36,9598.58,33936.22,153271.36
PT007809,TR-0692,11/06/2024,EUR,81710.65,9521.23,8211.41,81710.65
PT003292,TR-0290,22/01/2024,USD,81373.4,6269.51,6981.14,81373.4
PT003973,TR-0352,29/05/2024,USD,463761.29,33137.43,51590.11,463761.29
PT000991,TR-0089,10/08/2026,USD,88582.45,5680.86,21216.6,88582.45
PT004664,TR-0414,15/01/2025,USD,62180.47,4664.26,19590.88,62180.47
PT007079,TR-0627,16/10/2025,USD,96234.84,7577.87,25907.27,96234.84
PT002436,TR-0217,01/01/2022,EUR,110293.09,6221.54,32669.62,110293.09
PT003377,TR-0299,03/04/2024,INR,9826186.48,1039145.41,624326.17,9826186.48
PT000391,TR-0034,25/08/2023,USD,32386.44,3553.96,3545.04,32386.44
PT004840,TR-0428,18/01/2026,USD,187489.03,16352.03,58407.73,187489.03
PT002401,TR-0214,13/01/2025,USD,132904.93,12353.82,24281.1,132904.93
PT001218,TR-0110,15/01/2026,USD,221040.92,12503.52,40209.81,221040.92
PT000236,TR-0021,25/02/2024,USD,142515.67,8361.52,26605.92,142515.67
PT000332,TR-0029,26/01/2026,USD,101233.74,6373.93,10834.51,101233.74
PT004577,TR-0406,08/03/2026,GBP,76219.51,5127.51,23789.87,76219.51
PT006139,TR-0543,25/07/2026,USD,83089.93,7227.2,8874.83,83089.93
PT006712,TR-0594,26/06/2026,EUR,75326.19,3779.91,21859.38,75326.19
PT003189,TR-0282,14/10/2022,USD,121339.65,9726.82,19035.5,121339.65
PT005774,TR-0510,08/05/2023,USD,93349.78,5357.56,21604.83,93349.78
PT000045,TR-0005,11/05/2026,USD,64093.86,3436.46,15371.02,64093.86
PT006245,TR-0552,13/05/2025,USD,62952.26,4906.56,4160.65,62952.26
PT005565,TR-0493,22/05/2022,USD,249402.1,26317.88,70481.55,249402.1
PT007555,TR-0669,10/08/2022,USD,107508.6,10354.64,29073.6,107508.6
PT004217,TR-0374,11/05/2026,EUR,77764.01,8560.57,18303.59,77764.01
PT003437,TR-0304,24/09/2023,USD,86092.33,7559.76,5957.09,86092.33
PT007745,TR-0685,28/12/2025,EUR,187114.9,16786.77,53131.96,187114.9
PT003073,TR-0272,20/09/2024,USD,382220.9,21579.44,107600.37,382220.9
PT003135,TR-0277,10/12/2021,USD,117094.62,12012.95,10047.56,117094.62
PT005369,TR-0476,15/05/2022,EUR,62924.0,5837.23,6315.18,62924.0
PT004046,TR-0359,23/05/2024,USD,54453.25,6494.14,13962.4,54453.25
PT005023,TR-0445,07/09/2026,USD,93188.91,9260.04,7978.21,71444.83
PT006660,TR-0589,17/02/2026,EUR,55051.22,2786.14,6413.17,55051.22
PT001595,TR-0144,05/01/2023,USD,264856.71,13851.13,59316.25,264856.71
PT000224,TR-0020,16/03/2025,USD,363245.55,40202.6,42654.03,363245.55
PT004863,TR-0431,04/04/2021,USD,192633.15,19224.48,11158.32,192633.15
PT004710,TR-0417,06/05/2025,EUR,453408.93,47939.11,24422.49,453408.93
PT002892,TR-0257,11/01/2026,USD,128661.19,10905.21,12240.97,128661.19
PT001246,TR-0112,01/11/2023,USD,73860.72,8579.69,3852.76,73860.72
PT001541,TR-0140,19/03/2021,EUR,177138.64,12322.49,28863.29,177138.64
PT003538,TR-0314,05/06/2021,USD,60214.64,3811.84,18101.91,60214.64
PT004149,TR-0368,08/02/2024,GBP,72983.35,5147.97,22524.26,72983.35
PT004626,TR-0410,29/09/2022,USD,285909.27,28239.09,18626.41,285909.27
PT002534,TR-0225,12/01/2025,EUR,37988.31,3099.5,2578.0,37988.31
PT005996,TR-0530,04/06/2026,USD,28789.83,3445.91,6971.98,28789.83
PT900056,TR-0259,04/06/2025,EUR,582471.98,31110.16,134468.7,582471.98
PT000819,TR-0074,17/07/2026,USD,349428.89,31581.48,25394.94,349428.89
PT003459,TR-0305,22/03/2025,USD,194597.27,17781.41,59078.2,194597.27
PT000156,TR-0014,08/09/2022,USD,16666.67,1581.04,2759.14,16666.67
PT006745,TR-0598,04/04/2024,USD,101343.27,5236.04,20253.04,101343.27
PT007889,TR-0699,13/09/2024,USD,324235.24,22202.35,30298.2,324235.24
PT000249,TR-0022,14/06/2025,INR,11939174.62,1369770.96,1841509.8,11939174.62
PT004858,TR-0430,15/02/2024,USD,229479.12,21235.7,21781.06,229479.12
PT005991,TR-0529,23/02/2026,USD,931509.25,110697.38,57160.07,931509.25
PT003928,TR-0349,19/09/2021,USD,227434.56,21696.32,56063.1,227434.56
PT006126,TR-0542,29/10/2021,USD,73713.82,5705.23,22902.55,73713.82
PT004015,TR-0356,18/10/2025,USD,244134.22,14746.53,40828.59,244134.22
PT002637,TR-0235,18/09/2022,USD,69568.86,8124.78,4278.33,69568.86
PT005227,TR-0464,03/01/2023,USD,497387.85,39696.85,158870.18,497387.85
PT004639,TR-0412,20/04/2023,EUR,63811.93,4774.78,15322.55,63811.93
PT000794,TR-0072,22/12/2024,USD,41079.98,4527.82,3269.61,41079.98
PT001726,TR-0156,27/06/2024,USD,268263.15,26998.06,27525.51,268263.15
PT003190,TR-0282,14/11/2022,USD,121339.65,9726.82,19035.5,121339.65
PT002650,TR-0236,28/02/2024,USD,55405.03,6180.97,9851.62,55405.03
PT000629,TR-0057,30/06/2026,EUR,26457.21,3008.79,6548.56,26457.21
PT006295,TR-0556,07/10/2025,USD,46277.07,2384.49,4639.52,46277.07
PT007647,TR-0677,05/03/2023,USD,100715.03,6782.36,22735.4,100715.03
PT002340,TR-0209,14/01/2026,USD,68828.83,6856.75,7557.92,68828.83
PT006526,TR-0577,05/08/2025,EUR,515142.53,61552.13,127897.05,515142.53
PT007852,TR-0696,21/08/2024,USD,195069.96,12102.09,13908.54,195069.96
PT006831,TR-0605,07/04/2026,USD,115273.31,6184.99,33746.92,115273.31
PT005464,TR-0484,10/08/2024,EUR,322291.88,37965.61,35034.45,322291.88
PT001621,TR-0147,05/12/2021,USD,63597.51,5023.72,17822.63,63597.51
PT007042,TR-0624,05/02/2024,USD,36199.0,3589.73,9988.47,36199.0
PT001452,TR-0132,28/11/2025,USD,22783.62,1489.38,2308.41,22783.62
PT002903,TR-0258,26/11/2022,USD,575297.25,50646.06,59184.28,575297.25
PT005168,TR-0458,17/11/2021,USD,84272.84,8772.44,22733.1,84272.84
PT004651,TR-0413,23/09/2025,GBP,118388.37,7143.88,9802.34,118388.37
PT001829,TR-0165,30/09/2023,EUR,85843.2,7910.31,6485.74,85843.2
PT000827,TR-0075,21/08/2026,USD,125568.39,11458.52,29232.98,125568.39
PT001640,TR-0148,20/07/2023,INR,7799708.38,618064.73,568961.74,7799708.38
PT003865,TR-0343,01/11/2024,USD,118599.13,14150.09,11941.45,118599.13
PT006081,TR-0538,15/01/2023,USD,524519.39,52489.55,54640.59,524519.39
PT002914,TR-0259,04/06/2025,EUR,582471.98,31110.16,134468.7,582471.98
PT005934,TR-0524,26/02/2026,USD,89971.66,7949.52,28585.0,89971.66
PT003792,TR-0337,24/02/2023,USD,17939.99,1871.29,1982.58,17939.99
PT002940,TR-0261,18/04/2025,EUR,624324.45,66139.38,171888.92,624324.45
PT003421,TR-0302,06/01/2025,EUR,63291.83,7448.02,7388.65,63291.83
PT003997,TR-0354,13/02/2023,USD,283479.26,27441.07,31130.81,283479.26
PT003768,TR-0335,08/07/2024,USD,98458.37,7177.81,22103.33,98458.37
PT000536,TR-0047,30/05/2022,USD,89508.76,9237.4,6801.56,89508.76
PT005907,TR-0522,06/03/2022,USD,26140.4,2972.12,1337.81,26140.4
PT002664,TR-0237,30/01/2025,USD,198812.87,19628.43,45755.49,198812.87
PT000155,TR-0014,08/08/2022,USD,16666.67,1581.04,2759.14,16666.67
PT003242,TR-0286,19/02/2023,EUR,237643.99,27673.1,23126.02,237643.99
PT005597,TR-0495,11/06/2026,INR,22888129.72,1691128.75,2551157.84,22888129.72
PT003150,TR-0279,14/11/2024,EUR,73796.66,7605.59,13993.42,73796.66
PT002953,TR-0262,04/12/2024,EUR,284184.33,23815.66,30366.04,284184.33
PT001312,TR-0119,03/09/2023,USD,41475.8,3445.76,10107.91,41475.8
PT000323,TR-0029,26/04/2025,USD,101233.74,6373.93,10834.51,101233.74
PT005807,TR-0513,11/05/2025,USD,206673.62,13315.27,61875.66,206673.62
PT004111,TR-0365,13/09/2025,EUR,200113.61,22738.53,15804.8,200113.61
PT003331,TR-0294,02/09/2026,EUR,436454.43,25786.15,33920.24,407357.47
PT003986,TR-0353,27/01/2025,USD,128986.64,13105.12,39658.69,128986.64
PT001799,TR-0162,28/02/2026,USD,147633.93,8096.2,13248.99,147633.93
PT006090,TR-0539,23/07/2026,USD,311367.34,23344.91,27556.83,311367.34
PT000083,TR-0008,11/05/2026,USD,24607.49,2216.37,7825.25,24607.49
PT002561,TR-0229,01/02/2022,USD,45460.25,4548.06,11420.08,45460.25
PT001944,TR-0175,10/05/2021,USD,104485.16,10219.8,11217.69,104485.16
PT001989,TR-0179,11/11/2024,USD,239867.29,16929.17,61772.5,239867.29
PT003537,TR-0314,05/05/2021,USD,60214.64,3811.84,18101.91,60214.64
PT006769,TR-0600,15/01/2025,USD,133469.55,10158.65,8364.09,133469.55
PT005480,TR-0485,03/06/2026,EUR,448470.0,52722.3,85119.97,448470.0
PT001575,TR-0143,15/01/2025,USD,122124.19,7498.42,12206.44,122124.19
PT002978,TR-0264,03/05/2024,EUR,185457.67,13531.92,13071.36,185457.67
PT002724,TR-0242,27/09/2024,USD,219074.17,21806.13,50070.66,219074.17
PT003406,TR-0301,23/11/2025,USD,21863.27,1654.41,1490.77,21863.27
PT002059,TR-0184,28/05/2026,EUR,82868.27,7002.26,9286.65,82868.27
PT001763,TR-0159,27/08/2021,EUR,57364.75,4171.85,18063.44,57364.75
PT001495,TR-0136,17/11/2023,USD,89893.73,7367.54,23136.11,89893.73
PT004928,TR-0436,06/09/2025,USD,143833.62,15790.95,42423.4,143833.62
PT002081,TR-0186,22/10/2023,EUR,745759.29,48212.9,230272.7,745759.29
PT001175,TR-0107,04/11/2024,USD,222938.83,15919.17,67960.24,222938.83
PT004510,TR-0401,26/06/2024,USD,99938.38,11119.84,25263.23,99938.38
PT002629,TR-0234,13/06/2026,USD,59490.81,3553.41,14719.49,59490.81
PT005914,TR-0523,10/12/2025,EUR,111544.57,10596.98,12681.6,111544.57
PT004262,TR-0378,27/09/2026,INR,2503902.79,143265.71,627778.79,250390.28
PT007461,TR-0660,17/07/2026,USD,144045.95,10305.83,16655.64,144045.95
PT006252,TR-0553,21/06/2025,USD,377837.2,30062.44,115287.92,377837.2
PT000615,TR-0056,19/05/2025,USD,62766.84,3225.19,6071.08,62766.84
PT003094,TR-0274,23/06/2023,EUR,50980.77,5410.39,5590.17,50980.77
PT003451,TR-0305,22/07/2024,USD,194597.27,17781.41,59078.2,194597.27
PT001015,TR-0091,04/01/2025,USD,235117.14,20306.71,55696.27,235117.14
PT006234,TR-0551,06/01/2022,EUR,262779.64,19346.78,64920.23,262779.64
PT003058,TR-0271,04/04/2024,EUR,128391.7,13051.02,39523.01,128391.7
PT007702,TR-0682,26/07/2022,USD,82125.15,4329.69,6520.91,82125.15
PT006746,TR-0598,04/05/2024,USD,101343.27,5236.04,20253.04,101343.27
PT005334,TR-0473,06/01/2025,GBP,111235.9,8352.91,11827.67,111235.9
PT003906,TR-0347,07/09/2024,EUR,71924.04,8496.24,11945.97,71924.04
PT002182,TR-0195,03/06/2024,INR,14980881.59,944789.48,3557926.18,14980881.59
PT003419,TR-0302,06/11/2024,EUR,63291.83,7448.02,7388.65,63291.83
PT004652,TR-0413,23/10/2025,GBP,118388.37,7143.88,9802.34,118388.37
PT007176,TR-0636,19/12/2022,EUR,76004.03,6528.56,21156.22,76004.03
PT003101,TR-0275,22/09/2024,USD,100845.39,10385.5,11832.39,100845.39
PT006465,TR-0571,22/10/2023,USD,36495.53,3294.75,2227.51,36495.53
PT007796,TR-0690,21/03/2025,USD,57917.12,5125.0,13770.79,57917.12
PT001212,TR-0110,15/07/2025,USD,221040.92,12503.52,40209.81,221040.92
PT007759,TR-0687,28/04/2022,USD,369973.65,33132.9,96139.32,369973.65
PT000635,TR-0058,07/02/2026,USD,18286.12,1426.4,4609.0,18286.12
PT006697,TR-0593,11/06/2023,USD,284389.73,16967.92,83218.37,284389.73
PT001056,TR-0096,01/04/2023,EUR,33626.26,2813.8,8434.59,33626.26
PT002341,TR-0209,14/02/2026,USD,68828.83,6856.75,7557.92,68828.83
PT005805,TR-0513,11/03/2025,USD,206673.62,13315.27,61875.66,206673.62
PT000797,TR-0072,22/03/2025,USD,41079.98,4527.82,3269.61,41079.98
PT007087,TR-0629,23/08/2024,USD,41059.38,2503.05,4225.65,41059.38
PT007409,TR-0656,30/07/2022,USD,104895.23,10394.92,18702.49,104895.23
PT005188,TR-0460,01/10/2024,EUR,201374.05,11594.34,23460.56,201374.05
PT004271,TR-0379,01/08/2026,USD,36976.93,3564.76,2763.03,36976.93
PT002815,TR-0251,10/11/2022,EUR,170847.05,11507.08,51623.37,170847.05
PT004342,TR-0385,23/09/2025,USD,378653.5,24852.01,94448.41,378653.5
PT001081,TR-0098,29/10/2022,EUR,172133.26,19055.51,51005.76,172133.26
PT001655,TR-0149,07/08/2023,USD,74747.37,8122.76,7843.28,74747.37
PT001608,TR-0145,02/03/2024,USD,18666.19,1592.14,4153.61,18666.19
PT000145,TR-0013,27/09/2026,USD,91469.85,6957.04,22994.54,9146.99
PT004242,TR-0377,31/07/2023,USD,62327.17,5145.55,5656.3,62327.17
PT000091,TR-0009,02/11/2023,USD,289009.6,16862.33,22624.37,289009.6
PT000683,TR-0063,13/07/2024,EUR,29086.62,3489.22,8005.18,29086.62
PT004407,TR-0391,02/04/2026,INR,3533990.66,397928.23,383247.54,3533990.66
PT003432,TR-0303,18/06/2025,USD,30881.94,2451.29,1935.39,30881.94
PT000094,TR-0009,02/02/2024,USD,289009.6,16862.33,22624.37,289009.6
PT000835,TR-0076,12/05/2024,EUR,114451.19,11000.22,19051.9,114451.19
PT006053,TR-0535,11/05/2024,USD,193583.04,18712.19,14697.39,193583.04
PT005021,TR-0445,07/07/2026,USD,93188.91,9260.04,7978.21,93188.91
PT007698,TR-0682,26/03/2022,USD,82125.15,4329.69,6520.91,82125.15
PT006006,TR-0531,01/11/2023,EUR,24995.64,1818.01,6036.5,24995.64
PT005132,TR-0455,18/08/2024,USD,111249.39,5920.2,11943.51,111249.39
PT001401,TR-0127,05/02/2024,USD,387593.45,24881.69,43903.99,387593.45
PT003980,TR-0353,27/07/2024,USD,128986.64,13105.12,39658.69,128986.64
PT002292,TR-0205,07/11/2023,USD,189934.44,17759.27,44138.05,189934.44
PT001501,TR-0136,17/05/2024,USD,89893.73,7367.54,23136.11,89893.73
PT007256,TR-0643,27/06/2025,EUR,171145.2,9877.78,15839.5,171145.2
PT002263,TR-0201,24/08/2026,USD,52479.91,3681.29,13028.32,52479.91
PT001469,TR-0133,05/12/2025,INR,3085858.7,303972.08,287929.88,3085858.7
PT003929,TR-0349,19/10/2021,USD,227434.56,21696.32,56063.1,227434.56
PT003246,TR-0287,02/04/2022,EUR,148591.62,17341.39,34347.27,148591.62
PT000999,TR-0090,16/02/2026,USD,340739.27,29928.28,89881.62,340739.27
PT000854,TR-0078,08/03/2024,INR,35903508.55,3505235.0,6424892.51,35903508.55
PT003876,TR-0344,14/03/2026,USD,139716.8,8577.56,12618.02,139716.8
PT006570,TR-0581,14/12/2022,USD,185251.07,16023.59,13846.27,185251.07
PT006301,TR-0557,14/12/2025,EUR,82994.87,6685.17,26334.78,82994.87
PT001143,TR-0103,10/05/2026,EUR,106843.15,6897.78,12776.89,106843.15
PT005240,TR-0465,22/11/2025,INR,8470587.64,557084.81,2288865.26,8470587.64
PT002275,TR-0203,12/09/2025,INR,6759740.53,616133.69,2019094.71,6759740.53
PT007041,TR-0624,05/01/2024,USD,36199.0,3589.73,9988.47,36199.0
PT006145,TR-0544,01/05/2021,USD,527092.34,62504.8,117398.4,527092.34
PT004498,TR-0400,26/09/2025,USD,374847.6,29937.0,110644.75,374847.6
PT001104,TR-0100,17/03/2022,USD,220557.92,15166.88,15881.13,220557.92
PT000085,TR-0008,11/07/2026,USD,24607.49,2216.37,7825.25,24607.49
PT002211,TR-0197,03/04/2022,USD,45335.18,4803.98,13035.43,45335.18
PT007897,TR-0700,06/01/2026,EUR,34424.68,4041.34,2782.24,34424.68
PT004211,TR-0374,11/11/2025,EUR,77764.01,8560.57,18303.59,77764.01
PT006815,TR-0603,01/12/2025,INR,12289574.96,1115828.68,1398057.06,12289574.96
PT007319,TR-0648,22/12/2023,EUR,303418.56,29478.69,95550.45,303418.56
PT007508,TR-0665,18/10/2023,USD,99102.04,10349.65,8816.75,99102.04
PT005682,TR-0503,10/01/2026,USD,95548.2,6810.41,25506.07,95548.2
PT003441,TR-0304,24/01/2024,USD,86092.33,7559.76,5957.09,86092.33
PT001568,TR-0142,21/09/2023,EUR,56454.58,4777.3,15648.93,56454.58
PT007034,TR-0624,05/06/2023,USD,36199.0,3589.73,9988.47,36199.0
PT005598,TR-0496,05/04/2025,USD,121892.83,13916.04,32505.24,121892.83
PT001661,TR-0150,24/07/2022,USD,340211.84,36441.14,78765.37,340211.84
PT001557,TR-0141,12/12/2024,USD,354720.62,34491.93,91937.83,354720.62
PT006104,TR-0540,27/10/2024,USD,157852.37,10641.33,14161.75,157852.37
PT004722,TR-0418,16/04/2022,USD,66109.2,5957.54,10340.44,66109.2
PT003765,TR-0335,08/04/2024,USD,98458.37,7177.81,22103.33,98458.37
PT003585,TR-0318,24/07/2025,EUR,371927.95,20435.79,32414.62,371927.95
PT001886,TR-0169,14/06/2025,EUR,50990.54,2794.46,9599.79,50990.54
PT003145,TR-0278,13/12/2022,USD,182548.19,15677.0,46128.46,182548.19
PT001867,TR-0168,16/07/2025,USD,132540.71,11146.42,41511.01,132540.71
PT005049,TR-0448,01/10/2024,EUR,64220.71,5761.78,4905.79,64220.71
PT006952,TR-0616,07/03/2024,EUR,66907.82,6243.62,18892.29,66907.82
PT006403,TR-0565,27/03/2026,USD,73299.9,7460.78,21673.63,73299.9
PT004721,TR-0418,16/03/2022,USD,66109.2,5957.54,10340.44,66109.2
PT002875,TR-0256,14/09/2025,USD,85424.88,5043.45,4286.06,85424.88
PT004331,TR-0384,23/10/2023,EUR,170411.49,12123.68,47760.22,170411.49
PT006280,TR-0555,07/06/2026,USD,43206.08,5047.19,4606.21,43206.08
PT006761,TR-0599,05/04/2025,USD,18411.08,1330.09,4802.26,18411.08
PT003589,TR-0318,24/11/2025,EUR,371927.95,20435.79,32414.62,371927.95
PT003268,TR-0288,01/12/2025,USD,84838.55,5754.94,10102.78,84838.55
PT002885,TR-0256,14/07/2026,USD,85424.88,5043.45,4286.06,85424.88
PT002891,TR-0257,11/12/2025,USD,128661.19,10905.21,12240.97,128661.19
PT006131,TR-0543,25/11/2025,USD,83089.93,7227.2,8874.83,83089.93
PT003008,TR-0267,28/05/2022,USD,242972.79,13958.11,23585.56,242972.79
PT001827,TR-0164,26/02/2025,EUR,109259.88,10703.65,16671.69,109259.88
PT003924,TR-0348,08/11/2024,USD,53506.37,6190.83,14710.6,53506.37
PT007842,TR-0695,05/05/2025,EUR,110821.3,6241.81,28674.14,110821.3
PT002641,TR-0235,18/01/2023,USD,69568.86,8124.78,4278.33,69568.86
PT005411,TR-0480,11/04/2023,EUR,54153.3,5884.93,2992.31,54153.3
PT001526,TR-0138,12/09/2026,USD,162801.26,9812.36,8622.64,97680.76
PT001563,TR-0142,21/04/2023,EUR,56454.58,4777.3,15648.93,56454.58
PT007436,TR-0658,06/04/2026,USD,53544.93,5888.74,3010.12,53544.93
PT005849,TR-0517,14/10/2024,EUR,31347.56,1696.38,9673.78,31347.56
PT005702,TR-0504,25/10/2022,USD,291083.73,34774.85,51127.72,291083.73
PT000344,TR-0030,13/09/2025,USD,81309.53,4438.45,4651.73,81309.53
PT002543,TR-0226,26/03/2025,USD,138385.55,12167.09,35028.86,138385.55
PT003386,TR-0299,03/01/2025,INR,9826186.48,1039145.41,624326.17,9826186.48
PT006438,TR-0568,23/04/2026,INR,9879042.05,1095148.38,2571027.73,9879042.05
PT002413,TR-0215,14/08/2025,USD,553151.55,39643.29,130562.47,553151.55
PT006323,TR-0559,29/09/2025,USD,327613.36,28850.88,38905.51,327613.36
PT002708,TR-0241,30/10/2023,USD,110607.31,12757.14,16933.35,110607.31
PT005093,TR-0452,28/05/2026,USD,62409.29,6822.24,18989.66,62409.29
PT006159,TR-0545,19/09/2021,EUR,537323.12,33113.66,166553.66,537323.12
PT001111,TR-0101,29/01/2024,USD,186388.62,11823.47,42085.53,186388.62
PT003443,TR-0304,24/03/2024,USD,86092.33,7559.76,5957.09,86092.33
PT002214,TR-0197,03/07/2022,USD,45335.18,4803.98,13035.43,45335.18
PT007300,TR-0647,29/08/2022,USD,197134.2,16814.11,18042.62,197134.2
PT001360,TR-0123,03/08/2023,USD,115963.04,13371.16,36995.43,115963.04
PT002108,TR-0189,02/11/2024,USD,50169.19,4165.63,4665.72,50169.19
PT004806,TR-0425,25/02/2023,USD,112754.78,7016.49,32364.73,112754.78
PT005975,TR-0528,08/05/2022,USD,28430.93,1451.35,4961.04,28430.93
PT006821,TR-0604,27/12/2022,EUR,54364.47,4042.04,16574.27,54364.47
PT001379,TR-0125,30/10/2024,USD,409877.35,42280.44,95387.72,409877.35
PT002829,TR-0252,11/08/2023,USD,111248.59,8184.22,8399.86,111248.59
PT000425,TR-0037,14/07/2025,EUR,109137.11,13043.62,29546.61,109137.11
PT000293,TR-0026,21/01/2023,USD,196819.9,14874.96,33384.29,196819.9
PT001066,TR-0097,26/05/2025,EUR,39571.24,4060.98,3273.49,39571.24
PT007018,TR-0622,05/01/2023,INR,12205529.65,950620.04,3709117.37,12205529.65
PT002378,TR-0212,03/08/2025,EUR,284875.06,17375.04,32457.72,284875.06
PT005735,TR-0507,19/01/2023,USD,94073.51,8763.93,24818.27,94073.51
PT006574,TR-0582,21/08/2023,EUR,87711.45,4505.61,6188.16,87711.45
PT005109,TR-0453,08/06/2022,USD,905854.14,101181.38,54066.76,905854.14
PT002128,TR-0190,26/01/2024,USD,60568.52,6162.37,3679.2,60568.52
PT001718,TR-0155,28/02/2025,USD,58436.4,6643.39,6874.12,58436.4
PT007197,TR-0638,20/12/2024,USD,92930.78,5137.75,18422.03,92930.78
PT000938,TR-0085,28/12/2025,INR,17957351.61,1457259.26,1611158.15,17957351.61
PT003780,TR-0336,05/02/2023,USD,70274.21,5951.93,11520.11,70274.21
PT003965,TR-0352,29/09/2023,USD,463761.29,33137.43,51590.11,463761.29
PT003991,TR-0354,13/08/2022,USD,283479.26,27441.07,31130.81,283479.26
PT004931,TR-0436,06/12/2025,USD,143833.62,15790.95,42423.4,143833.62
PT006894,TR-0611,03/06/2023,USD,23524.14,1352.52,1291.25,23524.14
PT007035,TR-0624,05/07/2023,USD,36199.0,3589.73,9988.47,36199.0
PT000255,TR-0023,13/01/2024,INR,4035993.02,215632.85,410703.47,4035993.02
PT007754,TR-0686,21/05/2026,USD,93492.9,6441.59,10100.38,93492.9
PT001483,TR-0134,04/03/2022,USD,61558.27,5318.94,18182.9,61558.27
PT000945,TR-0085,28/07/2026,INR,17957351.61,1457259.26,1611158.15,17957351.61
PT005504,TR-0487,27/01/2026,USD,124090.11,7159.15,8210.18,124090.11
PT007482,TR-0662,07/08/2026,USD,98240.33,8375.71,9439.69,98240.33
PT007253,TR-0643,27/03/2025,EUR,171145.2,9877.78,15839.5,171145.2
PT900027,TR-0133,05/06/2025,INR,3085858.7,303972.08,287929.88,3085858.7
PT006281,TR-0555,07/07/2026,USD,43206.08,5047.19,4606.21,43206.08
PT003184,TR-0281,06/01/2023,EUR,95739.04,6880.49,4891.37,95739.04
PT003267,TR-0288,01/11/2025,USD,84838.55,5754.94,10102.78,84838.55
PT006997,TR-0619,04/01/2023,USD,96206.91,8269.65,23232.23,96206.91
PT007347,TR-0650,28/03/2024,USD,57512.38,5066.35,17936.64,57512.38
PT004820,TR-0427,21/10/2025,USD,351033.15,29580.52,102394.92,351033.15
PT002908,TR-0258,26/04/2023,USD,575297.25,50646.06,59184.28,575297.25
PT000970,TR-0087,20/02/2026,USD,135638.47,10215.2,11115.34,135638.47
PT000497,TR-0043,23/10/2024,EUR,147379.83,11260.47,17018.94,147379.83
PT005047,TR-0447,24/05/2026,EUR,397459.7,28174.4,114735.65,397459.7
PT004902,TR-0434,28/06/2023,EUR,104107.79,9207.28,11537.17,104107.79
PT001830,TR-0165,31/10/2023,EUR,85843.2,7910.31,6485.74,85843.2
PT002178,TR-0194,21/08/2026,EUR,75428.33,5207.81,16614.65,75428.33
PT005836,TR-0516,21/06/2024,USD,222239.07,18226.64,17889.86,222239.07
PT000338,TR-0030,13/03/2025,USD,81309.53,4438.45,4651.73,81309.53
PT004827,TR-0427,21/05/2026,USD,351033.15,29580.52,102394.92,351033.15
PT004705,TR-0417,06/12/2024,EUR,453408.93,47939.11,24422.49,453408.93
PT001149,TR-0104,21/05/2021,USD,29416.17,2892.44,7046.63,29416.17
PT002244,TR-0200,30/11/2025,USD,942775.26,59269.05,63291.85,942775.26
PT007395,TR-0654,03/08/2023,USD,71594.91,4166.35,4179.29,71594.91
PT005810,TR-0513,11/08/2025,USD,206673.62,13315.27,61875.66,206673.62
PT007437,TR-0658,06/05/2026,USD,53544.93,5888.74,3010.12,53544.93
PT900120,TR-0567,16/06/2025,INR,7158474.23,624165.29,2035211.26,7158474.23
PT005006,TR-0443,27/03/2025,USD,174851.14,14433.96,20927.38,174851.14
PT006729,TR-0596,03/12/2025,EUR,157715.16,12552.48,46711.47,157715.16
PT003969,TR-0352,29/01/2024,USD,463761.29,33137.43,51590.11,463761.29
PT002152,TR-0192,25/06/2025,USD,192417.02,18278.9,51344.66,192417.02
PT002011,TR-0180,03/09/2025,EUR,67795.64,6608.84,3536.87,67795.64
PT002492,TR-0222,24/05/2025,EUR,81317.17,7543.56,15731.18,81317.17
PT900007,TR-0030,13/06/2025,USD,81309.53,4438.45,4651.73,81309.53
PT001811,TR-0163,03/10/2025,USD,256698.41,22686.78,13846.37,256698.41
PT001995,TR-0179,11/05/2025,USD,239867.29,16929.17,61772.5,239867.29
PT004816,TR-0426,06/11/2024,USD,65750.67,3877.41,14588.43,65750.67
PT002933,TR-0260,17/06/2023,USD,215371.07,14164.38,50707.93,215371.07
PT002825,TR-0251,10/09/2023,EUR,170847.05,11507.08,51623.37,170847.05
PT005666,TR-0501,27/07/2026,USD,76078.73,3869.15,18723.02,76078.73
PT002898,TR-0257,11/07/2026,USD,128661.19,10905.21,12240.97,128661.19
PT007039,TR-0624,05/11/2023,USD,36199.0,3589.73,9988.47,36199.0
PT002276,TR-0203,12/10/2025,INR,6759740.53,616133.69,2019094.71,6759740.53
PT000435,TR-0038,03/10/2025,USD,98184.07,10656.62,6935.02,98184.07
PT007470,TR-0661,06/04/2026,EUR,122966.62,14533.03,14255.91,122966.62
PT005396,TR-0478,04/10/2023,USD,95633.43,6439.71,29130.43,95633.43
PT006271,TR-0554,17/12/2022,EUR,15432.1,1553.67,1598.5,15432.1
PT004502,TR-0400,26/01/2026,USD,374847.6,29937.0,110644.75,374847.6
PT002824,TR-0251,10/08/2023,EUR,170847.05,11507.08,51623.37,170847.05
PT004918,TR-0435,26/10/2023,USD,110380.5,6058.64,28401.07,110380.5
PT006856,TR-0608,20/08/2023,USD,82680.31,6098.48,22186.43,82680.31
PT005886,TR-0520,02/09/2024,EUR,97047.02,9960.27,5087.21,97047.02
PT003756,TR-0334,28/09/2023,USD,119582.26,13029.32,20217.47,119582.26
PT002505,TR-0223,23/08/2022,USD,86406.57,9879.39,7064.0,86406.57
PT007205,TR-0639,15/08/2024,USD,158162.49,12047.65,42855.19,158162.49
PT003212,TR-0284,11/11/2024,EUR,1166895.94,123284.79,114345.83,1166895.94
PT006448,TR-0569,16/11/2023,USD,252654.55,20173.13,74045.68,252654.55
PT006412,TR-0566,08/06/2023,EUR,154167.83,10590.77,27551.88,154167.83
PT005955,TR-0526,04/06/2025,EUR,98010.35,8283.35,5985.21,98010.35
PT005654,TR-0500,11/07/2025,USD,329498.64,36506.79,80622.15,329498.64
PT004642,TR-0412,20/07/2023,EUR,63811.93,4774.78,15322.55,63811.93
PT004309,TR-0383,21/03/2022,USD,235819.9,15513.8,75436.23,235819.9
PT004993,TR-0442,25/08/2026,USD,267250.86,28353.24,19939.36,267250.86
PT003541,TR-0314,05/09/2021,USD,60214.64,3811.84,18101.91,60214.64
PT003271,TR-0289,04/02/2025,USD,150696.38,16082.38,25618.89,150696.38
PT001942,TR-0175,10/03/2021,USD,104485.16,10219.8,11217.69,104485.16
PT001892,TR-0170,22/02/2026,USD,92450.42,7451.41,10815.59,92450.42
PT005013,TR-0444,23/04/2026,USD,162995.78,16957.19,9661.02,162995.78
PT003600,TR-0320,25/08/2026,USD,61871.23,6125.3,6804.08,61871.23
PT006820,TR-0604,27/11/2022,EUR,54364.47,4042.04,16574.27,54364.47
PT005386,TR-0478,04/12/2022,USD,95633.43,6439.71,29130.43,95633.43
PT004911,TR-0435,26/03/2023,USD,110380.5,6058.64,28401.07,110380.5
PT001266,TR-0114,14/07/2025,USD,588038.38,35206.98,62815.83,588038.38
PT004439,TR-0394,01/04/2023,USD,119799.86,13253.69,6016.89,119799.86
PT002598,TR-0232,11/01/2022,USD,57905.35,5981.94,3276.69,57905.35
PT001411,TR-0128,24/03/2024,EUR,43709.17,4362.12,2872.09,43709.17
PT001215,TR-0110,15/10/2025,USD,221040.92,12503.52,40209.81,221040.92
PT000967,TR-0087,20/11/2025,USD,135638.47,10215.2,11115.34,135638.47
PT001231,TR-0111,08/03/2023,EUR,100126.81,9621.55,18874.87,100126.81
PT006440,TR-0569,16/03/2023,USD,252654.55,20173.13,74045.68,252654.55
PT004792,TR-0424,06/10/2024,USD,348422.41,24441.94,33784.6,348422.41
PT007597,TR-0673,09/01/2024,EUR,126367.22,10094.72,12157.89,126367.22
PT006218,TR-0550,19/08/2025,USD,70481.65,5886.74,19550.06,70481.65
PT000606,TR-0055,21/09/2026,USD,77397.09,6627.16,19862.69,23219.13
PT000105,TR-0010,12/03/2024,USD,154845.94,8133.16,14119.08,154845.94
PT000646,TR-0059,09/04/2023,USD,231399.98,26353.46,21810.41,231399.98
PT005501,TR-0487,27/10/2025,USD,124090.11,7159.15,8210.18,124090.11
PT004591,TR-0408,01/08/2025,USD,162808.34,14928.65,46526.66,162808.34
PT003089,TR-0274,23/01/2023,EUR,50980.77,5410.39,5590.17,50980.77
PT006584,TR-0583,06/04/2026,GBP,49373.19,4999.91,4755.78,49373.19
PT001020,TR-0092,01/08/2026,EUR,37417.56,4441.36,2467.98,37417.56
PT000092,TR-0009,02/12/2023,USD,289009.6,16862.33,22624.37,289009.6
PT005209,TR-0463,07/08/2025,USD,312251.87,18928.08,60551.61,312251.87
PT002871,TR-0255,18/08/2024,INR,4509186.77,490070.37,403575.53,4509186.77
PT000909,TR-0082,25/09/2025,USD,160606.71,8481.1,12265.76,160606.71
PT005571,TR-0493,22/11/2022,USD,249402.1,26317.88,70481.55,249402.1
PT005838,TR-0516,21/08/2024,USD,222239.07,18226.64,17889.86,222239.07
PT002151,TR-0192,25/05/2025,USD,192417.02,18278.9,51344.66,192417.02
PT000239,TR-0021,25/05/2024,USD,142515.67,8361.52,26605.92,142515.67
PT003141,TR-0278,13/08/2022,USD,182548.19,15677.0,46128.46,182548.19
PT000943,TR-0085,28/05/2026,INR,-17957351.61,-1457259.26,-1611158.15,-17957351.61
PT001271,TR-0115,21/05/2026,USD,74452.3,4413.38,17273.76,74452.3
PT000939,TR-0085,28/01/2026,INR,17957351.61,1457259.26,1611158.15,17957351.61
PT005521,TR-0489,28/02/2023,EUR,254828.99,25710.6,17808.63,254828.99
PT003230,TR-0285,06/04/2025,USD,98525.36,7455.61,7850.62,98525.36
PT003552,TR-0315,01/04/2023,USD,58673.31,6941.79,16238.13,58673.31
PT001863,TR-0168,16/03/2025,USD,132540.71,11146.42,41511.01,132540.71
PT001670,TR-0151,06/09/2022,USD,217258.83,17594.91,51837.4,217258.83
PT000006,TR-0001,15/10/2024,USD,239587.15,17252.86,24767.86,239587.15
PT004344,TR-0385,23/11/2025,USD,378653.5,24852.01,94448.41,378653.5
PT003944,TR-0350,08/09/2024,INR,12441374.16,1421896.47,3326534.5,12441374.16
PT003014,TR-0267,28/11/2022,USD,242972.79,13958.11,23585.56,242972.79
PT000019,TR-0002,30/09/2026,GBP,37358.05,4448.01,11716.01,0.0
PT007575,TR-0671,30/05/2023,USD,90526.2,10551.45,10506.35,90526.2
PT006266,TR-0554,17/07/2022,EUR,15432.1,1553.67,1598.5,15432.1
PT001971,TR-0177,13/08/2022,USD,42468.93,2572.32,3217.72,42468.93
PT002710,TR-0241,30/12/2023,USD,110607.31,12757.14,16933.35,110607.31
PT002233,TR-0199,16/02/2025,INR,4505630.51,422959.87,1025093.75,4505630.51
PT006419,TR-0567,16/11/2024,INR,7158474.23,624165.29,2035211.26,7158474.23
PT006578,TR-0582,21/12/2023,EUR,87711.45,4505.61,6188.16,87711.45
PT000812,TR-0074,17/12/2025,USD,349428.89,31581.48,25394.94,349428.89
PT001301,TR-0118,19/04/2024,USD,296970.76,29038.15,17656.57,296970.76
PT005432,TR-0481,01/08/2023,USD,87754.02,9506.11,10306.4,87754.02
PT900008,TR-0032,01/06/2025,USD,97537.25,7078.7,10620.27,97537.25
PT000261,TR-0023,13/07/2024,INR,4035993.02,215632.85,410703.47,4035993.02
PT001805,TR-0163,03/04/2025,USD,256698.41,22686.78,13846.37,256698.41
PT001571,TR-0142,21/12/2023,EUR,56454.58,4777.3,15648.93,56454.58
PT006326,TR-0559,29/12/2025,USD,327613.36,28850.88,38905.51,327613.36
PT004281,TR-0380,21/11/2021,EUR,157199.35,15851.36,10445.3,157199.35
PT002455,TR-0219,08/11/2022,USD,29945.05,3434.69,4499.22,29945.05
PT001744,TR-0158,23/04/2025,USD,48036.85,4454.77,5670.51,48036.85
PT007010,TR-0621,27/10/2021,EUR,133093.9,7467.9,38732.35,133093.9
PT001631,TR-0147,05/10/2022,USD,63597.51,5023.72,17822.63,63597.51
PT001717,TR-0155,30/01/2025,USD,58436.4,6643.39,6874.12,58436.4
PT000521,TR-0045,15/04/2024,USD,147873.25,10444.91,8539.45,147873.25
PT003938,TR-0349,19/07/2022,USD,227434.56,21696.32,56063.1,227434.56
PT007148,TR-0634,17/02/2025,USD,86475.79,6479.81,5506.45,86475.79
PT006525,TR-0576,03/03/2022,USD,39886.88,3832.07,4052.85,39886.88
PT006113,TR-0541,12/01/2022,USD,196205.65,14162.1,62173.92,196205.65
PT003483,TR-0308,03/12/2023,USD,78800.94,6297.77,7973.06,78800.94
PT001659,TR-0150,24/05/2022,USD,340211.84,36441.14,78765.37,340211.84
PT007538,TR-0668,19/03/2025,INR,7953107.34,925935.44,809200.6,7953107.34
PT003473,TR-0307,21/06/2026,USD,117182.12,13660.29,8467.45,117182.12
PT005709,TR-0505,04/01/2024,USD,707427.8,61022.31,47587.06,707427.8
PT002476,TR-0221,24/08/2024,USD,139529.4,11332.89,36862.29,139529.4
PT003949,TR-0350,08/02/2025,INR,12441374.16,1421896.47,3326534.5,12441374.16
PT006223,TR-0550,19/01/2026,USD,70481.65,5886.74,19550.06,70481.65
PT003935,TR-0349,19/04/2022,USD,227434.56,21696.32,56063.1,227434.56
PT003646,TR-0324,14/04/2024,USD,463519.43,50432.76,41052.76,463519.43
PT007154,TR-0634,17/08/2025,USD,86475.79,6479.81,5506.45,86475.79
PT000764,TR-0070,15/05/2024,USD,105633.2,9140.89,8131.21,105633.2
PT004704,TR-0417,06/11/2024,EUR,453408.93,47939.11,24422.49,453408.93
PT004327,TR-0384,23/06/2023,EUR,170411.49,12123.68,47760.22,170411.49
PT007237,TR-0641,13/03/2023,USD,59408.06,7018.04,15060.22,59408.06
PT004428,TR-0393,11/02/2024,USD,25086.23,1336.59,5830.42,25086.23
PT007202,TR-0638,20/05/2025,USD,92930.78,5137.75,18422.03,92930.78
PT005537,TR-0490,14/09/2026,EUR,73331.74,6089.76,5351.2,39110.26
PT007659,TR-0678,07/11/2023,INR,18666790.64,1489528.56,2994127.15,18666790.64
PT006024,TR-0533,23/03/2024,USD,417453.7,28596.79,125312.3,417453.7
PT001092,TR-0099,30/04/2026,USD,81331.03,7301.23,6880.77,81331.03
PT003609,TR-0321,11/05/2025,USD,161742.36,8935.38,39083.25,161742.36
PT001102,TR-0100,17/01/2022,USD,220557.92,15166.88,15881.13,220557.92
PT005226,TR-0464,03/12/2022,USD,497387.85,39696.85,158870.18,497387.85
PT007380,TR-0653,30/06/2022,USD,200045.25,11619.93,32003.36,200045.25
PT004558,TR-0405,29/03/2024,USD,221221.42,16142.54,25275.87,221221.42
PT000959,TR-0086,16/09/2024,USD,160730.09,17511.68,29798.1,160730.09
PT005759,TR-0509,06/01/2023,USD,107584.35,11429.17,32962.22,107584.35
PT000560,TR-0049,31/01/2024,USD,182970.01,15432.16,57452.93,182970.01
PT006991,TR-0619,04/07/2022,USD,96206.91,8269.65,23232.23,96206.91
PT006835,TR-0605,07/08/2026,USD,115273.31,6184.99,33746.92,115273.31
PT007792,TR-0690,21/11/2024,USD,57917.12,5125.0,13770.79,57917.12
PT001520,TR-0138,12/03/2026,USD,162801.26,9812.36,8622.64,162801.26
PT006237,TR-0552,13/09/2024,USD,62952.26,4906.56,4160.65,62952.26
PT900006,TR-0029,26/06/2025,USD,101233.74,6373.93,10834.51,101233.74
PT006129,TR-0543,25/09/2025,USD,83089.93,7227.2,8874.83,83089.93
PT002485,TR-0221,24/05/2025,USD,139529.4,11332.89,36862.29,139529.4
PT006635,TR-0587,27/07/2024,EUR,79479.1,8893.29,14035.8,79479.1
PT000367,TR-0032,01/01/2026,USD,97537.25,7078.7,10620.27,97537.25
PT003902,TR-0346,18/09/2026,EUR,113589.28,7125.12,33279.6,45435.71
PT006194,TR-0548,26/06/2021,USD,48588.3,3167.63,14186.25,48588.3
PT007532,TR-0667,02/05/2026,USD,69632.32,7546.75,8198.13,69632.32
PT001949,TR-0175,10/10/2021,USD,104485.16,10219.8,11217.69,104485.16
PT004166,TR-0369,11/12/2024,USD,179253.01,13824.9,48744.52,179253.01
PT001573,TR-0142,21/02/2024,EUR,56454.58,4777.3,15648.93,56454.58
PT000809,TR-0073,19/11/2021,EUR,751256.97,43627.63,232015.61,751256.97
PT003233,TR-0286,19/05/2022,EUR,237643.99,27673.1,23126.02,237643.99
PT003947,TR-0350,08/12/2024,INR,12441374.16,1421896.47,3326534.5,12441374.16
PT000012,TR-0001,15/04/2025,USD,239587.15,17252.86,24767.86,239587.15
PT002026,TR-0182,28/12/2025,USD,97280.01,7935.74,7896.02,97280.01
PT006289,TR-0556,07/04/2025,USD,46277.07,2384.49,4639.52,46277.07
PT005014,TR-0444,23/05/2026,USD,162995.78,16957.19,9661.02,162995.78
PT007686,TR-0681,08/10/2025,USD,137611.6,11597.82,7220.88,137611.6
PT005548,TR-0491,03/05/2025,USD,110583.03,5928.64,9812.9,110583.03
PT006784,TR-0601,23/01/2026,EUR,383225.56,42324.93,105000.69,383225.56
PT000177,TR-0016,16/08/2025,USD,441126.28,40165.06,137062.51,441126.28
PT005091,TR-0452,28/03/2026,USD,62409.29,6822.24,18989.66,62409.29
PT002489,TR-0222,24/02/2025,EUR,81317.17,7543.56,15731.18,81317.17
PT003887,TR-0345,15/04/2023,EUR,57092.55,5540.32,16430.69,57092.55
PT002570,TR-0229,01/11/2022,USD,45460.25,4548.06,11420.08,45460.25
PT007213,TR-0639,15/04/2025,USD,158162.49,12047.65,42855.19,158162.49
PT003521,TR-0311,26/07/2025,INR,13837771.97,1137026.21,710686.25,13837771.97
PT003761,TR-0334,28/02/2024,USD,119582.26,13029.32,20217.47,119582.26
PT007149,TR-0634,17/03/2025,USD,86475.79,6479.81,5506.45,86475.79
PT005352,TR-0475,21/02/2024,USD,196540.51,14768.63,33688.16,196540.51
PT003283,TR-0290,22/04/2023,USD,81373.4,6269.51,6981.14,81373.4
PT001665,TR-0150,24/11/2022,USD,340211.84,36441.14,78765.37,340211.84
PT002192,TR-0196,17/03/2022,EUR,21307.55,1848.57,2362.54,21307.55
PT006898,TR-0611,03/10/2023,USD,23524.14,1352.52,1291.25,23524.14
PT006664,TR-0590,11/07/2021,USD,161416.74,9717.35,38102.17,161416.74
PT900148,TR-0694,07/06/2025,USD,246554.18,22639.45,14915.53,246554.18
PT003371,TR-0298,31/12/2025,EUR,72094.16,8296.87,16959.91,72094.16
PT006967,TR-0617,10/06/2023,INR,3201921.3,368488.81,992749.53,3201921.3
PT005887,TR-0520,02/10/2024,EUR,97047.02,9960.27,5087.21,97047.02
PT006573,TR-0582,21/07/2023,EUR,87711.45,4505.61,6188.16,87711.45
PT002661,TR-0237,30/10/2024,USD,198812.87,19628.43,45755.49,198812.87
PT007650,TR-0677,05/06/2023,USD,100715.03,6782.36,22735.4,100715.03
PT007177,TR-0636,19/01/2023,EUR,76004.03,6528.56,21156.22,76004.03
PT004253,TR-0377,30/06/2024,USD,62327.17,5145.55,5656.3,62327.17
PT006684,TR-0591,14/11/2023,USD,92498.11,7243.65,6562.69,92498.11
PT003579,TR-0317,22/09/2022,USD,151237.27,12948.26,43182.88,151237.27
PT005557,TR-0492,17/06/2023,USD,222805.42,22886.05,59329.1,222805.42
PT002047,TR-0183,02/02/2026,USD,100544.26,7921.3,23011.91,100544.26
PT007435,TR-0658,06/03/2026,USD,53544.93,5888.74,3010.12,53544.93
PT005947,TR-0525,25/12/2023,USD,488093.4,37210.4,132027.91,488093.4
PT006606,TR-0585,22/05/2025,EUR,79203.98,5236.55,20211.26,79203.98
PT002625,TR-0234,13/02/2026,USD,59490.81,3553.41,14719.49,59490.81
PT003411,TR-0301,23/04/2026,USD,21863.27,1654.41,1490.77,21863.27
PT006400,TR-0565,27/12/2025,USD,73299.9,7460.78,21673.63,73299.9
PT007124,TR-0632,15/03/2023,USD,74592.96,4667.86,8593.77,74592.96
PT006102,TR-0540,27/08/2024,USD,157852.37,10641.33,14161.75,157852.37
PT001186,TR-0107,04/10/2025,USD,222938.83,15919.17,67960.24,222938.83
PT001007,TR-0091,04/05/2024,USD,235117.14,20306.71,55696.27,235117.14
PT003570,TR-0317,22/12/2021,USD,151237.27,12948.26,43182.88,151237.27
PT003738,TR-0333,19/05/2021,USD,311979.04,22071.62,55779.26,311979.04
PT004657,TR-0413,23/03/2026,GBP,118388.37,7143.88,9802.34,118388.37
PT006353,TR-0561,18/06/2023,USD,81274.19,5787.51,18098.87,81274.19
PT005007,TR-0444,23/10/2025,USD,162995.78,16957.19,9661.02,162995.78
PT005408,TR-0479,06/07/2026,GBP,34475.22,2895.5,2075.94,34475.22
PT002050,TR-0184,28/08/2025,EUR,82868.27,7002.26,9286.65,82868.27
PT004012,TR-0356,18/07/2025,USD,244134.22,14746.53,40828.59,244134.22
PT007510,TR-0665,18/12/2023,USD,99102.04,10349.65,8816.75,99102.04
PT000270,TR-0024,11/10/2025,USD,146627.78,16084.29,14224.79,146627.78
PT001994,TR-0179,11/04/2025,USD,239867.29,16929.17,61772.5,239867.29
PT000266,TR-0024,11/06/2025,USD,146627.78,16084.29,14224.79,146627.78
PT000915,TR-0083,12/08/2022,INR,18267778.74,1746707.69,5749454.17,18267778.74
PT002279,TR-0204,18/04/2025,USD,117742.81,9445.05,29681.04,117742.81
PT002232,TR-0199,16/01/2025,INR,4505630.51,422959.87,1025093.75,4505630.51
PT007264,TR-0644,30/09/2024,USD,74853.06,4125.74,14760.53,74853.06
PT000291,TR-0026,21/11/2022,USD,196819.9,14874.96,33384.29,196819.9
PT002913,TR-0259,04/05/2025,EUR,582471.98,31110.16,134468.7,582471.98
PT007211,TR-0639,15/02/2025,USD,158162.49,12047.65,42855.19,158162.49
PT004970,TR-0440,24/03/2024,USD,108262.16,6801.01,10566.85,108262.16
PT002094,TR-0187,19/04/2026,INR,9029511.21,986420.02,912510.96,9029511.21
PT006543,TR-0579,07/02/2026,USD,81622.23,5876.12,23199.14,81622.23
PT004572,TR-0406,08/10/2025,GBP,76219.51,5127.51,23789.87,76219.51
PT001653,TR-0149,07/06/2023,USD,74747.37,8122.76,7843.28,74747.37
PT006057,TR-0535,11/09/2024,USD,193583.04,18712.19,14697.39,193583.04
PT004142,TR-0367,03/11/2023,USD,153767.97,9037.38,15560.7,153767.97
PT004258,TR-0378,27/05/2026,INR,2503902.79,143265.71,627778.79,2503902.79
PT003040,TR-0269,12/03/2026,USD,100980.51,5635.27,25218.16,100980.51
PT006872,TR-0609,10/03/2023,USD,57524.85,5486.44,14486.98,57524.85
PT002678,TR-0238,29/11/2023,USD,34833.41,3472.71,8151.64,34833.41
PT000289,TR-0025,16/08/2024,USD,89604.85,10744.7,21394.0,89604.85
PT007758,TR-0687,28/03/2022,USD,369973.65,33132.9,96139.32,369973.65
PT003108,TR-0275,22/04/2025,USD,100845.39,10385.5,11832.39,100845.39
PT900099,TR-0459,19/06/2025,USD,58540.51,3583.8,6023.75,58540.51
PT006045,TR-0534,21/03/2025,USD,70945.67,5335.38,16487.07,70945.67
PT000576,TR-0051,01/03/2026,USD,177057.15,18044.43,21105.61,177057.15
PT000851,TR-0077,18/04/2024,USD,112906.87,7679.88,29232.68,112906.87
PT007484,TR-0663,25/08/2024,EUR,336669.44,27421.9,23503.35,336669.44
PT003884,TR-0345,15/01/2023,EUR,57092.55,5540.32,16430.69,57092.55
PT005008,TR-0444,23/11/2025,USD,162995.78,16957.19,9661.02,162995.78
PT005351,TR-0475,21/01/2024,USD,196540.51,14768.63,33688.16,196540.51
PT005930,TR-0524,26/10/2025,USD,89971.66,7949.52,28585.0,89971.66
PT001723,TR-0156,27/03/2024,USD,268263.15,26998.06,27525.51,268263.15
PT006230,TR-0551,06/09/2021,EUR,262779.64,19346.78,64920.23,262779.64
PT005832,TR-0516,21/02/2024,USD,222239.07,18226.64,17889.86,222239.07
PT005029,TR-0446,24/03/2026,USD,88269.93,6580.64,6268.7,88269.93
PT003950,TR-0350,08/03/2025,INR,12441374.16,1421896.47,3326534.5,12441374.16
PT001101,TR-0100,17/12/2021,USD,220557.92,15166.88,15881.13,220557.92
PT007802,TR-0692,11/11/2023,EUR,81710.65,9521.23,8211.41,81710.65
PT001208,TR-0109,23/01/2023,USD,105427.91,10274.8,7092.21,105427.91
PT006392,TR-0565,27/04/2025,USD,73299.9,7460.78,21673.63,73299.9
PT001844,TR-0166,14/03/2026,USD,31177.28,1715.7,9235.49,31177.28
PT001849,TR-0166,14/08/2026,USD,31177.28,1715.7,9235.49,31177.28
PT002525,TR-0225,12/04/2024,EUR,37988.31,3099.5,2578.0,37988.31
PT003948,TR-0350,08/01/2025,INR,12441374.16,1421896.47,3326534.5,12441374.16
PT001695,TR-0153,23/03/2024,USD,155105.71,8776.11,35164.88,155105.71
PT004182,TR-0371,05/11/2022,USD,56644.81,6315.15,17496.38,56644.81
PT004566,TR-0405,29/11/2024,USD,221221.42,16142.54,25275.87,221221.42
PT006370,TR-0563,14/11/2025,USD,165387.26,8835.02,18149.4,165387.26
PT003961,TR-0351,15/01/2024,INR,15711889.5,956811.08,4111380.8,15711889.5
PT006919,TR-0613,01/01/2026,USD,69722.78,6874.33,20542.69,69722.78
PT006476,TR-0572,08/04/2025,EUR,91897.18,5183.27,9891.45,91897.18
PT000234,TR-0021,25/12/2023,USD,142515.67,8361.52,26605.92,142515.67
PT006733,TR-0596,03/04/2026,EUR,157715.16,12552.48,46711.47,157715.16
PT006620,TR-0586,24/05/2024,EUR,22277.59,1315.46,5002.53,22277.59
PT003333,TR-0295,03/06/2023,USD,164154.4,9085.18,14204.63,164154.4
PT005782,TR-0511,21/11/2021,USD,334493.39,22458.58,77322.03,334493.39
PT002648,TR-0236,28/12/2023,USD,55405.03,6180.97,9851.62,55405.03
PT004042,TR-0358,30/06/2026,USD,192784.05,10605.26,46450.02,192784.05
PT006566,TR-0581,14/08/2022,USD,185251.07,16023.59,13846.27,185251.07
PT001712,TR-0155,30/08/2024,USD,58436.4,6643.39,6874.12,58436.4
PT000183,TR-0017,28/07/2022,EUR,53520.5,3944.03,2893.72,53520.5
PT005085,TR-0451,18/03/2023,USD,24037.28,1726.09,6748.19,24037.28
PT005097,TR-0452,28/09/2026,USD,62409.29,6822.24,18989.66,4160.62
PT005738,TR-0507,19/04/2023,USD,94073.51,8763.93,24818.27,94073.51
PT005453,TR-0483,20/10/2025,USD,38196.24,2004.43,2501.49,38196.24
PT001463,TR-0133,05/06/2025,INR,3085858.7,303972.08,287929.88,3085858.7
PT000050,TR-0006,02/01/2022,USD,16666.67,1068.75,4953.51,16666.67
PT900015,TR-0071,03/06/2025,EUR,107052.24,12363.24,30470.18,107052.24
PT007174,TR-0636,19/10/2022,EUR,76004.03,6528.56,21156.22,76004.03
PT006674,TR-0591,14/01/2023,USD,92498.11,7243.65,6562.69,92498.11
PT005355,TR-0475,21/05/2024,USD,196540.51,14768.63,33688.16,196540.51
PT004583,TR-0407,28/01/2026,GBP,172344.19,12213.78,9128.0,172344.19
PT900096,TR-0447,24/06/2025,EUR,397459.7,28174.4,114735.65,397459.7
PT006642,TR-0588,03/05/2022,EUR,187361.8,10946.03,36106.87,187361.8
PT006005,TR-0531,01/10/2023,EUR,24995.64,1818.01,6036.5,24995.64
PT007791,TR-0690,21/10/2024,USD,57917.12,5125.0,13770.79,57917.12
PT000107,TR-0010,12/05/2024,USD,154845.94,8133.16,14119.08,154845.94
PT000444,TR-0039,05/04/2023,USD,120590.09,12431.58,12155.95,120590.09
PT001955,TR-0176,13/03/2022,USD,82816.94,4701.74,15082.28,82816.94
PT007657,TR-0678,07/09/2023,INR,18666790.64,1489528.56,2994127.15,18666790.64
PT004743,TR-0420,17/02/2024,EUR,108514.56,6281.92,17660.21,108514.56
PT007181,TR-0637,03/03/2025,USD,18095.48,1199.29,2932.54,18095.48
PT005859,TR-0518,10/08/2023,USD,343687.21,28214.64,94743.22,343687.21
PT000727,TR-0066,01/01/2022,USD,95475.14,8375.64,28863.35,95475.14
PT002239,TR-0199,16/08/2025,INR,4505630.51,422959.87,1025093.75,4505630.51
PT005953,TR-0526,04/04/2025,EUR,98010.35,8283.35,5985.21,98010.35
PT002331,TR-0208,25/05/2025,USD,177433.96,9587.12,56726.86,177433.96
PT004126,TR-0366,09/02/2025,USD,244109.16,19467.39,14871.27,244109.16
PT000170,TR-0016,16/01/2025,USD,441126.28,40165.06,137062.51,441126.28
PT001002,TR-0090,16/05/2026,USD,340739.27,29928.28,89881.62,340739.27
PT003253,TR-0287,02/11/2022,EUR,148591.62,17341.39,34347.27,148591.62
PT002149,TR-0192,25/03/2025,USD,192417.02,18278.9,51344.66,192417.02
PT000198,TR-0018,16/11/2025,USD,657952.79,37732.66,48584.13,657952.79
PT004592,TR-0408,01/09/2025,USD,162808.34,14928.65,46526.66,162808.34
PT006123,TR-0542,29/07/2021,USD,73713.82,5705.23,22902.55,73713.82
PT003794,TR-0337,24/04/2023,USD,17939.99,1871.29,1982.58,17939.99
PT000648,TR-0059,09/06/2023,USD,231399.98,26353.46,21810.41,231399.98
PT003036,TR-0269,12/11/2025,USD,100980.51,5635.27,25218.16,100980.51
PT004141,TR-0367,03/10/2023,USD,153767.97,9037.38,15560.7,153767.97
PT003734,TR-0332,24/10/2021,EUR,105423.26,6649.28,6956.94,105423.26
PT002759,TR-0245,17/07/2022,EUR,21180.19,2047.86,5414.33,21180.19
PT000374,TR-0033,01/10/2024,USD,148341.91,8852.21,27528.98,148341.91
PT004775,TR-0423,23/01/2026,USD,320347.69,24300.72,22697.03,320347.69
PT000567,TR-0050,12/10/2023,EUR,108578.56,7353.26,17174.83,108578.56
PT003721,TR-0331,26/06/2024,USD,70372.5,4784.72,16632.04,70372.5
PT002896,TR-0257,11/05/2026,USD,128661.19,10905.21,12240.97,128661.19
PT004557,TR-0405,29/02/2024,USD,221221.42,16142.54,25275.87,221221.42
PT006029,TR-0533,23/08/2024,USD,417453.7,28596.79,125312.3,417453.7
PT003486,TR-0308,03/03/2024,USD,78800.94,6297.77,7973.06,78800.94
PT001156,TR-0104,21/12/2021,USD,29416.17,2892.44,7046.63,29416.17
PT004136,TR-0367,03/05/2023,USD,153767.97,9037.38,15560.7,153767.97
PT006579,TR-0582,21/01/2024,EUR,87711.45,4505.61,6188.16,87711.45
PT000974,TR-0088,26/09/2021,USD,58920.03,3848.02,9302.07,58920.03
PT003288,TR-0290,22/09/2023,USD,81373.4,6269.51,6981.14,81373.4
PT007152,TR-0634,17/06/2025,USD,86475.79,6479.81,5506.45,86475.79
PT003628,TR-0323,08/07/2023,USD,87122.53,10056.82,9355.37,87122.53
PT003639,TR-0324,14/09/2023,USD,463519.43,50432.76,41052.76,463519.43
PT005883,TR-0520,02/06/2024,EUR,97047.02,9960.27,5087.21,97047.02
PT005595,TR-0495,11/04/2026,INR,22888129.72,1691128.75,2551157.84,22888129.72
PT006601,TR-0584,01/06/2025,USD,16666.67,1648.01,2986.37,16666.67
PT001836,TR-0165,30/04/2024,EUR,85843.2,7910.31,6485.74,85843.2
PT002309,TR-0206,14/08/2022,INR,5990077.77,529984.94,1634715.82,5990077.77
PT001841,TR-0166,14/12/2025,USD,31177.28,1715.7,9235.49,31177.28
PT006180,TR-0547,17/03/2024,EUR,38547.45,3503.25,8962.53,38547.45
PT004924,TR-0436,06/05/2025,USD,143833.62,15790.95,42423.4,143833.62
PT006032,TR-0533,23/11/2024,USD,417453.7,28596.79,125312.3,417453.7
PT002045,TR-0183,02/12/2025,USD,100544.26,7921.3,23011.91,100544.26
PT004406,TR-0391,02/03/2026,INR,3533990.66,397928.23,383247.54,3533990.66
PT004373,TR-0388,09/03/2025,USD,586856.36,60291.16,63713.64,586856.36
PT004733,TR-0419,24/03/2022,USD,22504.6,1617.69,1774.43,22504.6
PT004751,TR-0421,12/05/2023,USD,94269.31,5440.4,7802.29,94269.31
PT004719,TR-0418,16/01/2022,USD,66109.2,5957.54,10340.44,66109.2
PT005956,TR-0526,04/07/2025,EUR,98010.35,8283.35,5985.21,98010.35
PT000845,TR-0077,18/10/2023,USD,112906.87,7679.88,29232.68,112906.87
PT004490,TR-0399,28/10/2021,USD,191901.87,16437.79,13105.15,191901.87
PT900012,TR-0054,27/06/2025,EUR,157527.59,12834.45,28970.06,157527.59
PT002156,TR-0193,29/10/2022,USD,348250.65,26073.42,111122.34,348250.65
PT000350,TR-0031,31/08/2023,INR,7894076.46,624916.2,2287853.13,7894076.46
PT006669,TR-0590,11/12/2021,USD,161416.74,9717.35,38102.17,161416.74
PT000785,TR-0071,03/08/2025,EUR,107052.24,12363.24,30470.18,107052.24
PT000048,TR-0005,11/08/2026,USD,64093.86,3436.46,15371.02,64093.86
PT006075,TR-0537,04/08/2026,USD,79323.94,8994.41,14174.8,79323.94
PT006348,TR-0561,18/01/2023,USD,81274.19,5787.51,18098.87,81274.19
PT003652,TR-0325,30/08/2026,USD,51545.97,3037.08,2667.32,51545.97
PT005752,TR-0509,06/06/2022,USD,107584.35,11429.17,32962.22,107584.35
PT006166,TR-0546,15/03/2025,USD,124484.55,9552.24,19203.59,124484.55
PT004499,TR-0400,26/10/2025,USD,374847.6,29937.0,110644.75,374847.6
PT004019,TR-0356,18/02/2026,USD,244134.22,14746.53,40828.59,244134.22
PT005204,TR-0462,12/04/2025,GBP,283250.14,16551.36,14363.51,283250.14
PT005251,TR-0466,29/03/2023,USD,152351.64,16896.07,11898.55,152351.64
PT001440,TR-0130,30/09/2023,USD,79586.62,4046.47,4078.84,79586.62
PT900134,TR-0637,03/06/2025,USD,18095.48,1199.29,2932.54,18095.48
PT006098,TR-0540,27/04/2024,USD,157852.37,10641.33,14161.75,157852.37
PT005086,TR-0451,18/04/2023,USD,24037.28,1726.09,6748.19,24037.28
PT001866,TR-0168,16/06/2025,USD,132540.71,11146.42,41511.01,132540.71
PT006886,TR-0610,15/12/2022,USD,537001.73,30237.64,161334.18,537001.73
PT007866,TR-0698,14/03/2022,USD,38307.16,2839.08,9651.25,38307.16
PT005407,TR-0479,06/06/2026,GBP,34475.22,2895.5,2075.94,34475.22
PT003196,TR-0282,14/05/2023,USD,121339.65,9726.82,19035.5,121339.65
PT000034,TR-0004,13/05/2026,INR,12295671.24,1187736.41,3054132.15,12295671.24
PT000788,TR-0072,22/06/2024,USD,41079.98,4527.82,3269.61,41079.98
PT007685,TR-0680,21/05/2023,USD,164633.16,18206.15,15241.0,164633.16
PT007068,TR-0626,06/09/2023,EUR,91882.43,8400.04,16020.2,91882.43
PT005140,TR-0456,16/05/2024,USD,805192.2,48586.1,87380.93,805192.2
PT004578,TR-0406,08/04/2026,GBP,76219.51,5127.51,23789.87,76219.51
PT005340,TR-0474,19/10/2021,USD,223220.23,21354.72,64495.84,223220.23
PT002628,TR-0234,13/05/2026,USD,59490.81,3553.41,14719.49,59490.81
PT006626,TR-0587,27/10/2023,EUR,79479.1,8893.29,14035.8,79479.1
PT000932,TR-0084,30/08/2023,USD,167829.37,18999.84,53012.39,167829.37
PT002405,TR-0215,14/12/2024,USD,553151.55,39643.29,130562.47,553151.55
PT001686,TR-0153,23/06/2023,USD,155105.71,8776.11,35164.88,155105.71
PT001249,TR-0113,11/09/2022,INR,6186183.55,616769.81,1843031.07,6186183.55
PT004856,TR-0430,15/12/2023,USD,229479.12,21235.7,21781.06,229479.12
PT000093,TR-0009,02/01/2024,USD,289009.6,16862.33,22624.37,289009.6
PT005272,TR-0468,11/09/2021,USD,196119.25,10716.9,52787.65,196119.25
PT005512,TR-0488,11/06/2026,USD,499574.73,38234.1,42785.9,499574.73
PT005438,TR-0482,18/10/2023,USD,151505.21,8151.24,26378.52,151505.21
PT005569,TR-0493,22/09/2022,USD,249402.1,26317.88,70481.55,249402.1
PT002852,TR-0254,21/07/2023,USD,109602.92,8849.87,32804.38,109602.92
PT002794,TR-0249,05/02/2025,USD,252877.99,21600.4,21776.06,252877.99
PT007691,TR-0681,08/03/2026,USD,137611.6,11597.82,7220.88,137611.6
PT006424,TR-0567,16/04/2025,INR,7158474.23,624165.29,2035211.26,7158474.23
PT005704,TR-0505,04/08/2023,USD,707427.8,61022.31,47587.06,707427.8
PT000765,TR-0070,15/06/2024,USD,105633.2,9140.89,8131.21,105633.2
PT006749,TR-0598,04/08/2024,USD,101343.27,5236.04,20253.04,101343.27
PT002989,TR-0265,23/02/2022,USD,157995.05,7944.03,10333.41,157995.05
PT005470,TR-0485,03/08/2025,EUR,448470.0,52722.3,85119.97,448470.0
PT006048,TR-0535,11/12/2023,USD,193583.04,18712.19,14697.39,193583.04
PT007543,TR-0668,19/08/2025,INR,7953107.34,925935.44,809200.6,7953107.34
PT002449,TR-0218,12/09/2024,EUR,15432.1,1179.93,1059.96,15432.1
PT001729,TR-0156,27/09/2024,USD,268263.15,26998.06,27525.51,268263.15
PT000258,TR-0023,13/04/2024,INR,4035993.02,215632.85,410703.47,4035993.02
PT005041,TR-0447,24/11/2025,EUR,397459.7,28174.4,114735.65,397459.7
PT007241,TR-0642,28/02/2022,EUR,386250.35,44210.87,40499.59,386250.35
PT001220,TR-0110,15/03/2026,USD,221040.92,12503.52,40209.81,221040.92
PT007652,TR-0677,05/08/2023,USD,100715.03,6782.36,22735.4,100715.03
PT001162,TR-0105,22/12/2023,USD,142898.06,11784.51,32834.94,142898.06
PT006639,TR-0588,03/02/2022,EUR,187361.8,10946.03,36106.87,187361.8
PT000773,TR-0070,15/02/2025,USD,105633.2,9140.89,8131.21,105633.2
PT006695,TR-0593,11/04/2023,USD,284389.73,16967.92,83218.37,284389.73
PT005583,TR-0494,04/07/2026,GBP,64363.54,6142.65,15413.02,64363.54
PT006346,TR-0561,18/11/2022,USD,81274.19,5787.51,18098.87,81274.19
PT000313,TR-0027,18/01/2022,USD,55736.25,6286.48,5720.62,55736.25
PT004387,TR-0390,21/08/2022,INR,13948835.13,751527.59,2245416.63,13948835.13
PT004033,TR-0357,18/10/2023,INR,29280238.46,2167566.87,7200844.54,29280238.46
PT007358,TR-0651,14/11/2025,USD,31970.25,2906.77,2027.68,31970.25
PT004860,TR-0431,04/01/2021,USD,192633.15,19224.48,11158.32,192633.15
PT007281,TR-0645,17/07/2023,EUR,63107.84,5661.9,4257.57,63107.84
PT002998,TR-0266,02/09/2022,USD,161795.9,11720.64,49999.11,161795.9
PT004280,TR-0380,21/10/2021,EUR,157199.35,15851.36,10445.3,157199.35
PT001177,TR-0107,04/01/2025,USD,222938.83,15919.17,67960.24,222938.83
PT003897,TR-0346,18/04/2026,EUR,113589.28,7125.12,33279.6,113589.28
PT001350,TR-0123,03/10/2022,USD,115963.04,13371.16,36995.43,115963.04
PT003776,TR-0336,05/10/2022,USD,70274.21,5951.93,11520.11,70274.21
PT003117,TR-0276,15/01/2025,USD,391095.49,24727.88,114385.11,391095.49
PT003517,TR-0311,26/03/2025,INR,13837771.97,1137026.21,710686.25,13837771.97
PT900054,TR-0246,10/06/2025,EUR,268977.84,29550.3,76589.04,268977.84
PT007175,TR-0636,19/11/2022,EUR,76004.03,6528.56,21156.22,76004.03
PT002299,TR-0205,07/06/2024,USD,189934.44,17759.27,44138.05,189934.44
PT002872,TR-0255,18/09/2024,INR,4509186.77,490070.37,403575.53,4509186.77
PT005196,TR-0462,12/08/2024,GBP,283250.14,16551.36,14363.51,283250.14
PT007681,TR-0680,21/01/2023,USD,164633.16,18206.15,15241.0,164633.16
PT007085,TR-0629,23/06/2024,USD,41059.38,2503.05,4225.65,41059.38
PT000392,TR-0034,25/09/2023,USD,32386.44,3553.96,3545.04,32386.44
PT006016,TR-0532,01/06/2024,EUR,72709.64,6180.66,5864.27,72709.64
PT001457,TR-0132,28/04/2026,USD,22783.62,1489.38,2308.41,22783.62
PT001093,TR-0099,30/05/2026,USD,81331.03,7301.23,6880.77,81331.03
PT006119,TR-0542,29/03/2021,USD,73713.82,5705.23,22902.55,73713.82
PT003240,TR-0286,19/12/2022,EUR,237643.99,27673.1,23126.02,237643.99
PT005001,TR-0443,27/10/2024,USD,174851.14,14433.96,20927.38,174851.14
PT002779,TR-0247,14/06/2023,GBP,104492.33,6707.1,17171.98,104492.33
PT006699,TR-0593,11/08/2023,USD,284389.73,16967.92,83218.37,284389.73
PT004463,TR-0396,11/11/2022,USD,239845.45,13220.92,53238.95,239845.45
PT004442,TR-0394,01/07/2023,USD,119799.86,13253.69,6016.89,119799.86
PT003657,TR-0326,23/01/2023,USD,47847.46,4589.37,8420.16,47847.46
PT002584,TR-0231,14/01/2021,USD,222276.24,13343.45,52763.42,222276.24
PT007567,TR-0670,27/01/2026,USD,142868.22,15815.05,41960.71,142868.22
PT003258,TR-0288,01/02/2025,USD,84838.55,5754.94,10102.78,84838.55
PT001373,TR-0124,23/02/2026,USD,242444.09,21410.19,46045.57,242444.09
PT005736,TR-0507,19/02/2023,USD,94073.51,8763.93,24818.27,94073.51
PT000920,TR-0083,12/01/2023,INR,18267778.74,1746707.69,5749454.17,18267778.74
PT004308,TR-0382,19/07/2025,EUR,69847.5,4421.82,19032.01,69847.5
PT005700,TR-0504,25/08/2022,USD,291083.73,34774.85,51127.72,291083.73
PT002551,TR-0227,30/04/2026,USD,77943.55,5951.59,22770.19,77943.55
PT000538,TR-0047,30/07/2022,USD,89508.76,9237.4,6801.56,89508.76
PT001221,TR-0110,15/04/2026,USD,221040.92,12503.52,40209.81,221040.92
PT004272,TR-0379,01/09/2026,USD,36976.93,3564.76,2763.03,35744.37
